order_item_id,order_id,product_id,quantity,unit_price,discount_pct,line_total
1,1,76,1,4344,0.2,3475.2
2,1,23,2,2839,0.0,5678.0
3,2,1,1,9563,0.05,9084.85
4,2,49,1,1101,0.0,1101.0
5,3,60,1,405,0.0,405.0
6,3,38,1,1108,0.0,1108.0
7,4,16,2,22376,0.0,44752.0
8,4,39,1,4515,0.15,3837.75
9,4,34,3,803,0.25,1806.75
10,5,40,1,1769,0.0,1769.0
11,6,3,2,43339,0.0,86678.0
12,6,50,1,798,0.15,678.3
13,7,65,1,564,0.25,423.0
14,8,46,1,5521,0.1,4968.9
15,8,53,2,559,0.05,1062.1
16,9,59,3,1172,0.05,3340.2
17,9,73,1,556,0.2,444.8
18,9,72,1,3738,0.0,3738.0
19,10,6,2,41775,0.0,83550.0
20,10,70,1,3968,0.05,3769.6
21,10,54,1,1386,0.0,1386.0
22,10,50,1,798,0.25,598.5
23,11,47,1,1019,0.05,968.05
24,12,84,1,610,0.2,488.0
25,13,74,1,745,0.0,745.0
26,13,39,1,4515,0.0,4515.0
27,13,29,1,2027,0.25,1520.25
28,14,64,1,302,0.05,286.9
29,15,1,1,9563,0.2,7650.4
30,16,18,2,4367,0.0,8734.0
31,17,10,2,38149,0.15,64853.3
32,18,42,2,635,0.05,1206.5
33,18,83,1,898,0.0,898.0
34,19,71,1,3039,0.1,2735.1
35,20,47,1,1019,0.0,1019.0
36,20,17,1,2374,0.05,2255.3
37,20,13,2,34766,0.0,69532.0
38,21,85,1,128,0.0,128.0
39,21,71,1,3039,0.15,2583.15
40,22,82,3,541,0.25,1217.25
41,23,43,1,865,0.2,692.0
42,24,1,1,9563,0.0,9563.0
43,25,42,2,635,0.1,1143.0
44,26,70,1,3968,0.15,3372.8
45,27,65,2,564,0.0,1128.0
46,28,48,1,424,0.1,381.6
47,29,5,1,13447,0.15,11429.95
48,29,45,2,4158,0.15,7068.6
49,30,66,2,1256,0.2,2009.6
50,31,73,2,556,0.15,945.2
51,31,11,1,35726,0.25,26794.5
52,32,82,1,541,0.15,459.85
53,32,29,2,2027,0.15,3445.9
54,33,34,1,803,0.25,602.25
55,33,73,3,556,0.0,1668.0
56,34,8,2,38096,0.0,76192.0
57,34,20,1,821,0.0,821.0
58,34,31,1,2822,0.25,2116.5
59,35,69,2,3850,0.0,7700.0
60,36,36,1,1992,0.1,1792.8
61,36,77,1,3321,0.0,3321.0
62,37,54,1,1386,0.15,1178.1
63,37,52,1,1758,0.2,1406.4
64,38,14,1,28329,0.05,26912.55
65,39,73,1,556,0.05,528.2
66,40,55,1,979,0.05,930.05
67,40,74,1,745,0.0,745.0
68,40,51,1,304,0.25,228.0
69,41,29,1,2027,0.0,2027.0
70,42,66,1,1256,0.05,1193.2
71,42,63,1,205,0.2,164.0
72,42,42,1,635,0.15,539.75
73,43,9,2,37837,0.2,60539.2
74,43,29,1,2027,0.0,2027.0
75,44,22,1,1944,0.1,1749.6
76,44,78,1,768,0.05,729.6
77,45,38,1,1108,0.1,997.2
78,45,84,1,610,0.0,610.0
79,45,72,1,3738,0.25,2803.5
80,46,85,1,128,0.15,108.8
81,47,44,1,4283,0.15,3640.55
82,48,74,1,745,0.2,596.0
83,49,38,3,1108,0.2,2659.2
84,49,40,2,1769,0.0,3538.0
85,50,16,1,22376,0.25,16782.0
86,51,81,1,413,0.0,413.0
87,51,77,1,3321,0.2,2656.8
88,52,27,2,2689,0.0,5378.0
89,52,40,1,1769,0.0,1769.0
90,52,50,1,798,0.25,598.5
91,53,24,1,1087,0.25,815.25
92,53,17,2,2374,0.0,4748.0
93,54,76,2,4344,0.0,8688.0
94,55,72,1,3738,0.0,3738.0
95,55,48,2,424,0.1,763.2
96,56,64,3,302,0.05,860.7
97,56,44,1,4283,0.0,4283.0
98,56,83,1,898,0.05,853.1
99,57,23,1,2839,0.2,2271.2
100,57,15,1,2462,0.1,2215.8
101,58,48,1,424,0.2,339.2
102,59,11,1,35726,0.15,30367.1
103,59,48,1,424,0.0,424.0
104,60,57,1,846,0.0,846.0
105,61,9,1,37837,0.05,35945.15
106,62,69,1,3850,0.1,3465.0
107,62,49,1,1101,0.25,825.75
108,63,37,2,375,0.0,750.0
109,63,42,1,635,0.2,508.0
110,64,27,1,2689,0.0,2689.0
111,64,17,1,2374,0.0,2374.0
112,64,35,1,4996,0.0,4996.0
113,65,72,1,3738,0.25,2803.5
114,66,25,2,2383,0.05,4527.7
115,67,75,1,825,0.05,783.75
116,67,4,2,40207,0.0,80414.0
117,68,52,1,1758,0.2,1406.4
118,68,26,1,546,0.0,546.0
119,69,83,1,898,0.0,898.0
120,70,59,1,1172,0.0,1172.0
121,71,43,1,865,0.2,692.0
122,71,72,1,3738,0.0,3738.0
123,71,8,1,38096,0.05,36191.2
124,71,77,2,3321,0.0,6642.0
125,72,40,1,1769,0.1,1592.1
126,72,18,2,4367,0.0,8734.0
127,73,80,1,461,0.15,391.85
128,74,32,1,1197,0.0,1197.0
129,75,81,1,413,0.1,371.7
130,76,46,2,5521,0.0,11042.0
131,77,63,1,205,0.1,184.5
132,77,82,1,541,0.2,432.8
133,78,53,3,559,0.0,1677.0
134,78,62,1,291,0.25,218.25
135,78,23,2,2839,0.0,5678.0
136,78,36,1,1992,0.2,1593.6
137,79,50,1,798,0.05,758.1
138,80,10,1,38149,0.2,30519.2
139,81,55,3,979,0.05,2790.15
140,81,79,1,995,0.2,796.0
141,81,64,1,302,0.0,302.0
142,82,22,1,1944,0.1,1749.6
143,83,80,1,461,0.1,414.9
144,83,18,1,4367,0.05,4148.65
145,83,44,1,4283,0.2,3426.4
146,84,57,1,846,0.15,719.1
147,85,13,1,34766,0.15,29551.1
148,86,33,2,3307,0.15,5621.9
149,87,55,2,979,0.15,1664.3
150,87,50,1,798,0.15,678.3
151,88,51,1,304,0.0,304.0
152,89,73,1,556,0.0,556.0
153,90,34,1,803,0.0,803.0
154,90,58,1,1070,0.05,1016.5
155,90,84,1,610,0.1,549.0
156,90,78,2,768,0.15,1305.6
157,91,19,2,41782,0.0,83564.0
158,92,15,3,2462,0.05,7016.7
159,93,6,2,41775,0.2,66840.0
160,94,66,1,1256,0.0,1256.0
161,95,6,1,41775,0.1,37597.5
162,95,79,1,995,0.0,995.0
163,95,31,1,2822,0.05,2680.9
164,96,34,1,803,0.05,762.85
165,96,42,3,635,0.05,1809.75
166,97,69,1,3850,0.1,3465.0
167,98,86,1,441,0.15,374.85
168,98,19,1,41782,0.1,37603.8
169,99,44,1,4283,0.2,3426.4
170,99,34,2,803,0.1,1445.4
171,100,84,1,610,0.2,488.0
172,101,86,1,441,0.0,441.0
173,101,2,1,37224,0.0,37224.0
174,101,24,1,1087,0.25,815.25
175,102,48,1,424,0.0,424.0
176,102,11,1,35726,0.05,33939.7
177,103,58,1,1070,0.2,856.0
178,103,67,1,2736,0.0,2736.0
179,104,73,1,556,0.0,556.0
180,104,56,3,613,0.0,1839.0
181,104,10,1,38149,0.15,32426.65
182,105,53,1,559,0.25,419.25
183,105,54,1,1386,0.0,1386.0
184,106,35,1,4996,0.0,4996.0
185,107,11,1,35726,0.1,32153.4
186,108,20,1,821,0.1,738.9
187,108,70,1,3968,0.15,3372.8
188,108,5,1,13447,0.0,13447.0
189,108,50,2,798,0.0,1596.0
190,109,66,1,1256,0.1,1130.4
191,110,6,2,41775,0.0,83550.0
192,110,14,2,28329,0.0,56658.0
193,110,73,2,556,0.0,1112.0
194,111,68,1,2741,0.1,2466.9
195,112,29,1,2027,0.2,1621.6
196,113,9,1,37837,0.25,28377.75
197,114,75,1,825,0.05,783.75
198,115,63,1,205,0.0,205.0
199,116,2,3,37224,0.2,89337.6
200,116,55,1,979,0.05,930.05
201,116,5,1,13447,0.0,13447.0
202,117,73,1,556,0.0,556.0
203,118,56,1,613,0.2,490.4
204,119,75,1,825,0.15,701.25
205,119,1,1,9563,0.0,9563.0
206,119,22,1,1944,0.0,1944.0
207,120,67,2,2736,0.25,4104.0
208,121,61,1,680,0.0,680.0
209,121,76,1,4344,0.0,4344.0
210,121,24,1,1087,0.2,869.6
211,122,63,1,205,0.0,205.0
212,122,41,2,5245,0.25,7867.5
213,122,78,1,768,0.2,614.4
214,122,58,2,1070,0.0,2140.0
215,123,65,2,564,0.15,958.8
216,124,71,2,3039,0.1,5470.2
217,124,52,1,1758,0.05,1670.1
218,125,11,1,35726,0.0,35726.0
219,125,84,1,610,0.1,549.0
220,125,79,1,995,0.15,845.75
221,125,70,2,3968,0.2,6348.8
222,126,40,1,1769,0.0,1769.0
223,126,66,1,1256,0.0,1256.0
224,126,26,1,546,0.0,546.0
225,126,84,1,610,0.2,488.0
226,127,75,1,825,0.05,783.75
227,127,46,2,5521,0.0,11042.0
228,127,72,2,3738,0.0,7476.0
229,128,25,1,2383,0.0,2383.0
230,128,7,1,40516,0.15,34438.6
231,129,30,1,2247,0.0,2247.0
232,130,84,2,610,0.0,1220.0
233,131,77,1,3321,0.0,3321.0
234,132,31,1,2822,0.0,2822.0
235,132,80,2,461,0.25,691.5
236,133,53,1,559,0.15,475.15
237,134,30,3,2247,0.0,6741.0
238,134,34,1,803,0.0,803.0
239,134,26,1,546,0.05,518.7
240,135,52,1,1758,0.2,1406.4
241,136,29,1,2027,0.0,2027.0
242,136,68,1,2741,0.2,2192.8
243,137,40,1,1769,0.25,1326.75
244,137,63,1,205,0.25,153.75
245,137,25,1,2383,0.0,2383.0
246,137,51,2,304,0.0,608.0
247,138,27,2,2689,0.25,4033.5
248,138,24,1,1087,0.05,1032.65
249,139,74,1,745,0.1,670.5
250,140,45,2,4158,0.2,6652.8
251,141,66,2,1256,0.2,2009.6
252,142,85,1,128,0.0,128.0
253,142,45,1,4158,0.15,3534.3
254,143,12,2,44912,0.2,71859.2
255,144,61,1,680,0.05,646.0
256,144,64,1,302,0.0,302.0
257,145,57,1,846,0.15,719.1
258,145,67,1,2736,0.1,2462.4
259,146,32,1,1197,0.15,1017.45
260,147,3,1,43339,0.1,39005.1
261,148,31,2,2822,0.0,5644.0
262,149,60,2,405,0.05,769.5
263,149,37,1,375,0.25,281.25
264,150,69,2,3850,0.25,5775.0
265,151,78,1,768,0.1,691.2
266,152,23,2,2839,0.15,4826.3
267,152,60,1,405,0.2,324.0
268,153,21,1,568,0.0,568.0
269,153,65,2,564,0.2,902.4
270,154,63,2,205,0.0,410.0
271,155,27,1,2689,0.0,2689.0
272,156,68,1,2741,0.15,2329.85
273,157,12,1,44912,0.2,35929.6
274,158,63,1,205,0.0,205.0
275,158,57,1,846,0.0,846.0
276,159,40,1,1769,0.05,1680.55
277,160,39,1,4515,0.2,3612.0
278,160,18,1,4367,0.15,3711.95
279,161,18,2,4367,0.0,8734.0
280,161,62,3,291,0.15,742.05
281,162,24,1,1087,0.0,1087.0
282,163,6,1,41775,0.0,41775.0
283,164,21,1,568,0.25,426.0
284,164,45,1,4158,0.2,3326.4
285,165,34,1,803,0.1,722.7
286,166,30,1,2247,0.15,1909.95
287,167,85,1,128,0.0,128.0
288,168,48,2,424,0.15,720.8
289,169,5,1,13447,0.05,12774.65
290,170,67,1,2736,0.25,2052.0
291,171,59,1,1172,0.1,1054.8
292,172,62,1,291,0.25,218.25
293,173,43,1,865,0.05,821.75
294,173,2,1,37224,0.1,33501.6
295,174,83,1,898,0.15,763.3
296,175,65,2,564,0.2,902.4
297,176,21,1,568,0.0,568.0
298,176,4,2,40207,0.0,80414.0
299,176,19,1,41782,0.0,41782.0
300,176,25,2,2383,0.0,4766.0
301,177,26,2,546,0.15,928.2
302,178,15,1,2462,0.15,2092.7
303,178,75,1,825,0.2,660.0
304,178,43,1,865,0.0,865.0
305,179,24,3,1087,0.2,2608.8
306,179,20,1,821,0.0,821.0
307,179,37,1,375,0.05,356.25
308,180,13,1,34766,0.1,31289.4
309,181,67,1,2736,0.0,2736.0
310,181,28,1,1491,0.25,1118.25
311,182,8,1,38096,0.05,36191.2
312,183,38,1,1108,0.0,1108.0
313,183,32,1,1197,0.15,1017.45
314,183,63,1,205,0.25,153.75
315,184,70,1,3968,0.0,3968.0
316,185,23,1,2839,0.0,2839.0
317,185,6,1,41775,0.25,31331.25
318,185,55,1,979,0.0,979.0
319,186,72,1,3738,0.25,2803.5
320,187,13,1,34766,0.2,27812.8
321,188,60,1,405,0.0,405.0
322,188,67,1,2736,0.0,2736.0
323,189,54,1,1386,0.2,1108.8
324,189,47,1,1019,0.0,1019.0
325,189,5,1,13447,0.1,12102.3
326,190,7,1,40516,0.0,40516.0
327,190,84,1,610,0.25,457.5
328,191,60,2,405,0.0,810.0
329,192,43,2,865,0.0,1730.0
330,192,31,1,2822,0.0,2822.0
331,192,27,1,2689,0.25,2016.75
332,192,79,1,995,0.25,746.25
333,193,34,2,803,0.0,1606.0
334,193,33,2,3307,0.0,6614.0
335,193,57,1,846,0.15,719.1
336,193,83,1,898,0.15,763.3
337,194,12,1,44912,0.15,38175.2
338,194,42,2,635,0.25,952.5
339,195,35,2,4996,0.0,9992.0
340,195,13,1,34766,0.0,34766.0
341,195,47,1,1019,0.2,815.2
342,195,39,1,4515,0.0,4515.0
343,196,75,2,825,0.25,1237.5
344,196,28,3,1491,0.0,4473.0
345,197,75,1,825,0.15,701.25
346,198,20,1,821,0.0,821.0
347,198,31,1,2822,0.0,2822.0
348,198,49,1,1101,0.1,990.9
349,198,77,1,3321,0.0,3321.0
350,199,1,1,9563,0.0,9563.0
351,200,36,1,1992,0.15,1693.2
352,201,46,1,5521,0.0,5521.0
353,202,43,1,865,0.2,692.0
354,202,85,3,128,0.0,384.0
355,203,39,2,4515,0.0,9030.0
356,203,27,1,2689,0.05,2554.55
357,203,59,1,1172,0.2,937.6
358,204,22,1,1944,0.0,1944.0
359,204,11,1,35726,0.2,28580.8
360,204,6,1,41775,0.25,31331.25
361,205,81,1,413,0.0,413.0
362,206,56,1,613,0.1,551.7
363,206,59,1,1172,0.2,937.6
364,207,29,1,2027,0.0,2027.0
365,208,61,1,680,0.15,578.0
366,209,64,1,302,0.0,302.0
367,209,55,1,979,0.25,734.25
368,210,53,3,559,0.0,1677.0
369,211,5,1,13447,0.05,12774.65
370,212,15,1,2462,0.0,2462.0
371,213,51,1,304,0.0,304.0
372,214,74,1,745,0.1,670.5
373,215,67,2,2736,0.25,4104.0
374,216,60,1,405,0.1,364.5
375,216,44,1,4283,0.25,3212.25
376,217,36,1,1992,0.05,1892.4
377,218,34,1,803,0.15,682.55
378,218,69,1,3850,0.0,3850.0
379,219,50,1,798,0.0,798.0
380,219,12,1,44912,0.1,40420.8
381,219,60,1,405,0.15,344.25
382,219,78,1,768,0.15,652.8
383,220,83,1,898,0.0,898.0
384,220,36,1,1992,0.25,1494.0
385,221,43,3,865,0.0,2595.0
386,222,39,1,4515,0.0,4515.0
387,222,42,2,635,0.15,1079.5
388,223,55,1,979,0.1,881.1
389,223,67,1,2736,0.1,2462.4
390,224,48,1,424,0.0,424.0
391,225,60,1,405,0.0,405.0
392,226,40,1,1769,0.0,1769.0
393,227,82,1,541,0.0,541.0
394,228,85,2,128,0.1,230.4
395,229,20,1,821,0.1,738.9
396,230,60,1,405,0.05,384.75
397,231,22,2,1944,0.0,3888.0
398,231,71,1,3039,0.0,3039.0
399,232,31,1,2822,0.25,2116.5
400,232,3,2,43339,0.1,78010.2
401,233,50,1,798,0.05,758.1
402,234,54,1,1386,0.25,1039.5
403,234,81,1,413,0.2,330.4
404,235,40,2,1769,0.15,3007.3
405,236,13,1,34766,0.2,27812.8
406,237,48,1,424,0.25,318.0
407,238,85,3,128,0.0,384.0
408,238,40,1,1769,0.25,1326.75
409,238,15,1,2462,0.0,2462.0
410,239,74,2,745,0.05,1415.5
411,240,42,1,635,0.1,571.5
412,240,74,1,745,0.0,745.0
413,241,14,1,28329,0.05,26912.55
414,242,44,1,4283,0.25,3212.25
415,243,61,3,680,0.0,2040.0
416,244,22,1,1944,0.0,1944.0
417,245,63,1,205,0.15,174.25
418,246,55,1,979,0.2,783.2
419,246,48,2,424,0.0,848.0
420,247,20,1,821,0.2,656.8
421,247,9,1,37837,0.1,34053.3
422,247,27,1,2689,0.2,2151.2
423,247,21,1,568,0.05,539.6
424,248,50,1,798,0.1,718.2
425,249,51,1,304,0.0,304.0
426,250,5,1,13447,0.0,13447.0
427,250,73,1,556,0.25,417.0
428,250,33,1,3307,0.15,2810.95
429,251,63,1,205,0.0,205.0
430,251,21,1,568,0.1,511.2
431,252,5,1,13447,0.0,13447.0
432,253,20,1,821,0.05,779.95
433,254,64,1,302,0.0,302.0
434,254,33,1,3307,0.15,2810.95
435,254,62,1,291,0.25,218.25
436,255,33,1,3307,0.2,2645.6
437,255,29,2,2027,0.0,4054.0
438,256,68,1,2741,0.25,2055.75
439,257,6,1,41775,0.05,39686.25
440,257,39,2,4515,0.15,7675.5
441,257,22,2,1944,0.2,3110.4
442,258,59,2,1172,0.05,2226.8
443,259,40,1,1769,0.0,1769.0
444,260,72,1,3738,0.05,3551.1
445,261,24,1,1087,0.2,869.6
446,262,29,1,2027,0.25,1520.25
447,262,31,2,2822,0.05,5361.8
448,263,44,1,4283,0.1,3854.7
449,263,68,1,2741,0.0,2741.0
450,264,82,1,541,0.0,541.0
451,264,77,2,3321,0.0,6642.0
452,264,9,1,37837,0.2,30269.6
453,265,36,1,1992,0.0,1992.0
454,265,57,3,846,0.0,2538.0
455,265,31,1,2822,0.2,2257.6
456,266,12,1,44912,0.15,38175.2
457,267,23,1,2839,0.2,2271.2
458,267,24,1,1087,0.25,815.25
459,267,20,1,821,0.0,821.0
460,268,26,1,546,0.25,409.5
461,268,5,1,13447,0.1,12102.3
462,269,1,1,9563,0.2,7650.4
463,270,14,2,28329,0.05,53825.1
464,271,42,1,635,0.25,476.25
465,272,45,2,4158,0.1,7484.4
466,272,78,1,768,0.05,729.6
467,273,16,2,22376,0.0,44752.0
468,274,2,1,37224,0.25,27918.0
469,275,67,1,2736,0.0,2736.0
470,276,32,1,1197,0.1,1077.3
471,277,30,1,2247,0.0,2247.0
472,277,68,2,2741,0.0,5482.0
473,278,69,1,3850,0.0,3850.0
474,279,66,1,1256,0.0,1256.0
475,279,6,1,41775,0.25,31331.25
476,279,22,1,1944,0.05,1846.8
477,280,39,1,4515,0.25,3386.25
478,280,70,1,3968,0.0,3968.0
479,281,45,1,4158,0.25,3118.5
480,281,1,1,9563,0.05,9084.85
481,282,56,1,613,0.15,521.05
482,283,26,2,546,0.2,873.6
483,283,35,1,4996,0.0,4996.0
484,283,79,1,995,0.05,945.25
485,284,40,1,1769,0.25,1326.75
486,285,5,2,13447,0.1,24204.6
487,286,43,1,865,0.15,735.25
488,286,83,1,898,0.0,898.0
489,287,26,1,546,0.05,518.7
490,287,60,1,405,0.05,384.75
491,288,61,1,680,0.05,646.0
492,289,37,1,375,0.1,337.5
493,290,35,2,4996,0.2,7993.6
494,291,8,1,38096,0.0,38096.0
495,291,9,1,37837,0.0,37837.0
496,292,4,1,40207,0.1,36186.3
497,293,68,1,2741,0.05,2603.95
498,294,66,1,1256,0.0,1256.0
499,295,42,1,635,0.05,603.25
500,295,19,1,41782,0.25,31336.5
501,296,6,1,41775,0.25,31331.25
502,297,47,1,1019,0.05,968.05
503,298,22,1,1944,0.2,1555.2
504,299,3,1,43339,0.05,41172.05
505,300,60,1,405,0.0,405.0
506,300,43,1,865,0.0,865.0
507,301,53,2,559,0.0,1118.0
508,302,53,1,559,0.2,447.2
509,303,28,2,1491,0.1,2683.8
510,303,59,1,1172,0.15,996.2
511,304,86,1,441,0.1,396.9
512,304,7,1,40516,0.05,38490.2
513,305,30,1,2247,0.0,2247.0
514,306,81,1,413,0.15,351.05
515,306,72,1,3738,0.25,2803.5
516,307,73,1,556,0.05,528.2
517,308,16,1,22376,0.1,20138.4
518,308,83,1,898,0.05,853.1
519,309,69,1,3850,0.2,3080.0
520,310,63,1,205,0.05,194.75
521,311,69,1,3850,0.25,2887.5
522,311,39,1,4515,0.25,3386.25
523,311,22,1,1944,0.0,1944.0
524,312,43,1,865,0.0,865.0
525,312,73,2,556,0.05,1056.4
526,312,61,3,680,0.1,1836.0
527,313,76,1,4344,0.2,3475.2
528,313,42,1,635,0.0,635.0
529,314,68,1,2741,0.05,2603.95
530,315,47,1,1019,0.05,968.05
531,316,19,1,41782,0.0,41782.0
532,316,30,1,2247,0.0,2247.0
533,316,85,1,128,0.25,96.0
534,317,62,2,291,0.25,436.5
535,317,79,3,995,0.25,2238.75
536,317,23,1,2839,0.25,2129.25
537,317,61,1,680,0.0,680.0
538,318,20,2,821,0.0,1642.0
539,318,15,1,2462,0.0,2462.0
540,319,17,1,2374,0.05,2255.3
541,319,83,1,898,0.0,898.0
542,319,79,1,995,0.15,845.75
543,320,59,1,1172,0.05,1113.4
544,320,56,2,613,0.0,1226.0
545,321,10,1,38149,0.0,38149.0
546,321,74,1,745,0.15,633.25
547,322,61,1,680,0.0,680.0
548,322,56,1,613,0.0,613.0
549,322,69,1,3850,0.0,3850.0
550,323,5,1,13447,0.05,12774.65
551,324,75,1,825,0.2,660.0
552,324,20,1,821,0.0,821.0
553,325,38,1,1108,0.1,997.2
554,326,59,1,1172,0.25,879.0
555,327,70,1,3968,0.15,3372.8
556,328,13,1,34766,0.05,33027.7
557,328,7,1,40516,0.25,30387.0
558,329,55,1,979,0.15,832.15
559,330,31,1,2822,0.0,2822.0
560,331,79,1,995,0.0,995.0
561,332,28,1,1491,0.2,1192.8
562,332,69,1,3850,0.25,2887.5
563,333,60,3,405,0.05,1154.25
564,334,81,1,413,0.0,413.0
565,335,51,3,304,0.1,820.8
566,335,53,2,559,0.0,1118.0
567,335,21,2,568,0.25,852.0
568,335,61,1,680,0.25,510.0
569,336,33,1,3307,0.05,3141.65
570,337,71,1,3039,0.0,3039.0
571,337,37,1,375,0.25,281.25
572,338,18,2,4367,0.05,8297.3
573,338,46,2,5521,0.0,11042.0
574,339,76,1,4344,0.2,3475.2
575,340,54,1,1386,0.05,1316.7
576,340,72,2,3738,0.0,7476.0
577,341,76,2,4344,0.05,8253.6
578,341,75,1,825,0.05,783.75
579,342,69,1,3850,0.1,3465.0
580,343,66,2,1256,0.25,1884.0
581,343,41,2,5245,0.15,8916.5
582,344,62,1,291,0.25,218.25
583,345,10,2,38149,0.25,57223.5
584,346,9,1,37837,0.0,37837.0
585,346,69,3,3850,0.2,9240.0
586,346,51,2,304,0.0,608.0
587,346,46,1,5521,0.15,4692.85
588,347,86,1,441,0.1,396.9
589,348,52,1,1758,0.2,1406.4
590,348,21,1,568,0.1,511.2
591,349,34,1,803,0.0,803.0
592,350,82,1,541,0.0,541.0
593,351,55,2,979,0.25,1468.5
594,352,78,2,768,0.0,1536.0
595,352,44,1,4283,0.0,4283.0
596,353,73,1,556,0.0,556.0
597,354,53,2,559,0.0,1118.0
598,355,20,1,821,0.0,821.0
599,356,54,1,1386,0.2,1108.8
600,357,22,1,1944,0.15,1652.4
601,358,15,1,2462,0.15,2092.7
602,358,52,1,1758,0.25,1318.5
603,359,85,1,128,0.25,96.0
604,360,21,3,568,0.25,1278.0
605,360,9,1,37837,0.15,32161.45
606,360,40,1,1769,0.15,1503.65
607,361,69,1,3850,0.15,3272.5
608,361,25,1,2383,0.2,1906.4
609,362,72,1,3738,0.0,3738.0
610,363,51,2,304,0.2,486.4
611,363,35,1,4996,0.15,4246.6
612,363,17,2,2374,0.2,3798.4
613,364,20,1,821,0.15,697.85
614,364,83,1,898,0.2,718.4
615,365,20,1,821,0.0,821.0
616,365,1,1,9563,0.15,8128.55
617,365,55,2,979,0.0,1958.0
618,366,27,1,2689,0.0,2689.0
619,366,22,1,1944,0.2,1555.2
620,367,82,3,541,0.0,1623.0
621,367,62,1,291,0.2,232.8
622,368,43,1,865,0.25,648.75
623,368,69,2,3850,0.05,7315.0
624,369,29,1,2027,0.25,1520.25
625,370,73,1,556,0.0,556.0
626,370,45,1,4158,0.0,4158.0
627,371,43,1,865,0.2,692.0
628,372,65,1,564,0.0,564.0
629,372,8,1,38096,0.0,38096.0
630,373,8,1,38096,0.25,28572.0
631,373,44,1,4283,0.0,4283.0
632,374,71,1,3039,0.0,3039.0
633,375,22,2,1944,0.25,2916.0
634,376,34,1,803,0.1,722.7
635,377,83,1,898,0.15,763.3
636,378,54,1,1386,0.0,1386.0
637,379,50,1,798,0.0,798.0
638,380,73,1,556,0.15,472.6
639,380,11,1,35726,0.15,30367.1
640,381,29,1,2027,0.2,1621.6
641,382,28,2,1491,0.0,2982.0
642,383,54,2,1386,0.05,2633.4
643,383,1,1,9563,0.15,8128.55
644,383,61,1,680,0.2,544.0
645,384,62,1,291,0.0,291.0
646,385,77,1,3321,0.05,3154.95
647,385,25,1,2383,0.25,1787.25
648,386,38,2,1108,0.0,2216.0
649,387,86,1,441,0.0,441.0
650,387,62,1,291,0.0,291.0
651,388,2,1,37224,0.25,27918.0
652,389,17,1,2374,0.25,1780.5
653,390,80,1,461,0.1,414.9
654,391,47,1,1019,0.25,764.25
655,391,59,1,1172,0.0,1172.0
656,392,71,1,3039,0.1,2735.1
657,393,52,1,1758,0.05,1670.1
658,394,37,1,375,0.05,356.25
659,395,60,2,405,0.0,810.0
660,395,70,1,3968,0.25,2976.0
661,396,75,2,825,0.1,1485.0
662,397,85,1,128,0.2,102.4
663,398,83,1,898,0.1,808.2
664,399,57,1,846,0.2,676.8
665,400,58,1,1070,0.0,1070.0
666,401,44,3,4283,0.25,9636.75
667,402,2,1,37224,0.25,27918.0
668,403,85,1,128,0.0,128.0
669,403,74,2,745,0.1,1341.0
670,403,59,1,1172,0.0,1172.0
671,403,73,1,556,0.15,472.6
672,404,59,1,1172,0.0,1172.0
673,405,63,1,205,0.15,174.25
674,406,66,1,1256,0.25,942.0
675,406,85,2,128,0.0,256.0
676,407,53,1,559,0.25,419.25
677,407,82,1,541,0.15,459.85
678,407,10,1,38149,0.0,38149.0
679,408,26,2,546,0.05,1037.4
680,409,43,1,865,0.15,735.25
681,409,38,1,1108,0.15,941.8
682,409,12,1,44912,0.2,35929.6
683,409,6,2,41775,0.2,66840.0
684,410,68,1,2741,0.1,2466.9
685,411,64,2,302,0.0,604.0
686,411,77,1,3321,0.0,3321.0
687,412,45,1,4158,0.0,4158.0
688,412,33,1,3307,0.0,3307.0
689,412,60,1,405,0.15,344.25
690,413,81,2,413,0.15,702.1
691,414,24,2,1087,0.05,2065.3
692,414,48,1,424,0.25,318.0
693,414,35,1,4996,0.05,4746.2
694,415,13,1,34766,0.05,33027.7
695,415,31,1,2822,0.25,2116.5
696,416,63,1,205,0.1,184.5
697,416,56,1,613,0.25,459.75
698,417,49,2,1101,0.2,1761.6
699,417,36,2,1992,0.1,3585.6
700,417,2,1,37224,0.0,37224.0
701,418,48,2,424,0.0,848.0
702,419,85,1,128,0.05,121.6
703,420,77,1,3321,0.0,3321.0
704,421,48,2,424,0.1,763.2
705,421,80,1,461,0.0,461.0
706,422,62,1,291,0.2,232.8
707,422,25,2,2383,0.0,4766.0
708,422,8,1,38096,0.0,38096.0
709,423,7,3,40516,0.25,91161.0
710,424,56,1,613,0.0,613.0
711,424,76,1,4344,0.05,4126.8
712,425,31,1,2822,0.2,2257.6
713,426,1,1,9563,0.25,7172.25
714,427,13,2,34766,0.0,69532.0
715,427,41,1,5245,0.2,4196.0
716,428,17,1,2374,0.15,2017.9
717,428,20,1,821,0.25,615.75
718,429,45,1,4158,0.1,3742.2
719,429,73,1,556,0.0,556.0
720,429,4,1,40207,0.15,34175.95
721,429,40,1,1769,0.0,1769.0
722,430,67,2,2736,0.1,4924.8
723,431,75,1,825,0.0,825.0
724,432,53,1,559,0.0,559.0
725,432,36,1,1992,0.05,1892.4
726,432,7,1,40516,0.05,38490.2
727,432,5,2,13447,0.05,25549.3
728,433,34,1,803,0.0,803.0
729,434,15,2,2462,0.0,4924.0
730,434,48,1,424,0.2,339.2
731,435,40,1,1769,0.25,1326.75
732,436,8,1,38096,0.05,36191.2
733,436,70,2,3968,0.0,7936.0
734,437,3,3,43339,0.05,123516.15
735,437,18,1,4367,0.0,4367.0
736,438,79,1,995,0.2,796.0
737,438,50,1,798,0.0,798.0
738,438,49,1,1101,0.0,1101.0
739,438,7,1,40516,0.15,34438.6
740,439,46,1,5521,0.25,4140.75
741,439,5,1,13447,0.0,13447.0
742,440,63,1,205,0.0,205.0
743,441,51,1,304,0.25,228.0
744,442,19,1,41782,0.25,31336.5
745,442,73,2,556,0.2,889.6
746,443,66,1,1256,0.1,1130.4
747,443,51,1,304,0.15,258.4
748,444,10,1,38149,0.25,28611.75
749,444,8,1,38096,0.2,30476.8
750,445,25,1,2383,0.2,1906.4
751,445,74,1,745,0.0,745.0
752,446,10,1,38149,0.2,30519.2
753,446,15,2,2462,0.0,4924.0
754,447,86,2,441,0.2,705.6
755,448,63,2,205,0.0,410.0
756,449,30,1,2247,0.25,1685.25
757,449,78,2,768,0.15,1305.6
758,449,52,1,1758,0.1,1582.2
759,449,20,2,821,0.0,1642.0
760,450,18,2,4367,0.0,8734.0
761,450,76,2,4344,0.0,8688.0
762,451,58,2,1070,0.0,2140.0
763,452,21,2,568,0.25,852.0
764,453,32,1,1197,0.1,1077.3
765,454,60,1,405,0.2,324.0
766,455,76,2,4344,0.1,7819.2
767,456,25,3,2383,0.0,7149.0
768,457,63,1,205,0.1,184.5
769,457,65,1,564,0.0,564.0
770,458,52,1,1758,0.2,1406.4
771,458,58,1,1070,0.2,856.0
772,459,40,1,1769,0.15,1503.65
773,459,75,1,825,0.0,825.0
774,459,24,1,1087,0.05,1032.65
775,460,74,2,745,0.05,1415.5
776,461,11,1,35726,0.0,35726.0
777,462,5,2,13447,0.0,26894.0
778,463,2,2,37224,0.0,74448.0
779,464,83,1,898,0.25,673.5
780,464,77,1,3321,0.1,2988.9
781,464,44,1,4283,0.2,3426.4
782,464,53,1,559,0.15,475.15
783,465,12,1,44912,0.0,44912.0
784,465,67,1,2736,0.0,2736.0
785,466,33,1,3307,0.15,2810.95
786,466,78,1,768,0.2,614.4
787,466,80,1,461,0.2,368.8
788,467,8,1,38096,0.2,30476.8
789,468,23,1,2839,0.0,2839.0
790,469,44,1,4283,0.15,3640.55
791,470,64,2,302,0.15,513.4
792,471,16,1,22376,0.0,22376.0
793,472,35,1,4996,0.0,4996.0
794,472,5,2,13447,0.25,20170.5
795,472,46,1,5521,0.0,5521.0
796,473,51,1,304,0.0,304.0
797,473,76,1,4344,0.0,4344.0
798,474,11,1,35726,0.0,35726.0
799,474,51,1,304,0.15,258.4
800,474,79,1,995,0.25,746.25
801,475,12,1,44912,0.0,44912.0
802,475,34,2,803,0.0,1606.0
803,475,37,1,375,0.15,318.75
804,476,51,1,304,0.2,243.2
805,477,49,1,1101,0.2,880.8
806,478,33,2,3307,0.1,5952.6
807,479,47,1,1019,0.05,968.05
808,480,11,1,35726,0.0,35726.0
809,481,39,1,4515,0.05,4289.25
810,482,56,2,613,0.15,1042.1
811,483,52,1,1758,0.1,1582.2
812,484,19,2,41782,0.2,66851.2
813,485,40,1,1769,0.25,1326.75
814,485,57,1,846,0.05,803.7
815,486,5,1,13447,0.1,12102.3
816,487,61,1,680,0.05,646.0
817,487,76,3,4344,0.25,9774.0
818,488,66,1,1256,0.2,1004.8
819,489,54,1,1386,0.0,1386.0
820,490,22,1,1944,0.1,1749.6
821,491,38,2,1108,0.0,2216.0
822,492,47,2,1019,0.0,2038.0
823,493,3,1,43339,0.0,43339.0
824,493,76,1,4344,0.0,4344.0
825,494,35,1,4996,0.0,4996.0
826,495,11,1,35726,0.25,26794.5
827,496,11,1,35726,0.25,26794.5
828,496,9,1,37837,0.15,32161.45
829,496,44,3,4283,0.25,9636.75
830,497,24,1,1087,0.2,869.6
831,498,66,1,1256,0.05,1193.2
832,499,54,1,1386,0.2,1108.8
833,500,80,1,461,0.05,437.95
834,501,51,2,304,0.2,486.4
835,502,23,1,2839,0.2,2271.2
836,503,63,1,205,0.25,153.75
837,503,14,1,28329,0.05,26912.55
838,503,13,1,34766,0.0,34766.0
839,504,3,1,43339,0.0,43339.0
840,505,48,1,424,0.0,424.0
841,506,73,2,556,0.15,945.2
842,507,8,1,38096,0.25,28572.0
843,507,45,1,4158,0.0,4158.0
844,507,73,1,556,0.0,556.0
845,508,85,1,128,0.25,96.0
846,508,46,1,5521,0.1,4968.9
847,509,66,2,1256,0.25,1884.0
848,510,59,1,1172,0.0,1172.0
849,511,37,1,375,0.15,318.75
850,512,78,1,768,0.05,729.6
851,512,26,3,546,0.15,1392.3
852,512,19,1,41782,0.0,41782.0
853,513,53,2,559,0.05,1062.1
854,514,69,1,3850,0.05,3657.5
855,514,51,1,304,0.1,273.6
856,514,26,1,546,0.2,436.8
857,515,83,1,898,0.0,898.0
858,516,49,1,1101,0.2,880.8
859,517,66,1,1256,0.15,1067.6
860,517,20,1,821,0.15,697.85
861,518,58,1,1070,0.15,909.5
862,518,31,2,2822,0.0,5644.0
863,518,37,1,375,0.0,375.0
864,519,10,2,38149,0.0,76298.0
865,519,57,1,846,0.0,846.0
866,520,81,1,413,0.0,413.0
867,521,24,1,1087,0.2,869.6
868,521,34,2,803,0.05,1525.7
869,522,3,2,43339,0.25,65008.5
870,523,31,1,2822,0.0,2822.0
871,523,22,1,1944,0.05,1846.8
872,523,17,1,2374,0.05,2255.3
873,524,67,1,2736,0.1,2462.4
874,525,31,1,2822,0.0,2822.0
875,525,80,1,461,0.1,414.9
876,526,18,1,4367,0.2,3493.6
877,526,50,1,798,0.25,598.5
878,527,14,3,28329,0.1,76488.3
879,527,82,1,541,0.15,459.85
880,528,9,1,37837,0.05,35945.15
881,529,47,2,1019,0.2,1630.4
882,530,15,1,2462,0.0,2462.0
883,531,37,2,375,0.0,750.0
884,532,64,1,302,0.25,226.5
885,533,23,1,2839,0.2,2271.2
886,533,22,2,1944,0.0,3888.0
887,534,60,1,405,0.25,303.75
888,534,42,2,635,0.2,1016.0
889,535,65,1,564,0.0,564.0
890,535,16,1,22376,0.1,20138.4
891,536,71,1,3039,0.25,2279.25
892,536,6,1,41775,0.05,39686.25
893,536,37,1,375,0.15,318.75
894,536,26,1,546,0.15,464.1
895,537,14,3,28329,0.05,80737.65
896,537,5,1,13447,0.05,12774.65
897,537,27,2,2689,0.05,5109.1
898,538,31,1,2822,0.15,2398.7
899,539,70,2,3968,0.1,7142.4
900,540,6,1,41775,0.25,31331.25
901,541,80,1,461,0.05,437.95
902,541,43,3,865,0.0,2595.0
903,542,62,1,291,0.0,291.0
904,542,1,1,9563,0.05,9084.85
905,543,86,1,441,0.0,441.0
906,544,29,1,2027,0.1,1824.3
907,544,48,1,424,0.05,402.8
908,545,62,1,291,0.15,247.35
909,546,35,1,4996,0.15,4246.6
910,547,12,1,44912,0.0,44912.0
911,548,16,1,22376,0.0,22376.0
912,549,59,1,1172,0.0,1172.0
913,550,35,1,4996,0.2,3996.8
914,551,80,1,461,0.0,461.0
915,551,16,1,22376,0.0,22376.0
916,551,71,1,3039,0.05,2887.05
917,552,63,1,205,0.15,174.25
918,552,77,1,3321,0.2,2656.8
919,552,23,1,2839,0.1,2555.1
920,552,6,1,41775,0.2,33420.0
921,553,4,1,40207,0.0,40207.0
922,553,38,1,1108,0.15,941.8
923,554,64,1,302,0.1,271.8
924,554,8,1,38096,0.2,30476.8
925,555,56,1,613,0.1,551.7
926,555,40,1,1769,0.25,1326.75
927,555,25,1,2383,0.2,1906.4
928,556,27,1,2689,0.1,2420.1
929,556,4,2,40207,0.05,76393.3
930,556,47,2,1019,0.1,1834.2
931,557,75,1,825,0.0,825.0
932,557,62,1,291,0.05,276.45
933,557,1,2,9563,0.15,16257.1
934,558,46,2,5521,0.25,8281.5
935,559,78,1,768,0.0,768.0
936,560,18,1,4367,0.0,4367.0
937,560,80,1,461,0.05,437.95
938,561,35,2,4996,0.1,8992.8
939,561,7,1,40516,0.25,30387.0
940,562,69,2,3850,0.0,7700.0
941,562,17,1,2374,0.0,2374.0
942,562,40,1,1769,0.25,1326.75
943,563,39,1,4515,0.0,4515.0
944,563,81,1,413,0.2,330.4
945,564,11,1,35726,0.0,35726.0
946,564,19,1,41782,0.1,37603.8
947,564,25,1,2383,0.25,1787.25
948,564,74,1,745,0.1,670.5
949,565,12,1,44912,0.2,35929.6
950,566,50,1,798,0.25,598.5
951,567,75,1,825,0.15,701.25
952,567,67,1,2736,0.15,2325.6
953,568,18,1,4367,0.25,3275.25
954,569,69,2,3850,0.25,5775.0
955,570,64,1,302,0.0,302.0
956,571,39,1,4515,0.05,4289.25
957,571,20,2,821,0.2,1313.6
958,572,23,1,2839,0.0,2839.0
959,573,47,2,1019,0.2,1630.4
960,574,61,1,680,0.25,510.0
961,574,69,1,3850,0.05,3657.5
962,574,32,1,1197,0.0,1197.0
963,574,6,1,41775,0.0,41775.0
964,575,19,2,41782,0.0,83564.0
965,576,40,1,1769,0.25,1326.75
966,576,8,3,38096,0.2,91430.4
967,577,57,1,846,0.25,634.5
968,578,37,1,375,0.2,300.0
969,579,62,1,291,0.0,291.0
970,579,1,1,9563,0.25,7172.25
971,579,33,2,3307,0.0,6614.0
972,580,59,1,1172,0.0,1172.0
973,580,4,1,40207,0.15,34175.95
974,580,60,1,405,0.25,303.75
975,581,22,1,1944,0.0,1944.0
976,582,19,1,41782,0.25,31336.5
977,583,5,1,13447,0.25,10085.25
978,583,3,1,43339,0.25,32504.25
979,584,73,1,556,0.0,556.0
980,585,52,1,1758,0.0,1758.0
981,585,10,2,38149,0.0,76298.0
982,586,68,1,2741,0.0,2741.0
983,587,39,1,4515,0.25,3386.25
984,587,41,1,5245,0.2,4196.0
985,588,64,1,302,0.2,241.6
986,589,47,1,1019,0.2,815.2
987,589,13,1,34766,0.05,33027.7
988,589,82,2,541,0.0,1082.0
989,590,25,3,2383,0.15,6076.65
990,591,49,1,1101,0.05,1045.95
991,592,75,1,825,0.0,825.0
992,593,58,2,1070,0.15,1819.0
993,594,61,1,680,0.0,680.0
994,595,62,1,291,0.0,291.0
995,596,11,2,35726,0.15,60734.2
996,596,53,2,559,0.1,1006.2
997,597,80,1,461,0.15,391.85
998,598,4,1,40207,0.2,32165.6
999,598,18,1,4367,0.0,4367.0
1000,598,3,1,43339,0.1,39005.1
1001,599,54,2,1386,0.0,2772.0
1002,600,17,1,2374,0.15,2017.9
1003,600,9,2,37837,0.25,56755.5
1004,600,16,1,22376,0.2,17900.8
1005,600,84,2,610,0.0,1220.0
1006,601,9,1,37837,0.1,34053.3
1007,601,60,2,405,0.1,729.0
1008,602,50,1,798,0.15,678.3
1009,603,55,1,979,0.0,979.0
1010,604,2,2,37224,0.0,74448.0
1011,605,30,1,2247,0.25,1685.25
1012,605,11,1,35726,0.2,28580.8
1013,606,18,1,4367,0.2,3493.6
1014,607,60,3,405,0.1,1093.5
1015,608,20,1,821,0.2,656.8
1016,609,20,1,821,0.0,821.0
1017,609,77,1,3321,0.1,2988.9
1018,610,38,1,1108,0.1,997.2
1019,611,5,1,13447,0.15,11429.95
1020,611,43,2,865,0.0,1730.0
1021,612,66,3,1256,0.0,3768.0
1022,612,46,1,5521,0.1,4968.9
1023,613,2,1,37224,0.0,37224.0
1024,614,66,1,1256,0.2,1004.8
1025,614,19,1,41782,0.05,39692.9
1026,615,28,1,1491,0.2,1192.8
1027,615,54,1,1386,0.1,1247.4
1028,616,37,1,375,0.25,281.25
1029,617,27,1,2689,0.2,2151.2
1030,617,81,1,413,0.15,351.05
1031,618,68,2,2741,0.0,5482.0
1032,619,36,1,1992,0.15,1693.2
1033,620,69,1,3850,0.05,3657.5
1034,621,28,1,1491,0.05,1416.45
1035,621,10,2,38149,0.2,61038.4
1036,622,8,1,38096,0.0,38096.0
1037,622,77,1,3321,0.1,2988.9
1038,623,17,1,2374,0.1,2136.6
1039,623,42,1,635,0.0,635.0
1040,623,81,1,413,0.0,413.0
1041,624,27,2,2689,0.0,5378.0
1042,625,31,1,2822,0.0,2822.0
1043,625,10,1,38149,0.25,28611.75
1044,626,21,2,568,0.15,965.6
1045,627,68,1,2741,0.25,2055.75
1046,628,36,1,1992,0.0,1992.0
1047,629,24,1,1087,0.1,978.3
1048,629,55,1,979,0.25,734.25
1049,629,61,1,680,0.2,544.0
1050,629,78,1,768,0.2,614.4
1051,630,2,2,37224,0.2,59558.4
1052,630,13,2,34766,0.2,55625.6
1053,631,35,1,4996,0.2,3996.8
1054,632,14,1,28329,0.0,28329.0
1055,632,22,1,1944,0.0,1944.0
1056,633,37,1,375,0.25,281.25
1057,634,42,1,635,0.0,635.0
1058,635,19,1,41782,0.1,37603.8
1059,635,78,1,768,0.25,576.0
1060,635,36,1,1992,0.25,1494.0
1061,636,29,1,2027,0.1,1824.3
1062,636,68,1,2741,0.05,2603.95
1063,636,25,1,2383,0.15,2025.55
1064,636,48,1,424,0.2,339.2
1065,637,7,1,40516,0.25,30387.0
1066,637,12,2,44912,0.2,71859.2
1067,638,28,3,1491,0.2,3578.4
1068,639,77,2,3321,0.0,6642.0
1069,640,17,3,2374,0.05,6765.9
1070,641,37,1,375,0.0,375.0
1071,641,72,1,3738,0.0,3738.0
1072,641,20,1,821,0.25,615.75
1073,641,31,2,2822,0.05,5361.8
1074,642,52,1,1758,0.15,1494.3
1075,642,9,2,37837,0.1,68106.6
1076,642,78,1,768,0.15,652.8
1077,643,53,1,559,0.05,531.05
1078,643,75,1,825,0.0,825.0
1079,644,66,3,1256,0.0,3768.0
1080,644,32,3,1197,0.1,3231.9
1081,644,54,2,1386,0.1,2494.8
1082,644,64,1,302,0.0,302.0
1083,645,44,1,4283,0.2,3426.4
1084,645,8,1,38096,0.2,30476.8
1085,646,72,1,3738,0.15,3177.3
1086,646,37,2,375,0.0,750.0
1087,646,77,1,3321,0.2,2656.8
1088,647,71,2,3039,0.25,4558.5
1089,648,44,1,4283,0.0,4283.0
1090,648,6,1,41775,0.2,33420.0
1091,649,52,1,1758,0.0,1758.0
1092,650,82,2,541,0.15,919.7
1093,651,29,1,2027,0.0,2027.0
1094,652,22,1,1944,0.1,1749.6
1095,653,20,1,821,0.0,821.0
1096,653,39,1,4515,0.05,4289.25
1097,654,31,1,2822,0.1,2539.8
1098,654,83,1,898,0.2,718.4
1099,655,63,1,205,0.0,205.0
1100,656,41,1,5245,0.15,4458.25
1101,656,83,1,898,0.05,853.1
1102,657,45,1,4158,0.1,3742.2
1103,657,77,2,3321,0.05,6309.9
1104,658,75,1,825,0.1,742.5
1105,659,67,1,2736,0.15,2325.6
1106,659,34,1,803,0.2,642.4
1107,659,27,1,2689,0.0,2689.0
1108,660,66,1,1256,0.0,1256.0
1109,661,23,1,2839,0.15,2413.15
1110,661,27,2,2689,0.15,4571.3
1111,662,3,1,43339,0.1,39005.1
1112,663,20,2,821,0.0,1642.0
1113,664,8,1,38096,0.0,38096.0
1114,665,58,1,1070,0.15,909.5
1115,665,22,2,1944,0.05,3693.6
1116,666,17,1,2374,0.2,1899.2
1117,666,27,1,2689,0.05,2554.55
1118,667,40,1,1769,0.1,1592.1
1119,668,40,1,1769,0.0,1769.0
1120,668,59,1,1172,0.05,1113.4
1121,669,13,3,34766,0.15,88653.3
1122,670,63,1,205,0.25,153.75
1123,671,49,1,1101,0.0,1101.0
1124,672,54,1,1386,0.0,1386.0
1125,673,36,2,1992,0.1,3585.6
1126,674,68,1,2741,0.0,2741.0
1127,674,18,1,4367,0.1,3930.3
1128,675,72,1,3738,0.0,3738.0
1129,676,50,1,798,0.25,598.5
1130,676,41,3,5245,0.15,13374.75
1131,677,81,1,413,0.25,309.75
1132,678,17,1,2374,0.25,1780.5
1133,678,12,1,44912,0.15,38175.2
1134,679,35,3,4996,0.15,12739.8
1135,680,80,1,461,0.0,461.0
1136,680,31,1,2822,0.25,2116.5
1137,680,22,1,1944,0.15,1652.4
1138,681,18,1,4367,0.0,4367.0
1139,681,42,1,635,0.1,571.5
1140,682,33,3,3307,0.15,8432.85
1141,682,59,1,1172,0.1,1054.8
1142,682,41,1,5245,0.2,4196.0
1143,682,28,1,1491,0.1,1341.9
1144,683,40,2,1769,0.15,3007.3
1145,683,34,1,803,0.1,722.7
1146,684,1,1,9563,0.1,8606.7
1147,684,55,1,979,0.0,979.0
1148,685,30,1,2247,0.2,1797.6
1149,685,67,2,2736,0.0,5472.0
1150,686,11,1,35726,0.0,35726.0
1151,687,59,1,1172,0.05,1113.4
1152,688,45,2,4158,0.25,6237.0
1153,689,70,1,3968,0.05,3769.6
1154,689,17,3,2374,0.0,7122.0
1155,690,9,1,37837,0.05,35945.15
1156,691,81,1,413,0.0,413.0
1157,691,17,1,2374,0.1,2136.6
1158,692,26,1,546,0.0,546.0
1159,692,80,2,461,0.0,922.0
1160,693,21,1,568,0.0,568.0
1161,693,4,3,40207,0.1,108558.9
1162,694,12,1,44912,0.05,42666.4
1163,695,34,1,803,0.1,722.7
1164,696,41,2,5245,0.05,9965.5
1165,696,65,1,564,0.1,507.6
1166,697,6,2,41775,0.25,62662.5
1167,697,73,1,556,0.05,528.2
1168,698,17,1,2374,0.0,2374.0
1169,698,63,1,205,0.15,174.25
1170,699,21,1,568,0.25,426.0
1171,699,64,1,302,0.0,302.0
1172,699,70,1,3968,0.05,3769.6
1173,699,32,1,1197,0.2,957.6
1174,700,7,1,40516,0.1,36464.4
1175,700,81,1,413,0.0,413.0
1176,701,28,1,1491,0.0,1491.0
1177,701,44,1,4283,0.0,4283.0
1178,702,56,1,613,0.0,613.0
1179,703,30,1,2247,0.15,1909.95
1180,703,83,1,898,0.25,673.5
1181,704,86,2,441,0.15,749.7
1182,705,49,1,1101,0.2,880.8
1183,705,44,2,4283,0.05,8137.7
1184,706,80,1,461,0.0,461.0
1185,706,43,1,865,0.05,821.75
1186,706,9,1,37837,0.0,37837.0
1187,706,1,1,9563,0.0,9563.0
1188,707,24,1,1087,0.05,1032.65
1189,707,28,1,1491,0.0,1491.0
1190,707,70,2,3968,0.05,7539.2
1191,708,54,1,1386,0.25,1039.5
1192,708,45,2,4158,0.05,7900.2
1193,709,75,1,825,0.15,701.25
1194,709,24,2,1087,0.25,1630.5
1195,710,42,1,635,0.05,603.25
1196,710,4,1,40207,0.0,40207.0
1197,711,62,1,291,0.25,218.25
1198,712,75,2,825,0.1,1485.0
1199,712,4,2,40207,0.2,64331.2
1200,713,16,1,22376,0.2,17900.8
1201,714,62,1,291,0.0,291.0
1202,715,73,3,556,0.2,1334.4
1203,715,40,1,1769,0.25,1326.75
1204,716,23,2,2839,0.05,5394.1
1205,716,52,1,1758,0.2,1406.4
1206,717,23,1,2839,0.0,2839.0
1207,718,40,1,1769,0.0,1769.0
1208,718,64,1,302,0.05,286.9
1209,719,33,1,3307,0.0,3307.0
1210,720,82,2,541,0.0,1082.0
1211,721,14,1,28329,0.25,21246.75
1212,722,52,1,1758,0.15,1494.3
1213,723,80,2,461,0.0,922.0
1214,723,83,1,898,0.0,898.0
1215,724,55,2,979,0.15,1664.3
1216,725,61,2,680,0.1,1224.0
1217,726,1,1,9563,0.25,7172.25
1218,726,11,1,35726,0.0,35726.0
1219,727,46,1,5521,0.25,4140.75
1220,728,22,1,1944,0.15,1652.4
1221,729,86,1,441,0.05,418.95
1222,730,13,1,34766,0.1,31289.4
1223,731,48,1,424,0.05,402.8
1224,732,45,1,4158,0.0,4158.0
1225,732,33,1,3307,0.0,3307.0
1226,733,75,1,825,0.0,825.0
1227,733,45,1,4158,0.1,3742.2
1228,734,26,1,546,0.0,546.0
1229,734,40,1,1769,0.05,1680.55
1230,735,45,1,4158,0.1,3742.2
1231,735,32,1,1197,0.0,1197.0
1232,736,45,2,4158,0.2,6652.8
1233,736,5,1,13447,0.1,12102.3
1234,737,26,3,546,0.2,1310.4
1235,738,50,1,798,0.15,678.3
1236,738,52,1,1758,0.0,1758.0
1237,739,85,2,128,0.1,230.4
1238,740,4,1,40207,0.1,36186.3
1239,740,17,1,2374,0.0,2374.0
1240,741,2,3,37224,0.1,100504.8
1241,741,68,1,2741,0.05,2603.95
1242,742,3,1,43339,0.05,41172.05
1243,742,63,2,205,0.0,410.0
1244,743,79,2,995,0.0,1990.0
1245,743,64,1,302,0.05,286.9
1246,744,16,1,22376,0.05,21257.2
1247,745,10,1,38149,0.15,32426.65
1248,745,33,3,3307,0.0,9921.0
1249,746,9,1,37837,0.0,37837.0
1250,747,35,2,4996,0.05,9492.4
1251,747,36,1,1992,0.15,1693.2
1252,748,44,1,4283,0.0,4283.0
1253,748,10,2,38149,0.05,72483.1
1254,749,8,1,38096,0.0,38096.0
1255,750,68,1,2741,0.0,2741.0
1256,751,9,1,37837,0.0,37837.0
1257,752,3,1,43339,0.0,43339.0
1258,753,78,1,768,0.15,652.8
1259,754,27,1,2689,0.0,2689.0
1260,754,26,1,546,0.0,546.0
1261,755,61,1,680,0.0,680.0
1262,756,67,1,2736,0.0,2736.0
1263,756,60,2,405,0.1,729.0
1264,757,20,1,821,0.25,615.75
1265,757,44,1,4283,0.0,4283.0
1266,758,36,1,1992,0.0,1992.0
1267,759,60,2,405,0.0,810.0
1268,759,84,1,610,0.05,579.5
1269,759,86,1,441,0.15,374.85
1270,760,79,1,995,0.0,995.0
1271,760,19,1,41782,0.0,41782.0
1272,761,19,1,41782,0.0,41782.0
1273,762,79,2,995,0.25,1492.5
1274,762,40,1,1769,0.1,1592.1
1275,763,38,1,1108,0.0,1108.0
1276,764,59,3,1172,0.05,3340.2
1277,764,9,1,37837,0.05,35945.15
1278,764,8,1,38096,0.0,38096.0
1279,765,61,3,680,0.25,1530.0
1280,765,32,1,1197,0.0,1197.0
1281,766,38,2,1108,0.05,2105.2
1282,767,70,2,3968,0.0,7936.0
1283,767,47,1,1019,0.0,1019.0
1284,768,19,1,41782,0.2,33425.6
1285,769,85,1,128,0.0,128.0
1286,769,25,1,2383,0.1,2144.7
1287,770,54,1,1386,0.25,1039.5
1288,770,6,2,41775,0.0,83550.0
1289,771,56,1,613,0.05,582.35
1290,771,78,2,768,0.2,1228.8
1291,771,22,1,1944,0.05,1846.8
1292,772,64,2,302,0.0,604.0
1293,772,27,1,2689,0.05,2554.55
1294,772,3,1,43339,0.2,34671.2
1295,773,50,1,798,0.05,758.1
1296,773,4,1,40207,0.05,38196.65
1297,773,64,2,302,0.15,513.4
1298,773,33,2,3307,0.0,6614.0
1299,774,35,1,4996,0.0,4996.0
1300,775,80,1,461,0.25,345.75
1301,775,31,1,2822,0.0,2822.0
1302,776,30,1,2247,0.1,2022.3
1303,776,14,1,28329,0.0,28329.0
1304,776,19,1,41782,0.25,31336.5
1305,777,53,1,559,0.0,559.0
1306,778,4,2,40207,0.0,80414.0
1307,778,74,2,745,0.1,1341.0
1308,779,49,1,1101,0.05,1045.95
1309,780,1,1,9563,0.25,7172.25
1310,780,4,1,40207,0.0,40207.0
1311,780,24,1,1087,0.05,1032.65
1312,781,31,1,2822,0.15,2398.7
1313,782,29,1,2027,0.1,1824.3
1314,783,5,1,13447,0.0,13447.0
1315,784,13,1,34766,0.0,34766.0
1316,785,55,1,979,0.0,979.0
1317,785,70,2,3968,0.0,7936.0
1318,786,11,2,35726,0.0,71452.0
1319,786,12,1,44912,0.1,40420.8
1320,787,64,1,302,0.25,226.5
1321,788,81,1,413,0.15,351.05
1322,789,53,1,559,0.2,447.2
1323,789,72,1,3738,0.0,3738.0
1324,790,65,2,564,0.0,1128.0
1325,791,55,1,979,0.15,832.15
1326,791,77,1,3321,0.0,3321.0
1327,791,33,1,3307,0.2,2645.6
1328,792,33,1,3307,0.0,3307.0
1329,792,5,1,13447,0.0,13447.0
1330,793,24,1,1087,0.1,978.3
1331,793,39,1,4515,0.1,4063.5
1332,793,58,2,1070,0.0,2140.0
1333,793,67,3,2736,0.0,8208.0
1334,794,12,1,44912,0.1,40420.8
1335,794,33,1,3307,0.1,2976.3
1336,794,19,1,41782,0.1,37603.8
1337,795,14,1,28329,0.15,24079.65
1338,796,10,1,38149,0.2,30519.2
1339,796,67,1,2736,0.25,2052.0
1340,796,71,1,3039,0.0,3039.0
1341,797,25,1,2383,0.25,1787.25
1342,798,1,1,9563,0.0,9563.0
1343,799,63,2,205,0.15,348.5
1344,799,27,1,2689,0.0,2689.0
1345,800,9,2,37837,0.15,64322.9
1346,800,83,2,898,0.2,1436.8
1347,801,16,2,22376,0.0,44752.0
1348,802,57,1,846,0.15,719.1
1349,802,3,2,43339,0.1,78010.2
1350,803,5,2,13447,0.05,25549.3
1351,803,26,2,546,0.05,1037.4
1352,803,23,1,2839,0.0,2839.0
1353,804,40,1,1769,0.15,1503.65
1354,805,68,2,2741,0.05,5207.9
1355,806,77,3,3321,0.0,9963.0
1356,807,69,1,3850,0.2,3080.0
1357,807,24,2,1087,0.15,1847.9
1358,808,65,1,564,0.1,507.6
1359,809,38,2,1108,0.25,1662.0
1360,810,13,1,34766,0.0,34766.0
1361,811,29,1,2027,0.15,1722.95
1362,812,25,1,2383,0.0,2383.0
1363,813,17,2,2374,0.0,4748.0
1364,814,53,3,559,0.25,1257.75
1365,815,39,1,4515,0.15,3837.75
1366,816,58,1,1070,0.2,856.0
1367,817,36,1,1992,0.15,1693.2
1368,818,6,1,41775,0.0,41775.0
1369,818,10,1,38149,0.0,38149.0
1370,818,27,3,2689,0.2,6453.6
1371,819,71,1,3039,0.05,2887.05
1372,819,1,1,9563,0.05,9084.85
1373,820,73,1,556,0.0,556.0
1374,820,33,1,3307,0.25,2480.25
1375,820,36,1,1992,0.05,1892.4
1376,821,7,1,40516,0.2,32412.8
1377,822,79,1,995,0.25,746.25
1378,823,60,1,405,0.0,405.0
1379,824,69,1,3850,0.0,3850.0
1380,824,2,1,37224,0.05,35362.8
1381,825,25,1,2383,0.2,1906.4
1382,826,61,1,680,0.25,510.0
1383,827,69,1,3850,0.0,3850.0
1384,827,34,2,803,0.15,1365.1
1385,828,66,1,1256,0.0,1256.0
1386,829,38,1,1108,0.25,831.0
1387,829,42,1,635,0.05,603.25
1388,830,60,1,405,0.0,405.0
1389,830,78,1,768,0.05,729.6
1390,830,17,1,2374,0.05,2255.3
1391,830,75,2,825,0.0,1650.0
1392,831,4,1,40207,0.2,32165.6
1393,831,31,2,2822,0.0,5644.0
1394,831,32,1,1197,0.15,1017.45
1395,832,37,2,375,0.15,637.5
1396,833,54,1,1386,0.2,1108.8
1397,833,41,1,5245,0.25,3933.75
1398,834,52,1,1758,0.1,1582.2
1399,834,50,1,798,0.25,598.5
1400,835,56,1,613,0.0,613.0
1401,836,2,1,37224,0.25,27918.0
1402,837,58,2,1070,0.05,2033.0
1403,837,24,1,1087,0.0,1087.0
1404,837,11,2,35726,0.0,71452.0
1405,837,86,1,441,0.15,374.85
1406,838,67,1,2736,0.25,2052.0
1407,839,29,1,2027,0.15,1722.95
1408,839,26,1,546,0.2,436.8
1409,840,37,1,375,0.0,375.0
1410,841,71,1,3039,0.0,3039.0
1411,842,56,1,613,0.0,613.0
1412,842,84,1,610,0.05,579.5
1413,842,76,1,4344,0.05,4126.8
1414,843,71,1,3039,0.25,2279.25
1415,843,42,1,635,0.0,635.0
1416,843,85,1,128,0.0,128.0
1417,843,51,1,304,0.0,304.0
1418,844,63,1,205,0.0,205.0
1419,844,16,1,22376,0.0,22376.0
1420,844,68,1,2741,0.2,2192.8
1421,844,78,1,768,0.0,768.0
1422,845,65,1,564,0.25,423.0
1423,846,18,1,4367,0.2,3493.6
1424,847,62,1,291,0.1,261.9
1425,847,28,2,1491,0.0,2982.0
1426,848,65,1,564,0.2,451.2
1427,849,52,1,1758,0.2,1406.4
1428,850,13,1,34766,0.2,27812.8
1429,850,77,2,3321,0.0,6642.0
1430,850,25,2,2383,0.0,4766.0
1431,850,1,2,9563,0.05,18169.7
1432,851,35,1,4996,0.0,4996.0
1433,852,67,1,2736,0.15,2325.6
1434,852,59,1,1172,0.0,1172.0
1435,852,16,1,22376,0.0,22376.0
1436,853,29,1,2027,0.0,2027.0
1437,854,56,1,613,0.0,613.0
1438,855,21,1,568,0.0,568.0
1439,856,66,1,1256,0.1,1130.4
1440,857,55,1,979,0.25,734.25
1441,857,4,1,40207,0.25,30155.25
1442,857,81,1,413,0.1,371.7
1443,858,51,1,304,0.0,304.0
1444,859,82,1,541,0.0,541.0
1445,859,71,1,3039,0.0,3039.0
1446,860,52,1,1758,0.2,1406.4
1447,860,41,1,5245,0.0,5245.0
1448,861,38,2,1108,0.15,1883.6
1449,862,30,1,2247,0.0,2247.0
1450,863,55,1,979,0.15,832.15
1451,864,11,1,35726,0.2,28580.8
1452,865,39,1,4515,0.15,3837.75
1453,866,69,1,3850,0.05,3657.5
1454,867,24,1,1087,0.0,1087.0
1455,867,6,1,41775,0.0,41775.0
1456,867,1,1,9563,0.0,9563.0
1457,868,10,3,38149,0.0,114447.0
1458,869,47,1,1019,0.0,1019.0
1459,870,19,1,41782,0.1,37603.8
1460,870,73,1,556,0.15,472.6
1461,871,47,1,1019,0.0,1019.0
1462,872,34,1,803,0.25,602.25
1463,873,18,1,4367,0.1,3930.3
1464,873,73,1,556,0.2,444.8
1465,874,33,1,3307,0.0,3307.0
1466,874,65,2,564,0.2,902.4
1467,875,61,2,680,0.25,1020.0
1468,875,36,2,1992,0.0,3984.0
1469,876,71,1,3039,0.25,2279.25
1470,877,49,1,1101,0.0,1101.0
1471,877,48,1,424,0.1,381.6
1472,877,8,1,38096,0.0,38096.0
1473,878,76,2,4344,0.25,6516.0
1474,878,33,2,3307,0.0,6614.0
1475,879,33,1,3307,0.0,3307.0
1476,879,44,2,4283,0.0,8566.0
1477,880,79,2,995,0.15,1691.5
1478,881,3,1,43339,0.0,43339.0
1479,882,40,1,1769,0.05,1680.55
1480,882,6,1,41775,0.0,41775.0
1481,883,84,1,610,0.1,549.0
1482,884,73,2,556,0.25,834.0
1483,885,31,2,2822,0.2,4515.2
1484,886,70,1,3968,0.05,3769.6
1485,887,30,1,2247,0.2,1797.6
1486,887,12,1,44912,0.0,44912.0
1487,887,40,2,1769,0.2,2830.4
1488,888,4,1,40207,0.25,30155.25
1489,888,35,1,4996,0.0,4996.0
1490,889,86,1,441,0.15,374.85
1491,890,33,3,3307,0.05,9424.95
1492,891,68,1,2741,0.1,2466.9
1493,891,48,1,424,0.0,424.0
1494,891,22,3,1944,0.25,4374.0
1495,892,16,3,22376,0.0,67128.0
1496,893,5,2,13447,0.05,25549.3
1497,894,43,1,865,0.05,821.75
1498,894,47,1,1019,0.1,917.1
1499,894,62,1,291,0.0,291.0
1500,895,1,1,9563,0.0,9563.0
1501,896,18,2,4367,0.2,6987.2
1502,897,10,1,38149,0.0,38149.0
1503,898,55,1,979,0.0,979.0
1504,898,26,1,546,0.2,436.8
1505,899,35,2,4996,0.2,7993.6
1506,899,28,1,1491,0.05,1416.45
1507,900,62,1,291,0.0,291.0
1508,901,41,1,5245,0.0,5245.0
1509,902,3,1,43339,0.15,36838.15
1510,903,59,1,1172,0.2,937.6
1511,904,20,1,821,0.1,738.9
1512,904,22,1,1944,0.0,1944.0
1513,905,28,2,1491,0.1,2683.8
1514,905,54,1,1386,0.1,1247.4
1515,906,35,1,4996,0.2,3996.8
1516,906,68,1,2741,0.2,2192.8
1517,907,43,1,865,0.15,735.25
1518,907,24,1,1087,0.25,815.25
1519,907,39,1,4515,0.0,4515.0
1520,908,26,1,546,0.0,546.0
1521,908,78,1,768,0.15,652.8
1522,909,37,1,375,0.0,375.0
1523,910,17,1,2374,0.2,1899.2
1524,911,20,2,821,0.2,1313.6
1525,911,34,3,803,0.25,1806.75
1526,911,27,1,2689,0.25,2016.75
1527,911,8,1,38096,0.0,38096.0
1528,912,77,1,3321,0.15,2822.85
1529,912,82,2,541,0.1,973.8
1530,913,1,1,9563,0.2,7650.4
1531,914,5,2,13447,0.25,20170.5
1532,914,63,2,205,0.0,410.0
1533,915,69,1,3850,0.0,3850.0
1534,915,35,1,4996,0.0,4996.0
1535,916,34,1,803,0.15,682.55
1536,917,13,1,34766,0.0,34766.0
1537,918,6,1,41775,0.05,39686.25
1538,918,80,1,461,0.1,414.9
1539,919,43,1,865,0.25,648.75
1540,919,82,1,541,0.0,541.0
1541,920,56,1,613,0.25,459.75
1542,920,6,1,41775,0.0,41775.0
1543,920,49,1,1101,0.2,880.8
1544,920,41,2,5245,0.05,9965.5
1545,921,9,1,37837,0.0,37837.0
1546,921,25,2,2383,0.25,3574.5
1547,922,60,1,405,0.0,405.0
1548,923,17,1,2374,0.0,2374.0
1549,923,69,1,3850,0.05,3657.5
1550,924,17,1,2374,0.2,1899.2
1551,924,42,1,635,0.1,571.5
1552,925,77,1,3321,0.15,2822.85
1553,926,54,1,1386,0.0,1386.0
1554,927,85,1,128,0.15,108.8
1555,927,53,1,559,0.0,559.0
1556,928,61,2,680,0.2,1088.0
1557,928,38,3,1108,0.0,3324.0
1558,929,44,1,4283,0.25,3212.25
1559,929,4,1,40207,0.1,36186.3
1560,929,56,1,613,0.0,613.0
1561,930,76,1,4344,0.1,3909.6
1562,931,57,1,846,0.0,846.0
1563,932,19,1,41782,0.05,39692.9
1564,932,37,3,375,0.0,1125.0
1565,932,82,1,541,0.05,513.95
1566,933,58,2,1070,0.0,2140.0
1567,934,14,2,28329,0.25,42493.5
1568,935,86,1,441,0.0,441.0
1569,936,34,2,803,0.25,1204.5
1570,936,11,1,35726,0.0,35726.0
1571,937,26,1,546,0.0,546.0
1572,937,74,1,745,0.0,745.0
1573,938,22,1,1944,0.15,1652.4
1574,938,85,3,128,0.2,307.2
1575,939,27,2,2689,0.2,4302.4
1576,940,3,1,43339,0.0,43339.0
1577,941,60,1,405,0.1,364.5
1578,942,57,1,846,0.2,676.8
1579,942,34,1,803,0.1,722.7
1580,943,31,1,2822,0.25,2116.5
1581,944,40,1,1769,0.0,1769.0
1582,945,9,1,37837,0.25,28377.75
1583,945,55,2,979,0.25,1468.5
1584,946,70,2,3968,0.15,6745.6
1585,947,49,2,1101,0.15,1871.7
1586,948,83,1,898,0.25,673.5
1587,948,75,1,825,0.0,825.0
1588,948,35,1,4996,0.0,4996.0
1589,948,56,1,613,0.2,490.4
1590,949,67,1,2736,0.1,2462.4
1591,949,75,1,825,0.2,660.0
1592,949,14,2,28329,0.2,45326.4
1593,950,84,1,610,0.1,549.0
1594,950,34,1,803,0.15,682.55
1595,951,57,2,846,0.15,1438.2
1596,952,40,2,1769,0.15,3007.3
1597,953,64,1,302,0.15,256.7
1598,953,73,1,556,0.0,556.0
1599,954,69,3,3850,0.0,11550.0
1600,954,63,2,205,0.15,348.5
1601,954,30,2,2247,0.1,4044.6
1602,955,81,1,413,0.1,371.7
1603,955,55,1,979,0.05,930.05
1604,956,84,2,610,0.15,1037.0
1605,957,79,2,995,0.0,1990.0
1606,957,59,1,1172,0.15,996.2
1607,958,10,1,38149,0.2,30519.2
1608,958,48,1,424,0.0,424.0
1609,959,56,1,613,0.2,490.4
1610,960,36,1,1992,0.0,1992.0
1611,961,70,1,3968,0.25,2976.0
1612,961,3,1,43339,0.05,41172.05
1613,962,76,1,4344,0.0,4344.0
1614,963,83,2,898,0.0,1796.0
1615,964,8,1,38096,0.0,38096.0
1616,964,7,1,40516,0.1,36464.4
1617,965,49,2,1101,0.0,2202.0
1618,966,79,1,995,0.25,746.25
1619,967,33,3,3307,0.15,8432.85
1620,968,11,1,35726,0.15,30367.1
1621,969,55,1,979,0.0,979.0
1622,970,26,1,546,0.15,464.1
1623,971,27,3,2689,0.0,8067.0
1624,972,20,1,821,0.0,821.0
1625,972,32,1,1197,0.1,1077.3
1626,972,80,1,461,0.25,345.75
1627,973,48,2,424,0.15,720.8
1628,973,33,2,3307,0.1,5952.6
1629,974,83,2,898,0.15,1526.6
1630,974,67,2,2736,0.0,5472.0
1631,974,12,1,44912,0.2,35929.6
1632,975,37,2,375,0.15,637.5
1633,975,77,3,3321,0.1,8966.7
1634,975,60,1,405,0.15,344.25
1635,976,53,1,559,0.0,559.0
1636,977,19,2,41782,0.0,83564.0
1637,977,9,1,37837,0.2,30269.6
1638,978,75,1,825,0.0,825.0
1639,979,75,1,825,0.1,742.5
1640,980,12,3,44912,0.15,114525.6
1641,980,79,2,995,0.0,1990.0
1642,980,31,3,2822,0.15,7196.1
1643,980,38,1,1108,0.05,1052.6
1644,981,72,1,3738,0.2,2990.4
1645,982,63,2,205,0.0,410.0
1646,982,86,1,441,0.2,352.8
1647,982,5,1,13447,0.25,10085.25
1648,983,23,1,2839,0.0,2839.0
1649,984,42,2,635,0.0,1270.0
1650,984,51,1,304,0.25,228.0
1651,984,61,1,680,0.0,680.0
1652,984,80,1,461,0.0,461.0
1653,985,55,1,979,0.1,881.1
1654,986,23,1,2839,0.0,2839.0
1655,987,52,1,1758,0.0,1758.0
1656,988,27,3,2689,0.2,6453.6
1657,988,9,1,37837,0.05,35945.15
1658,989,64,1,302,0.0,302.0
1659,989,4,1,40207,0.15,34175.95
1660,990,85,2,128,0.0,256.0
1661,990,66,1,1256,0.2,1004.8
1662,990,21,1,568,0.2,454.4
1663,991,76,1,4344,0.15,3692.4
1664,991,80,1,461,0.0,461.0
1665,991,44,1,4283,0.25,3212.25
1666,992,43,2,865,0.0,1730.0
1667,993,84,2,610,0.0,1220.0
1668,994,1,1,9563,0.15,8128.55
1669,994,8,1,38096,0.2,30476.8
1670,994,31,1,2822,0.0,2822.0
1671,995,55,1,979,0.15,832.15
1672,996,84,1,610,0.0,610.0
1673,996,2,2,37224,0.15,63280.8
1674,997,5,1,13447,0.2,10757.6
1675,998,38,1,1108,0.15,941.8
1676,999,79,1,995,0.0,995.0
1677,999,63,1,205,0.05,194.75
1678,1000,58,1,1070,0.0,1070.0
1679,1000,22,1,1944,0.25,1458.0
1680,1000,26,3,546,0.05,1556.1
1681,1001,59,1,1172,0.0,1172.0
1682,1002,42,1,635,0.0,635.0
1683,1003,86,1,441,0.0,441.0
1684,1003,34,1,803,0.05,762.85
1685,1003,62,1,291,0.0,291.0
1686,1004,17,1,2374,0.0,2374.0
1687,1005,52,1,1758,0.05,1670.1
1688,1005,57,1,846,0.0,846.0
1689,1006,21,1,568,0.0,568.0
1690,1007,58,1,1070,0.1,963.0
1691,1007,53,1,559,0.2,447.2
1692,1008,85,1,128,0.0,128.0
1693,1009,24,1,1087,0.0,1087.0
1694,1009,61,1,680,0.2,544.0
1695,1009,30,2,2247,0.0,4494.0
1696,1010,52,2,1758,0.1,3164.4
1697,1010,35,1,4996,0.25,3747.0
1698,1011,7,1,40516,0.15,34438.6
1699,1011,29,1,2027,0.2,1621.6
1700,1012,78,2,768,0.0,1536.0
1701,1013,48,1,424,0.15,360.4
1702,1013,65,1,564,0.0,564.0
1703,1013,6,1,41775,0.0,41775.0
1704,1014,52,1,1758,0.05,1670.1
1705,1014,63,1,205,0.0,205.0
1706,1014,72,1,3738,0.2,2990.4
1707,1015,85,3,128,0.1,345.6
1708,1015,23,2,2839,0.0,5678.0
1709,1016,8,2,38096,0.0,76192.0
1710,1016,37,2,375,0.05,712.5
1711,1016,53,1,559,0.15,475.15
1712,1017,35,2,4996,0.2,7993.6
1713,1017,65,2,564,0.1,1015.2
1714,1017,23,1,2839,0.25,2129.25
1715,1018,6,2,41775,0.15,71017.5
1716,1019,16,1,22376,0.2,17900.8
1717,1019,27,2,2689,0.2,4302.4
1718,1019,64,3,302,0.0,906.0
1719,1019,7,1,40516,0.1,36464.4
1720,1020,14,1,28329,0.15,24079.65
1721,1020,54,2,1386,0.1,2494.8
1722,1021,76,2,4344,0.2,6950.4
1723,1022,48,1,424,0.05,402.8
1724,1022,75,1,825,0.0,825.0
1725,1022,19,1,41782,0.2,33425.6
1726,1023,75,2,825,0.0,1650.0
1727,1024,34,2,803,0.25,1204.5
1728,1025,59,1,1172,0.0,1172.0
1729,1025,73,1,556,0.0,556.0
1730,1025,9,1,37837,0.15,32161.45
1731,1025,35,2,4996,0.0,9992.0
1732,1026,46,1,5521,0.0,5521.0
1733,1026,76,1,4344,0.1,3909.6
1734,1026,29,1,2027,0.0,2027.0
1735,1027,58,1,1070,0.25,802.5
1736,1027,71,1,3039,0.0,3039.0
1737,1028,71,1,3039,0.25,2279.25
1738,1028,43,1,865,0.0,865.0
1739,1029,69,1,3850,0.0,3850.0
1740,1030,73,2,556,0.15,945.2
1741,1031,50,1,798,0.0,798.0
1742,1031,33,1,3307,0.15,2810.95
1743,1032,74,1,745,0.0,745.0
1744,1032,56,2,613,0.05,1164.7
1745,1032,75,2,825,0.0,1650.0
1746,1032,54,1,1386,0.0,1386.0
1747,1033,40,1,1769,0.2,1415.2
1748,1034,41,1,5245,0.15,4458.25
1749,1034,80,3,461,0.15,1175.55
1750,1035,11,1,35726,0.05,33939.7
1751,1035,77,2,3321,0.0,6642.0
1752,1036,63,1,205,0.15,174.25
1753,1036,48,1,424,0.05,402.8
1754,1037,7,1,40516,0.0,40516.0
1755,1038,67,1,2736,0.0,2736.0
1756,1038,44,2,4283,0.05,8137.7
1757,1039,38,1,1108,0.05,1052.6
1758,1040,6,1,41775,0.1,37597.5
1759,1040,52,1,1758,0.1,1582.2
1760,1040,22,2,1944,0.25,2916.0
1761,1041,60,1,405,0.0,405.0
1762,1041,35,1,4996,0.0,4996.0
1763,1041,2,2,37224,0.0,74448.0
1764,1041,54,1,1386,0.1,1247.4
1765,1042,79,1,995,0.0,995.0
1766,1042,24,1,1087,0.15,923.95
1767,1043,80,1,461,0.0,461.0
1768,1044,83,1,898,0.0,898.0
1769,1044,56,1,613,0.1,551.7
1770,1045,20,1,821,0.1,738.9
1771,1045,34,2,803,0.15,1365.1
1772,1046,73,1,556,0.1,500.4
1773,1047,61,1,680,0.1,612.0
1774,1048,56,2,613,0.0,1226.0
1775,1048,76,1,4344,0.2,3475.2
1776,1049,18,1,4367,0.0,4367.0
1777,1050,35,1,4996,0.0,4996.0
1778,1051,52,3,1758,0.0,5274.0
1779,1052,65,2,564,0.05,1071.6
1780,1053,56,1,613,0.25,459.75
1781,1053,78,1,768,0.0,768.0
1782,1054,51,1,304,0.2,243.2
1783,1055,60,1,405,0.2,324.0
1784,1056,82,2,541,0.1,973.8
1785,1056,31,1,2822,0.0,2822.0
1786,1057,2,1,37224,0.0,37224.0
1787,1057,52,1,1758,0.0,1758.0
1788,1058,23,1,2839,0.2,2271.2
1789,1058,74,1,745,0.1,670.5
1790,1059,39,1,4515,0.25,3386.25
1791,1060,26,1,546,0.25,409.5
1792,1061,73,1,556,0.0,556.0
1793,1062,12,1,44912,0.0,44912.0
1794,1062,9,1,37837,0.2,30269.6
1795,1063,13,1,34766,0.15,29551.1
1796,1063,3,1,43339,0.2,34671.2
1797,1063,71,1,3039,0.05,2887.05
1798,1064,14,1,28329,0.0,28329.0
1799,1065,2,1,37224,0.1,33501.6
1800,1066,11,1,35726,0.15,30367.1
1801,1067,26,2,546,0.0,1092.0
1802,1068,54,1,1386,0.1,1247.4
1803,1069,62,1,291,0.0,291.0
1804,1070,23,1,2839,0.05,2697.05
1805,1070,81,3,413,0.1,1115.1
1806,1071,58,1,1070,0.0,1070.0
1807,1072,60,1,405,0.2,324.0
1808,1073,73,1,556,0.1,500.4
1809,1074,77,1,3321,0.0,3321.0
1810,1074,12,1,44912,0.15,38175.2
1811,1075,22,1,1944,0.2,1555.2
1812,1076,72,1,3738,0.2,2990.4
1813,1076,75,3,825,0.0,2475.0
1814,1076,32,2,1197,0.05,2274.3
1815,1076,74,2,745,0.1,1341.0
1816,1077,70,1,3968,0.0,3968.0
1817,1078,86,2,441,0.0,882.0
1818,1079,80,1,461,0.0,461.0
1819,1080,53,1,559,0.2,447.2
1820,1080,29,2,2027,0.0,4054.0
1821,1081,17,2,2374,0.2,3798.4
1822,1082,21,1,568,0.1,511.2
1823,1082,37,1,375,0.1,337.5
1824,1083,24,2,1087,0.15,1847.9
1825,1084,50,1,798,0.15,678.3
1826,1085,57,1,846,0.0,846.0
1827,1086,64,1,302,0.25,226.5
1828,1087,76,2,4344,0.25,6516.0
1829,1088,17,2,2374,0.0,4748.0
1830,1089,36,2,1992,0.1,3585.6
1831,1089,14,2,28329,0.0,56658.0
1832,1089,4,1,40207,0.05,38196.65
1833,1090,19,2,41782,0.0,83564.0
1834,1090,52,1,1758,0.0,1758.0
1835,1090,45,3,4158,0.0,12474.0
1836,1091,13,1,34766,0.25,26074.5
1837,1091,45,1,4158,0.0,4158.0
1838,1091,37,2,375,0.25,562.5
1839,1092,47,2,1019,0.0,2038.0
1840,1092,48,2,424,0.0,848.0
1841,1092,46,1,5521,0.05,5244.95
1842,1093,76,2,4344,0.0,8688.0
1843,1094,49,1,1101,0.1,990.9
1844,1095,38,1,1108,0.25,831.0
1845,1096,65,1,564,0.0,564.0
1846,1097,20,2,821,0.0,1642.0
1847,1097,4,1,40207,0.0,40207.0
1848,1098,65,1,564,0.1,507.6
1849,1098,71,1,3039,0.0,3039.0
1850,1099,20,1,821,0.25,615.75
1851,1100,56,1,613,0.1,551.7
1852,1101,29,1,2027,0.2,1621.6
1853,1101,52,2,1758,0.05,3340.2
1854,1102,60,1,405,0.0,405.0
1855,1103,33,2,3307,0.0,6614.0
1856,1104,46,1,5521,0.25,4140.75
1857,1104,77,1,3321,0.0,3321.0
1858,1105,75,1,825,0.25,618.75
1859,1106,23,1,2839,0.2,2271.2
1860,1107,42,1,635,0.0,635.0
1861,1108,21,1,568,0.15,482.8
1862,1109,48,1,424,0.2,339.2
1863,1109,41,1,5245,0.1,4720.5
1864,1110,11,1,35726,0.15,30367.1
1865,1110,48,1,424,0.05,402.8
1866,1111,25,1,2383,0.0,2383.0
1867,1111,76,1,4344,0.0,4344.0
1868,1111,86,1,441,0.0,441.0
1869,1112,27,1,2689,0.15,2285.65
1870,1112,36,1,1992,0.2,1593.6
1871,1112,40,1,1769,0.25,1326.75
1872,1113,81,1,413,0.0,413.0
1873,1114,16,1,22376,0.2,17900.8
1874,1114,61,1,680,0.25,510.0
1875,1115,43,1,865,0.1,778.5
1876,1115,17,2,2374,0.2,3798.4
1877,1115,10,1,38149,0.0,38149.0
1878,1115,22,1,1944,0.0,1944.0
1879,1116,75,2,825,0.0,1650.0
1880,1116,32,1,1197,0.0,1197.0
1881,1116,49,1,1101,0.0,1101.0
1882,1117,5,1,13447,0.25,10085.25
1883,1117,40,2,1769,0.0,3538.0
1884,1118,14,3,28329,0.1,76488.3
1885,1118,52,1,1758,0.0,1758.0
1886,1119,30,1,2247,0.2,1797.6
1887,1120,27,1,2689,0.05,2554.55
1888,1121,74,1,745,0.0,745.0
1889,1121,50,1,798,0.0,798.0
1890,1121,82,1,541,0.05,513.95
1891,1122,3,1,43339,0.0,43339.0
1892,1122,38,1,1108,0.2,886.4
1893,1122,16,1,22376,0.2,17900.8
1894,1123,2,2,37224,0.2,59558.4
1895,1123,75,1,825,0.05,783.75
1896,1124,85,1,128,0.2,102.4
1897,1125,49,1,1101,0.0,1101.0
1898,1125,65,1,564,0.0,564.0
1899,1125,55,1,979,0.05,930.05
1900,1125,37,1,375,0.0,375.0
1901,1126,79,1,995,0.15,845.75
1902,1126,44,1,4283,0.0,4283.0
1903,1126,31,1,2822,0.25,2116.5
1904,1127,3,1,43339,0.0,43339.0
1905,1127,60,1,405,0.0,405.0
1906,1128,3,1,43339,0.0,43339.0
1907,1128,26,1,546,0.2,436.8
1908,1128,62,1,291,0.05,276.45
1909,1128,60,1,405,0.1,364.5
1910,1129,82,1,541,0.2,432.8
1911,1129,71,1,3039,0.2,2431.2
1912,1130,61,1,680,0.05,646.0
1913,1131,79,1,995,0.25,746.25
1914,1132,29,1,2027,0.2,1621.6
1915,1133,9,1,37837,0.0,37837.0
1916,1133,38,1,1108,0.25,831.0
1917,1134,27,2,2689,0.1,4840.2
1918,1134,45,1,4158,0.0,4158.0
1919,1135,38,1,1108,0.25,831.0
1920,1136,12,3,44912,0.1,121262.4
1921,1137,25,1,2383,0.2,1906.4
1922,1137,71,2,3039,0.15,5166.3
1923,1138,24,1,1087,0.1,978.3
1924,1139,58,1,1070,0.05,1016.5
1925,1140,25,2,2383,0.05,4527.7
1926,1141,16,1,22376,0.0,22376.0
1927,1141,84,2,610,0.25,915.0
1928,1141,56,2,613,0.0,1226.0
1929,1141,26,1,546,0.05,518.7
1930,1142,33,1,3307,0.05,3141.65
1931,1142,82,1,541,0.15,459.85
1932,1142,73,1,556,0.0,556.0
1933,1143,81,1,413,0.0,413.0
1934,1143,55,1,979,0.25,734.25
1935,1143,20,2,821,0.0,1642.0
1936,1143,47,1,1019,0.25,764.25
1937,1144,46,1,5521,0.15,4692.85
1938,1144,36,2,1992,0.0,3984.0
1939,1145,14,1,28329,0.25,21246.75
1940,1145,36,1,1992,0.15,1693.2
1941,1146,11,1,35726,0.15,30367.1
1942,1146,62,2,291,0.2,465.6
1943,1147,54,1,1386,0.0,1386.0
1944,1147,20,1,821,0.05,779.95
1945,1147,36,2,1992,0.1,3585.6
1946,1148,40,1,1769,0.15,1503.65
1947,1149,5,1,13447,0.05,12774.65
1948,1149,26,1,546,0.25,409.5
1949,1150,30,2,2247,0.0,4494.0
1950,1151,45,1,4158,0.25,3118.5
1951,1151,68,1,2741,0.0,2741.0
1952,1151,66,1,1256,0.25,942.0
1953,1152,4,1,40207,0.15,34175.95
1954,1153,40,1,1769,0.15,1503.65
1955,1154,85,1,128,0.0,128.0
1956,1155,68,1,2741,0.25,2055.75
1957,1156,48,1,424,0.0,424.0
1958,1156,5,1,13447,0.1,12102.3
1959,1157,52,1,1758,0.1,1582.2
1960,1157,30,1,2247,0.05,2134.65
1961,1157,66,1,1256,0.05,1193.2
1962,1157,55,1,979,0.0,979.0
1963,1158,52,1,1758,0.05,1670.1
1964,1158,51,2,304,0.0,608.0
1965,1159,31,1,2822,0.15,2398.7
1966,1159,49,2,1101,0.25,1651.5
1967,1160,72,1,3738,0.0,3738.0
1968,1161,84,1,610,0.05,579.5
1969,1162,41,1,5245,0.1,4720.5
1970,1162,25,2,2383,0.25,3574.5
1971,1163,70,2,3968,0.1,7142.4
1972,1164,18,1,4367,0.2,3493.6
1973,1164,4,1,40207,0.15,34175.95
1974,1164,82,1,541,0.0,541.0
1975,1165,59,1,1172,0.05,1113.4
1976,1166,51,1,304,0.1,273.6
1977,1167,28,2,1491,0.25,2236.5
1978,1168,8,1,38096,0.15,32381.6
1979,1168,11,2,35726,0.0,71452.0
1980,1168,49,2,1101,0.0,2202.0
1981,1169,17,1,2374,0.0,2374.0
1982,1170,31,2,2822,0.25,4233.0
1983,1170,67,1,2736,0.15,2325.6
1984,1170,69,2,3850,0.1,6930.0
1985,1171,13,1,34766,0.0,34766.0
1986,1172,72,1,3738,0.15,3177.3
1987,1172,38,2,1108,0.0,2216.0
1988,1173,65,1,564,0.0,564.0
1989,1173,30,2,2247,0.0,4494.0
1990,1173,79,1,995,0.0,995.0
1991,1174,44,1,4283,0.2,3426.4
1992,1174,7,1,40516,0.05,38490.2
1993,1175,5,2,13447,0.25,20170.5
1994,1175,58,3,1070,0.0,3210.0
1995,1176,1,1,9563,0.05,9084.85
1996,1176,19,2,41782,0.0,83564.0
1997,1177,57,1,846,0.15,719.1
1998,1178,37,1,375,0.0,375.0
1999,1179,66,1,1256,0.05,1193.2
2000,1180,78,1,768,0.25,576.0
2001,1181,19,1,41782,0.05,39692.9
2002,1181,13,2,34766,0.0,69532.0
2003,1182,77,2,3321,0.2,5313.6
2004,1182,37,1,375,0.1,337.5
2005,1182,73,1,556,0.05,528.2
2006,1182,60,1,405,0.15,344.25
2007,1183,73,2,556,0.0,1112.0
2008,1184,37,2,375,0.05,712.5
2009,1184,17,1,2374,0.0,2374.0
2010,1185,61,1,680,0.0,680.0
2011,1185,68,1,2741,0.05,2603.95
2012,1186,49,2,1101,0.2,1761.6
2013,1187,2,2,37224,0.15,63280.8
2014,1188,32,1,1197,0.0,1197.0
2015,1189,60,1,405,0.0,405.0
2016,1190,68,1,2741,0.05,2603.95
2017,1190,11,2,35726,0.2,57161.6
2018,1191,81,1,413,0.0,413.0
2019,1191,61,1,680,0.0,680.0
2020,1191,9,1,37837,0.1,34053.3
2021,1192,38,2,1108,0.15,1883.6
2022,1192,66,1,1256,0.25,942.0
2023,1193,64,2,302,0.0,604.0
2024,1193,48,2,424,0.2,678.4
2025,1193,21,2,568,0.1,1022.4
2026,1193,23,2,2839,0.0,5678.0
2027,1194,86,1,441,0.25,330.75
2028,1195,53,1,559,0.25,419.25
2029,1196,66,1,1256,0.0,1256.0
2030,1196,24,2,1087,0.15,1847.9
2031,1197,79,2,995,0.0,1990.0
2032,1198,74,1,745,0.25,558.75
2033,1198,10,1,38149,0.1,34334.1
2034,1199,46,1,5521,0.0,5521.0
2035,1199,57,1,846,0.0,846.0
2036,1200,38,1,1108,0.1,997.2
2037,1201,48,1,424,0.0,424.0
2038,1201,50,1,798,0.1,718.2
2039,1202,35,1,4996,0.0,4996.0
2040,1203,70,1,3968,0.0,3968.0
2041,1204,12,1,44912,0.2,35929.6
2042,1205,48,1,424,0.0,424.0
2043,1205,46,2,5521,0.0,11042.0
2044,1206,23,1,2839,0.2,2271.2
2045,1207,68,1,2741,0.05,2603.95
2046,1208,65,1,564,0.0,564.0
2047,1209,37,1,375,0.25,281.25
2048,1210,33,1,3307,0.1,2976.3
2049,1210,56,1,613,0.0,613.0
2050,1211,3,1,43339,0.05,41172.05
2051,1212,47,2,1019,0.0,2038.0
2052,1212,17,1,2374,0.0,2374.0
2053,1213,55,1,979,0.0,979.0
2054,1214,55,1,979,0.0,979.0
2055,1215,64,1,302,0.2,241.6
2056,1216,77,1,3321,0.15,2822.85
2057,1216,2,2,37224,0.15,63280.8
2058,1217,39,1,4515,0.0,4515.0
2059,1217,63,1,205,0.2,164.0
2060,1218,72,1,3738,0.25,2803.5
2061,1219,6,3,41775,0.0,125325.0
2062,1220,4,2,40207,0.0,80414.0
2063,1221,34,1,803,0.1,722.7
2064,1221,79,1,995,0.2,796.0
2065,1222,81,1,413,0.05,392.35
2066,1223,31,1,2822,0.0,2822.0
2067,1223,44,1,4283,0.2,3426.4
2068,1223,33,1,3307,0.2,2645.6
2069,1224,69,1,3850,0.0,3850.0
2070,1224,48,2,424,0.15,720.8
2071,1225,59,1,1172,0.1,1054.8
2072,1226,36,1,1992,0.0,1992.0
2073,1227,21,2,568,0.2,908.8
2074,1227,28,1,1491,0.0,1491.0
2075,1227,30,2,2247,0.0,4494.0
2076,1227,22,1,1944,0.05,1846.8
2077,1228,37,1,375,0.0,375.0
2078,1229,21,1,568,0.1,511.2
2079,1230,29,1,2027,0.0,2027.0
2080,1231,4,1,40207,0.0,40207.0
2081,1232,33,1,3307,0.0,3307.0
2082,1232,77,1,3321,0.15,2822.85
2083,1233,37,1,375,0.1,337.5
2084,1233,49,1,1101,0.1,990.9
2085,1233,35,2,4996,0.2,7993.6
2086,1234,22,1,1944,0.0,1944.0
2087,1234,7,1,40516,0.0,40516.0
2088,1234,61,1,680,0.0,680.0
2089,1235,15,3,2462,0.2,5908.8
2090,1236,81,1,413,0.0,413.0
2091,1237,72,2,3738,0.15,6354.6
2092,1238,54,1,1386,0.0,1386.0
2093,1238,30,1,2247,0.15,1909.95
2094,1238,1,1,9563,0.0,9563.0
2095,1238,55,1,979,0.0,979.0
2096,1239,16,1,22376,0.0,22376.0
2097,1239,53,1,559,0.0,559.0
2098,1239,8,1,38096,0.1,34286.4
2099,1240,60,1,405,0.0,405.0
2100,1241,33,1,3307,0.0,3307.0
2101,1241,73,1,556,0.1,500.4
2102,1242,9,1,37837,0.1,34053.3
2103,1243,58,1,1070,0.05,1016.5
2104,1243,17,2,2374,0.1,4273.2
2105,1243,21,1,568,0.0,568.0
2106,1243,26,1,546,0.0,546.0
2107,1244,62,1,291,0.1,261.9
2108,1244,56,1,613,0.0,613.0
2109,1245,7,1,40516,0.0,40516.0
2110,1245,33,2,3307,0.0,6614.0
2111,1245,42,1,635,0.0,635.0
2112,1245,77,2,3321,0.0,6642.0
2113,1246,48,1,424,0.2,339.2
2114,1247,53,1,559,0.25,419.25
2115,1247,49,1,1101,0.1,990.9
2116,1247,70,2,3968,0.1,7142.4
2117,1248,62,1,291,0.0,291.0
2118,1248,38,1,1108,0.0,1108.0
2119,1249,54,1,1386,0.1,1247.4
2120,1250,64,1,302,0.0,302.0
2121,1250,17,1,2374,0.15,2017.9
2122,1251,20,2,821,0.0,1642.0
2123,1252,76,1,4344,0.25,3258.0
2124,1253,49,1,1101,0.05,1045.95
2125,1253,47,1,1019,0.1,917.1
2126,1254,81,1,413,0.2,330.4
2127,1255,79,1,995,0.0,995.0
2128,1255,32,2,1197,0.15,2034.9
2129,1255,66,1,1256,0.1,1130.4
2130,1255,73,1,556,0.0,556.0
2131,1256,22,1,1944,0.0,1944.0
2132,1256,60,2,405,0.05,769.5
2133,1257,9,3,37837,0.05,107835.45
2134,1258,21,1,568,0.0,568.0
2135,1258,43,1,865,0.1,778.5
2136,1259,21,2,568,0.25,852.0
2137,1260,52,1,1758,0.0,1758.0
2138,1260,17,2,2374,0.15,4035.8
2139,1261,41,1,5245,0.25,3933.75
2140,1261,86,2,441,0.15,749.7
2141,1262,71,1,3039,0.0,3039.0
2142,1263,31,1,2822,0.0,2822.0
2143,1263,71,1,3039,0.25,2279.25
2144,1263,17,1,2374,0.0,2374.0
2145,1264,46,1,5521,0.25,4140.75
2146,1264,16,3,22376,0.0,67128.0
2147,1265,25,1,2383,0.25,1787.25
2148,1265,78,2,768,0.05,1459.2
2149,1265,20,1,821,0.05,779.95
2150,1265,67,1,2736,0.2,2188.8
2151,1266,31,1,2822,0.15,2398.7
2152,1267,28,1,1491,0.0,1491.0
2153,1267,59,1,1172,0.2,937.6
2154,1268,69,1,3850,0.2,3080.0
2155,1269,31,1,2822,0.15,2398.7
2156,1270,71,2,3039,0.15,5166.3
2157,1270,19,1,41782,0.0,41782.0
2158,1270,22,1,1944,0.0,1944.0
2159,1271,58,1,1070,0.15,909.5
2160,1271,15,1,2462,0.1,2215.8
2161,1271,49,2,1101,0.0,2202.0
2162,1272,81,1,413,0.1,371.7
2163,1272,8,1,38096,0.1,34286.4
2164,1272,3,1,43339,0.05,41172.05
2165,1273,76,2,4344,0.15,7384.8
2166,1273,49,2,1101,0.0,2202.0
2167,1274,17,1,2374,0.2,1899.2
2168,1274,54,1,1386,0.2,1108.8
2169,1275,52,1,1758,0.15,1494.3
2170,1276,8,1,38096,0.2,30476.8
2171,1277,32,2,1197,0.0,2394.0
2172,1277,59,1,1172,0.0,1172.0
2173,1278,19,1,41782,0.0,41782.0
2174,1278,63,1,205,0.1,184.5
2175,1279,41,1,5245,0.2,4196.0
2176,1280,86,3,441,0.1,1190.7
2177,1280,45,1,4158,0.25,3118.5
2178,1281,37,1,375,0.25,281.25
2179,1282,10,2,38149,0.25,57223.5
2180,1282,15,1,2462,0.0,2462.0
2181,1282,28,1,1491,0.25,1118.25
2182,1282,11,1,35726,0.05,33939.7
2183,1283,60,1,405,0.15,344.25
2184,1284,42,2,635,0.2,1016.0
2185,1285,25,1,2383,0.2,1906.4
2186,1285,14,1,28329,0.0,28329.0
2187,1285,33,1,3307,0.2,2645.6
2188,1285,78,1,768,0.0,768.0
2189,1286,20,1,821,0.0,821.0
2190,1286,38,1,1108,0.0,1108.0
2191,1286,4,1,40207,0.2,32165.6
2192,1287,17,1,2374,0.1,2136.6
2193,1287,12,1,44912,0.2,35929.6
2194,1288,66,1,1256,0.15,1067.6
2195,1288,24,2,1087,0.0,2174.0
2196,1289,41,2,5245,0.2,8392.0
2197,1290,53,1,559,0.25,419.25
2198,1291,46,1,5521,0.0,5521.0
2199,1292,82,1,541,0.2,432.8
2200,1292,67,1,2736,0.0,2736.0
2201,1292,39,1,4515,0.05,4289.25
2202,1293,45,2,4158,0.25,6237.0
2203,1294,57,1,846,0.0,846.0
2204,1295,47,2,1019,0.2,1630.4
2205,1296,35,1,4996,0.0,4996.0
2206,1296,74,1,745,0.0,745.0
2207,1296,5,1,13447,0.0,13447.0
2208,1296,15,1,2462,0.1,2215.8
2209,1297,14,2,28329,0.25,42493.5
2210,1298,24,2,1087,0.0,2174.0
2211,1298,42,2,635,0.1,1143.0
2212,1299,18,1,4367,0.05,4148.65
2213,1299,84,2,610,0.25,915.0
2214,1299,47,1,1019,0.1,917.1
2215,1300,24,1,1087,0.15,923.95
2216,1300,16,1,22376,0.0,22376.0
2217,1301,7,1,40516,0.0,40516.0
2218,1302,70,1,3968,0.0,3968.0
2219,1303,1,1,9563,0.15,8128.55
2220,1303,52,2,1758,0.25,2637.0
2221,1304,54,1,1386,0.0,1386.0
2222,1304,59,1,1172,0.0,1172.0
2223,1305,43,1,865,0.0,865.0
2224,1306,83,3,898,0.0,2694.0
2225,1307,11,2,35726,0.1,64306.8
2226,1308,41,1,5245,0.0,5245.0
2227,1308,73,2,556,0.15,945.2
2228,1308,53,3,559,0.05,1593.15
2229,1309,31,1,2822,0.15,2398.7
2230,1310,25,1,2383,0.0,2383.0
2231,1311,64,2,302,0.05,573.8
2232,1312,30,1,2247,0.0,2247.0
2233,1313,73,1,556,0.1,500.4
2234,1313,84,2,610,0.0,1220.0
2235,1314,11,1,35726,0.0,35726.0
2236,1314,67,3,2736,0.0,8208.0
2237,1315,1,1,9563,0.1,8606.7
2238,1316,68,1,2741,0.05,2603.95
2239,1317,67,1,2736,0.05,2599.2
2240,1318,3,3,43339,0.25,97512.75
2241,1319,20,2,821,0.0,1642.0
2242,1320,11,1,35726,0.1,32153.4
2243,1321,10,1,38149,0.05,36241.55
2244,1322,80,1,461,0.0,461.0
2245,1322,27,1,2689,0.0,2689.0
2246,1323,43,3,865,0.15,2205.75
2247,1324,58,2,1070,0.15,1819.0
2248,1325,82,1,541,0.2,432.8
2249,1326,38,1,1108,0.2,886.4
2250,1326,11,1,35726,0.15,30367.1
2251,1327,11,1,35726,0.0,35726.0
2252,1328,41,2,5245,0.0,10490.0
2253,1329,57,1,846,0.0,846.0
2254,1330,41,1,5245,0.15,4458.25
2255,1330,26,1,546,0.2,436.8
2256,1331,15,1,2462,0.2,1969.6
2257,1332,86,2,441,0.0,882.0
2258,1332,9,1,37837,0.0,37837.0
2259,1333,72,2,3738,0.2,5980.8
2260,1333,65,1,564,0.25,423.0
2261,1334,32,1,1197,0.0,1197.0
2262,1334,80,3,461,0.15,1175.55
2263,1334,9,1,37837,0.0,37837.0
2264,1335,74,1,745,0.0,745.0
2265,1335,33,1,3307,0.05,3141.65
2266,1336,49,1,1101,0.05,1045.95
2267,1336,33,1,3307,0.0,3307.0
2268,1336,22,1,1944,0.2,1555.2
2269,1337,75,1,825,0.2,660.0
2270,1338,49,2,1101,0.0,2202.0
2271,1339,8,2,38096,0.0,76192.0
2272,1340,86,2,441,0.1,793.8
2273,1340,63,1,205,0.0,205.0
2274,1341,38,2,1108,0.0,2216.0
2275,1342,36,1,1992,0.2,1593.6
2276,1343,63,3,205,0.1,553.5
2277,1344,46,1,5521,0.0,5521.0
2278,1344,65,2,564,0.25,846.0
2279,1345,3,1,43339,0.25,32504.25
2280,1346,67,1,2736,0.15,2325.6
2281,1347,34,1,803,0.1,722.7
2282,1348,15,1,2462,0.0,2462.0
2283,1349,63,1,205,0.0,205.0
2284,1350,34,1,803,0.1,722.7
2285,1351,65,1,564,0.0,564.0
2286,1351,1,1,9563,0.05,9084.85
2287,1352,29,1,2027,0.0,2027.0
2288,1352,50,1,798,0.25,598.5
2289,1352,46,1,5521,0.1,4968.9
2290,1353,77,1,3321,0.15,2822.85
2291,1354,70,2,3968,0.2,6348.8
2292,1354,53,1,559,0.0,559.0
2293,1354,33,1,3307,0.1,2976.3
2294,1355,42,1,635,0.0,635.0
2295,1356,20,1,821,0.2,656.8
2296,1357,68,2,2741,0.05,5207.9
2297,1358,61,1,680,0.25,510.0
2298,1359,55,1,979,0.0,979.0
2299,1359,67,1,2736,0.0,2736.0
2300,1359,38,1,1108,0.25,831.0
2301,1360,57,1,846,0.2,676.8
2302,1360,22,1,1944,0.15,1652.4
2303,1361,85,1,128,0.0,128.0
2304,1362,67,2,2736,0.1,4924.8
2305,1362,13,1,34766,0.0,34766.0
2306,1363,73,1,556,0.2,444.8
2307,1363,57,1,846,0.25,634.5
2308,1364,82,1,541,0.0,541.0
2309,1365,59,1,1172,0.0,1172.0
2310,1366,36,1,1992,0.05,1892.4
2311,1366,43,1,865,0.25,648.75
2312,1366,3,1,43339,0.0,43339.0
2313,1367,70,1,3968,0.05,3769.6
2314,1367,64,1,302,0.05,286.9
2315,1368,36,1,1992,0.2,1593.6
2316,1369,25,1,2383,0.05,2263.85
2317,1370,67,1,2736,0.1,2462.4
2318,1371,36,1,1992,0.0,1992.0
2319,1371,4,1,40207,0.0,40207.0
2320,1372,68,2,2741,0.0,5482.0
2321,1373,33,1,3307,0.0,3307.0
2322,1373,56,2,613,0.0,1226.0
2323,1374,37,1,375,0.0,375.0
2324,1375,83,1,898,0.0,898.0
2325,1376,82,1,541,0.1,486.9
2326,1377,48,1,424,0.15,360.4
2327,1378,73,1,556,0.2,444.8
2328,1379,57,1,846,0.25,634.5
2329,1380,74,1,745,0.0,745.0
2330,1381,68,1,2741,0.1,2466.9
2331,1381,49,1,1101,0.2,880.8
2332,1381,6,1,41775,0.0,41775.0
2333,1382,33,1,3307,0.1,2976.3
2334,1383,33,1,3307,0.0,3307.0
2335,1383,72,3,3738,0.25,8410.5
2336,1384,28,2,1491,0.0,2982.0
2337,1385,61,1,680,0.1,612.0
2338,1386,60,2,405,0.25,607.5
2339,1387,44,1,4283,0.0,4283.0
2340,1387,66,1,1256,0.25,942.0
2341,1388,41,1,5245,0.0,5245.0
2342,1389,60,1,405,0.2,324.0
2343,1389,81,1,413,0.0,413.0
2344,1390,15,1,2462,0.0,2462.0
2345,1390,19,1,41782,0.0,41782.0
2346,1390,43,3,865,0.0,2595.0
2347,1391,2,1,37224,0.0,37224.0
2348,1392,12,1,44912,0.0,44912.0
2349,1393,73,1,556,0.25,417.0
2350,1393,60,1,405,0.25,303.75
2351,1393,35,1,4996,0.15,4246.6
2352,1394,29,2,2027,0.1,3648.6
2353,1395,29,2,2027,0.0,4054.0
2354,1396,68,1,2741,0.25,2055.75
2355,1397,12,1,44912,0.05,42666.4
2356,1397,47,2,1019,0.1,1834.2
2357,1397,28,1,1491,0.0,1491.0
2358,1397,36,1,1992,0.0,1992.0
2359,1398,64,1,302,0.25,226.5
2360,1399,69,1,3850,0.1,3465.0
2361,1400,18,1,4367,0.0,4367.0
2362,1400,31,1,2822,0.05,2680.9
2363,1401,84,1,610,0.1,549.0
2364,1401,29,1,2027,0.2,1621.6
2365,1402,4,1,40207,0.15,34175.95
2366,1403,73,1,556,0.25,417.0
2367,1404,32,1,1197,0.05,1137.15
2368,1405,51,1,304,0.25,228.0
2369,1406,24,1,1087,0.0,1087.0
2370,1407,24,1,1087,0.0,1087.0
2371,1407,20,1,821,0.25,615.75
2372,1408,1,2,9563,0.1,17213.4
2373,1408,10,1,38149,0.25,28611.75
2374,1409,84,1,610,0.0,610.0
2375,1409,79,2,995,0.15,1691.5
2376,1410,74,2,745,0.0,1490.0
2377,1410,71,3,3039,0.15,7749.45
2378,1411,17,1,2374,0.05,2255.3
2379,1412,81,1,413,0.0,413.0
2380,1413,9,1,37837,0.0,37837.0
2381,1414,74,1,745,0.0,745.0
2382,1415,54,2,1386,0.0,2772.0
2383,1416,36,2,1992,0.0,3984.0
2384,1416,3,1,43339,0.15,36838.15
2385,1417,71,1,3039,0.25,2279.25
2386,1417,54,1,1386,0.0,1386.0
2387,1418,30,1,2247,0.2,1797.6
2388,1418,79,1,995,0.05,945.25
2389,1418,11,2,35726,0.05,67879.4
2390,1418,56,1,613,0.2,490.4
2391,1419,62,1,291,0.0,291.0
2392,1420,39,1,4515,0.0,4515.0
2393,1420,77,1,3321,0.0,3321.0
2394,1420,32,3,1197,0.0,3591.0
2395,1420,69,1,3850,0.0,3850.0
2396,1421,2,2,37224,0.2,59558.4
2397,1421,76,1,4344,0.15,3692.4
2398,1421,79,1,995,0.15,845.75
2399,1422,22,1,1944,0.2,1555.2
2400,1422,48,1,424,0.25,318.0
2401,1423,28,1,1491,0.1,1341.9
2402,1423,65,1,564,0.1,507.6
2403,1424,26,1,546,0.0,546.0
2404,1424,25,2,2383,0.05,4527.7
2405,1425,40,1,1769,0.05,1680.55
2406,1425,43,1,865,0.2,692.0
2407,1426,46,2,5521,0.2,8833.6
2408,1427,15,1,2462,0.0,2462.0
2409,1427,46,1,5521,0.25,4140.75
2410,1428,34,1,803,0.05,762.85
2411,1428,76,1,4344,0.2,3475.2
2412,1428,58,1,1070,0.0,1070.0
2413,1429,23,1,2839,0.0,2839.0
2414,1429,20,1,821,0.0,821.0
2415,1430,13,2,34766,0.05,66055.4
2416,1431,78,1,768,0.25,576.0
2417,1432,4,2,40207,0.2,64331.2
2418,1432,49,1,1101,0.2,880.8
2419,1433,24,1,1087,0.1,978.3
2420,1433,10,3,38149,0.0,114447.0
2421,1434,84,1,610,0.0,610.0
2422,1435,11,1,35726,0.15,30367.1
2423,1436,83,2,898,0.15,1526.6
2424,1437,3,1,43339,0.2,34671.2
2425,1438,11,1,35726,0.0,35726.0
2426,1439,48,1,424,0.0,424.0
2427,1440,65,1,564,0.0,564.0
2428,1440,41,1,5245,0.0,5245.0
2429,1441,77,1,3321,0.1,2988.9
2430,1442,4,1,40207,0.1,36186.3
2431,1443,45,1,4158,0.0,4158.0
2432,1443,8,1,38096,0.25,28572.0
2433,1443,39,1,4515,0.0,4515.0
2434,1443,78,2,768,0.2,1228.8
2435,1444,67,1,2736,0.05,2599.2
2436,1444,34,2,803,0.25,1204.5
2437,1444,31,1,2822,0.25,2116.5
2438,1445,49,3,1101,0.25,2477.25
2439,1445,26,2,546,0.0,1092.0
2440,1445,65,1,564,0.05,535.8
2441,1445,42,2,635,0.0,1270.0
2442,1446,36,1,1992,0.0,1992.0
2443,1447,29,1,2027,0.0,2027.0
2444,1447,71,1,3039,0.0,3039.0
2445,1447,83,1,898,0.0,898.0
2446,1448,12,1,44912,0.05,42666.4
2447,1449,31,1,2822,0.0,2822.0
2448,1450,77,1,3321,0.2,2656.8
2449,1450,12,1,44912,0.05,42666.4
2450,1451,55,1,979,0.0,979.0
2451,1452,79,1,995,0.15,845.75
2452,1453,36,1,1992,0.05,1892.4
2453,1453,6,1,41775,0.0,41775.0
2454,1454,26,3,546,0.0,1638.0
2455,1454,15,2,2462,0.25,3693.0
2456,1455,74,1,745,0.0,745.0
2457,1455,59,3,1172,0.2,2812.8
2458,1456,46,1,5521,0.0,5521.0
2459,1457,52,1,1758,0.0,1758.0
2460,1458,71,2,3039,0.25,4558.5
2461,1458,55,2,979,0.15,1664.3
2462,1459,58,2,1070,0.2,1712.0
2463,1459,28,2,1491,0.0,2982.0
2464,1459,6,2,41775,0.05,79372.5
2465,1460,64,1,302,0.1,271.8
2466,1460,24,2,1087,0.0,2174.0
2467,1461,61,1,680,0.05,646.0
2468,1461,78,3,768,0.25,1728.0
2469,1462,19,1,41782,0.0,41782.0
2470,1462,34,1,803,0.15,682.55
2471,1462,82,2,541,0.0,1082.0
2472,1463,53,1,559,0.1,503.1
2473,1464,34,2,803,0.0,1606.0
2474,1464,70,1,3968,0.0,3968.0
2475,1465,5,1,13447,0.0,13447.0
2476,1466,52,1,1758,0.1,1582.2
2477,1466,63,2,205,0.1,369.0
2478,1466,5,1,13447,0.0,13447.0
2479,1466,58,1,1070,0.25,802.5
2480,1467,28,1,1491,0.25,1118.25
2481,1467,3,1,43339,0.25,32504.25
2482,1467,47,1,1019,0.1,917.1
2483,1468,73,1,556,0.1,500.4
2484,1468,13,1,34766,0.15,29551.1
2485,1469,72,3,3738,0.2,8971.2
2486,1469,7,1,40516,0.15,34438.6
2487,1469,77,1,3321,0.25,2490.75
2488,1469,60,1,405,0.2,324.0
2489,1470,72,1,3738,0.0,3738.0
2490,1471,55,1,979,0.0,979.0
2491,1472,60,1,405,0.2,324.0
2492,1472,33,3,3307,0.15,8432.85
2493,1473,31,1,2822,0.0,2822.0
2494,1474,81,1,413,0.2,330.4
2495,1475,16,1,22376,0.0,22376.0
2496,1476,5,1,13447,0.1,12102.3
2497,1476,64,1,302,0.05,286.9
2498,1477,85,2,128,0.0,256.0
2499,1477,52,1,1758,0.25,1318.5
2500,1477,49,1,1101,0.05,1045.95
2501,1478,48,1,424,0.0,424.0
2502,1479,57,1,846,0.0,846.0
2503,1479,20,3,821,0.1,2216.7
2504,1480,20,1,821,0.25,615.75
2505,1480,75,1,825,0.25,618.75
2506,1481,79,1,995,0.1,895.5
2507,1482,13,2,34766,0.25,52149.0
2508,1483,8,1,38096,0.0,38096.0
2509,1484,8,1,38096,0.0,38096.0
2510,1484,35,1,4996,0.1,4496.4
2511,1485,20,1,821,0.0,821.0
2512,1486,20,1,821,0.25,615.75
2513,1487,40,2,1769,0.1,3184.2
2514,1488,39,1,4515,0.0,4515.0
2515,1489,72,1,3738,0.2,2990.4
2516,1489,73,1,556,0.05,528.2
2517,1490,47,1,1019,0.1,917.1
2518,1491,26,1,546,0.0,546.0
2519,1491,23,1,2839,0.0,2839.0
2520,1491,30,2,2247,0.05,4269.3
2521,1492,85,1,128,0.0,128.0
2522,1493,4,2,40207,0.2,64331.2
2523,1494,83,1,898,0.0,898.0
2524,1495,11,2,35726,0.2,57161.6
2525,1495,80,1,461,0.1,414.9
2526,1496,63,1,205,0.15,174.25
2527,1497,54,1,1386,0.0,1386.0
2528,1498,83,1,898,0.1,808.2
2529,1499,30,1,2247,0.2,1797.6
2530,1500,72,1,3738,0.2,2990.4
2531,1501,49,1,1101,0.15,935.85
2532,1501,76,1,4344,0.0,4344.0
2533,1502,72,2,3738,0.0,7476.0
2534,1503,18,1,4367,0.0,4367.0
2535,1503,61,1,680,0.0,680.0
2536,1503,57,1,846,0.0,846.0
2537,1503,4,1,40207,0.0,40207.0
2538,1504,82,1,541,0.1,486.9
2539,1504,5,1,13447,0.25,10085.25
2540,1504,64,2,302,0.05,573.8
2541,1505,63,2,205,0.05,389.5
2542,1505,40,3,1769,0.05,5041.65
2543,1506,80,2,461,0.05,875.9
2544,1506,29,1,2027,0.15,1722.95
2545,1507,58,1,1070,0.25,802.5
2546,1508,73,1,556,0.05,528.2
2547,1509,1,1,9563,0.0,9563.0
2548,1509,68,2,2741,0.05,5207.9
2549,1509,81,3,413,0.15,1053.15
2550,1509,76,2,4344,0.05,8253.6
2551,1510,79,1,995,0.0,995.0
2552,1510,13,1,34766,0.25,26074.5
2553,1510,8,2,38096,0.25,57144.0
2554,1511,41,2,5245,0.1,9441.0
2555,1511,77,1,3321,0.1,2988.9
2556,1511,29,1,2027,0.25,1520.25
2557,1511,1,1,9563,0.1,8606.7
2558,1512,66,1,1256,0.05,1193.2
2559,1512,49,2,1101,0.15,1871.7
2560,1513,15,1,2462,0.25,1846.5
2561,1514,65,1,564,0.25,423.0
2562,1514,59,1,1172,0.2,937.6
2563,1515,10,1,38149,0.1,34334.1
2564,1516,55,1,979,0.0,979.0
2565,1516,8,1,38096,0.1,34286.4
2566,1516,85,1,128,0.2,102.4
2567,1517,14,1,28329,0.2,22663.2
2568,1517,74,1,745,0.0,745.0
2569,1517,76,1,4344,0.15,3692.4
2570,1518,82,2,541,0.0,1082.0
2571,1518,27,1,2689,0.25,2016.75
2572,1519,76,1,4344,0.0,4344.0
2573,1519,2,1,37224,0.1,33501.6
2574,1520,10,1,38149,0.1,34334.1
2575,1520,50,2,798,0.05,1516.2
2576,1520,39,1,4515,0.25,3386.25
2577,1521,78,1,768,0.05,729.6
2578,1522,73,1,556,0.2,444.8
2579,1522,52,1,1758,0.0,1758.0
2580,1522,10,1,38149,0.05,36241.55
2581,1523,9,1,37837,0.2,30269.6
2582,1524,44,2,4283,0.0,8566.0
2583,1525,3,1,43339,0.05,41172.05
2584,1525,71,1,3039,0.2,2431.2
2585,1526,58,2,1070,0.0,2140.0
2586,1527,40,1,1769,0.0,1769.0
2587,1528,1,1,9563,0.1,8606.7
2588,1529,24,1,1087,0.0,1087.0
2589,1529,62,1,291,0.15,247.35
2590,1530,1,1,9563,0.1,8606.7
2591,1531,55,2,979,0.15,1664.3
2592,1531,41,1,5245,0.0,5245.0
2593,1531,66,1,1256,0.15,1067.6
2594,1531,72,1,3738,0.05,3551.1
2595,1532,48,1,424,0.05,402.8
2596,1533,47,2,1019,0.1,1834.2
2597,1534,68,1,2741,0.0,2741.0
2598,1535,20,1,821,0.0,821.0
2599,1536,16,1,22376,0.0,22376.0
2600,1537,69,1,3850,0.25,2887.5
2601,1538,80,1,461,0.2,368.8
2602,1538,21,1,568,0.2,454.4
2603,1538,52,1,1758,0.0,1758.0
2604,1539,59,1,1172,0.15,996.2
2605,1539,70,1,3968,0.0,3968.0
2606,1540,12,2,44912,0.05,85332.8
2607,1541,54,1,1386,0.0,1386.0
2608,1542,56,1,613,0.15,521.05
2609,1542,9,2,37837,0.0,75674.0
2610,1542,76,1,4344,0.0,4344.0
2611,1542,19,1,41782,0.0,41782.0
2612,1543,21,1,568,0.15,482.8
2613,1544,86,2,441,0.0,882.0
2614,1545,66,3,1256,0.0,3768.0
2615,1546,11,1,35726,0.0,35726.0
2616,1547,6,1,41775,0.05,39686.25
2617,1548,1,1,9563,0.1,8606.7
2618,1549,3,1,43339,0.1,39005.1
2619,1550,51,1,304,0.0,304.0
2620,1551,12,2,44912,0.05,85332.8
2621,1552,81,1,413,0.0,413.0
2622,1552,60,3,405,0.2,972.0
2623,1552,80,1,461,0.15,391.85
2624,1553,35,1,4996,0.0,4996.0
2625,1554,47,1,1019,0.2,815.2
2626,1554,4,2,40207,0.15,68351.9
2627,1554,8,1,38096,0.25,28572.0
2628,1554,29,2,2027,0.1,3648.6
2629,1555,70,1,3968,0.2,3174.4
2630,1555,16,1,22376,0.15,19019.6
2631,1556,4,2,40207,0.0,80414.0
2632,1557,63,1,205,0.2,164.0
2633,1558,25,1,2383,0.2,1906.4
2634,1559,62,1,291,0.1,261.9
2635,1560,44,1,4283,0.0,4283.0
2636,1560,34,1,803,0.15,682.55
2637,1560,16,2,22376,0.0,44752.0
2638,1561,42,1,635,0.25,476.25
2639,1562,63,2,205,0.0,410.0
2640,1562,58,1,1070,0.2,856.0
2641,1563,2,1,37224,0.0,37224.0
2642,1564,36,1,1992,0.15,1693.2
2643,1564,69,1,3850,0.0,3850.0
2644,1565,5,1,13447,0.05,12774.65
2645,1565,35,1,4996,0.25,3747.0
2646,1566,20,1,821,0.1,738.9
2647,1567,9,2,37837,0.1,68106.6
2648,1568,9,1,37837,0.05,35945.15
2649,1569,11,1,35726,0.0,35726.0
2650,1570,27,2,2689,0.05,5109.1
2651,1571,23,1,2839,0.05,2697.05
2652,1572,23,1,2839,0.0,2839.0
2653,1572,44,3,4283,0.2,10279.2
2654,1573,37,1,375,0.2,300.0
2655,1573,61,1,680,0.1,612.0
2656,1573,2,1,37224,0.0,37224.0
2657,1574,22,1,1944,0.2,1555.2
2658,1575,38,1,1108,0.05,1052.6
2659,1575,72,1,3738,0.0,3738.0
2660,1575,64,3,302,0.05,860.7
2661,1576,49,1,1101,0.0,1101.0
2662,1577,62,1,291,0.25,218.25
2663,1577,85,2,128,0.0,256.0
2664,1578,59,1,1172,0.25,879.0
2665,1578,14,1,28329,0.0,28329.0
2666,1579,20,1,821,0.0,821.0
2667,1579,14,1,28329,0.0,28329.0
2668,1580,24,1,1087,0.05,1032.65
2669,1580,81,3,413,0.25,929.25
2670,1580,6,2,41775,0.15,71017.5
2671,1581,35,3,4996,0.0,14988.0
2672,1581,46,2,5521,0.25,8281.5
2673,1582,9,1,37837,0.05,35945.15
2674,1582,60,1,405,0.0,405.0
2675,1583,71,1,3039,0.2,2431.2
2676,1584,14,1,28329,0.15,24079.65
2677,1584,10,1,38149,0.25,28611.75
2678,1585,38,1,1108,0.25,831.0
2679,1585,1,1,9563,0.1,8606.7
2680,1586,83,1,898,0.0,898.0
2681,1586,40,1,1769,0.0,1769.0
2682,1586,16,1,22376,0.15,19019.6
2683,1586,70,1,3968,0.15,3372.8
2684,1587,4,3,40207,0.25,90465.75
2685,1588,21,1,568,0.1,511.2
2686,1589,77,1,3321,0.1,2988.9
2687,1589,80,1,461,0.05,437.95
2688,1589,38,1,1108,0.2,886.4
2689,1590,80,2,461,0.0,922.0
2690,1591,19,3,41782,0.0,125346.0
2691,1591,53,1,559,0.0,559.0
2692,1592,8,2,38096,0.0,76192.0
2693,1593,83,1,898,0.1,808.2
2694,1594,73,1,556,0.0,556.0
2695,1594,71,1,3039,0.0,3039.0
2696,1595,86,1,441,0.0,441.0
2697,1595,39,2,4515,0.15,7675.5
2698,1595,3,1,43339,0.15,36838.15
2699,1596,16,2,22376,0.0,44752.0
2700,1596,79,2,995,0.2,1592.0
2701,1597,25,3,2383,0.25,5361.75
2702,1598,25,2,2383,0.0,4766.0
2703,1599,67,2,2736,0.0,5472.0
2704,1600,19,1,41782,0.0,41782.0
2705,1600,49,1,1101,0.05,1045.95
2706,1600,73,1,556,0.05,528.2
2707,1601,32,1,1197,0.0,1197.0
2708,1602,49,2,1101,0.05,2091.9
2709,1603,11,3,35726,0.25,80383.5
2710,1603,80,2,461,0.1,829.8
2711,1604,60,3,405,0.0,1215.0
2712,1605,25,1,2383,0.0,2383.0
2713,1606,67,1,2736,0.0,2736.0
2714,1606,85,1,128,0.15,108.8
2715,1607,49,1,1101,0.0,1101.0
2716,1607,21,1,568,0.05,539.6
2717,1608,34,1,803,0.2,642.4
2718,1609,41,2,5245,0.0,10490.0
2719,1610,30,1,2247,0.0,2247.0
2720,1611,29,1,2027,0.2,1621.6
2721,1611,72,1,3738,0.15,3177.3
2722,1612,72,2,3738,0.2,5980.8
2723,1613,27,2,2689,0.05,5109.1
2724,1614,43,1,865,0.0,865.0
2725,1615,25,1,2383,0.0,2383.0
2726,1616,21,1,568,0.0,568.0
2727,1617,9,1,37837,0.05,35945.15
2728,1618,45,1,4158,0.05,3950.1
2729,1618,12,3,44912,0.15,114525.6
2730,1618,21,2,568,0.05,1079.2
2731,1618,38,1,1108,0.05,1052.6
2732,1619,15,1,2462,0.0,2462.0
2733,1619,48,1,424,0.0,424.0
2734,1620,71,1,3039,0.25,2279.25
2735,1621,25,1,2383,0.2,1906.4
2736,1621,42,1,635,0.0,635.0
2737,1622,66,1,1256,0.15,1067.6
2738,1622,54,1,1386,0.1,1247.4
2739,1623,26,2,546,0.05,1037.4
2740,1624,33,1,3307,0.0,3307.0
2741,1624,19,1,41782,0.2,33425.6
2742,1624,9,1,37837,0.1,34053.3
2743,1625,51,2,304,0.05,577.6
2744,1626,64,1,302,0.2,241.6
2745,1626,71,1,3039,0.15,2583.15
2746,1626,65,1,564,0.0,564.0
2747,1626,45,1,4158,0.2,3326.4
2748,1627,72,1,3738,0.0,3738.0
2749,1627,6,1,41775,0.0,41775.0
2750,1628,32,1,1197,0.25,897.75
2751,1629,1,1,9563,0.25,7172.25
2752,1630,23,1,2839,0.15,2413.15
2753,1630,38,1,1108,0.25,831.0
2754,1631,18,2,4367,0.05,8297.3
2755,1632,56,2,613,0.0,1226.0
2756,1632,51,1,304,0.1,273.6
2757,1633,57,1,846,0.25,634.5
2758,1634,68,1,2741,0.0,2741.0
2759,1634,85,2,128,0.15,217.6
2760,1635,36,2,1992,0.15,3386.4
2761,1635,4,1,40207,0.2,32165.6
2762,1635,1,1,9563,0.0,9563.0
2763,1636,39,1,4515,0.1,4063.5
2764,1637,11,2,35726,0.25,53589.0
2765,1638,34,1,803,0.1,722.7
2766,1639,16,1,22376,0.0,22376.0
2767,1640,34,1,803,0.0,803.0
2768,1640,54,2,1386,0.0,2772.0
2769,1640,40,2,1769,0.2,2830.4
2770,1641,44,1,4283,0.05,4068.85
2771,1641,15,1,2462,0.1,2215.8
2772,1642,68,1,2741,0.0,2741.0
2773,1642,48,1,424,0.05,402.8
2774,1643,3,1,43339,0.0,43339.0
2775,1643,12,1,44912,0.15,38175.2
2776,1644,30,1,2247,0.0,2247.0
2777,1644,15,1,2462,0.05,2338.9
2778,1644,7,1,40516,0.0,40516.0
2779,1645,20,1,821,0.0,821.0
2780,1646,75,1,825,0.2,660.0
2781,1646,6,1,41775,0.05,39686.25
2782,1647,47,2,1019,0.0,2038.0
2783,1647,51,2,304,0.0,608.0
2784,1647,56,2,613,0.1,1103.4
2785,1648,76,1,4344,0.05,4126.8
2786,1648,5,1,13447,0.25,10085.25
2787,1648,37,1,375,0.2,300.0
2788,1649,36,1,1992,0.15,1693.2
2789,1649,57,1,846,0.1,761.4
2790,1650,5,1,13447,0.2,10757.6
2791,1650,41,1,5245,0.0,5245.0
2792,1651,85,1,128,0.05,121.6
2793,1651,14,1,28329,0.0,28329.0
2794,1652,63,1,205,0.0,205.0
2795,1652,84,1,610,0.0,610.0
2796,1653,49,1,1101,0.15,935.85
2797,1654,15,1,2462,0.0,2462.0
2798,1655,54,1,1386,0.05,1316.7
2799,1656,31,1,2822,0.25,2116.5
2800,1657,19,2,41782,0.0,83564.0
2801,1657,30,1,2247,0.05,2134.65
2802,1657,49,1,1101,0.0,1101.0
2803,1658,10,2,38149,0.2,61038.4
2804,1659,13,1,34766,0.05,33027.7
2805,1659,16,1,22376,0.0,22376.0
2806,1660,65,3,564,0.05,1607.4
2807,1661,85,1,128,0.0,128.0
2808,1662,33,2,3307,0.0,6614.0
2809,1662,38,1,1108,0.2,886.4
2810,1663,64,1,302,0.15,256.7
2811,1664,9,1,37837,0.05,35945.15
2812,1664,28,1,1491,0.15,1267.35
2813,1664,52,1,1758,0.25,1318.5
2814,1665,53,1,559,0.0,559.0
2815,1665,22,1,1944,0.0,1944.0
2816,1666,81,1,413,0.05,392.35
2817,1667,46,1,5521,0.0,5521.0
2818,1668,40,2,1769,0.25,2653.5
2819,1668,10,1,38149,0.0,38149.0
2820,1668,75,1,825,0.1,742.5
2821,1668,79,1,995,0.0,995.0
2822,1669,19,1,41782,0.0,41782.0
2823,1670,69,1,3850,0.05,3657.5
2824,1671,35,1,4996,0.2,3996.8
2825,1671,11,2,35726,0.25,53589.0
2826,1671,77,1,3321,0.15,2822.85
2827,1671,61,1,680,0.2,544.0
2828,1672,77,1,3321,0.2,2656.8
2829,1673,52,1,1758,0.0,1758.0
2830,1673,38,2,1108,0.1,1994.4
2831,1674,54,3,1386,0.0,4158.0
2832,1674,21,1,568,0.0,568.0
2833,1675,62,1,291,0.1,261.9
2834,1676,64,1,302,0.0,302.0
2835,1677,65,1,564,0.0,564.0
2836,1678,85,1,128,0.05,121.6
2837,1679,17,1,2374,0.05,2255.3
2838,1680,48,1,424,0.1,381.6
2839,1681,76,1,4344,0.05,4126.8
2840,1682,23,1,2839,0.0,2839.0
2841,1682,60,2,405,0.0,810.0
2842,1683,35,1,4996,0.25,3747.0
2843,1683,54,1,1386,0.1,1247.4
2844,1684,48,1,424,0.0,424.0
2845,1685,12,1,44912,0.15,38175.2
2846,1686,59,1,1172,0.05,1113.4
2847,1686,66,3,1256,0.15,3202.8
2848,1687,16,1,22376,0.0,22376.0
2849,1688,77,1,3321,0.25,2490.75
2850,1688,21,1,568,0.0,568.0
2851,1689,39,1,4515,0.0,4515.0
2852,1689,49,1,1101,0.0,1101.0
2853,1689,37,1,375,0.05,356.25
2854,1689,12,1,44912,0.1,40420.8
2855,1690,80,1,461,0.0,461.0
2856,1691,26,2,546,0.1,982.8
2857,1692,42,2,635,0.05,1206.5
2858,1692,40,1,1769,0.0,1769.0
2859,1692,24,1,1087,0.15,923.95
2860,1693,60,2,405,0.25,607.5
2861,1694,11,1,35726,0.2,28580.8
2862,1694,68,1,2741,0.25,2055.75
2863,1695,52,1,1758,0.25,1318.5
2864,1696,81,1,413,0.05,392.35
2865,1697,45,1,4158,0.2,3326.4
2866,1698,81,1,413,0.0,413.0
2867,1699,84,2,610,0.0,1220.0
2868,1700,13,1,34766,0.0,34766.0
2869,1701,29,3,2027,0.25,4560.75
2870,1702,50,1,798,0.0,798.0
2871,1703,32,2,1197,0.2,1915.2
2872,1704,50,1,798,0.15,678.3
2873,1704,17,2,2374,0.15,4035.8
2874,1705,65,1,564,0.2,451.2
2875,1705,47,1,1019,0.15,866.15
2876,1705,44,2,4283,0.0,8566.0
2877,1706,67,1,2736,0.25,2052.0
2878,1707,33,1,3307,0.05,3141.65
2879,1708,51,1,304,0.2,243.2
2880,1709,14,1,28329,0.15,24079.65
2881,1710,24,1,1087,0.0,1087.0
2882,1711,70,1,3968,0.1,3571.2
2883,1712,52,1,1758,0.05,1670.1
2884,1712,9,1,37837,0.1,34053.3
2885,1713,73,2,556,0.15,945.2
2886,1714,58,1,1070,0.05,1016.5
2887,1715,69,1,3850,0.2,3080.0
2888,1716,41,1,5245,0.1,4720.5
2889,1717,46,1,5521,0.2,4416.8
2890,1717,4,2,40207,0.05,76393.3
2891,1717,71,1,3039,0.2,2431.2
2892,1718,77,1,3321,0.0,3321.0
2893,1719,58,2,1070,0.05,2033.0
2894,1720,17,1,2374,0.0,2374.0
2895,1720,18,1,4367,0.1,3930.3
2896,1721,15,1,2462,0.25,1846.5
2897,1722,5,3,13447,0.05,38323.95
2898,1723,21,1,568,0.15,482.8
2899,1724,28,1,1491,0.0,1491.0
2900,1724,34,1,803,0.15,682.55
2901,1724,54,1,1386,0.0,1386.0
2902,1725,50,1,798,0.15,678.3
2903,1725,35,1,4996,0.0,4996.0
2904,1726,81,1,413,0.05,392.35
2905,1726,66,2,1256,0.15,2135.2
2906,1727,52,1,1758,0.0,1758.0
2907,1728,62,1,291,0.2,232.8
2908,1729,50,1,798,0.15,678.3
2909,1730,48,2,424,0.0,848.0
2910,1730,49,1,1101,0.15,935.85
2911,1730,30,1,2247,0.25,1685.25
2912,1730,66,1,1256,0.1,1130.4
2913,1731,51,1,304,0.2,243.2
2914,1732,67,1,2736,0.2,2188.8
2915,1733,44,1,4283,0.0,4283.0
2916,1734,11,1,35726,0.25,26794.5
2917,1735,5,1,13447,0.2,10757.6
2918,1736,28,1,1491,0.0,1491.0
2919,1737,45,1,4158,0.0,4158.0
2920,1737,15,2,2462,0.2,3939.2
2921,1738,85,1,128,0.05,121.6
2922,1738,74,2,745,0.0,1490.0
2923,1738,86,1,441,0.15,374.85
2924,1738,34,2,803,0.0,1606.0
2925,1739,72,1,3738,0.0,3738.0
2926,1740,34,1,803,0.15,682.55
2927,1741,28,1,1491,0.0,1491.0
2928,1741,76,1,4344,0.1,3909.6
2929,1742,41,1,5245,0.15,4458.25
2930,1743,86,1,441,0.25,330.75
2931,1743,31,1,2822,0.0,2822.0
2932,1744,72,2,3738,0.0,7476.0
2933,1744,51,1,304,0.15,258.4
2934,1744,76,2,4344,0.25,6516.0
2935,1745,58,1,1070,0.25,802.5
2936,1745,49,1,1101,0.0,1101.0
2937,1746,9,1,37837,0.05,35945.15
2938,1747,86,1,441,0.25,330.75
2939,1747,36,1,1992,0.1,1792.8
2940,1748,82,2,541,0.0,1082.0
2941,1749,50,1,798,0.05,758.1
2942,1750,81,1,413,0.05,392.35
2943,1751,86,1,441,0.25,330.75
2944,1752,47,2,1019,0.0,2038.0
2945,1753,79,2,995,0.15,1691.5
2946,1754,48,1,424,0.0,424.0
2947,1755,29,1,2027,0.0,2027.0
2948,1755,43,2,865,0.2,1384.0
2949,1756,75,1,825,0.0,825.0
2950,1757,20,1,821,0.25,615.75
2951,1758,10,1,38149,0.0,38149.0
2952,1759,43,2,865,0.0,1730.0
2953,1759,9,2,37837,0.15,64322.9
2954,1760,46,2,5521,0.0,11042.0
2955,1760,45,1,4158,0.1,3742.2
2956,1761,45,1,4158,0.0,4158.0
2957,1762,29,1,2027,0.0,2027.0
2958,1763,12,1,44912,0.2,35929.6
2959,1764,57,1,846,0.25,634.5
2960,1765,29,2,2027,0.1,3648.6
2961,1765,20,1,821,0.0,821.0
2962,1765,44,1,4283,0.2,3426.4
2963,1766,56,1,613,0.0,613.0
2964,1767,10,1,38149,0.1,34334.1
2965,1767,12,1,44912,0.0,44912.0
2966,1768,77,1,3321,0.1,2988.9
2967,1769,2,2,37224,0.05,70725.6
2968,1769,62,1,291,0.05,276.45
2969,1769,75,1,825,0.1,742.5
2970,1770,50,1,798,0.0,798.0
2971,1770,77,2,3321,0.0,6642.0
2972,1771,12,2,44912,0.2,71859.2
2973,1772,23,1,2839,0.0,2839.0
2974,1772,52,1,1758,0.25,1318.5
2975,1773,54,1,1386,0.0,1386.0
2976,1774,49,1,1101,0.1,990.9
2977,1775,35,1,4996,0.0,4996.0
2978,1776,6,3,41775,0.15,106526.25
2979,1776,34,1,803,0.0,803.0
2980,1777,19,2,41782,0.15,71029.4
2981,1777,5,1,13447,0.05,12774.65
2982,1778,50,2,798,0.25,1197.0
2983,1778,84,2,610,0.2,976.0
2984,1778,14,1,28329,0.1,25496.1
2985,1778,52,1,1758,0.05,1670.1
2986,1779,62,1,291,0.0,291.0
2987,1779,47,1,1019,0.0,1019.0
2988,1779,74,1,745,0.0,745.0
2989,1780,18,1,4367,0.0,4367.0
2990,1780,69,1,3850,0.05,3657.5
2991,1781,31,1,2822,0.0,2822.0
2992,1782,65,1,564,0.15,479.4
2993,1783,61,1,680,0.0,680.0
2994,1783,23,1,2839,0.1,2555.1
2995,1784,71,1,3039,0.0,3039.0
2996,1784,50,1,798,0.0,798.0
2997,1785,64,1,302,0.2,241.6
2998,1785,55,2,979,0.0,1958.0
2999,1785,51,1,304,0.2,243.2
3000,1785,84,1,610,0.1,549.0
3001,1786,68,1,2741,0.2,2192.8
3002,1787,39,1,4515,0.15,3837.75
3003,1787,37,2,375,0.0,750.0
3004,1788,37,1,375,0.0,375.0
3005,1789,84,1,610,0.0,610.0
3006,1789,24,1,1087,0.0,1087.0
3007,1790,57,1,846,0.0,846.0
3008,1791,38,1,1108,0.0,1108.0
3009,1791,62,1,291,0.0,291.0
3010,1792,9,1,37837,0.05,35945.15
3011,1792,21,1,568,0.05,539.6
3012,1793,45,1,4158,0.1,3742.2
3013,1794,37,1,375,0.0,375.0
3014,1795,24,1,1087,0.0,1087.0
3015,1796,79,1,995,0.1,895.5
3016,1796,13,1,34766,0.1,31289.4
3017,1796,41,1,5245,0.25,3933.75
3018,1796,52,1,1758,0.0,1758.0
3019,1797,61,3,680,0.0,2040.0
3020,1797,83,1,898,0.0,898.0
3021,1797,69,1,3850,0.0,3850.0
3022,1798,79,1,995,0.0,995.0
3023,1798,74,1,745,0.0,745.0
3024,1799,68,1,2741,0.0,2741.0
3025,1799,63,2,205,0.15,348.5
3026,1799,45,1,4158,0.2,3326.4
3027,1800,57,1,846,0.05,803.7
3028,1801,39,1,4515,0.05,4289.25
3029,1802,37,1,375,0.05,356.25
3030,1803,27,1,2689,0.0,2689.0
3031,1804,75,1,825,0.2,660.0
3032,1805,29,2,2027,0.0,4054.0
3033,1806,23,1,2839,0.25,2129.25
3034,1806,73,2,556,0.0,1112.0
3035,1806,50,1,798,0.2,638.4
3036,1806,26,2,546,0.2,873.6
3037,1807,74,1,745,0.1,670.5
3038,1808,15,2,2462,0.15,4185.4
3039,1808,63,1,205,0.25,153.75
3040,1809,4,1,40207,0.2,32165.6
3041,1809,81,1,413,0.1,371.7
3042,1810,52,1,1758,0.2,1406.4
3043,1810,59,1,1172,0.0,1172.0
3044,1810,36,2,1992,0.25,2988.0
3045,1811,79,1,995,0.25,746.25
3046,1811,39,1,4515,0.2,3612.0
3047,1811,6,1,41775,0.15,35508.75
3048,1811,12,1,44912,0.15,38175.2
3049,1812,31,1,2822,0.25,2116.5
3050,1813,70,3,3968,0.15,10118.4
3051,1813,61,1,680,0.2,544.0
3052,1814,70,2,3968,0.2,6348.8
3053,1814,41,2,5245,0.05,9965.5
3054,1815,30,1,2247,0.0,2247.0
3055,1815,19,2,41782,0.2,66851.2
3056,1816,4,1,40207,0.0,40207.0
3057,1816,68,2,2741,0.15,4659.7
3058,1817,17,1,2374,0.2,1899.2
3059,1818,12,1,44912,0.05,42666.4
3060,1819,38,2,1108,0.0,2216.0
3061,1820,57,2,846,0.05,1607.4
3062,1821,42,1,635,0.25,476.25
3063,1821,72,1,3738,0.2,2990.4
3064,1821,48,2,424,0.0,848.0
3065,1822,72,1,3738,0.1,3364.2
3066,1822,85,1,128,0.05,121.6
3067,1823,53,1,559,0.0,559.0
3068,1823,7,1,40516,0.0,40516.0
3069,1824,60,2,405,0.0,810.0
3070,1825,28,1,1491,0.2,1192.8
3071,1825,53,1,559,0.2,447.2
3072,1825,38,2,1108,0.2,1772.8
3073,1826,47,2,1019,0.25,1528.5
3074,1826,53,2,559,0.1,1006.2
3075,1827,57,1,846,0.15,719.1
3076,1828,31,1,2822,0.0,2822.0
3077,1829,19,2,41782,0.0,83564.0
3078,1830,70,1,3968,0.0,3968.0
3079,1831,34,1,803,0.0,803.0
3080,1831,3,1,43339,0.0,43339.0
3081,1832,76,1,4344,0.05,4126.8
3082,1833,23,1,2839,0.0,2839.0
3083,1834,58,2,1070,0.0,2140.0
3084,1834,28,1,1491,0.0,1491.0
3085,1834,7,2,40516,0.0,81032.0
3086,1835,42,1,635,0.2,508.0
3087,1835,81,1,413,0.2,330.4
3088,1836,63,1,205,0.25,153.75
3089,1837,80,1,461,0.0,461.0
3090,1838,38,1,1108,0.2,886.4
3091,1839,19,1,41782,0.15,35514.7
3092,1840,60,1,405,0.05,384.75
3093,1841,71,1,3039,0.1,2735.1
3094,1842,58,1,1070,0.0,1070.0
3095,1843,3,2,43339,0.05,82344.1
3096,1844,23,1,2839,0.1,2555.1
3097,1845,26,2,546,0.0,1092.0
3098,1846,24,1,1087,0.2,869.6
3099,1846,10,1,38149,0.25,28611.75
3100,1846,13,1,34766,0.0,34766.0
3101,1846,40,1,1769,0.05,1680.55
3102,1847,75,1,825,0.2,660.0
3103,1848,85,1,128,0.0,128.0
3104,1849,23,1,2839,0.0,2839.0
3105,1849,11,2,35726,0.2,57161.6
3106,1850,77,1,3321,0.05,3154.95
3107,1851,76,1,4344,0.0,4344.0
3108,1851,45,1,4158,0.05,3950.1
3109,1852,42,2,635,0.1,1143.0
3110,1852,78,2,768,0.0,1536.0
3111,1853,42,2,635,0.0,1270.0
3112,1853,32,1,1197,0.15,1017.45
3113,1853,53,1,559,0.05,531.05
3114,1854,22,1,1944,0.15,1652.4
3115,1855,84,1,610,0.0,610.0
3116,1856,64,3,302,0.2,724.8
3117,1857,46,1,5521,0.2,4416.8
3118,1858,12,3,44912,0.0,134736.0
3119,1858,51,1,304,0.1,273.6
3120,1859,11,1,35726,0.0,35726.0
3121,1859,76,1,4344,0.0,4344.0
3122,1860,22,2,1944,0.0,3888.0
3123,1861,23,1,2839,0.0,2839.0
3124,1862,60,1,405,0.2,324.0
3125,1862,20,2,821,0.2,1313.6
3126,1863,27,1,2689,0.0,2689.0
3127,1863,71,1,3039,0.05,2887.05
3128,1864,52,1,1758,0.0,1758.0
3129,1865,10,1,38149,0.25,28611.75
3130,1866,20,1,821,0.0,821.0
3131,1867,19,2,41782,0.2,66851.2
3132,1867,43,1,865,0.2,692.0
3133,1867,47,1,1019,0.0,1019.0
3134,1868,37,2,375,0.1,675.0
3135,1868,29,1,2027,0.2,1621.6
3136,1868,25,1,2383,0.15,2025.55
3137,1869,48,1,424,0.2,339.2
3138,1869,11,3,35726,0.1,96460.2
3139,1870,6,1,41775,0.25,31331.25
3140,1871,67,1,2736,0.05,2599.2
3141,1872,18,2,4367,0.0,8734.0
3142,1873,41,1,5245,0.25,3933.75
3143,1874,24,1,1087,0.15,923.95
3144,1874,15,1,2462,0.0,2462.0
3145,1875,10,2,38149,0.0,76298.0
3146,1876,43,2,865,0.2,1384.0
3147,1876,38,1,1108,0.0,1108.0
3148,1877,57,1,846,0.2,676.8
3149,1878,68,1,2741,0.0,2741.0
3150,1878,41,2,5245,0.0,10490.0
3151,1879,9,1,37837,0.05,35945.15
3152,1880,59,1,1172,0.2,937.6
3153,1881,15,1,2462,0.05,2338.9
3154,1882,61,1,680,0.05,646.0
3155,1883,58,1,1070,0.0,1070.0
3156,1883,26,2,546,0.25,819.0
3157,1884,74,1,745,0.0,745.0
3158,1885,27,1,2689,0.2,2151.2
3159,1885,33,1,3307,0.05,3141.65
3160,1886,58,1,1070,0.1,963.0
3161,1887,19,2,41782,0.0,83564.0
3162,1887,50,1,798,0.05,758.1
3163,1888,41,1,5245,0.25,3933.75
3164,1889,28,1,1491,0.1,1341.9
3165,1890,23,2,2839,0.2,4542.4
3166,1890,74,1,745,0.0,745.0
3167,1891,23,1,2839,0.15,2413.15
3168,1892,56,1,613,0.15,521.05
3169,1892,6,1,41775,0.1,37597.5
3170,1892,73,1,556,0.0,556.0
3171,1892,77,1,3321,0.0,3321.0
3172,1893,65,1,564,0.0,564.0
3173,1893,56,1,613,0.0,613.0
3174,1894,34,1,803,0.0,803.0
3175,1895,80,1,461,0.0,461.0
3176,1896,13,2,34766,0.05,66055.4
3177,1896,22,1,1944,0.0,1944.0
3178,1897,43,1,865,0.0,865.0
3179,1898,29,1,2027,0.2,1621.6
3180,1899,70,1,3968,0.0,3968.0
3181,1899,40,1,1769,0.0,1769.0
3182,1900,82,1,541,0.1,486.9
3183,1900,18,1,4367,0.0,4367.0
3184,1901,24,2,1087,0.05,2065.3
3185,1902,10,1,38149,0.0,38149.0
3186,1903,31,1,2822,0.1,2539.8
3187,1903,9,1,37837,0.2,30269.6
3188,1904,67,1,2736,0.0,2736.0
3189,1905,78,1,768,0.0,768.0
3190,1905,73,1,556,0.15,472.6
3191,1906,49,1,1101,0.1,990.9
3192,1907,55,1,979,0.1,881.1
3193,1908,45,1,4158,0.0,4158.0
3194,1909,4,1,40207,0.15,34175.95
3195,1910,59,1,1172,0.15,996.2
3196,1910,63,1,205,0.0,205.0
3197,1910,75,2,825,0.15,1402.5
3198,1911,21,1,568,0.1,511.2
3199,1912,18,3,4367,0.1,11790.9
3200,1912,11,1,35726,0.1,32153.4
3201,1913,39,1,4515,0.1,4063.5
3202,1914,24,1,1087,0.15,923.95
3203,1915,76,1,4344,0.2,3475.2
3204,1915,38,1,1108,0.25,831.0
3205,1915,32,1,1197,0.2,957.6
3206,1916,6,2,41775,0.0,83550.0
3207,1917,68,1,2741,0.0,2741.0
3208,1918,59,1,1172,0.15,996.2
3209,1918,66,1,1256,0.05,1193.2
3210,1919,76,1,4344,0.05,4126.8
3211,1920,52,1,1758,0.05,1670.1
3212,1921,42,1,635,0.0,635.0
3213,1921,76,1,4344,0.0,4344.0
3214,1922,36,1,1992,0.05,1892.4
3215,1922,35,1,4996,0.2,3996.8
3216,1923,34,2,803,0.0,1606.0
3217,1924,80,2,461,0.2,737.6
3218,1925,52,1,1758,0.25,1318.5
3219,1925,43,2,865,0.1,1557.0
3220,1925,78,1,768,0.0,768.0
3221,1925,47,1,1019,0.2,815.2
3222,1926,38,1,1108,0.1,997.2
3223,1926,47,1,1019,0.0,1019.0
3224,1927,17,1,2374,0.0,2374.0
3225,1927,70,2,3968,0.1,7142.4
3226,1928,76,1,4344,0.0,4344.0
3227,1928,39,1,4515,0.15,3837.75
3228,1928,57,1,846,0.0,846.0
3229,1929,64,2,302,0.15,513.4
3230,1929,50,1,798,0.2,638.4
3231,1930,56,1,613,0.0,613.0
3232,1931,4,1,40207,0.1,36186.3
3233,1932,44,1,4283,0.05,4068.85
3234,1933,56,1,613,0.05,582.35
3235,1934,68,1,2741,0.25,2055.75
3236,1935,73,1,556,0.25,417.0
3237,1935,71,1,3039,0.15,2583.15
3238,1935,63,1,205,0.2,164.0
3239,1935,15,1,2462,0.0,2462.0
3240,1936,2,1,37224,0.0,37224.0
3241,1937,67,2,2736,0.0,5472.0
3242,1938,24,1,1087,0.0,1087.0
3243,1939,64,1,302,0.1,271.8
3244,1939,61,2,680,0.0,1360.0
3245,1940,3,1,43339,0.0,43339.0
3246,1941,84,1,610,0.05,579.5
3247,1942,81,3,413,0.05,1177.05
3248,1943,74,1,745,0.0,745.0
3249,1944,53,1,559,0.25,419.25
3250,1945,37,1,375,0.05,356.25
3251,1945,17,2,2374,0.15,4035.8
3252,1945,81,1,413,0.1,371.7
3253,1946,85,2,128,0.25,192.0
3254,1946,17,1,2374,0.1,2136.6
3255,1947,86,2,441,0.0,882.0
3256,1948,61,1,680,0.25,510.0
3257,1948,54,1,1386,0.0,1386.0
3258,1948,74,2,745,0.15,1266.5
3259,1948,9,2,37837,0.25,56755.5
3260,1949,29,1,2027,0.25,1520.25
3261,1950,34,3,803,0.1,2168.1
3262,1951,62,1,291,0.1,261.9
3263,1952,23,1,2839,0.2,2271.2
3264,1953,68,1,2741,0.05,2603.95
3265,1953,55,2,979,0.25,1468.5
3266,1954,52,1,1758,0.25,1318.5
3267,1954,17,1,2374,0.25,1780.5
3268,1955,84,1,610,0.1,549.0
3269,1956,37,2,375,0.0,750.0
3270,1956,30,1,2247,0.25,1685.25
3271,1956,65,1,564,0.15,479.4
3272,1957,57,3,846,0.25,1903.5
3273,1958,9,1,37837,0.25,28377.75
3274,1959,67,1,2736,0.0,2736.0
3275,1960,19,1,41782,0.15,35514.7
3276,1960,41,1,5245,0.0,5245.0
3277,1961,68,1,2741,0.2,2192.8
3278,1961,61,1,680,0.0,680.0
3279,1961,48,2,424,0.25,636.0
3280,1962,57,1,846,0.0,846.0
3281,1963,2,1,37224,0.25,27918.0
3282,1964,75,1,825,0.2,660.0
3283,1965,20,1,821,0.05,779.95
3284,1965,17,1,2374,0.05,2255.3
3285,1966,66,1,1256,0.2,1004.8
3286,1967,57,1,846,0.15,719.1
3287,1967,11,1,35726,0.05,33939.7
3288,1967,31,1,2822,0.2,2257.6
3289,1968,29,1,2027,0.0,2027.0
3290,1969,4,2,40207,0.15,68351.9
3291,1970,56,1,613,0.0,613.0
3292,1971,6,1,41775,0.25,31331.25
3293,1972,28,3,1491,0.25,3354.75
3294,1972,34,1,803,0.0,803.0
3295,1972,80,1,461,0.0,461.0
3296,1973,69,2,3850,0.15,6545.0
3297,1974,64,2,302,0.25,453.0
3298,1975,24,2,1087,0.15,1847.9
3299,1975,46,2,5521,0.0,11042.0
3300,1976,80,1,461,0.0,461.0
3301,1977,84,1,610,0.0,610.0
3302,1978,29,1,2027,0.0,2027.0
3303,1978,83,1,898,0.0,898.0
3304,1978,41,1,5245,0.25,3933.75
3305,1979,86,1,441,0.0,441.0
3306,1980,26,2,546,0.15,928.2
3307,1980,79,1,995,0.25,746.25
3308,1981,79,2,995,0.15,1691.5
3309,1982,70,1,3968,0.25,2976.0
3310,1982,56,1,613,0.05,582.35
3311,1983,31,1,2822,0.1,2539.8
3312,1984,18,1,4367,0.15,3711.95
3313,1985,40,1,1769,0.2,1415.2
3314,1986,22,1,1944,0.0,1944.0
3315,1987,46,1,5521,0.25,4140.75
3316,1988,23,1,2839,0.0,2839.0
3317,1988,68,1,2741,0.0,2741.0
3318,1989,83,1,898,0.05,853.1
3319,1989,65,2,564,0.25,846.0
3320,1990,58,1,1070,0.0,1070.0
3321,1990,38,3,1108,0.1,2991.6
3322,1990,2,2,37224,0.1,67003.2
3323,1991,31,1,2822,0.05,2680.9
3324,1992,9,2,37837,0.2,60539.2
3325,1993,83,2,898,0.1,1616.4
3326,1994,85,1,128,0.15,108.8
3327,1995,37,2,375,0.0,750.0
3328,1995,54,2,1386,0.05,2633.4
3329,1996,22,3,1944,0.0,5832.0
3330,1996,7,1,40516,0.1,36464.4
3331,1996,46,1,5521,0.0,5521.0
3332,1997,59,1,1172,0.0,1172.0
3333,1997,49,1,1101,0.1,990.9
3334,1997,86,1,441,0.0,441.0
3335,1998,75,3,825,0.0,2475.0
3336,1999,83,1,898,0.0,898.0
3337,2000,26,1,546,0.0,546.0
3338,2000,62,1,291,0.1,261.9
3339,2000,53,1,559,0.05,531.05
3340,2000,14,1,28329,0.15,24079.65
3341,2001,43,2,865,0.15,1470.5
3342,2001,36,1,1992,0.2,1593.6
3343,2002,21,1,568,0.0,568.0
3344,2003,78,1,768,0.0,768.0
3345,2004,62,1,291,0.1,261.9
3346,2004,12,1,44912,0.25,33684.0
3347,2004,3,1,43339,0.05,41172.05
3348,2005,25,1,2383,0.2,1906.4
3349,2006,41,1,5245,0.15,4458.25
3350,2007,32,1,1197,0.0,1197.0
3351,2007,25,1,2383,0.05,2263.85
3352,2008,25,1,2383,0.05,2263.85
3353,2009,30,1,2247,0.05,2134.65
3354,2010,36,2,1992,0.1,3585.6
3355,2011,71,1,3039,0.15,2583.15
3356,2012,33,1,3307,0.0,3307.0
3357,2012,60,1,405,0.15,344.25
3358,2013,49,1,1101,0.1,990.9
3359,2014,52,2,1758,0.0,3516.0
3360,2015,13,1,34766,0.0,34766.0
3361,2015,71,2,3039,0.15,5166.3
3362,2016,83,1,898,0.0,898.0
3363,2016,41,1,5245,0.25,3933.75
3364,2017,20,1,821,0.2,656.8
3365,2018,69,1,3850,0.0,3850.0
3366,2018,84,2,610,0.2,976.0
3367,2018,28,1,1491,0.2,1192.8
3368,2018,22,1,1944,0.0,1944.0
3369,2019,85,2,128,0.25,192.0
3370,2020,8,1,38096,0.15,32381.6
3371,2020,49,1,1101,0.2,880.8
3372,2021,57,1,846,0.0,846.0
3373,2021,76,1,4344,0.0,4344.0
3374,2022,58,1,1070,0.05,1016.5
3375,2023,32,1,1197,0.05,1137.15
3376,2023,42,1,635,0.2,508.0
3377,2024,38,1,1108,0.15,941.8
3378,2025,26,1,546,0.2,436.8
3379,2025,66,2,1256,0.0,2512.0
3380,2026,75,1,825,0.0,825.0
3381,2027,43,1,865,0.0,865.0
3382,2028,54,1,1386,0.0,1386.0
3383,2029,75,3,825,0.15,2103.75
3384,2029,84,1,610,0.1,549.0
3385,2030,22,1,1944,0.0,1944.0
3386,2031,57,1,846,0.25,634.5
3387,2032,19,2,41782,0.2,66851.2
3388,2032,46,1,5521,0.1,4968.9
3389,2033,79,2,995,0.0,1990.0
3390,2034,47,1,1019,0.25,764.25
3391,2034,80,1,461,0.25,345.75
3392,2035,57,1,846,0.0,846.0
3393,2036,38,1,1108,0.1,997.2
3394,2037,73,1,556,0.0,556.0
3395,2038,13,1,34766,0.25,26074.5
3396,2038,4,1,40207,0.25,30155.25
3397,2039,55,2,979,0.05,1860.1
3398,2039,11,1,35726,0.0,35726.0
3399,2040,10,1,38149,0.05,36241.55
3400,2040,72,3,3738,0.25,8410.5
3401,2041,84,1,610,0.2,488.0
3402,2041,14,1,28329,0.25,21246.75
3403,2041,34,1,803,0.15,682.55
3404,2041,64,1,302,0.2,241.6
3405,2042,15,1,2462,0.0,2462.0
3406,2042,41,1,5245,0.0,5245.0
3407,2043,67,2,2736,0.0,5472.0
3408,2044,9,1,37837,0.0,37837.0
3409,2045,21,2,568,0.0,1136.0
3410,2045,63,1,205,0.0,205.0
3411,2046,6,2,41775,0.2,66840.0
3412,2046,33,1,3307,0.0,3307.0
3413,2047,67,1,2736,0.1,2462.4
3414,2047,52,1,1758,0.0,1758.0
3415,2047,69,1,3850,0.1,3465.0
3416,2048,48,2,424,0.05,805.6
3417,2049,3,2,43339,0.0,86678.0
3418,2049,36,1,1992,0.2,1593.6
3419,2049,37,1,375,0.0,375.0
3420,2050,53,1,559,0.25,419.25
3421,2051,62,1,291,0.0,291.0
3422,2052,14,1,28329,0.05,26912.55
3423,2053,19,2,41782,0.0,83564.0
3424,2054,49,1,1101,0.0,1101.0
3425,2055,43,1,865,0.1,778.5
3426,2056,11,1,35726,0.0,35726.0
3427,2057,84,1,610,0.0,610.0
3428,2058,77,1,3321,0.0,3321.0
3429,2059,49,2,1101,0.25,1651.5
3430,2059,45,1,4158,0.05,3950.1
3431,2060,45,1,4158,0.2,3326.4
3432,2060,80,3,461,0.0,1383.0
3433,2061,40,1,1769,0.0,1769.0
3434,2061,83,1,898,0.0,898.0
3435,2062,49,3,1101,0.2,2642.4
3436,2063,42,1,635,0.1,571.5
3437,2064,31,2,2822,0.2,4515.2
3438,2064,4,2,40207,0.1,72372.6
3439,2065,33,2,3307,0.0,6614.0
3440,2066,74,2,745,0.05,1415.5
3441,2066,86,1,441,0.15,374.85
3442,2066,20,1,821,0.1,738.9
3443,2067,39,1,4515,0.0,4515.0
3444,2067,23,1,2839,0.2,2271.2
3445,2067,3,2,43339,0.0,86678.0
3446,2068,27,2,2689,0.15,4571.3
3447,2068,41,2,5245,0.2,8392.0
3448,2068,25,1,2383,0.05,2263.85
3449,2069,81,3,413,0.15,1053.15
3450,2069,74,1,745,0.0,745.0
3451,2070,37,2,375,0.0,750.0
3452,2071,53,1,559,0.25,419.25
3453,2072,5,1,13447,0.0,13447.0
3454,2072,70,1,3968,0.25,2976.0
3455,2073,40,1,1769,0.15,1503.65
3456,2073,66,3,1256,0.05,3579.6
3457,2073,81,2,413,0.0,826.0
3458,2074,53,2,559,0.05,1062.1
3459,2075,42,1,635,0.15,539.75
3460,2075,56,1,613,0.0,613.0
3461,2075,27,1,2689,0.05,2554.55
3462,2076,66,1,1256,0.0,1256.0
3463,2077,39,2,4515,0.25,6772.5
3464,2078,56,2,613,0.05,1164.7
3465,2079,15,1,2462,0.2,1969.6
3466,2079,8,1,38096,0.0,38096.0
3467,2079,85,1,128,0.0,128.0
3468,2080,49,1,1101,0.0,1101.0
3469,2081,62,1,291,0.1,261.9
3470,2081,26,2,546,0.0,1092.0
3471,2081,77,1,3321,0.0,3321.0
3472,2082,18,1,4367,0.1,3930.3
3473,2082,61,1,680,0.2,544.0
3474,2083,27,1,2689,0.1,2420.1
3475,2084,52,3,1758,0.15,4482.9
3476,2085,66,1,1256,0.0,1256.0
3477,2085,58,2,1070,0.0,2140.0
3478,2086,40,1,1769,0.05,1680.55
3479,2087,50,1,798,0.2,638.4
3480,2087,13,1,34766,0.15,29551.1
3481,2088,45,1,4158,0.05,3950.1
3482,2089,36,2,1992,0.0,3984.0
3483,2090,72,1,3738,0.15,3177.3
3484,2091,17,1,2374,0.1,2136.6
3485,2092,18,3,4367,0.0,13101.0
3486,2093,86,1,441,0.15,374.85
3487,2093,59,1,1172,0.25,879.0
3488,2094,37,1,375,0.2,300.0
3489,2094,62,1,291,0.0,291.0
3490,2095,15,1,2462,0.0,2462.0
3491,2095,60,1,405,0.1,364.5
3492,2095,86,3,441,0.05,1256.85
3493,2096,40,1,1769,0.0,1769.0
3494,2096,82,1,541,0.05,513.95
3495,2096,53,1,559,0.1,503.1
3496,2096,16,1,22376,0.0,22376.0
3497,2097,8,2,38096,0.25,57144.0
3498,2098,67,1,2736,0.15,2325.6
3499,2098,24,1,1087,0.0,1087.0
3500,2098,84,1,610,0.25,457.5
3501,2099,2,2,37224,0.0,74448.0
3502,2100,25,1,2383,0.2,1906.4
3503,2101,69,1,3850,0.0,3850.0
3504,2102,65,1,564,0.0,564.0
3505,2103,83,1,898,0.05,853.1
3506,2104,4,2,40207,0.15,68351.9
3507,2105,12,2,44912,0.1,80841.6
3508,2105,14,1,28329,0.25,21246.75
3509,2106,24,2,1087,0.05,2065.3
3510,2106,5,1,13447,0.15,11429.95
3511,2107,76,1,4344,0.0,4344.0
3512,2108,67,1,2736,0.0,2736.0
3513,2109,86,1,441,0.25,330.75
3514,2110,77,1,3321,0.05,3154.95
3515,2110,32,1,1197,0.0,1197.0
3516,2111,44,2,4283,0.0,8566.0
3517,2111,70,2,3968,0.0,7936.0
3518,2111,47,2,1019,0.0,2038.0
3519,2111,40,2,1769,0.2,2830.4
3520,2112,35,1,4996,0.0,4996.0
3521,2113,67,1,2736,0.0,2736.0
3522,2114,73,1,556,0.15,472.6
3523,2115,22,1,1944,0.2,1555.2
3524,2116,51,1,304,0.0,304.0
3525,2117,83,1,898,0.15,763.3
3526,2117,49,2,1101,0.15,1871.7
3527,2118,13,1,34766,0.0,34766.0
3528,2118,42,1,635,0.05,603.25
3529,2119,16,3,22376,0.1,60415.2
3530,2119,31,1,2822,0.2,2257.6
3531,2120,31,1,2822,0.15,2398.7
3532,2121,7,1,40516,0.0,40516.0
3533,2122,66,1,1256,0.1,1130.4
3534,2123,39,2,4515,0.1,8127.0
3535,2123,8,2,38096,0.0,76192.0
3536,2124,56,1,613,0.0,613.0
3537,2124,5,1,13447,0.15,11429.95
3538,2125,8,2,38096,0.0,76192.0
3539,2125,49,1,1101,0.25,825.75
3540,2126,23,1,2839,0.1,2555.1
3541,2127,19,1,41782,0.15,35514.7
3542,2128,62,1,291,0.05,276.45
3543,2128,30,1,2247,0.2,1797.6
3544,2128,83,1,898,0.05,853.1
3545,2128,60,1,405,0.2,324.0
3546,2129,12,1,44912,0.0,44912.0
3547,2129,80,1,461,0.25,345.75
3548,2130,49,1,1101,0.25,825.75
3549,2130,73,1,556,0.0,556.0
3550,2131,80,2,461,0.05,875.9
3551,2131,17,1,2374,0.25,1780.5
3552,2131,10,1,38149,0.15,32426.65
3553,2132,16,2,22376,0.1,40276.8
3554,2133,38,1,1108,0.0,1108.0
3555,2133,12,1,44912,0.25,33684.0
3556,2133,23,1,2839,0.1,2555.1
3557,2134,82,1,541,0.0,541.0
3558,2134,3,2,43339,0.0,86678.0
3559,2134,70,1,3968,0.0,3968.0
3560,2135,54,1,1386,0.25,1039.5
3561,2136,29,1,2027,0.15,1722.95
3562,2136,32,1,1197,0.05,1137.15
3563,2137,20,1,821,0.15,697.85
3564,2137,24,1,1087,0.05,1032.65
3565,2138,29,1,2027,0.05,1925.65
3566,2139,21,1,568,0.25,426.0
3567,2139,32,1,1197,0.2,957.6
3568,2140,46,1,5521,0.2,4416.8
3569,2141,78,1,768,0.05,729.6
3570,2142,7,1,40516,0.0,40516.0
3571,2142,21,1,568,0.05,539.6
3572,2143,75,1,825,0.15,701.25
3573,2144,26,1,546,0.0,546.0
3574,2145,25,2,2383,0.05,4527.7
3575,2145,48,1,424,0.15,360.4
3576,2146,25,1,2383,0.0,2383.0
3577,2147,6,2,41775,0.0,83550.0
3578,2147,37,2,375,0.0,750.0
3579,2148,22,2,1944,0.0,3888.0
3580,2148,55,2,979,0.15,1664.3
3581,2149,63,1,205,0.05,194.75
3582,2150,5,1,13447,0.1,12102.3
3583,2151,80,1,461,0.15,391.85
3584,2151,44,1,4283,0.25,3212.25
3585,2151,38,1,1108,0.1,997.2
3586,2151,13,2,34766,0.05,66055.4
3587,2152,52,1,1758,0.2,1406.4
3588,2152,31,1,2822,0.0,2822.0
3589,2153,42,2,635,0.2,1016.0
3590,2153,6,2,41775,0.0,83550.0
3591,2153,2,1,37224,0.0,37224.0
3592,2154,10,1,38149,0.25,28611.75
3593,2154,60,2,405,0.0,810.0
3594,2155,86,1,441,0.05,418.95
3595,2156,36,2,1992,0.2,3187.2
3596,2156,28,1,1491,0.0,1491.0
3597,2156,45,1,4158,0.05,3950.1
3598,2157,41,2,5245,0.0,10490.0
3599,2158,33,1,3307,0.0,3307.0
3600,2159,76,1,4344,0.0,4344.0
3601,2159,71,1,3039,0.15,2583.15
3602,2160,38,1,1108,0.05,1052.6
3603,2160,30,1,2247,0.0,2247.0
3604,2160,6,3,41775,0.0,125325.0
3605,2161,38,1,1108,0.1,997.2
3606,2162,46,1,5521,0.2,4416.8
3607,2162,9,2,37837,0.1,68106.6
3608,2163,34,1,803,0.25,602.25
3609,2163,31,1,2822,0.25,2116.5
3610,2163,8,1,38096,0.25,28572.0
3611,2163,11,1,35726,0.1,32153.4
3612,2164,6,1,41775,0.0,41775.0
3613,2165,78,3,768,0.0,2304.0
3614,2165,24,1,1087,0.0,1087.0
3615,2166,82,1,541,0.2,432.8
3616,2166,73,1,556,0.0,556.0
3617,2167,9,1,37837,0.2,30269.6
3618,2168,11,1,35726,0.2,28580.8
3619,2169,16,1,22376,0.05,21257.2
3620,2170,5,1,13447,0.1,12102.3
3621,2170,56,1,613,0.2,490.4
3622,2170,79,2,995,0.0,1990.0
3623,2170,30,1,2247,0.0,2247.0
3624,2171,62,1,291,0.0,291.0
3625,2171,83,1,898,0.2,718.4
3626,2171,28,1,1491,0.0,1491.0
3627,2172,43,1,865,0.1,778.5
3628,2172,41,1,5245,0.05,4982.75
3629,2172,63,1,205,0.15,174.25
3630,2173,63,1,205,0.0,205.0
3631,2173,58,1,1070,0.0,1070.0
3632,2173,69,1,3850,0.0,3850.0
3633,2174,19,1,41782,0.0,41782.0
3634,2174,24,1,1087,0.0,1087.0
3635,2175,18,1,4367,0.0,4367.0
3636,2175,76,1,4344,0.0,4344.0
3637,2176,82,1,541,0.15,459.85
3638,2176,9,1,37837,0.2,30269.6
3639,2177,82,1,541,0.0,541.0
3640,2177,43,1,865,0.1,778.5
3641,2177,52,1,1758,0.0,1758.0
3642,2178,29,1,2027,0.1,1824.3
3643,2178,12,1,44912,0.15,38175.2
3644,2179,42,2,635,0.2,1016.0
3645,2179,56,2,613,0.2,980.8
3646,2180,63,1,205,0.2,164.0
3647,2181,46,1,5521,0.0,5521.0
3648,2182,4,1,40207,0.0,40207.0
3649,2183,42,1,635,0.25,476.25
3650,2183,84,1,610,0.15,518.5
3651,2184,7,3,40516,0.0,121548.0
3652,2185,28,2,1491,0.1,2683.8
3653,2185,49,1,1101,0.2,880.8
3654,2186,4,1,40207,0.0,40207.0
3655,2187,79,1,995,0.0,995.0
3656,2187,47,2,1019,0.0,2038.0
3657,2188,32,3,1197,0.25,2693.25
3658,2189,36,1,1992,0.25,1494.0
3659,2189,14,2,28329,0.0,56658.0
3660,2190,54,1,1386,0.1,1247.4
3661,2191,86,1,441,0.0,441.0
3662,2192,81,1,413,0.0,413.0
3663,2193,55,2,979,0.25,1468.5
3664,2193,46,1,5521,0.25,4140.75
3665,2193,79,2,995,0.15,1691.5
3666,2194,51,1,304,0.0,304.0
3667,2194,61,1,680,0.0,680.0
3668,2194,74,1,745,0.05,707.75
3669,2194,80,1,461,0.0,461.0
3670,2195,72,1,3738,0.05,3551.1
3671,2196,53,2,559,0.1,1006.2
3672,2196,81,2,413,0.25,619.5
3673,2196,71,1,3039,0.2,2431.2
3674,2197,78,1,768,0.05,729.6
3675,2198,63,2,205,0.05,389.5
3676,2199,17,1,2374,0.0,2374.0
3677,2199,15,1,2462,0.25,1846.5
3678,2199,3,3,43339,0.0,130017.0
3679,2200,42,2,635,0.15,1079.5
3680,2201,23,1,2839,0.0,2839.0
3681,2202,60,1,405,0.15,344.25
3682,2202,8,1,38096,0.1,34286.4
3683,2202,7,1,40516,0.15,34438.6
3684,2203,49,1,1101,0.0,1101.0
3685,2203,9,1,37837,0.0,37837.0
3686,2204,41,1,5245,0.0,5245.0
3687,2205,45,1,4158,0.1,3742.2
3688,2205,10,1,38149,0.0,38149.0
3689,2206,45,1,4158,0.0,4158.0
3690,2207,20,1,821,0.2,656.8
3691,2208,35,1,4996,0.0,4996.0
3692,2208,20,1,821,0.15,697.85
3693,2209,31,1,2822,0.0,2822.0
3694,2210,48,1,424,0.0,424.0
3695,2211,35,2,4996,0.15,8493.2
3696,2211,36,1,1992,0.15,1693.2
3697,2212,71,1,3039,0.0,3039.0
3698,2212,58,1,1070,0.15,909.5
3699,2212,47,1,1019,0.15,866.15
3700,2213,55,1,979,0.0,979.0
3701,2213,77,1,3321,0.15,2822.85
3702,2214,71,1,3039,0.0,3039.0
3703,2215,49,1,1101,0.05,1045.95
3704,2215,55,3,979,0.25,2202.75
3705,2216,56,2,613,0.0,1226.0
3706,2216,43,1,865,0.2,692.0
3707,2217,10,2,38149,0.2,61038.4
3708,2217,81,1,413,0.1,371.7
3709,2218,14,1,28329,0.0,28329.0
3710,2218,63,3,205,0.0,615.0
3711,2219,46,2,5521,0.0,11042.0
3712,2220,33,2,3307,0.0,6614.0
3713,2220,60,1,405,0.0,405.0
3714,2221,14,1,28329,0.0,28329.0
3715,2222,47,1,1019,0.25,764.25
3716,2223,84,1,610,0.0,610.0
3717,2224,84,2,610,0.15,1037.0
3718,2225,73,2,556,0.0,1112.0
3719,2226,82,1,541,0.1,486.9
3720,2227,34,1,803,0.15,682.55
3721,2227,42,1,635,0.05,603.25
3722,2227,64,1,302,0.2,241.6
3723,2227,13,1,34766,0.0,34766.0
3724,2228,26,1,546,0.0,546.0
3725,2228,72,1,3738,0.15,3177.3
3726,2228,47,2,1019,0.15,1732.3
3727,2228,1,1,9563,0.15,8128.55
3728,2229,24,2,1087,0.0,2174.0
3729,2230,66,2,1256,0.15,2135.2
3730,2231,59,1,1172,0.0,1172.0
3731,2231,52,1,1758,0.2,1406.4
3732,2232,35,1,4996,0.0,4996.0
3733,2233,77,1,3321,0.1,2988.9
3734,2233,84,1,610,0.0,610.0
3735,2234,31,1,2822,0.1,2539.8
3736,2234,21,1,568,0.0,568.0
3737,2235,54,1,1386,0.0,1386.0
3738,2236,43,1,865,0.0,865.0
3739,2236,38,1,1108,0.2,886.4
3740,2237,35,3,4996,0.05,14238.6
3741,2238,41,1,5245,0.0,5245.0
3742,2238,10,2,38149,0.2,61038.4
3743,2239,46,2,5521,0.0,11042.0
3744,2240,58,3,1070,0.0,3210.0
3745,2241,3,1,43339,0.0,43339.0
3746,2242,24,1,1087,0.0,1087.0
3747,2243,69,3,3850,0.05,10972.5
3748,2244,29,1,2027,0.0,2027.0
3749,2244,79,3,995,0.0,2985.0
3750,2244,8,2,38096,0.0,76192.0
3751,2245,80,1,461,0.25,345.75
3752,2246,56,2,613,0.0,1226.0
3753,2246,53,2,559,0.05,1062.1
3754,2247,68,2,2741,0.25,4111.5
3755,2248,55,1,979,0.25,734.25
3756,2248,8,1,38096,0.0,38096.0
3757,2249,62,1,291,0.0,291.0
3758,2249,41,1,5245,0.0,5245.0
3759,2249,7,1,40516,0.25,30387.0
3760,2249,36,3,1992,0.0,5976.0
3761,2250,49,1,1101,0.1,990.9
3762,2251,45,2,4158,0.05,7900.2
3763,2252,34,1,803,0.0,803.0
3764,2253,30,1,2247,0.05,2134.65
3765,2254,66,2,1256,0.1,2260.8
3766,2254,36,1,1992,0.05,1892.4
3767,2254,79,1,995,0.0,995.0
3768,2255,60,1,405,0.15,344.25
3769,2255,10,2,38149,0.0,76298.0
3770,2256,81,1,413,0.0,413.0
3771,2256,83,2,898,0.2,1436.8
3772,2256,18,2,4367,0.05,8297.3
3773,2256,85,2,128,0.0,256.0
3774,2257,76,1,4344,0.05,4126.8
3775,2258,59,1,1172,0.1,1054.8
3776,2259,71,1,3039,0.05,2887.05
3777,2259,27,1,2689,0.0,2689.0
3778,2260,26,1,546,0.25,409.5
3779,2261,31,1,2822,0.1,2539.8
3780,2262,69,1,3850,0.2,3080.0
3781,2263,29,1,2027,0.05,1925.65
3782,2264,5,2,13447,0.15,22859.9
3783,2264,38,1,1108,0.1,997.2
3784,2265,46,1,5521,0.1,4968.9
3785,2266,74,1,745,0.15,633.25
3786,2266,56,1,613,0.15,521.05
3787,2266,67,2,2736,0.15,4651.2
3788,2267,18,3,4367,0.0,13101.0
3789,2268,22,2,1944,0.0,3888.0
3790,2268,24,1,1087,0.25,815.25
3791,2269,46,2,5521,0.15,9385.7
3792,2269,86,2,441,0.25,661.5
3793,2269,59,1,1172,0.05,1113.4
3794,2270,78,1,768,0.0,768.0
3795,2270,14,1,28329,0.2,22663.2
3796,2270,6,2,41775,0.1,75195.0
3797,2271,73,1,556,0.25,417.0
3798,2272,66,1,1256,0.15,1067.6
3799,2272,39,2,4515,0.0,9030.0
3800,2272,82,1,541,0.0,541.0
3801,2273,56,1,613,0.0,613.0
3802,2273,24,3,1087,0.25,2445.75
3803,2274,9,1,37837,0.2,30269.6
3804,2275,3,1,43339,0.15,36838.15
3805,2275,15,1,2462,0.05,2338.9
3806,2276,51,1,304,0.25,228.0
3807,2277,71,1,3039,0.1,2735.1
3808,2277,64,1,302,0.15,256.7
3809,2277,25,1,2383,0.0,2383.0
3810,2277,56,1,613,0.05,582.35
3811,2278,37,2,375,0.0,750.0
3812,2278,21,1,568,0.05,539.6
3813,2279,67,1,2736,0.25,2052.0
3814,2280,46,2,5521,0.2,8833.6
3815,2281,21,1,568,0.0,568.0
3816,2281,1,2,9563,0.0,19126.0
3817,2282,19,2,41782,0.0,83564.0
3818,2283,19,1,41782,0.0,41782.0
3819,2284,26,2,546,0.25,819.0
3820,2285,85,1,128,0.25,96.0
3821,2285,54,1,1386,0.0,1386.0
3822,2285,79,1,995,0.0,995.0
3823,2285,19,1,41782,0.15,35514.7
3824,2286,60,1,405,0.0,405.0
3825,2286,28,1,1491,0.0,1491.0
3826,2287,84,1,610,0.0,610.0
3827,2287,59,1,1172,0.2,937.6
3828,2288,18,1,4367,0.1,3930.3
3829,2289,24,1,1087,0.25,815.25
3830,2289,86,1,441,0.0,441.0
3831,2290,78,1,768,0.2,614.4
3832,2291,21,2,568,0.05,1079.2
3833,2291,32,1,1197,0.1,1077.3
3834,2292,83,1,898,0.2,718.4
3835,2292,73,2,556,0.0,1112.0
3836,2293,86,1,441,0.15,374.85
3837,2293,3,1,43339,0.25,32504.25
3838,2294,57,1,846,0.0,846.0
3839,2294,84,1,610,0.1,549.0
3840,2295,86,1,441,0.15,374.85
3841,2295,58,2,1070,0.0,2140.0
3842,2296,29,1,2027,0.2,1621.6
3843,2297,28,1,1491,0.0,1491.0
3844,2298,72,1,3738,0.0,3738.0
3845,2299,6,1,41775,0.25,31331.25
3846,2300,4,1,40207,0.2,32165.6
3847,2300,35,1,4996,0.05,4746.2
3848,2300,81,1,413,0.25,309.75
3849,2301,8,1,38096,0.05,36191.2
3850,2302,35,1,4996,0.0,4996.0
3851,2302,1,1,9563,0.05,9084.85
3852,2303,72,1,3738,0.0,3738.0
3853,2303,30,1,2247,0.25,1685.25
3854,2304,84,1,610,0.05,579.5
3855,2305,51,1,304,0.0,304.0
3856,2306,37,1,375,0.15,318.75
3857,2306,62,2,291,0.0,582.0
3858,2307,5,1,13447,0.1,12102.3
3859,2307,85,1,128,0.15,108.8
3860,2307,50,1,798,0.0,798.0
3861,2307,22,1,1944,0.25,1458.0
3862,2308,39,1,4515,0.0,4515.0
3863,2309,43,1,865,0.0,865.0
3864,2309,41,1,5245,0.05,4982.75
3865,2310,5,2,13447,0.05,25549.3
3866,2311,84,1,610,0.2,488.0
3867,2312,13,1,34766,0.2,27812.8
3868,2313,7,1,40516,0.1,36464.4
3869,2313,55,1,979,0.25,734.25
3870,2314,85,1,128,0.15,108.8
3871,2315,70,1,3968,0.25,2976.0
3872,2316,37,2,375,0.25,562.5
3873,2317,9,1,37837,0.0,37837.0
3874,2318,5,1,13447,0.15,11429.95
3875,2319,57,1,846,0.0,846.0
3876,2320,51,1,304,0.0,304.0
3877,2321,40,2,1769,0.05,3361.1
3878,2322,26,1,546,0.2,436.8
3879,2322,50,1,798,0.0,798.0
3880,2322,54,1,1386,0.0,1386.0
3881,2322,7,1,40516,0.1,36464.4
3882,2323,79,1,995,0.0,995.0
3883,2324,45,2,4158,0.05,7900.2
3884,2324,7,1,40516,0.15,34438.6
3885,2325,18,1,4367,0.0,4367.0
3886,2326,82,1,541,0.15,459.85
3887,2326,63,1,205,0.0,205.0
3888,2326,75,1,825,0.15,701.25
3889,2327,6,1,41775,0.05,39686.25
3890,2328,34,2,803,0.15,1365.1
3891,2328,82,1,541,0.0,541.0
3892,2329,70,2,3968,0.1,7142.4
3893,2330,15,1,2462,0.05,2338.9
3894,2331,31,1,2822,0.2,2257.6
3895,2331,47,1,1019,0.15,866.15
3896,2332,76,1,4344,0.2,3475.2
3897,2332,18,2,4367,0.0,8734.0
3898,2333,48,1,424,0.0,424.0
3899,2334,51,1,304,0.0,304.0
3900,2334,50,1,798,0.0,798.0
3901,2335,35,1,4996,0.0,4996.0
3902,2336,72,1,3738,0.0,3738.0
3903,2336,70,1,3968,0.0,3968.0
3904,2337,32,1,1197,0.15,1017.45
3905,2337,60,3,405,0.2,972.0
3906,2338,60,1,405,0.1,364.5
3907,2338,41,1,5245,0.05,4982.75
3908,2339,67,1,2736,0.0,2736.0
3909,2339,10,2,38149,0.15,64853.3
3910,2340,48,1,424,0.0,424.0
3911,2340,17,1,2374,0.0,2374.0
3912,2340,40,1,1769,0.1,1592.1
3913,2341,10,1,38149,0.0,38149.0
3914,2341,46,1,5521,0.0,5521.0
3915,2342,18,1,4367,0.05,4148.65
3916,2343,59,1,1172,0.0,1172.0
3917,2343,22,1,1944,0.1,1749.6
3918,2344,7,2,40516,0.15,68877.2
3919,2344,40,1,1769,0.0,1769.0
3920,2344,55,1,979,0.0,979.0
3921,2345,53,1,559,0.0,559.0
3922,2345,19,1,41782,0.1,37603.8
3923,2346,24,2,1087,0.25,1630.5
3924,2346,86,1,441,0.15,374.85
3925,2347,35,1,4996,0.0,4996.0
3926,2348,22,2,1944,0.0,3888.0
3927,2348,77,1,3321,0.25,2490.75
3928,2349,63,1,205,0.0,205.0
3929,2349,76,1,4344,0.0,4344.0
3930,2350,8,1,38096,0.25,28572.0
3931,2350,43,1,865,0.0,865.0
3932,2350,72,1,3738,0.0,3738.0
3933,2351,82,1,541,0.0,541.0
3934,2351,59,2,1172,0.2,1875.2
3935,2352,74,1,745,0.0,745.0
3936,2353,8,1,38096,0.1,34286.4
3937,2354,64,1,302,0.25,226.5
3938,2354,10,2,38149,0.1,68668.2
3939,2354,62,1,291,0.05,276.45
3940,2355,32,2,1197,0.0,2394.0
3941,2356,62,1,291,0.2,232.8
3942,2357,14,1,28329,0.1,25496.1
3943,2358,44,1,4283,0.25,3212.25
3944,2358,78,2,768,0.0,1536.0
3945,2359,11,2,35726,0.0,71452.0
3946,2360,20,1,821,0.0,821.0
3947,2360,17,1,2374,0.2,1899.2
3948,2360,40,1,1769,0.1,1592.1
3949,2361,28,1,1491,0.2,1192.8
3950,2361,86,1,441,0.2,352.8
3951,2362,46,1,5521,0.0,5521.0
3952,2362,83,1,898,0.2,718.4
3953,2363,68,2,2741,0.25,4111.5
3954,2364,19,1,41782,0.0,41782.0
3955,2365,6,1,41775,0.0,41775.0
3956,2366,38,1,1108,0.0,1108.0
3957,2367,25,2,2383,0.05,4527.7
3958,2367,20,1,821,0.0,821.0
3959,2368,70,1,3968,0.05,3769.6
3960,2369,34,1,803,0.0,803.0
3961,2370,20,2,821,0.0,1642.0
3962,2371,33,2,3307,0.05,6283.3
3963,2372,70,1,3968,0.0,3968.0
3964,2373,13,1,34766,0.0,34766.0
3965,2373,72,1,3738,0.0,3738.0
3966,2374,13,2,34766,0.2,55625.6
3967,2375,74,2,745,0.0,1490.0
3968,2375,25,1,2383,0.1,2144.7
3969,2376,16,1,22376,0.0,22376.0
3970,2377,44,1,4283,0.0,4283.0
3971,2377,30,1,2247,0.15,1909.95
3972,2377,29,1,2027,0.05,1925.65
3973,2377,17,1,2374,0.15,2017.9
3974,2378,66,1,1256,0.2,1004.8
3975,2379,6,1,41775,0.25,31331.25
3976,2380,34,2,803,0.2,1284.8
3977,2380,57,1,846,0.05,803.7
3978,2381,30,2,2247,0.0,4494.0
3979,2382,77,1,3321,0.1,2988.9
3980,2383,17,1,2374,0.05,2255.3
3981,2384,66,2,1256,0.05,2386.4
3982,2385,30,1,2247,0.0,2247.0
3983,2386,75,1,825,0.25,618.75
3984,2387,51,1,304,0.25,228.0
3985,2388,86,1,441,0.1,396.9
3986,2388,29,1,2027,0.2,1621.6
3987,2389,20,1,821,0.0,821.0
3988,2390,74,1,745,0.25,558.75
3989,2390,22,1,1944,0.0,1944.0
3990,2390,27,3,2689,0.05,7663.65
3991,2391,69,1,3850,0.05,3657.5
3992,2392,67,1,2736,0.25,2052.0
3993,2393,39,3,4515,0.0,13545.0
3994,2394,26,1,546,0.25,409.5
3995,2394,69,1,3850,0.1,3465.0
3996,2395,12,1,44912,0.2,35929.6
3997,2396,3,1,43339,0.1,39005.1
3998,2396,72,1,3738,0.05,3551.1
3999,2396,62,1,291,0.05,276.45
4000,2396,35,1,4996,0.1,4496.4
4001,2397,80,1,461,0.1,414.9
4002,2397,11,3,35726,0.2,85742.4
4003,2398,4,1,40207,0.25,30155.25
4004,2398,25,1,2383,0.0,2383.0
4005,2398,86,1,441,0.0,441.0
4006,2399,18,1,4367,0.15,3711.95
4007,2399,30,2,2247,0.15,3819.9
4008,2400,30,2,2247,0.05,4269.3
4009,2400,23,2,2839,0.2,4542.4
4010,2401,66,1,1256,0.25,942.0
4011,2402,86,2,441,0.0,882.0
4012,2403,58,1,1070,0.1,963.0
4013,2403,52,1,1758,0.25,1318.5
4014,2403,74,2,745,0.05,1415.5
4015,2403,62,1,291,0.0,291.0
4016,2404,76,1,4344,0.0,4344.0
4017,2405,34,3,803,0.25,1806.75
4018,2406,46,2,5521,0.2,8833.6
4019,2407,10,2,38149,0.0,76298.0
4020,2408,39,1,4515,0.25,3386.25
4021,2408,44,1,4283,0.2,3426.4
4022,2409,74,2,745,0.25,1117.5
4023,2409,84,1,610,0.1,549.0
4024,2410,43,1,865,0.1,778.5
4025,2411,86,1,441,0.05,418.95
4026,2412,13,1,34766,0.0,34766.0
4027,2413,81,1,413,0.2,330.4
4028,2413,46,1,5521,0.2,4416.8
4029,2413,63,1,205,0.2,164.0
4030,2414,37,1,375,0.2,300.0
4031,2415,51,1,304,0.25,228.0
4032,2416,24,1,1087,0.15,923.95
4033,2417,76,1,4344,0.1,3909.6
4034,2417,33,2,3307,0.1,5952.6
4035,2418,58,2,1070,0.1,1926.0
4036,2419,36,1,1992,0.25,1494.0
4037,2419,39,1,4515,0.0,4515.0
4038,2420,58,1,1070,0.0,1070.0
4039,2420,30,1,2247,0.15,1909.95
4040,2421,49,1,1101,0.15,935.85
4041,2422,50,1,798,0.0,798.0
4042,2422,81,1,413,0.1,371.7
4043,2423,42,1,635,0.0,635.0
4044,2423,60,1,405,0.2,324.0
4045,2423,4,1,40207,0.1,36186.3
4046,2424,11,1,35726,0.25,26794.5
4047,2425,13,1,34766,0.1,31289.4
4048,2426,65,2,564,0.25,846.0
4049,2427,2,1,37224,0.0,37224.0
4050,2427,21,1,568,0.0,568.0
4051,2428,3,1,43339,0.15,36838.15
4052,2429,76,1,4344,0.05,4126.8
4053,2430,61,1,680,0.15,578.0
4054,2431,60,1,405,0.15,344.25
4055,2431,83,1,898,0.0,898.0
4056,2431,85,1,128,0.0,128.0
4057,2432,74,1,745,0.0,745.0
4058,2433,63,1,205,0.25,153.75
4059,2433,17,1,2374,0.15,2017.9
4060,2434,69,1,3850,0.2,3080.0
4061,2434,81,2,413,0.25,619.5
4062,2434,79,1,995,0.0,995.0
4063,2435,51,2,304,0.15,516.8
4064,2435,34,1,803,0.0,803.0
4065,2436,81,1,413,0.1,371.7
4066,2436,75,1,825,0.1,742.5
4067,2437,77,1,3321,0.15,2822.85
4068,2438,44,1,4283,0.05,4068.85
4069,2439,51,1,304,0.0,304.0
4070,2439,38,1,1108,0.15,941.8
4071,2440,61,1,680,0.15,578.0
4072,2440,53,3,559,0.05,1593.15
4073,2441,33,1,3307,0.15,2810.95
4074,2442,1,1,9563,0.0,9563.0
4075,2443,20,1,821,0.05,779.95
4076,2443,2,1,37224,0.2,29779.2
4077,2444,62,2,291,0.1,523.8
4078,2444,43,2,865,0.0,1730.0
4079,2445,85,1,128,0.05,121.6
4080,2445,29,1,2027,0.15,1722.95
4081,2445,65,1,564,0.1,507.6
4082,2445,66,1,1256,0.0,1256.0
4083,2446,12,1,44912,0.0,44912.0
4084,2446,13,1,34766,0.0,34766.0
4085,2446,50,2,798,0.0,1596.0
4086,2447,34,1,803,0.15,682.55
4087,2448,24,1,1087,0.1,978.3
4088,2449,52,1,1758,0.0,1758.0
4089,2450,77,1,3321,0.15,2822.85
4090,2450,44,1,4283,0.15,3640.55
4091,2450,78,1,768,0.25,576.0
4092,2451,39,1,4515,0.2,3612.0
4093,2451,40,1,1769,0.15,1503.65
4094,2451,5,2,13447,0.1,24204.6
4095,2452,17,1,2374,0.1,2136.6
4096,2452,12,1,44912,0.0,44912.0
4097,2453,73,1,556,0.05,528.2
4098,2454,8,2,38096,0.05,72382.4
4099,2455,27,1,2689,0.25,2016.75
4100,2455,3,1,43339,0.15,36838.15
4101,2456,53,1,559,0.0,559.0
4102,2457,85,1,128,0.05,121.6
4103,2457,32,1,1197,0.25,897.75
4104,2457,41,1,5245,0.0,5245.0
4105,2458,52,1,1758,0.1,1582.2
4106,2458,40,1,1769,0.2,1415.2
4107,2459,79,1,995,0.2,796.0
4108,2459,8,1,38096,0.25,28572.0
4109,2460,28,1,1491,0.25,1118.25
4110,2461,83,1,898,0.0,898.0
4111,2462,61,2,680,0.0,1360.0
4112,2462,73,1,556,0.05,528.2
4113,2462,40,1,1769,0.25,1326.75
4114,2463,15,1,2462,0.15,2092.7
4115,2463,50,2,798,0.15,1356.6
4116,2464,29,3,2027,0.25,4560.75
4117,2465,9,2,37837,0.1,68106.6
4118,2465,77,3,3321,0.0,9963.0
4119,2466,65,1,564,0.25,423.0
4120,2467,36,1,1992,0.2,1593.6
4121,2468,44,1,4283,0.2,3426.4
4122,2469,42,1,635,0.0,635.0
4123,2470,46,1,5521,0.15,4692.85
4124,2470,65,2,564,0.0,1128.0
4125,2471,73,1,556,0.05,528.2
4126,2471,29,1,2027,0.2,1621.6
4127,2472,73,1,556,0.25,417.0
4128,2472,33,1,3307,0.0,3307.0
4129,2472,39,1,4515,0.05,4289.25
4130,2473,44,1,4283,0.2,3426.4
4131,2474,48,1,424,0.1,381.6
4132,2475,7,1,40516,0.0,40516.0
4133,2475,30,1,2247,0.05,2134.65
4134,2476,85,1,128,0.0,128.0
4135,2476,33,1,3307,0.25,2480.25
4136,2477,65,1,564,0.1,507.6
4137,2478,83,1,898,0.15,763.3
4138,2479,76,1,4344,0.0,4344.0
4139,2479,52,1,1758,0.0,1758.0
4140,2480,74,1,745,0.0,745.0
4141,2481,9,1,37837,0.0,37837.0
4142,2481,18,1,4367,0.25,3275.25
4143,2482,86,2,441,0.0,882.0
4144,2482,14,3,28329,0.0,84987.0
4145,2483,1,1,9563,0.1,8606.7
4146,2484,24,1,1087,0.15,923.95
4147,2485,52,1,1758,0.2,1406.4
4148,2485,9,1,37837,0.25,28377.75
4149,2485,78,1,768,0.1,691.2
4150,2486,61,1,680,0.1,612.0
4151,2487,31,1,2822,0.2,2257.6
4152,2488,67,1,2736,0.0,2736.0
4153,2489,37,1,375,0.15,318.75
4154,2490,72,1,3738,0.25,2803.5
4155,2490,73,2,556,0.2,889.6
4156,2491,14,1,28329,0.05,26912.55
4157,2491,68,1,2741,0.0,2741.0
4158,2492,48,2,424,0.0,848.0
4159,2493,52,2,1758,0.1,3164.4
4160,2494,15,1,2462,0.0,2462.0
4161,2495,82,1,541,0.05,513.95
4162,2495,22,1,1944,0.0,1944.0
4163,2495,58,1,1070,0.25,802.5
4164,2496,30,2,2247,0.0,4494.0
4165,2496,19,1,41782,0.25,31336.5
4166,2497,85,2,128,0.0,256.0
4167,2498,12,1,44912,0.2,35929.6
4168,2498,65,1,564,0.2,451.2
4169,2499,33,1,3307,0.0,3307.0
4170,2499,7,1,40516,0.0,40516.0
4171,2499,10,1,38149,0.15,32426.65
4172,2499,71,1,3039,0.0,3039.0
4173,2500,10,1,38149,0.0,38149.0
4174,2500,53,1,559,0.15,475.15
4175,2500,43,1,865,0.0,865.0
4176,2501,25,3,2383,0.0,7149.0
4177,2502,38,1,1108,0.0,1108.0
4178,2502,43,3,865,0.15,2205.75
4179,2503,29,1,2027,0.15,1722.95
4180,2504,63,1,205,0.0,205.0
4181,2504,59,1,1172,0.05,1113.4
4182,2505,56,2,613,0.15,1042.1
4183,2505,27,1,2689,0.0,2689.0
4184,2506,81,1,413,0.1,371.7
4185,2506,51,1,304,0.0,304.0
4186,2507,63,1,205,0.05,194.75
4187,2507,36,3,1992,0.05,5677.2
4188,2508,58,1,1070,0.0,1070.0
4189,2509,1,1,9563,0.25,7172.25
4190,2509,5,2,13447,0.0,26894.0
4191,2510,4,2,40207,0.15,68351.9
4192,2511,14,1,28329,0.25,21246.75
4193,2512,56,1,613,0.25,459.75
4194,2513,40,1,1769,0.05,1680.55
4195,2514,47,1,1019,0.2,815.2
4196,2514,30,1,2247,0.05,2134.65
4197,2515,5,1,13447,0.25,10085.25
4198,2515,66,1,1256,0.1,1130.4
4199,2515,74,1,745,0.0,745.0
4200,2515,75,1,825,0.1,742.5
4201,2516,28,1,1491,0.25,1118.25
4202,2516,8,2,38096,0.2,60953.6
4203,2516,4,2,40207,0.0,80414.0
4204,2517,22,1,1944,0.0,1944.0
4205,2517,43,1,865,0.0,865.0
4206,2517,21,1,568,0.0,568.0
4207,2518,31,2,2822,0.0,5644.0
4208,2518,30,1,2247,0.2,1797.6
4209,2519,20,2,821,0.05,1559.9
4210,2519,67,1,2736,0.0,2736.0
4211,2520,12,1,44912,0.05,42666.4
4212,2521,56,2,613,0.25,919.5
4213,2522,44,1,4283,0.2,3426.4
4214,2522,37,1,375,0.0,375.0
4215,2523,32,1,1197,0.0,1197.0
4216,2523,4,3,40207,0.25,90465.75
4217,2523,10,1,38149,0.15,32426.65
4218,2524,67,2,2736,0.0,5472.0
4219,2524,71,1,3039,0.0,3039.0
4220,2524,60,3,405,0.15,1032.75
4221,2524,3,1,43339,0.25,32504.25
4222,2525,68,1,2741,0.15,2329.85
4223,2526,55,1,979,0.25,734.25
4224,2526,72,1,3738,0.0,3738.0
4225,2527,19,2,41782,0.1,75207.6
4226,2528,19,1,41782,0.15,35514.7
4227,2528,47,1,1019,0.1,917.1
4228,2529,42,1,635,0.0,635.0
4229,2529,26,2,546,0.0,1092.0
4230,2530,27,1,2689,0.0,2689.0
4231,2531,82,1,541,0.15,459.85
4232,2531,15,1,2462,0.0,2462.0
4233,2532,9,1,37837,0.2,30269.6
4234,2532,16,1,22376,0.25,16782.0
4235,2533,69,1,3850,0.1,3465.0
4236,2533,65,2,564,0.25,846.0
4237,2534,63,2,205,0.05,389.5
4238,2535,60,1,405,0.05,384.75
4239,2535,14,1,28329,0.25,21246.75
4240,2536,34,1,803,0.25,602.25
4241,2536,78,1,768,0.0,768.0
4242,2537,49,1,1101,0.25,825.75
4243,2537,66,1,1256,0.0,1256.0
4244,2538,57,2,846,0.0,1692.0
4245,2539,7,1,40516,0.1,36464.4
4246,2539,78,1,768,0.05,729.6
4247,2539,74,1,745,0.15,633.25
4248,2539,69,1,3850,0.15,3272.5
4249,2540,6,1,41775,0.25,31331.25
4250,2541,7,2,40516,0.1,72928.8
4251,2542,56,2,613,0.25,919.5
4252,2543,8,2,38096,0.0,76192.0
4253,2544,79,2,995,0.0,1990.0
4254,2544,58,1,1070,0.0,1070.0
4255,2545,47,1,1019,0.0,1019.0
4256,2546,21,1,568,0.0,568.0
4257,2547,83,1,898,0.15,763.3
4258,2547,59,1,1172,0.0,1172.0
4259,2547,54,1,1386,0.0,1386.0
4260,2548,45,1,4158,0.05,3950.1
4261,2548,26,1,546,0.0,546.0
4262,2549,78,1,768,0.0,768.0
4263,2550,47,1,1019,0.05,968.05
4264,2550,63,2,205,0.0,410.0
4265,2551,13,1,34766,0.1,31289.4
4266,2552,34,1,803,0.2,642.4
4267,2553,1,3,9563,0.15,24385.65
4268,2554,64,1,302,0.0,302.0
4269,2555,59,2,1172,0.15,1992.4
4270,2556,17,1,2374,0.0,2374.0
4271,2556,4,1,40207,0.0,40207.0
4272,2557,69,1,3850,0.1,3465.0
4273,2557,6,1,41775,0.1,37597.5
4274,2558,45,2,4158,0.15,7068.6
4275,2559,59,2,1172,0.0,2344.0
4276,2560,78,1,768,0.1,691.2
4277,2560,77,1,3321,0.2,2656.8
4278,2561,80,1,461,0.0,461.0
4279,2561,36,2,1992,0.0,3984.0
4280,2562,66,1,1256,0.1,1130.4
4281,2562,7,1,40516,0.0,40516.0
4282,2562,11,3,35726,0.15,91101.3
4283,2563,41,1,5245,0.0,5245.0
4284,2563,72,1,3738,0.0,3738.0
4285,2563,5,1,13447,0.15,11429.95
4286,2564,84,3,610,0.0,1830.0
4287,2564,23,1,2839,0.1,2555.1
4288,2564,60,1,405,0.2,324.0
4289,2565,77,1,3321,0.1,2988.9
4290,2566,78,1,768,0.0,768.0
4291,2567,18,1,4367,0.25,3275.25
4292,2568,16,1,22376,0.15,19019.6
4293,2569,41,2,5245,0.15,8916.5
4294,2569,42,2,635,0.0,1270.0
4295,2570,29,1,2027,0.2,1621.6
4296,2571,53,1,559,0.0,559.0
4297,2571,68,1,2741,0.2,2192.8
4298,2572,2,1,37224,0.0,37224.0
4299,2572,15,2,2462,0.05,4677.8
4300,2573,16,1,22376,0.2,17900.8
4301,2573,38,1,1108,0.25,831.0
4302,2573,57,2,846,0.0,1692.0
4303,2574,4,2,40207,0.05,76393.3
4304,2574,72,1,3738,0.15,3177.3
4305,2574,75,1,825,0.0,825.0
4306,2575,63,1,205,0.0,205.0
4307,2576,76,1,4344,0.1,3909.6
4308,2577,84,1,610,0.15,518.5
4309,2577,59,1,1172,0.2,937.6
4310,2577,16,1,22376,0.2,17900.8
4311,2578,7,2,40516,0.15,68877.2
4312,2578,53,1,559,0.1,503.1
4313,2579,65,1,564,0.15,479.4
4314,2579,62,1,291,0.05,276.45
4315,2579,77,1,3321,0.15,2822.85
4316,2580,58,1,1070,0.0,1070.0
4317,2581,50,3,798,0.2,1915.2
4318,2581,65,1,564,0.15,479.4
4319,2582,14,2,28329,0.0,56658.0
4320,2583,1,2,9563,0.0,19126.0
4321,2584,37,1,375,0.0,375.0
4322,2585,6,1,41775,0.1,37597.5
4323,2585,2,1,37224,0.15,31640.4
4324,2586,44,1,4283,0.05,4068.85
4325,2587,30,3,2247,0.0,6741.0
4326,2588,44,1,4283,0.15,3640.55
4327,2589,36,1,1992,0.0,1992.0
4328,2590,56,1,613,0.0,613.0
4329,2591,14,1,28329,0.0,28329.0
4330,2592,41,1,5245,0.05,4982.75
4331,2593,33,1,3307,0.0,3307.0
4332,2593,52,3,1758,0.1,4746.6
4333,2593,18,1,4367,0.1,3930.3
4334,2594,77,1,3321,0.15,2822.85
4335,2595,52,1,1758,0.05,1670.1
4336,2596,25,1,2383,0.25,1787.25
4337,2597,49,1,1101,0.25,825.75
4338,2597,4,1,40207,0.0,40207.0
4339,2597,29,1,2027,0.0,2027.0
4340,2597,55,1,979,0.25,734.25
4341,2598,57,2,846,0.05,1607.4
4342,2598,34,1,803,0.25,602.25
4343,2598,9,1,37837,0.0,37837.0
4344,2599,66,1,1256,0.1,1130.4
4345,2599,19,1,41782,0.05,39692.9
4346,2600,51,1,304,0.0,304.0
4347,2601,11,1,35726,0.2,28580.8
4348,2601,78,2,768,0.0,1536.0
4349,2602,77,2,3321,0.0,6642.0
4350,2602,9,2,37837,0.15,64322.9
4351,2603,67,1,2736,0.05,2599.2
4352,2603,41,1,5245,0.25,3933.75
4353,2604,8,2,38096,0.0,76192.0
4354,2604,83,1,898,0.0,898.0
4355,2604,2,1,37224,0.0,37224.0
4356,2605,55,1,979,0.15,832.15
4357,2605,34,1,803,0.05,762.85
4358,2606,46,1,5521,0.2,4416.8
4359,2607,32,2,1197,0.0,2394.0
4360,2607,8,1,38096,0.0,38096.0
4361,2608,4,2,40207,0.0,80414.0
4362,2608,42,2,635,0.1,1143.0
4363,2609,48,1,424,0.25,318.0
4364,2610,66,1,1256,0.2,1004.8
4365,2610,18,1,4367,0.2,3493.6
4366,2610,75,1,825,0.1,742.5
4367,2610,70,1,3968,0.2,3174.4
4368,2611,10,1,38149,0.0,38149.0
4369,2612,35,1,4996,0.25,3747.0
4370,2613,62,1,291,0.2,232.8
4371,2614,50,2,798,0.0,1596.0
4372,2615,61,1,680,0.0,680.0
4373,2616,48,1,424,0.05,402.8
4374,2616,64,1,302,0.2,241.6
4375,2616,55,2,979,0.1,1762.2
4376,2617,75,2,825,0.0,1650.0
4377,2617,62,1,291,0.0,291.0
4378,2618,47,1,1019,0.25,764.25
4379,2619,70,1,3968,0.15,3372.8
4380,2620,4,1,40207,0.15,34175.95
4381,2621,58,1,1070,0.0,1070.0
4382,2621,21,1,568,0.0,568.0
4383,2621,34,1,803,0.05,762.85
4384,2622,30,1,2247,0.0,2247.0
4385,2622,51,1,304,0.2,243.2
4386,2622,5,2,13447,0.25,20170.5
4387,2622,8,1,38096,0.05,36191.2
4388,2623,63,1,205,0.2,164.0
4389,2624,62,1,291,0.0,291.0
4390,2625,7,2,40516,0.0,81032.0
4391,2625,56,1,613,0.0,613.0
4392,2626,6,2,41775,0.1,75195.0
4393,2626,25,3,2383,0.0,7149.0
4394,2627,70,1,3968,0.05,3769.6
4395,2627,81,2,413,0.15,702.1
4396,2628,67,1,2736,0.0,2736.0
4397,2628,12,1,44912,0.25,33684.0
4398,2628,64,2,302,0.15,513.4
4399,2629,69,1,3850,0.1,3465.0
4400,2630,84,1,610,0.0,610.0
4401,2631,67,1,2736,0.1,2462.4
4402,2632,33,2,3307,0.25,4960.5
4403,2632,62,1,291,0.05,276.45
4404,2633,5,1,13447,0.0,13447.0
4405,2634,3,2,43339,0.15,73676.3
4406,2635,76,1,4344,0.05,4126.8
4407,2635,74,1,745,0.1,670.5
4408,2635,77,1,3321,0.25,2490.75
4409,2636,65,1,564,0.1,507.6
4410,2636,29,1,2027,0.2,1621.6
4411,2637,41,1,5245,0.1,4720.5
4412,2638,1,2,9563,0.2,15300.8
4413,2639,1,2,9563,0.15,16257.1
4414,2640,23,1,2839,0.25,2129.25
4415,2640,28,1,1491,0.1,1341.9
4416,2641,5,1,13447,0.0,13447.0
4417,2641,43,1,865,0.05,821.75
4418,2641,40,1,1769,0.0,1769.0
4419,2642,13,1,34766,0.0,34766.0
4420,2642,53,1,559,0.2,447.2
4421,2643,9,3,37837,0.0,113511.0
4422,2644,50,1,798,0.1,718.2
4423,2644,4,1,40207,0.15,34175.95
4424,2645,62,1,291,0.25,218.25
4425,2645,85,2,128,0.0,256.0
4426,2645,66,1,1256,0.05,1193.2
4427,2646,83,1,898,0.0,898.0
4428,2647,55,1,979,0.15,832.15
4429,2647,9,1,37837,0.0,37837.0
4430,2648,49,2,1101,0.1,1981.8
4431,2649,58,1,1070,0.25,802.5
4432,2649,45,1,4158,0.15,3534.3
4433,2649,43,1,865,0.0,865.0
4434,2650,23,1,2839,0.0,2839.0
4435,2651,51,1,304,0.05,288.8
4436,2652,71,1,3039,0.1,2735.1
4437,2653,81,1,413,0.0,413.0
4438,2653,37,1,375,0.2,300.0
4439,2653,1,1,9563,0.0,9563.0
4440,2654,53,1,559,0.0,559.0
4441,2654,13,2,34766,0.0,69532.0
4442,2655,39,1,4515,0.0,4515.0
4443,2655,32,1,1197,0.05,1137.15
4444,2656,11,1,35726,0.25,26794.5
4445,2656,31,2,2822,0.0,5644.0
4446,2656,48,1,424,0.25,318.0
4447,2657,23,1,2839,0.0,2839.0
4448,2657,53,2,559,0.0,1118.0
4449,2657,57,2,846,0.1,1522.8
4450,2658,50,2,798,0.0,1596.0
4451,2658,20,1,821,0.2,656.8
4452,2658,4,1,40207,0.15,34175.95
4453,2659,6,1,41775,0.15,35508.75
4454,2659,28,1,1491,0.0,1491.0
4455,2659,76,1,4344,0.0,4344.0
4456,2660,35,1,4996,0.0,4996.0
4457,2660,40,1,1769,0.2,1415.2
4458,2661,82,2,541,0.05,1027.9
4459,2662,63,2,205,0.0,410.0
4460,2662,24,1,1087,0.2,869.6
4461,2663,51,1,304,0.2,243.2
4462,2663,30,1,2247,0.0,2247.0
4463,2663,4,1,40207,0.2,32165.6
4464,2664,18,1,4367,0.2,3493.6
4465,2664,69,1,3850,0.2,3080.0
4466,2664,41,1,5245,0.0,5245.0
4467,2664,62,3,291,0.1,785.7
4468,2665,62,1,291,0.25,218.25
4469,2665,37,1,375,0.0,375.0
4470,2666,33,1,3307,0.0,3307.0
4471,2667,27,1,2689,0.05,2554.55
4472,2668,44,1,4283,0.2,3426.4
4473,2668,22,2,1944,0.0,3888.0
4474,2669,29,2,2027,0.0,4054.0
4475,2669,26,1,546,0.2,436.8
4476,2669,53,2,559,0.0,1118.0
4477,2669,17,3,2374,0.0,7122.0
4478,2670,54,1,1386,0.0,1386.0
4479,2671,76,1,4344,0.0,4344.0
4480,2672,64,1,302,0.05,286.9
4481,2672,21,2,568,0.1,1022.4
4482,2673,17,1,2374,0.15,2017.9
4483,2673,6,1,41775,0.1,37597.5
4484,2674,19,2,41782,0.0,83564.0
4485,2674,85,1,128,0.0,128.0
4486,2675,42,1,635,0.25,476.25
4487,2676,82,3,541,0.1,1460.7
4488,2676,67,1,2736,0.25,2052.0
4489,2677,25,1,2383,0.15,2025.55
4490,2678,61,1,680,0.15,578.0
4491,2678,60,2,405,0.2,648.0
4492,2679,27,1,2689,0.0,2689.0
4493,2680,77,1,3321,0.25,2490.75
4494,2681,16,1,22376,0.05,21257.2
4495,2682,78,1,768,0.15,652.8
4496,2682,72,1,3738,0.0,3738.0
4497,2683,56,1,613,0.1,551.7
4498,2684,2,1,37224,0.25,27918.0
4499,2684,3,1,43339,0.2,34671.2
4500,2685,86,1,441,0.0,441.0
4501,2686,20,1,821,0.25,615.75
4502,2686,7,2,40516,0.2,64825.6
4503,2687,7,1,40516,0.0,40516.0
4504,2688,74,2,745,0.0,1490.0
4505,2688,48,1,424,0.0,424.0
4506,2688,38,1,1108,0.25,831.0
4507,2689,15,1,2462,0.1,2215.8
4508,2690,37,1,375,0.0,375.0
4509,2691,41,2,5245,0.1,9441.0
4510,2692,84,3,610,0.05,1738.5
4511,2693,10,1,38149,0.05,36241.55
4512,2694,47,2,1019,0.1,1834.2
4513,2695,29,1,2027,0.0,2027.0
4514,2696,49,1,1101,0.25,825.75
4515,2697,13,3,34766,0.05,99083.1
4516,2697,85,1,128,0.25,96.0
4517,2697,68,1,2741,0.0,2741.0
4518,2698,60,1,405,0.05,384.75
4519,2698,22,2,1944,0.15,3304.8
4520,2698,23,1,2839,0.2,2271.2
4521,2699,23,1,2839,0.0,2839.0
4522,2700,81,1,413,0.0,413.0
4523,2701,63,2,205,0.0,410.0
4524,2702,10,3,38149,0.0,114447.0
4525,2702,18,2,4367,0.0,8734.0
4526,2703,73,1,556,0.0,556.0
4527,2703,41,2,5245,0.05,9965.5
4528,2704,84,2,610,0.15,1037.0
4529,2705,28,2,1491,0.1,2683.8
4530,2706,16,1,22376,0.05,21257.2
4531,2707,73,1,556,0.0,556.0
4532,2708,24,1,1087,0.1,978.3
4533,2709,30,1,2247,0.15,1909.95
4534,2710,33,1,3307,0.05,3141.65
4535,2710,22,2,1944,0.0,3888.0
4536,2711,43,1,865,0.05,821.75
4537,2712,41,1,5245,0.15,4458.25
4538,2712,39,1,4515,0.05,4289.25
4539,2713,69,1,3850,0.2,3080.0
4540,2714,22,1,1944,0.0,1944.0
4541,2715,53,2,559,0.05,1062.1
4542,2716,39,1,4515,0.0,4515.0
4543,2717,62,1,291,0.05,276.45
4544,2717,10,1,38149,0.2,30519.2
4545,2717,3,1,43339,0.15,36838.15
4546,2718,5,1,13447,0.0,13447.0
4547,2718,81,1,413,0.0,413.0
4548,2718,79,1,995,0.0,995.0
4549,2719,48,1,424,0.25,318.0
4550,2719,75,1,825,0.0,825.0
4551,2720,80,1,461,0.0,461.0
4552,2720,60,1,405,0.2,324.0
4553,2720,43,2,865,0.15,1470.5
4554,2721,23,1,2839,0.05,2697.05
4555,2722,49,1,1101,0.2,880.8
4556,2722,14,1,28329,0.1,25496.1
4557,2723,3,2,43339,0.25,65008.5
4558,2724,82,2,541,0.25,811.5
4559,2724,50,2,798,0.15,1356.6
4560,2725,34,1,803,0.0,803.0
4561,2725,24,1,1087,0.0,1087.0
4562,2726,35,1,4996,0.25,3747.0
4563,2726,77,2,3321,0.15,5645.7
4564,2726,26,1,546,0.15,464.1
4565,2727,33,1,3307,0.05,3141.65
4566,2727,28,1,1491,0.2,1192.8
4567,2727,49,1,1101,0.05,1045.95
4568,2727,75,1,825,0.1,742.5
4569,2728,27,1,2689,0.05,2554.55
4570,2729,56,2,613,0.15,1042.1
4571,2729,65,1,564,0.25,423.0
4572,2729,84,1,610,0.2,488.0
4573,2729,77,1,3321,0.15,2822.85
4574,2730,24,2,1087,0.05,2065.3
4575,2730,55,1,979,0.25,734.25
4576,2731,58,1,1070,0.0,1070.0
4577,2732,18,1,4367,0.15,3711.95
4578,2733,65,1,564,0.0,564.0
4579,2734,54,1,1386,0.25,1039.5
4580,2735,37,1,375,0.0,375.0
4581,2735,33,1,3307,0.05,3141.65
4582,2736,22,1,1944,0.1,1749.6
4583,2736,26,1,546,0.0,546.0
4584,2737,74,2,745,0.05,1415.5
4585,2737,60,1,405,0.25,303.75
4586,2738,35,3,4996,0.25,11241.0
4587,2739,69,1,3850,0.05,3657.5
4588,2740,63,2,205,0.15,348.5
4589,2741,74,1,745,0.0,745.0
4590,2742,65,2,564,0.25,846.0
4591,2743,46,1,5521,0.0,5521.0
4592,2743,50,1,798,0.0,798.0
4593,2744,21,1,568,0.2,454.4
4594,2745,71,1,3039,0.2,2431.2
4595,2745,86,1,441,0.0,441.0
4596,2745,40,3,1769,0.2,4245.6
4597,2745,35,1,4996,0.2,3996.8
4598,2746,45,2,4158,0.05,7900.2
4599,2746,55,1,979,0.15,832.15
4600,2746,77,1,3321,0.2,2656.8
4601,2746,24,1,1087,0.15,923.95
4602,2747,4,1,40207,0.05,38196.65
4603,2747,46,2,5521,0.05,10489.9
4604,2748,23,1,2839,0.0,2839.0
4605,2749,29,2,2027,0.0,4054.0
4606,2749,36,2,1992,0.0,3984.0
4607,2750,25,1,2383,0.0,2383.0
4608,2751,76,2,4344,0.05,8253.6
4609,2752,1,1,9563,0.0,9563.0
4610,2753,25,1,2383,0.05,2263.85
4611,2754,20,1,821,0.0,821.0
4612,2754,37,1,375,0.0,375.0
4613,2755,81,1,413,0.1,371.7
4614,2756,61,1,680,0.0,680.0
4615,2757,28,3,1491,0.0,4473.0
4616,2758,34,1,803,0.1,722.7
4617,2759,82,2,541,0.05,1027.9
4618,2760,54,1,1386,0.2,1108.8
4619,2760,50,1,798,0.0,798.0
4620,2760,43,1,865,0.05,821.75
4621,2761,33,2,3307,0.0,6614.0
4622,2761,52,1,1758,0.2,1406.4
4623,2762,11,1,35726,0.2,28580.8
4624,2763,11,1,35726,0.2,28580.8
4625,2763,83,1,898,0.0,898.0
4626,2764,36,2,1992,0.2,3187.2
4627,2765,84,1,610,0.0,610.0
4628,2766,11,1,35726,0.15,30367.1
4629,2766,27,1,2689,0.0,2689.0
4630,2767,84,1,610,0.15,518.5
4631,2767,73,1,556,0.15,472.6
4632,2768,54,1,1386,0.25,1039.5
4633,2769,62,1,291,0.0,291.0
4634,2769,24,1,1087,0.05,1032.65
4635,2770,82,1,541,0.15,459.85
4636,2771,9,1,37837,0.25,28377.75
4637,2772,28,1,1491,0.0,1491.0
4638,2773,61,1,680,0.2,544.0
4639,2774,41,1,5245,0.15,4458.25
4640,2775,8,1,38096,0.0,38096.0
4641,2776,38,1,1108,0.2,886.4
4642,2776,41,2,5245,0.2,8392.0
4643,2777,31,1,2822,0.1,2539.8
4644,2777,8,1,38096,0.0,38096.0
4645,2778,78,2,768,0.15,1305.6
4646,2778,19,1,41782,0.25,31336.5
4647,2779,65,1,564,0.2,451.2
4648,2780,60,1,405,0.0,405.0
4649,2781,62,1,291,0.15,247.35
4650,2781,65,3,564,0.1,1522.8
4651,2782,9,1,37837,0.15,32161.45
4652,2783,59,1,1172,0.25,879.0
4653,2783,13,1,34766,0.25,26074.5
4654,2784,19,1,41782,0.0,41782.0
4655,2784,86,1,441,0.1,396.9
4656,2785,2,2,37224,0.1,67003.2
4657,2785,54,2,1386,0.1,2494.8
4658,2786,50,1,798,0.2,638.4
4659,2786,30,2,2247,0.15,3819.9
4660,2787,66,1,1256,0.2,1004.8
4661,2787,17,1,2374,0.0,2374.0
4662,2788,54,2,1386,0.0,2772.0
4663,2788,52,1,1758,0.0,1758.0
4664,2788,57,1,846,0.05,803.7
4665,2789,15,1,2462,0.05,2338.9
4666,2790,20,2,821,0.2,1313.6
4667,2791,84,1,610,0.0,610.0
4668,2792,58,1,1070,0.1,963.0
4669,2793,58,1,1070,0.1,963.0
4670,2794,28,1,1491,0.0,1491.0
4671,2795,9,1,37837,0.0,37837.0
4672,2796,64,1,302,0.25,226.5
4673,2796,60,1,405,0.0,405.0
4674,2797,50,1,798,0.0,798.0
4675,2798,23,1,2839,0.15,2413.15
4676,2798,70,3,3968,0.0,11904.0
4677,2799,69,1,3850,0.2,3080.0
4678,2800,56,2,613,0.1,1103.4
4679,2800,32,1,1197,0.0,1197.0
4680,2800,29,3,2027,0.0,6081.0
4681,2800,86,2,441,0.2,705.6
4682,2801,12,1,44912,0.2,35929.6
4683,2802,75,2,825,0.0,1650.0
4684,2803,60,1,405,0.0,405.0
4685,2803,57,1,846,0.0,846.0
4686,2803,16,1,22376,0.0,22376.0
4687,2804,56,1,613,0.0,613.0
4688,2805,4,3,40207,0.05,114589.95
4689,2805,78,1,768,0.0,768.0
4690,2806,59,1,1172,0.0,1172.0
4691,2806,60,1,405,0.25,303.75
4692,2807,20,2,821,0.0,1642.0
4693,2808,33,1,3307,0.2,2645.6
4694,2808,24,1,1087,0.25,815.25
4695,2808,81,1,413,0.25,309.75
4696,2809,60,1,405,0.0,405.0
4697,2809,66,1,1256,0.15,1067.6
4698,2809,65,1,564,0.1,507.6
4699,2809,76,1,4344,0.15,3692.4
4700,2810,53,1,559,0.15,475.15
4701,2811,37,1,375,0.05,356.25
4702,2811,4,1,40207,0.2,32165.6
4703,2812,8,1,38096,0.0,38096.0
4704,2812,72,1,3738,0.1,3364.2
4705,2813,59,1,1172,0.2,937.6
4706,2813,39,1,4515,0.2,3612.0
4707,2813,33,1,3307,0.0,3307.0
4708,2814,54,1,1386,0.25,1039.5
4709,2814,32,1,1197,0.0,1197.0
4710,2814,41,2,5245,0.0,10490.0
4711,2815,6,1,41775,0.1,37597.5
4712,2815,1,2,9563,0.0,19126.0
4713,2816,35,1,4996,0.05,4746.2
4714,2816,3,1,43339,0.15,36838.15
4715,2816,24,1,1087,0.0,1087.0
4716,2816,40,2,1769,0.05,3361.1
4717,2817,27,2,2689,0.15,4571.3
4718,2818,11,1,35726,0.0,35726.0
4719,2818,7,1,40516,0.0,40516.0
4720,2819,77,1,3321,0.25,2490.75
4721,2819,82,2,541,0.0,1082.0
4722,2819,5,2,13447,0.25,20170.5
4723,2820,26,1,546,0.0,546.0
4724,2820,75,1,825,0.2,660.0
4725,2820,20,1,821,0.0,821.0
4726,2820,9,1,37837,0.05,35945.15
4727,2821,63,2,205,0.15,348.5
4728,2821,65,1,564,0.0,564.0
4729,2822,32,1,1197,0.15,1017.45
4730,2822,10,1,38149,0.05,36241.55
4731,2822,16,1,22376,0.25,16782.0
4732,2823,31,1,2822,0.2,2257.6
4733,2824,29,2,2027,0.05,3851.3
4734,2825,65,1,564,0.0,564.0
4735,2826,60,1,405,0.0,405.0
4736,2826,5,1,13447,0.0,13447.0
4737,2827,27,1,2689,0.0,2689.0
4738,2827,36,1,1992,0.15,1693.2
4739,2828,66,2,1256,0.0,2512.0
4740,2828,3,1,43339,0.0,43339.0
4741,2829,10,1,38149,0.0,38149.0
4742,2829,65,1,564,0.05,535.8
4743,2830,21,1,568,0.25,426.0
4744,2830,86,1,441,0.15,374.85
4745,2830,41,1,5245,0.15,4458.25
4746,2831,71,2,3039,0.1,5470.2
4747,2832,4,1,40207,0.15,34175.95
4748,2832,40,1,1769,0.0,1769.0
4749,2833,67,1,2736,0.0,2736.0
4750,2833,10,1,38149,0.15,32426.65
4751,2833,15,1,2462,0.0,2462.0
4752,2834,44,1,4283,0.2,3426.4
4753,2834,40,1,1769,0.0,1769.0
4754,2835,12,2,44912,0.2,71859.2
4755,2836,21,1,568,0.05,539.6
4756,2836,14,1,28329,0.1,25496.1
4757,2836,10,1,38149,0.15,32426.65
4758,2837,13,2,34766,0.15,59102.2
4759,2837,52,1,1758,0.05,1670.1
4760,2838,31,3,2822,0.0,8466.0
4761,2839,28,1,1491,0.1,1341.9
4762,2840,66,1,1256,0.0,1256.0
4763,2841,69,2,3850,0.2,6160.0
4764,2841,57,1,846,0.15,719.1
4765,2841,64,1,302,0.25,226.5
4766,2841,40,2,1769,0.0,3538.0
4767,2842,46,1,5521,0.2,4416.8
4768,2843,71,1,3039,0.15,2583.15
4769,2844,41,1,5245,0.25,3933.75
4770,2845,64,1,302,0.05,286.9
4771,2846,80,1,461,0.1,414.9
4772,2846,8,1,38096,0.15,32381.6
4773,2847,72,2,3738,0.05,7102.2
4774,2848,13,1,34766,0.15,29551.1
4775,2849,1,1,9563,0.15,8128.55
4776,2850,55,2,979,0.0,1958.0
4777,2850,34,1,803,0.2,642.4
4778,2850,32,2,1197,0.05,2274.3
4779,2850,53,1,559,0.2,447.2
4780,2851,65,2,564,0.05,1071.6
4781,2852,66,1,1256,0.0,1256.0
4782,2853,49,1,1101,0.2,880.8
4783,2853,30,2,2247,0.25,3370.5
4784,2853,12,2,44912,0.1,80841.6
4785,2854,18,1,4367,0.2,3493.6
4786,2854,4,1,40207,0.0,40207.0
4787,2855,42,1,635,0.2,508.0
4788,2856,65,1,564,0.0,564.0
4789,2857,51,1,304,0.25,228.0
4790,2857,84,1,610,0.0,610.0
4791,2858,65,1,564,0.15,479.4
4792,2858,61,1,680,0.05,646.0
4793,2858,22,2,1944,0.0,3888.0
4794,2858,56,1,613,0.0,613.0
4795,2859,1,1,9563,0.25,7172.25
4796,2860,2,1,37224,0.0,37224.0
4797,2860,60,1,405,0.1,364.5
4798,2861,19,1,41782,0.0,41782.0
4799,2862,81,1,413,0.15,351.05
4800,2863,36,3,1992,0.0,5976.0
4801,2864,60,1,405,0.0,405.0
4802,2864,64,1,302,0.0,302.0
4803,2865,74,1,745,0.2,596.0
4804,2865,72,1,3738,0.05,3551.1
4805,2865,5,1,13447,0.1,12102.3
4806,2866,60,2,405,0.1,729.0
4807,2867,8,1,38096,0.1,34286.4
4808,2868,68,1,2741,0.0,2741.0
4809,2868,31,1,2822,0.0,2822.0
4810,2869,22,1,1944,0.15,1652.4
4811,2870,55,1,979,0.25,734.25
4812,2871,73,2,556,0.0,1112.0
4813,2871,55,1,979,0.0,979.0
4814,2872,54,1,1386,0.0,1386.0
4815,2872,26,1,546,0.25,409.5
4816,2872,75,1,825,0.2,660.0
4817,2873,76,1,4344,0.15,3692.4
4818,2874,72,1,3738,0.1,3364.2
4819,2874,36,1,1992,0.0,1992.0
4820,2874,46,2,5521,0.0,11042.0
4821,2875,32,1,1197,0.1,1077.3
4822,2876,82,2,541,0.2,865.6
4823,2876,63,1,205,0.15,174.25
4824,2876,45,1,4158,0.0,4158.0
4825,2877,32,1,1197,0.05,1137.15
4826,2878,79,1,995,0.1,895.5
4827,2879,26,1,546,0.05,518.7
4828,2879,51,1,304,0.25,228.0
4829,2880,37,2,375,0.05,712.5
4830,2880,40,1,1769,0.0,1769.0
4831,2880,49,2,1101,0.0,2202.0
4832,2881,70,3,3968,0.25,8928.0
4833,2882,40,1,1769,0.2,1415.2
4834,2883,47,1,1019,0.2,815.2
4835,2883,62,1,291,0.15,247.35
4836,2884,2,1,37224,0.25,27918.0
4837,2885,57,1,846,0.15,719.1
4838,2885,10,1,38149,0.2,30519.2
4839,2886,24,1,1087,0.2,869.6
4840,2887,85,1,128,0.0,128.0
4841,2888,9,1,37837,0.15,32161.45
4842,2888,50,1,798,0.1,718.2
4843,2888,72,1,3738,0.0,3738.0
4844,2889,43,1,865,0.0,865.0
4845,2890,70,2,3968,0.05,7539.2
4846,2891,66,1,1256,0.0,1256.0
4847,2892,49,1,1101,0.0,1101.0
4848,2892,10,1,38149,0.0,38149.0
4849,2892,70,1,3968,0.0,3968.0
4850,2893,40,2,1769,0.0,3538.0
4851,2894,58,1,1070,0.1,963.0
4852,2895,54,1,1386,0.25,1039.5
4853,2896,42,1,635,0.25,476.25
4854,2897,83,1,898,0.15,763.3
4855,2898,43,3,865,0.05,2465.25
4856,2898,5,1,13447,0.1,12102.3
4857,2899,22,1,1944,0.05,1846.8
4858,2900,33,1,3307,0.2,2645.6
4859,2900,13,1,34766,0.0,34766.0
4860,2901,46,1,5521,0.05,5244.95
4861,2901,22,2,1944,0.0,3888.0
4862,2902,26,2,546,0.25,819.0
4863,2903,43,2,865,0.0,1730.0
4864,2903,54,2,1386,0.25,2079.0
4865,2904,75,1,825,0.0,825.0
4866,2904,57,1,846,0.0,846.0
4867,2904,24,1,1087,0.25,815.25
4868,2905,6,1,41775,0.0,41775.0
4869,2905,28,1,1491,0.15,1267.35
4870,2906,24,1,1087,0.1,978.3
4871,2906,85,1,128,0.0,128.0
4872,2906,18,1,4367,0.1,3930.3
4873,2907,26,3,546,0.1,1474.2
4874,2907,54,1,1386,0.0,1386.0
4875,2908,45,1,4158,0.15,3534.3
4876,2909,45,2,4158,0.15,7068.6
4877,2909,37,1,375,0.25,281.25
4878,2909,84,1,610,0.2,488.0
4879,2910,18,2,4367,0.0,8734.0
4880,2910,75,3,825,0.05,2351.25
4881,2911,35,1,4996,0.25,3747.0
4882,2911,20,1,821,0.2,656.8
4883,2912,31,1,2822,0.05,2680.9
4884,2913,56,1,613,0.15,521.05
4885,2914,64,1,302,0.0,302.0
4886,2914,77,1,3321,0.0,3321.0
4887,2914,14,2,28329,0.05,53825.1
4888,2915,27,1,2689,0.0,2689.0
4889,2916,13,1,34766,0.05,33027.7
4890,2916,76,1,4344,0.0,4344.0
4891,2917,13,1,34766,0.0,34766.0
4892,2917,32,1,1197,0.05,1137.15
4893,2917,79,2,995,0.0,1990.0
4894,2918,78,1,768,0.05,729.6
4895,2918,66,1,1256,0.0,1256.0
4896,2919,51,2,304,0.15,516.8
4897,2919,78,1,768,0.15,652.8
4898,2920,65,2,564,0.05,1071.6
4899,2920,48,1,424,0.0,424.0
4900,2920,42,1,635,0.05,603.25
4901,2921,39,1,4515,0.1,4063.5
4902,2922,55,1,979,0.2,783.2
4903,2923,66,2,1256,0.15,2135.2
4904,2924,17,1,2374,0.05,2255.3
4905,2925,36,1,1992,0.05,1892.4
4906,2925,34,1,803,0.0,803.0
4907,2925,10,2,38149,0.25,57223.5
4908,2926,38,2,1108,0.05,2105.2
4909,2927,26,1,546,0.0,546.0
4910,2927,36,1,1992,0.0,1992.0
4911,2927,82,1,541,0.0,541.0
4912,2928,71,2,3039,0.1,5470.2
4913,2929,49,1,1101,0.05,1045.95
4914,2929,5,2,13447,0.0,26894.0
4915,2929,23,1,2839,0.0,2839.0
4916,2929,60,1,405,0.0,405.0
4917,2930,75,1,825,0.15,701.25
4918,2930,31,2,2822,0.1,5079.6
4919,2930,38,1,1108,0.0,1108.0
4920,2930,30,1,2247,0.15,1909.95
4921,2931,32,1,1197,0.0,1197.0
4922,2931,56,1,613,0.2,490.4
4923,2932,60,1,405,0.0,405.0
4924,2933,80,1,461,0.15,391.85
4925,2933,34,1,803,0.0,803.0
4926,2934,66,1,1256,0.1,1130.4
4927,2934,49,1,1101,0.25,825.75
4928,2935,51,1,304,0.05,288.8
4929,2935,2,2,37224,0.05,70725.6
4930,2935,7,1,40516,0.1,36464.4
4931,2936,33,1,3307,0.15,2810.95
4932,2936,24,1,1087,0.05,1032.65
4933,2937,22,1,1944,0.05,1846.8
4934,2938,20,1,821,0.1,738.9
4935,2938,6,1,41775,0.0,41775.0
4936,2939,49,1,1101,0.0,1101.0
4937,2939,66,1,1256,0.0,1256.0
4938,2940,77,1,3321,0.0,3321.0
4939,2941,60,1,405,0.0,405.0
4940,2942,82,1,541,0.0,541.0
4941,2942,3,1,43339,0.0,43339.0
4942,2943,13,1,34766,0.1,31289.4
4943,2944,70,1,3968,0.1,3571.2
4944,2945,73,2,556,0.1,1000.8
4945,2945,28,1,1491,0.05,1416.45
4946,2946,22,2,1944,0.25,2916.0
4947,2947,24,1,1087,0.25,815.25
4948,2948,84,1,610,0.05,579.5
4949,2949,50,1,798,0.0,798.0
4950,2950,1,2,9563,0.2,15300.8
4951,2950,71,1,3039,0.25,2279.25
4952,2951,62,2,291,0.25,436.5
4953,2952,55,2,979,0.1,1762.2
4954,2952,61,1,680,0.0,680.0
4955,2952,58,1,1070,0.0,1070.0
4956,2953,37,2,375,0.1,675.0
4957,2954,29,1,2027,0.15,1722.95
4958,2955,14,1,28329,0.0,28329.0
4959,2956,76,1,4344,0.1,3909.6
4960,2957,5,1,13447,0.05,12774.65
4961,2958,26,1,546,0.2,436.8
4962,2959,62,1,291,0.25,218.25
4963,2959,16,2,22376,0.1,40276.8
4964,2960,78,1,768,0.15,652.8
4965,2960,11,1,35726,0.25,26794.5
4966,2961,51,3,304,0.0,912.0
4967,2961,12,1,44912,0.2,35929.6
4968,2962,84,1,610,0.25,457.5
4969,2963,8,1,38096,0.05,36191.2
4970,2964,4,1,40207,0.25,30155.25
4971,2964,45,3,4158,0.15,10602.9
4972,2965,17,2,2374,0.0,4748.0
4973,2965,53,2,559,0.25,838.5
4974,2965,20,1,821,0.0,821.0
4975,2966,36,1,1992,0.0,1992.0
4976,2967,64,1,302,0.25,226.5
4977,2967,51,2,304,0.0,608.0
4978,2968,70,3,3968,0.0,11904.0
4979,2969,69,2,3850,0.0,7700.0
4980,2970,60,1,405,0.1,364.5
4981,2971,48,1,424,0.0,424.0
4982,2972,83,1,898,0.25,673.5
4983,2973,28,1,1491,0.0,1491.0
4984,2974,59,1,1172,0.25,879.0
4985,2974,61,1,680,0.0,680.0
4986,2975,20,1,821,0.25,615.75
4987,2975,25,1,2383,0.2,1906.4
4988,2976,72,2,3738,0.0,7476.0
4989,2977,81,1,413,0.0,413.0
4990,2977,75,2,825,0.15,1402.5
4991,2978,33,1,3307,0.15,2810.95
4992,2979,18,1,4367,0.05,4148.65
4993,2980,23,1,2839,0.0,2839.0
4994,2980,81,2,413,0.25,619.5
4995,2981,19,1,41782,0.1,37603.8
4996,2981,55,2,979,0.0,1958.0
4997,2982,66,1,1256,0.05,1193.2
4998,2983,70,1,3968,0.0,3968.0
4999,2983,36,3,1992,0.25,4482.0
5000,2984,47,1,1019,0.1,917.1
5001,2985,53,1,559,0.0,559.0
5002,2985,36,1,1992,0.2,1593.6
5003,2986,83,1,898,0.15,763.3
5004,2987,73,1,556,0.2,444.8
5005,2988,72,1,3738,0.0,3738.0
5006,2989,24,1,1087,0.15,923.95
5007,2990,17,3,2374,0.05,6765.9
5008,2990,57,1,846,0.0,846.0
5009,2991,71,1,3039,0.15,2583.15
5010,2992,46,3,5521,0.1,14906.7
5011,2992,56,1,613,0.05,582.35
5012,2992,78,1,768,0.2,614.4
5013,2993,28,1,1491,0.0,1491.0
5014,2993,80,3,461,0.25,1037.25
5015,2993,7,1,40516,0.0,40516.0
5016,2994,38,1,1108,0.15,941.8
5017,2995,8,1,38096,0.15,32381.6
5018,2996,44,1,4283,0.1,3854.7
5019,2997,66,3,1256,0.2,3014.4
5020,2997,31,1,2822,0.15,2398.7
5021,2997,5,1,13447,0.0,13447.0
5022,2998,8,1,38096,0.15,32381.6
5023,2998,83,1,898,0.0,898.0
5024,2999,36,1,1992,0.15,1693.2
5025,2999,40,1,1769,0.0,1769.0
5026,2999,34,1,803,0.05,762.85
5027,3000,2,3,37224,0.2,89337.6
5028,3001,57,1,846,0.0,846.0
5029,3002,14,1,28329,0.1,25496.1
5030,3002,32,2,1197,0.25,1795.5
5031,3003,26,1,546,0.0,546.0
5032,3004,6,2,41775,0.1,75195.0
5033,3005,83,2,898,0.0,1796.0
5034,3005,2,1,37224,0.05,35362.8
5035,3006,40,1,1769,0.0,1769.0
5036,3007,31,2,2822,0.15,4797.4
5037,3008,18,1,4367,0.2,3493.6
5038,3008,66,2,1256,0.0,2512.0
5039,3008,44,1,4283,0.0,4283.0
5040,3008,58,2,1070,0.0,2140.0
5041,3009,3,1,43339,0.0,43339.0
5042,3010,61,2,680,0.0,1360.0
5043,3010,85,1,128,0.0,128.0
5044,3011,66,1,1256,0.1,1130.4
5045,3012,16,1,22376,0.0,22376.0
5046,3013,48,1,424,0.2,339.2
5047,3013,20,1,821,0.25,615.75
5048,3013,82,2,541,0.0,1082.0
5049,3014,48,2,424,0.2,678.4
5050,3015,37,1,375,0.15,318.75
5051,3016,75,2,825,0.25,1237.5
5052,3016,53,1,559,0.0,559.0
5053,3016,86,2,441,0.2,705.6
5054,3016,47,1,1019,0.05,968.05
5055,3017,21,1,568,0.15,482.8
5056,3018,46,1,5521,0.1,4968.9
5057,3019,40,1,1769,0.0,1769.0
5058,3020,81,2,413,0.2,660.8
5059,3021,29,1,2027,0.0,2027.0
5060,3022,48,1,424,0.15,360.4
5061,3023,50,2,798,0.0,1596.0
5062,3023,15,2,2462,0.0,4924.0
5063,3023,18,1,4367,0.25,3275.25
5064,3023,72,1,3738,0.0,3738.0
5065,3024,37,2,375,0.1,675.0
5066,3025,68,2,2741,0.1,4933.8
5067,3025,41,1,5245,0.0,5245.0
5068,3025,5,1,13447,0.05,12774.65
5069,3025,83,1,898,0.05,853.1
5070,3026,38,2,1108,0.2,1772.8
5071,3026,56,1,613,0.1,551.7
5072,3027,78,1,768,0.0,768.0
5073,3027,1,1,9563,0.05,9084.85
5074,3027,16,1,22376,0.05,21257.2
5075,3028,70,1,3968,0.15,3372.8
5076,3029,63,2,205,0.0,410.0
5077,3029,16,1,22376,0.0,22376.0
5078,3030,76,1,4344,0.15,3692.4
5079,3031,24,1,1087,0.1,978.3
5080,3032,26,1,546,0.2,436.8
5081,3033,54,2,1386,0.1,2494.8
5082,3034,10,1,38149,0.1,34334.1
5083,3035,63,2,205,0.0,410.0
5084,3035,34,1,803,0.05,762.85
5085,3035,21,1,568,0.0,568.0
5086,3035,20,1,821,0.15,697.85
5087,3036,28,3,1491,0.2,3578.4
5088,3037,69,1,3850,0.2,3080.0
5089,3037,14,1,28329,0.2,22663.2
5090,3038,25,1,2383,0.0,2383.0
5091,3038,12,1,44912,0.0,44912.0
5092,3039,78,1,768,0.0,768.0
5093,3040,64,1,302,0.05,286.9
5094,3041,86,1,441,0.0,441.0
5095,3041,13,1,34766,0.0,34766.0
5096,3041,38,2,1108,0.0,2216.0
5097,3042,26,1,546,0.1,491.4
5098,3042,4,1,40207,0.2,32165.6
5099,3043,27,1,2689,0.15,2285.65
5100,3044,22,1,1944,0.0,1944.0
5101,3044,85,1,128,0.0,128.0
5102,3045,60,1,405,0.0,405.0
5103,3046,69,3,3850,0.2,9240.0
5104,3047,85,1,128,0.0,128.0
5105,3047,32,2,1197,0.15,2034.9
5106,3048,6,1,41775,0.1,37597.5
5107,3049,30,1,2247,0.25,1685.25
5108,3050,16,1,22376,0.05,21257.2
5109,3050,27,1,2689,0.0,2689.0
5110,3050,2,1,37224,0.25,27918.0
5111,3051,63,2,205,0.0,410.0
5112,3052,24,1,1087,0.1,978.3
5113,3052,48,3,424,0.2,1017.6
5114,3053,57,2,846,0.0,1692.0
5115,3054,73,1,556,0.05,528.2
5116,3055,39,2,4515,0.15,7675.5
5117,3055,73,1,556,0.15,472.6
5118,3055,44,1,4283,0.25,3212.25
5119,3056,83,2,898,0.0,1796.0
5120,3056,8,1,38096,0.0,38096.0
5121,3056,77,1,3321,0.05,3154.95
5122,3056,79,1,995,0.1,895.5
5123,3057,18,1,4367,0.2,3493.6
5124,3057,31,1,2822,0.05,2680.9
5125,3057,7,1,40516,0.05,38490.2
5126,3057,85,1,128,0.2,102.4
5127,3058,53,2,559,0.15,950.3
5128,3058,70,1,3968,0.15,3372.8
5129,3059,17,1,2374,0.0,2374.0
5130,3060,77,1,3321,0.0,3321.0
5131,3061,68,2,2741,0.25,4111.5
5132,3061,31,1,2822,0.05,2680.9
5133,3061,38,1,1108,0.15,941.8
5134,3062,71,1,3039,0.2,2431.2
5135,3062,55,1,979,0.25,734.25
5136,3063,85,1,128,0.0,128.0
5137,3063,80,1,461,0.2,368.8
5138,3064,12,2,44912,0.25,67368.0
5139,3065,23,1,2839,0.0,2839.0
5140,3065,46,1,5521,0.05,5244.95
5141,3066,84,2,610,0.1,1098.0
5142,3066,9,1,37837,0.25,28377.75
5143,3067,36,1,1992,0.15,1693.2
5144,3068,21,1,568,0.0,568.0
5145,3068,73,1,556,0.15,472.6
5146,3068,8,1,38096,0.0,38096.0
5147,3069,14,1,28329,0.0,28329.0
5148,3069,57,2,846,0.0,1692.0
5149,3069,52,1,1758,0.05,1670.1
5150,3070,36,1,1992,0.05,1892.4
5151,3071,58,1,1070,0.1,963.0
5152,3072,41,1,5245,0.0,5245.0
5153,3073,61,2,680,0.25,1020.0
5154,3074,48,1,424,0.0,424.0
5155,3074,51,1,304,0.15,258.4
5156,3075,10,1,38149,0.25,28611.75
5157,3075,7,2,40516,0.1,72928.8
5158,3076,74,2,745,0.2,1192.0
5159,3077,72,1,3738,0.05,3551.1
5160,3077,76,1,4344,0.25,3258.0
5161,3078,3,1,43339,0.0,43339.0
5162,3079,26,1,546,0.25,409.5
5163,3080,26,1,546,0.15,464.1
5164,3081,72,1,3738,0.0,3738.0
5165,3081,85,2,128,0.0,256.0
5166,3082,68,2,2741,0.25,4111.5
5167,3083,59,1,1172,0.0,1172.0
5168,3083,55,1,979,0.0,979.0
5169,3084,15,1,2462,0.25,1846.5
5170,3085,65,1,564,0.15,479.4
5171,3086,37,1,375,0.2,300.0
5172,3087,79,1,995,0.25,746.25
5173,3088,62,1,291,0.25,218.25
5174,3089,35,1,4996,0.25,3747.0
5175,3089,47,1,1019,0.25,764.25
5176,3089,74,1,745,0.05,707.75
5177,3090,29,1,2027,0.15,1722.95
5178,3091,65,1,564,0.0,564.0
5179,3092,38,1,1108,0.25,831.0
5180,3093,56,2,613,0.2,980.8
5181,3093,71,1,3039,0.05,2887.05
5182,3093,50,1,798,0.05,758.1
5183,3094,49,2,1101,0.0,2202.0
5184,3095,64,1,302,0.0,302.0
5185,3095,69,2,3850,0.25,5775.0
5186,3096,5,1,13447,0.05,12774.65
5187,3097,70,1,3968,0.15,3372.8
5188,3097,45,2,4158,0.0,8316.0
5189,3098,24,1,1087,0.0,1087.0
5190,3098,14,1,28329,0.0,28329.0
5191,3099,25,1,2383,0.0,2383.0
5192,3099,81,1,413,0.0,413.0
5193,3100,27,1,2689,0.15,2285.65
5194,3100,65,1,564,0.0,564.0
5195,3101,80,1,461,0.25,345.75
5196,3101,44,1,4283,0.15,3640.55
5197,3102,54,1,1386,0.0,1386.0
5198,3102,40,3,1769,0.1,4776.3
5199,3102,36,1,1992,0.15,1693.2
5200,3103,78,1,768,0.15,652.8
5201,3104,35,1,4996,0.25,3747.0
5202,3104,86,1,441,0.0,441.0
5203,3104,79,1,995,0.05,945.25
5204,3105,21,1,568,0.05,539.6
5205,3106,47,2,1019,0.05,1936.1
5206,3106,43,1,865,0.0,865.0
5207,3106,38,1,1108,0.0,1108.0
5208,3107,73,1,556,0.05,528.2
5209,3107,67,1,2736,0.15,2325.6
5210,3107,59,1,1172,0.0,1172.0
5211,3108,77,2,3321,0.2,5313.6
5212,3108,79,1,995,0.05,945.25
5213,3109,25,1,2383,0.15,2025.55
5214,3110,79,2,995,0.15,1691.5
5215,3111,55,1,979,0.0,979.0
5216,3112,80,1,461,0.15,391.85
5217,3113,74,2,745,0.0,1490.0
5218,3114,41,1,5245,0.0,5245.0
5219,3115,82,1,541,0.2,432.8
5220,3116,42,1,635,0.15,539.75
5221,3117,38,1,1108,0.0,1108.0
5222,3117,84,1,610,0.25,457.5
5223,3117,41,1,5245,0.0,5245.0
5224,3118,31,1,2822,0.0,2822.0
5225,3118,84,2,610,0.05,1159.0
5226,3119,82,1,541,0.0,541.0
5227,3120,38,2,1108,0.0,2216.0
5228,3120,77,1,3321,0.2,2656.8
5229,3121,15,1,2462,0.0,2462.0
5230,3122,63,1,205,0.0,205.0
5231,3123,29,1,2027,0.0,2027.0
5232,3124,75,1,825,0.1,742.5
5233,3125,79,1,995,0.2,796.0
5234,3126,38,1,1108,0.0,1108.0
5235,3127,86,2,441,0.15,749.7
5236,3127,34,2,803,0.1,1445.4
5237,3127,85,1,128,0.15,108.8
5238,3128,76,1,4344,0.05,4126.8
5239,3129,79,1,995,0.0,995.0
5240,3130,81,1,413,0.0,413.0
5241,3130,64,1,302,0.2,241.6
5242,3130,65,1,564,0.15,479.4
5243,3131,47,1,1019,0.0,1019.0
5244,3131,34,2,803,0.25,1204.5
5245,3131,49,1,1101,0.1,990.9
5246,3131,63,1,205,0.25,153.75
5247,3132,10,1,38149,0.2,30519.2
5248,3132,24,2,1087,0.0,2174.0
5249,3133,86,1,441,0.0,441.0
5250,3134,5,1,13447,0.1,12102.3
5251,3135,60,2,405,0.0,810.0
5252,3136,1,1,9563,0.15,8128.55
5253,3137,47,1,1019,0.2,815.2
5254,3138,78,1,768,0.0,768.0
5255,3138,55,1,979,0.25,734.25
5256,3139,64,1,302,0.05,286.9
5257,3140,62,1,291,0.2,232.8
5258,3141,1,1,9563,0.0,9563.0
5259,3141,12,1,44912,0.1,40420.8
5260,3141,33,2,3307,0.25,4960.5
5261,3142,58,1,1070,0.2,856.0
5262,3143,2,1,37224,0.0,37224.0
5263,3144,35,1,4996,0.0,4996.0
5264,3144,39,1,4515,0.0,4515.0
5265,3145,85,1,128,0.0,128.0
5266,3146,76,1,4344,0.0,4344.0
5267,3147,61,1,680,0.2,544.0
5268,3147,82,1,541,0.0,541.0
5269,3148,78,2,768,0.05,1459.2
5270,3148,4,1,40207,0.15,34175.95
5271,3149,11,1,35726,0.0,35726.0
5272,3150,69,2,3850,0.05,7315.0
5273,3151,6,2,41775,0.0,83550.0
5274,3152,48,3,424,0.0,1272.0
5275,3152,7,1,40516,0.0,40516.0
5276,3152,85,2,128,0.2,204.8
5277,3153,59,1,1172,0.0,1172.0
5278,3154,70,1,3968,0.0,3968.0
5279,3155,17,1,2374,0.15,2017.9
5280,3156,68,1,2741,0.0,2741.0
5281,3156,75,1,825,0.0,825.0
5282,3156,69,1,3850,0.05,3657.5
5283,3157,26,1,546,0.05,518.7
5284,3158,47,1,1019,0.0,1019.0
5285,3158,29,1,2027,0.2,1621.6
5286,3158,53,1,559,0.0,559.0
5287,3158,70,1,3968,0.0,3968.0
5288,3159,62,1,291,0.0,291.0
5289,3160,53,1,559,0.05,531.05
5290,3161,12,1,44912,0.0,44912.0
5291,3161,13,1,34766,0.05,33027.7
5292,3162,65,1,564,0.2,451.2
5293,3163,57,2,846,0.0,1692.0
5294,3164,43,2,865,0.15,1470.5
5295,3165,37,1,375,0.0,375.0
5296,3166,81,2,413,0.0,826.0
5297,3167,39,1,4515,0.0,4515.0
5298,3168,74,1,745,0.0,745.0
5299,3169,74,3,745,0.2,1788.0
5300,3170,50,2,798,0.05,1516.2
5301,3171,61,1,680,0.0,680.0
5302,3171,54,1,1386,0.0,1386.0
5303,3171,12,1,44912,0.0,44912.0
5304,3171,11,1,35726,0.1,32153.4
5305,3172,38,1,1108,0.0,1108.0
5306,3172,45,1,4158,0.0,4158.0
5307,3173,14,1,28329,0.0,28329.0
5308,3173,72,2,3738,0.05,7102.2
5309,3174,25,1,2383,0.0,2383.0
5310,3175,5,1,13447,0.2,10757.6
5311,3175,34,1,803,0.2,642.4
5312,3175,32,1,1197,0.1,1077.3
5313,3175,79,1,995,0.05,945.25
5314,3176,46,1,5521,0.15,4692.85
5315,3176,75,1,825,0.25,618.75
5316,3177,29,1,2027,0.25,1520.25
5317,3177,6,1,41775,0.15,35508.75
5318,3178,33,1,3307,0.0,3307.0
5319,3179,21,1,568,0.0,568.0
5320,3180,50,1,798,0.2,638.4
5321,3181,58,1,1070,0.1,963.0
5322,3181,48,1,424,0.0,424.0
5323,3181,53,1,559,0.2,447.2
5324,3182,35,2,4996,0.05,9492.4
5325,3183,19,2,41782,0.25,62673.0
5326,3184,52,1,1758,0.05,1670.1
5327,3184,41,2,5245,0.0,10490.0
5328,3185,62,2,291,0.1,523.8
5329,3186,45,1,4158,0.15,3534.3
5330,3186,70,1,3968,0.0,3968.0
5331,3187,24,2,1087,0.0,2174.0
5332,3187,77,1,3321,0.1,2988.9
5333,3187,85,1,128,0.0,128.0
5334,3187,82,1,541,0.0,541.0
5335,3188,44,1,4283,0.0,4283.0
5336,3188,76,1,4344,0.0,4344.0
5337,3188,20,1,821,0.1,738.9
5338,3189,43,1,865,0.15,735.25
5339,3190,63,1,205,0.0,205.0
5340,3191,66,2,1256,0.1,2260.8
5341,3192,56,1,613,0.05,582.35
5342,3192,40,1,1769,0.0,1769.0
5343,3193,67,1,2736,0.0,2736.0
5344,3193,45,2,4158,0.0,8316.0
5345,3193,84,2,610,0.0,1220.0
5346,3194,12,1,44912,0.0,44912.0
5347,3195,63,1,205,0.1,184.5
5348,3195,45,1,4158,0.25,3118.5
5349,3196,42,2,635,0.25,952.5
5350,3196,41,1,5245,0.25,3933.75
5351,3196,33,1,3307,0.2,2645.6
5352,3196,65,1,564,0.15,479.4
5353,3197,61,2,680,0.15,1156.0
5354,3197,73,1,556,0.0,556.0
5355,3198,50,1,798,0.2,638.4
5356,3199,80,1,461,0.15,391.85
5357,3200,67,1,2736,0.0,2736.0
5358,3201,49,1,1101,0.0,1101.0
5359,3201,13,1,34766,0.2,27812.8
5360,3202,86,1,441,0.2,352.8
5361,3202,82,1,541,0.25,405.75
5362,3203,78,2,768,0.0,1536.0
5363,3204,64,1,302,0.0,302.0
5364,3204,57,2,846,0.0,1692.0
5365,3205,78,1,768,0.05,729.6
5366,3206,8,1,38096,0.1,34286.4
5367,3207,16,1,22376,0.25,16782.0
5368,3208,57,1,846,0.1,761.4
5369,3209,33,1,3307,0.0,3307.0
5370,3210,14,1,28329,0.15,24079.65
5371,3210,25,1,2383,0.0,2383.0
5372,3211,78,1,768,0.05,729.6
5373,3212,57,1,846,0.0,846.0
5374,3213,51,1,304,0.0,304.0
5375,3214,25,1,2383,0.0,2383.0
5376,3215,19,1,41782,0.0,41782.0
5377,3215,6,1,41775,0.0,41775.0
5378,3216,16,1,22376,0.15,19019.6
5379,3216,56,2,613,0.25,919.5
5380,3217,39,1,4515,0.15,3837.75
5381,3218,32,3,1197,0.2,2872.8
5382,3219,4,3,40207,0.05,114589.95
5383,3220,2,2,37224,0.1,67003.2
5384,3220,76,1,4344,0.05,4126.8
5385,3220,57,1,846,0.05,803.7
5386,3221,61,1,680,0.0,680.0
5387,3221,57,1,846,0.05,803.7
5388,3222,76,1,4344,0.0,4344.0
5389,3222,17,1,2374,0.25,1780.5
5390,3222,3,2,43339,0.0,86678.0
5391,3223,40,2,1769,0.1,3184.2
5392,3224,46,2,5521,0.05,10489.9
5393,3224,75,1,825,0.15,701.25
5394,3225,25,3,2383,0.0,7149.0
5395,3226,65,1,564,0.15,479.4
5396,3227,74,2,745,0.0,1490.0
5397,3228,33,1,3307,0.0,3307.0
5398,3229,44,1,4283,0.0,4283.0
5399,3230,76,1,4344,0.05,4126.8
5400,3230,48,1,424,0.05,402.8
5401,3230,71,1,3039,0.0,3039.0
5402,3230,57,2,846,0.0,1692.0
5403,3231,85,1,128,0.0,128.0
5404,3232,58,1,1070,0.0,1070.0
5405,3233,53,1,559,0.05,531.05
5406,3233,38,1,1108,0.25,831.0
5407,3234,63,1,205,0.0,205.0
5408,3234,3,1,43339,0.25,32504.25
5409,3234,41,1,5245,0.0,5245.0
5410,3235,59,1,1172,0.2,937.6
5411,3236,43,3,865,0.0,2595.0
5412,3237,73,1,556,0.0,556.0
5413,3237,41,3,5245,0.15,13374.75
5414,3237,68,2,2741,0.15,4659.7
5415,3238,61,1,680,0.15,578.0
5416,3238,62,1,291,0.05,276.45
5417,3239,59,2,1172,0.15,1992.4
5418,3240,65,2,564,0.1,1015.2
5419,3240,56,3,613,0.15,1563.15
5420,3240,55,1,979,0.1,881.1
5421,3241,65,1,564,0.15,479.4
5422,3242,20,2,821,0.15,1395.7
5423,3242,15,1,2462,0.2,1969.6
5424,3242,28,1,1491,0.0,1491.0
5425,3242,68,2,2741,0.2,4385.6
5426,3243,80,1,461,0.25,345.75
5427,3244,51,2,304,0.2,486.4
5428,3244,47,1,1019,0.15,866.15
5429,3244,2,1,37224,0.0,37224.0
5430,3245,52,1,1758,0.0,1758.0
5431,3245,85,2,128,0.1,230.4
5432,3245,51,1,304,0.2,243.2
5433,3246,72,2,3738,0.0,7476.0
5434,3246,57,1,846,0.05,803.7
5435,3247,45,1,4158,0.2,3326.4
5436,3248,57,1,846,0.0,846.0
5437,3248,21,1,568,0.1,511.2
5438,3249,34,2,803,0.05,1525.7
5439,3250,86,1,441,0.0,441.0
5440,3251,18,2,4367,0.1,7860.6
5441,3252,47,2,1019,0.1,1834.2
5442,3253,48,2,424,0.25,636.0
5443,3253,73,1,556,0.25,417.0
5444,3254,7,2,40516,0.25,60774.0
5445,3255,64,1,302,0.0,302.0
5446,3255,34,2,803,0.25,1204.5
5447,3255,26,1,546,0.0,546.0
5448,3256,60,1,405,0.0,405.0
5449,3256,39,1,4515,0.0,4515.0
5450,3257,23,1,2839,0.05,2697.05
5451,3257,77,1,3321,0.2,2656.8
5452,3257,16,2,22376,0.25,33564.0
5453,3258,27,2,2689,0.2,4302.4
5454,3258,57,1,846,0.05,803.7
5455,3259,2,1,37224,0.25,27918.0
5456,3260,34,2,803,0.0,1606.0
5457,3261,20,1,821,0.15,697.85
5458,3262,17,2,2374,0.1,4273.2
5459,3263,3,2,43339,0.2,69342.4
5460,3264,18,2,4367,0.15,7423.9
5461,3265,73,1,556,0.0,556.0
5462,3265,52,1,1758,0.15,1494.3
5463,3265,27,1,2689,0.25,2016.75
5464,3266,1,1,9563,0.2,7650.4
5465,3266,58,2,1070,0.0,2140.0
5466,3267,37,1,375,0.1,337.5
5467,3268,65,1,564,0.15,479.4
5468,3269,3,1,43339,0.1,39005.1
5469,3270,61,1,680,0.25,510.0
5470,3271,38,1,1108,0.25,831.0
5471,3271,13,1,34766,0.25,26074.5
5472,3272,54,1,1386,0.1,1247.4
5473,3273,41,2,5245,0.2,8392.0
5474,3274,31,1,2822,0.0,2822.0
5475,3275,5,1,13447,0.0,13447.0
5476,3275,19,1,41782,0.1,37603.8
5477,3276,11,3,35726,0.0,107178.0
5478,3276,25,1,2383,0.15,2025.55
5479,3277,16,1,22376,0.0,22376.0
5480,3278,26,1,546,0.1,491.4
5481,3279,29,2,2027,0.1,3648.6
5482,3279,45,2,4158,0.1,7484.4
5483,3280,51,2,304,0.0,608.0
5484,3281,72,1,3738,0.05,3551.1
5485,3282,10,1,38149,0.0,38149.0
5486,3283,7,1,40516,0.25,30387.0
5487,3283,71,1,3039,0.05,2887.05
5488,3283,19,1,41782,0.1,37603.8
5489,3283,49,2,1101,0.0,2202.0
5490,3284,6,1,41775,0.0,41775.0
5491,3285,67,1,2736,0.2,2188.8
5492,3285,72,1,3738,0.1,3364.2
5493,3286,11,1,35726,0.0,35726.0
5494,3287,38,2,1108,0.1,1994.4
5495,3288,69,2,3850,0.1,6930.0
5496,3289,19,1,41782,0.0,41782.0
5497,3290,20,2,821,0.0,1642.0
5498,3291,73,1,556,0.25,417.0
5499,3292,47,2,1019,0.05,1936.1
5500,3292,62,1,291,0.0,291.0
5501,3292,68,1,2741,0.25,2055.75
5502,3292,18,1,4367,0.05,4148.65
5503,3293,82,1,541,0.1,486.9
5504,3293,83,1,898,0.2,718.4
5505,3293,49,1,1101,0.0,1101.0
5506,3294,39,1,4515,0.2,3612.0
5507,3295,73,1,556,0.0,556.0
5508,3296,74,2,745,0.1,1341.0
5509,3297,63,1,205,0.15,174.25
5510,3297,55,1,979,0.2,783.2
5511,3298,41,2,5245,0.25,7867.5
5512,3298,82,3,541,0.2,1298.4
5513,3298,59,1,1172,0.15,996.2
5514,3299,64,2,302,0.0,604.0
5515,3300,33,1,3307,0.2,2645.6
5516,3300,6,2,41775,0.25,62662.5
5517,3300,39,1,4515,0.1,4063.5
5518,3301,66,2,1256,0.2,2009.6
5519,3301,1,1,9563,0.0,9563.0
5520,3302,22,1,1944,0.2,1555.2
5521,3303,65,3,564,0.0,1692.0
5522,3304,62,1,291,0.0,291.0
5523,3304,31,1,2822,0.0,2822.0
5524,3305,73,2,556,0.0,1112.0
5525,3306,74,1,745,0.1,670.5
5526,3307,39,2,4515,0.0,9030.0
5527,3308,26,1,546,0.0,546.0
5528,3309,48,1,424,0.25,318.0
5529,3309,12,1,44912,0.0,44912.0
5530,3309,80,1,461,0.15,391.85
5531,3310,33,1,3307,0.25,2480.25
5532,3311,24,1,1087,0.1,978.3
5533,3311,39,3,4515,0.15,11513.25
5534,3312,43,1,865,0.2,692.0
5535,3313,58,1,1070,0.05,1016.5
5536,3313,51,1,304,0.0,304.0
5537,3314,15,1,2462,0.0,2462.0
5538,3315,52,2,1758,0.1,3164.4
5539,3315,54,2,1386,0.0,2772.0
5540,3316,20,1,821,0.1,738.9
5541,3316,85,1,128,0.2,102.4
5542,3317,66,2,1256,0.0,2512.0
5543,3317,19,1,41782,0.2,33425.6
5544,3318,25,1,2383,0.0,2383.0
5545,3319,45,1,4158,0.15,3534.3
5546,3320,65,1,564,0.2,451.2
5547,3321,42,2,635,0.15,1079.5
5548,3322,14,3,28329,0.2,67989.6
5549,3323,22,2,1944,0.15,3304.8
5550,3324,39,2,4515,0.05,8578.5
5551,3324,14,2,28329,0.25,42493.5
5552,3325,63,1,205,0.2,164.0
5553,3325,46,1,5521,0.1,4968.9
5554,3325,54,1,1386,0.05,1316.7
5555,3325,1,2,9563,0.05,18169.7
5556,3326,50,1,798,0.2,638.4
5557,3327,25,1,2383,0.0,2383.0
5558,3327,39,1,4515,0.25,3386.25
5559,3328,23,1,2839,0.25,2129.25
5560,3328,37,1,375,0.25,281.25
5561,3329,29,1,2027,0.0,2027.0
5562,3329,80,1,461,0.0,461.0
5563,3329,63,2,205,0.0,410.0
5564,3329,34,2,803,0.15,1365.1
5565,3330,11,1,35726,0.25,26794.5
5566,3331,11,1,35726,0.15,30367.1
5567,3331,86,1,441,0.0,441.0
5568,3332,23,2,2839,0.0,5678.0
5569,3332,59,1,1172,0.0,1172.0
5570,3332,29,1,2027,0.0,2027.0
5571,3333,18,1,4367,0.15,3711.95
5572,3333,22,1,1944,0.0,1944.0
5573,3334,50,2,798,0.0,1596.0
5574,3334,73,1,556,0.0,556.0
5575,3335,80,1,461,0.05,437.95
5576,3336,12,1,44912,0.1,40420.8
5577,3336,55,1,979,0.25,734.25
5578,3337,1,1,9563,0.0,9563.0
5579,3338,77,1,3321,0.0,3321.0
5580,3339,38,1,1108,0.0,1108.0
5581,3340,22,1,1944,0.2,1555.2
5582,3341,34,1,803,0.1,722.7
5583,3341,85,1,128,0.2,102.4
5584,3342,14,1,28329,0.1,25496.1
5585,3343,10,1,38149,0.25,28611.75
5586,3344,76,1,4344,0.05,4126.8
5587,3345,22,1,1944,0.2,1555.2
5588,3345,72,1,3738,0.0,3738.0
5589,3346,63,1,205,0.2,164.0
5590,3346,28,2,1491,0.2,2385.6
5591,3347,1,1,9563,0.25,7172.25
5592,3348,69,1,3850,0.25,2887.5
5593,3349,60,1,405,0.0,405.0
5594,3349,76,1,4344,0.0,4344.0
5595,3349,35,1,4996,0.25,3747.0
5596,3350,23,1,2839,0.2,2271.2
5597,3351,18,1,4367,0.2,3493.6
5598,3351,44,1,4283,0.2,3426.4
5599,3352,72,2,3738,0.0,7476.0
5600,3353,17,1,2374,0.1,2136.6
5601,3354,12,1,44912,0.0,44912.0
5602,3354,38,1,1108,0.1,997.2
5603,3355,79,1,995,0.1,895.5
5604,3355,41,1,5245,0.0,5245.0
5605,3356,74,1,745,0.1,670.5
5606,3356,75,2,825,0.05,1567.5
5607,3357,19,1,41782,0.0,41782.0
5608,3358,20,1,821,0.2,656.8
5609,3359,81,1,413,0.1,371.7
5610,3359,47,1,1019,0.0,1019.0
5611,3360,5,1,13447,0.15,11429.95
5612,3361,23,1,2839,0.1,2555.1
5613,3362,20,1,821,0.25,615.75
5614,3363,24,1,1087,0.25,815.25
5615,3364,10,1,38149,0.25,28611.75
5616,3365,32,1,1197,0.1,1077.3
5617,3366,66,1,1256,0.0,1256.0
5618,3367,39,1,4515,0.25,3386.25
5619,3368,84,1,610,0.1,549.0
5620,3368,61,1,680,0.15,578.0
5621,3368,59,1,1172,0.2,937.6
5622,3369,21,1,568,0.0,568.0
5623,3370,70,2,3968,0.0,7936.0
5624,3371,46,1,5521,0.05,5244.95
5625,3372,62,1,291,0.2,232.8
5626,3372,29,1,2027,0.15,1722.95
5627,3373,55,1,979,0.0,979.0
5628,3374,68,1,2741,0.1,2466.9
5629,3374,85,1,128,0.0,128.0
5630,3375,62,1,291,0.0,291.0
5631,3376,38,1,1108,0.2,886.4
5632,3376,59,1,1172,0.0,1172.0
5633,3377,65,1,564,0.15,479.4
5634,3378,84,1,610,0.1,549.0
5635,3379,56,1,613,0.0,613.0
5636,3379,26,2,546,0.0,1092.0
5637,3379,44,2,4283,0.15,7281.1
5638,3380,28,1,1491,0.05,1416.45
5639,3380,30,1,2247,0.05,2134.65
5640,3380,6,1,41775,0.2,33420.0
5641,3381,15,1,2462,0.2,1969.6
5642,3382,8,1,38096,0.15,32381.6
5643,3383,8,2,38096,0.1,68572.8
5644,3383,22,1,1944,0.1,1749.6
5645,3383,39,2,4515,0.2,7224.0
5646,3383,76,1,4344,0.2,3475.2
5647,3384,56,2,613,0.0,1226.0
5648,3385,33,1,3307,0.25,2480.25
5649,3385,21,1,568,0.25,426.0
5650,3385,41,2,5245,0.0,10490.0
5651,3386,77,1,3321,0.0,3321.0
5652,3386,8,2,38096,0.0,76192.0
5653,3387,24,3,1087,0.0,3261.0
5654,3388,71,1,3039,0.0,3039.0
5655,3389,9,1,37837,0.1,34053.3
5656,3389,30,2,2247,0.0,4494.0
5657,3389,33,1,3307,0.25,2480.25
5658,3390,27,1,2689,0.0,2689.0
5659,3391,37,1,375,0.0,375.0
5660,3391,4,1,40207,0.25,30155.25
5661,3392,49,1,1101,0.1,990.9
5662,3392,53,1,559,0.0,559.0
5663,3393,65,2,564,0.0,1128.0
5664,3394,54,1,1386,0.1,1247.4
5665,3394,9,1,37837,0.15,32161.45
5666,3395,52,1,1758,0.1,1582.2
5667,3396,1,2,9563,0.05,18169.7
5668,3397,29,1,2027,0.1,1824.3
5669,3398,13,2,34766,0.0,69532.0
5670,3398,52,1,1758,0.0,1758.0
5671,3399,78,1,768,0.15,652.8
5672,3399,9,1,37837,0.25,28377.75
5673,3399,26,3,546,0.05,1556.1
5674,3399,21,2,568,0.25,852.0
5675,3400,67,2,2736,0.0,5472.0
5676,3400,53,1,559,0.0,559.0
5677,3401,63,2,205,0.05,389.5
5678,3401,70,1,3968,0.15,3372.8
5679,3402,75,1,825,0.05,783.75
5680,3402,62,1,291,0.25,218.25
5681,3403,53,2,559,0.05,1062.1
5682,3403,55,1,979,0.0,979.0
5683,3404,77,1,3321,0.05,3154.95
5684,3404,80,3,461,0.15,1175.55
5685,3405,34,1,803,0.15,682.55
5686,3406,46,1,5521,0.25,4140.75
5687,3406,79,3,995,0.15,2537.25
5688,3406,19,1,41782,0.05,39692.9
5689,3407,5,2,13447,0.05,25549.3
5690,3408,77,1,3321,0.0,3321.0
5691,3408,2,2,37224,0.2,59558.4
5692,3409,44,1,4283,0.2,3426.4
5693,3409,16,1,22376,0.15,19019.6
5694,3410,19,1,41782,0.0,41782.0
5695,3410,52,2,1758,0.2,2812.8
5696,3410,5,1,13447,0.0,13447.0
5697,3411,24,1,1087,0.25,815.25
5698,3412,83,2,898,0.25,1347.0
5699,3413,75,2,825,0.25,1237.5
5700,3414,12,2,44912,0.1,80841.6
5701,3415,41,1,5245,0.15,4458.25
5702,3415,13,3,34766,0.2,83438.4
5703,3416,25,1,2383,0.0,2383.0
5704,3416,28,2,1491,0.25,2236.5
5705,3416,78,2,768,0.0,1536.0
5706,3417,18,1,4367,0.15,3711.95
5707,3418,74,1,745,0.2,596.0
5708,3418,48,1,424,0.0,424.0
5709,3418,15,1,2462,0.0,2462.0
5710,3419,64,1,302,0.2,241.6
5711,3419,56,1,613,0.2,490.4
5712,3419,34,2,803,0.0,1606.0
5713,3420,86,1,441,0.15,374.85
5714,3421,75,2,825,0.2,1320.0
5715,3421,39,1,4515,0.25,3386.25
5716,3421,57,2,846,0.0,1692.0
5717,3422,50,1,798,0.0,798.0
5718,3423,23,1,2839,0.0,2839.0
5719,3423,37,1,375,0.25,281.25
5720,3423,11,1,35726,0.2,28580.8
5721,3424,67,1,2736,0.05,2599.2
5722,3424,14,2,28329,0.1,50992.2
5723,3424,50,1,798,0.0,798.0
5724,3425,60,1,405,0.0,405.0
5725,3425,49,1,1101,0.0,1101.0
5726,3426,66,1,1256,0.25,942.0
5727,3426,63,1,205,0.0,205.0
5728,3427,36,1,1992,0.2,1593.6
5729,3427,16,1,22376,0.0,22376.0
5730,3428,12,1,44912,0.0,44912.0
5731,3428,32,1,1197,0.1,1077.3
5732,3428,43,1,865,0.0,865.0
5733,3429,84,1,610,0.1,549.0
5734,3429,76,1,4344,0.25,3258.0
5735,3430,69,1,3850,0.2,3080.0
5736,3430,66,3,1256,0.25,2826.0
5737,3430,23,3,2839,0.0,8517.0
5738,3430,41,2,5245,0.05,9965.5
5739,3431,19,2,41782,0.15,71029.4
5740,3432,13,1,34766,0.0,34766.0
5741,3433,62,1,291,0.0,291.0
5742,3434,44,1,4283,0.0,4283.0
5743,3435,19,1,41782,0.05,39692.9
5744,3436,83,2,898,0.0,1796.0
5745,3437,24,2,1087,0.0,2174.0
5746,3438,77,1,3321,0.1,2988.9
5747,3438,71,1,3039,0.15,2583.15
5748,3439,22,1,1944,0.0,1944.0
5749,3440,56,1,613,0.2,490.4
5750,3441,73,2,556,0.2,889.6
5751,3442,18,1,4367,0.0,4367.0
5752,3442,21,1,568,0.25,426.0
5753,3442,38,1,1108,0.0,1108.0
5754,3443,85,1,128,0.15,108.8
5755,3443,55,1,979,0.0,979.0
5756,3444,50,1,798,0.2,638.4
5757,3445,69,1,3850,0.1,3465.0
5758,3445,4,1,40207,0.25,30155.25
5759,3446,74,1,745,0.05,707.75
5760,3446,67,1,2736,0.15,2325.6
5761,3446,18,1,4367,0.0,4367.0
5762,3446,57,1,846,0.0,846.0
5763,3447,8,1,38096,0.25,28572.0
5764,3447,53,1,559,0.25,419.25
5765,3447,57,1,846,0.15,719.1
5766,3447,58,1,1070,0.0,1070.0
5767,3448,4,1,40207,0.05,38196.65
5768,3449,42,1,635,0.0,635.0
5769,3450,4,1,40207,0.0,40207.0
5770,3450,49,1,1101,0.15,935.85
5771,3451,5,1,13447,0.05,12774.65
5772,3451,16,1,22376,0.15,19019.6
5773,3452,19,1,41782,0.0,41782.0
5774,3453,64,1,302,0.25,226.5
5775,3454,53,1,559,0.15,475.15
5776,3454,8,1,38096,0.0,38096.0
5777,3454,79,3,995,0.1,2686.5
5778,3455,58,1,1070,0.0,1070.0
5779,3456,14,1,28329,0.0,28329.0
5780,3456,2,2,37224,0.0,74448.0
5781,3456,17,1,2374,0.15,2017.9
5782,3457,1,1,9563,0.0,9563.0
5783,3458,7,3,40516,0.15,103315.8
5784,3458,26,2,546,0.0,1092.0
5785,3458,5,1,13447,0.05,12774.65
5786,3458,63,2,205,0.25,307.5
5787,3459,82,2,541,0.25,811.5
5788,3459,62,1,291,0.15,247.35
5789,3460,55,1,979,0.25,734.25
5790,3461,61,1,680,0.0,680.0
5791,3461,54,2,1386,0.0,2772.0
5792,3461,58,1,1070,0.05,1016.5
5793,3462,62,1,291,0.2,232.8
5794,3463,26,1,546,0.0,546.0
5795,3463,18,1,4367,0.05,4148.65
5796,3463,45,2,4158,0.2,6652.8
5797,3464,26,1,546,0.0,546.0
5798,3465,73,1,556,0.05,528.2
5799,3465,81,1,413,0.1,371.7
5800,3466,46,1,5521,0.0,5521.0
5801,3466,48,1,424,0.2,339.2
5802,3467,49,2,1101,0.0,2202.0
5803,3468,21,1,568,0.2,454.4
5804,3468,30,2,2247,0.15,3819.9
5805,3469,80,1,461,0.0,461.0
5806,3470,72,1,3738,0.0,3738.0
5807,3471,50,1,798,0.1,718.2
5808,3472,77,1,3321,0.25,2490.75
5809,3473,67,2,2736,0.0,5472.0
5810,3474,30,1,2247,0.25,1685.25
5811,3475,16,1,22376,0.0,22376.0
5812,3476,43,1,865,0.05,821.75
5813,3477,15,1,2462,0.05,2338.9
5814,3478,47,1,1019,0.0,1019.0
5815,3479,77,2,3321,0.15,5645.7
5816,3479,55,1,979,0.0,979.0
5817,3480,37,2,375,0.0,750.0
5818,3481,81,2,413,0.0,826.0
5819,3482,82,1,541,0.0,541.0
5820,3483,86,1,441,0.0,441.0
5821,3484,5,1,13447,0.2,10757.6
5822,3484,2,1,37224,0.05,35362.8
5823,3484,47,2,1019,0.0,2038.0
5824,3485,69,1,3850,0.0,3850.0
5825,3486,9,1,37837,0.0,37837.0
5826,3486,18,3,4367,0.0,13101.0
5827,3486,8,1,38096,0.15,32381.6
5828,3486,45,3,4158,0.0,12474.0
5829,3487,43,1,865,0.15,735.25
5830,3487,51,1,304,0.05,288.8
5831,3487,5,1,13447,0.0,13447.0
5832,3488,11,1,35726,0.0,35726.0
5833,3488,31,1,2822,0.0,2822.0
5834,3489,78,1,768,0.0,768.0
5835,3490,76,1,4344,0.05,4126.8
5836,3491,72,2,3738,0.1,6728.4
5837,3492,71,1,3039,0.05,2887.05
5838,3493,26,1,546,0.15,464.1
5839,3494,26,1,546,0.0,546.0
5840,3495,48,1,424,0.0,424.0
5841,3496,29,3,2027,0.0,6081.0
5842,3497,15,1,2462,0.2,1969.6
5843,3498,38,1,1108,0.2,886.4
5844,3499,35,1,4996,0.0,4996.0
5845,3499,1,1,9563,0.0,9563.0
5846,3500,28,1,1491,0.05,1416.45
5847,3501,31,3,2822,0.25,6349.5
5848,3502,59,1,1172,0.0,1172.0
5849,3503,8,1,38096,0.15,32381.6
5850,3503,51,1,304,0.05,288.8
5851,3503,70,3,3968,0.2,9523.2
5852,3503,3,2,43339,0.1,78010.2
5853,3504,35,1,4996,0.0,4996.0
5854,3505,68,1,2741,0.2,2192.8
5855,3506,44,1,4283,0.0,4283.0
5856,3507,1,1,9563,0.0,9563.0
5857,3507,52,1,1758,0.0,1758.0
5858,3507,73,1,556,0.0,556.0
5859,3508,75,1,825,0.2,660.0
5860,3509,74,1,745,0.25,558.75
5861,3509,79,1,995,0.05,945.25
5862,3510,27,2,2689,0.0,5378.0
5863,3511,15,2,2462,0.2,3939.2
5864,3512,5,2,13447,0.2,21515.2
5865,3513,17,1,2374,0.1,2136.6
5866,3513,86,1,441,0.0,441.0
5867,3514,47,1,1019,0.0,1019.0
5868,3515,24,1,1087,0.0,1087.0
5869,3516,76,1,4344,0.2,3475.2
5870,3516,73,1,556,0.0,556.0
5871,3517,28,2,1491,0.0,2982.0
5872,3517,86,2,441,0.15,749.7
5873,3518,24,2,1087,0.05,2065.3
5874,3519,42,1,635,0.0,635.0
5875,3520,6,1,41775,0.15,35508.75
5876,3520,82,3,541,0.1,1460.7
5877,3521,32,1,1197,0.1,1077.3
5878,3521,53,1,559,0.25,419.25
5879,3521,44,2,4283,0.25,6424.5
5880,3521,25,1,2383,0.1,2144.7
5881,3522,74,1,745,0.25,558.75
5882,3523,60,1,405,0.0,405.0
5883,3524,60,1,405,0.0,405.0
5884,3524,13,1,34766,0.2,27812.8
5885,3524,45,2,4158,0.0,8316.0
5886,3525,82,1,541,0.05,513.95
5887,3526,10,1,38149,0.15,32426.65
5888,3526,55,2,979,0.0,1958.0
5889,3527,41,1,5245,0.05,4982.75
5890,3527,67,1,2736,0.05,2599.2
5891,3527,31,1,2822,0.0,2822.0
5892,3528,51,1,304,0.25,228.0
5893,3529,82,1,541,0.0,541.0
5894,3529,66,1,1256,0.05,1193.2
5895,3529,77,1,3321,0.25,2490.75
5896,3529,11,2,35726,0.05,67879.4
5897,3530,46,1,5521,0.1,4968.9
5898,3530,42,1,635,0.05,603.25
5899,3531,30,1,2247,0.0,2247.0
5900,3532,33,1,3307,0.0,3307.0
5901,3533,19,2,41782,0.1,75207.6
5902,3533,37,2,375,0.0,750.0
5903,3533,36,2,1992,0.0,3984.0
5904,3534,50,1,798,0.0,798.0
5905,3535,77,1,3321,0.05,3154.95
5906,3535,49,2,1101,0.2,1761.6
5907,3535,34,2,803,0.0,1606.0
5908,3536,46,1,5521,0.05,5244.95
5909,3537,68,1,2741,0.05,2603.95
5910,3537,4,1,40207,0.0,40207.0
5911,3538,34,1,803,0.2,642.4
5912,3539,63,1,205,0.25,153.75
5913,3540,70,1,3968,0.15,3372.8
5914,3541,81,1,413,0.05,392.35
5915,3542,41,1,5245,0.25,3933.75
5916,3543,76,1,4344,0.0,4344.0
5917,3543,13,1,34766,0.0,34766.0
5918,3544,53,1,559,0.05,531.05
5919,3545,29,2,2027,0.25,3040.5
5920,3545,74,1,745,0.0,745.0
5921,3545,55,1,979,0.15,832.15
5922,3545,43,1,865,0.15,735.25
5923,3546,86,1,441,0.25,330.75
5924,3546,9,1,37837,0.1,34053.3
5925,3546,50,2,798,0.2,1276.8
5926,3546,26,1,546,0.0,546.0
5927,3547,7,1,40516,0.2,32412.8
5928,3548,44,1,4283,0.0,4283.0
5929,3549,41,1,5245,0.25,3933.75
5930,3549,75,1,825,0.0,825.0
5931,3549,76,1,4344,0.05,4126.8
5932,3549,8,2,38096,0.0,76192.0
5933,3550,14,1,28329,0.2,22663.2
5934,3550,76,1,4344,0.25,3258.0
5935,3551,81,1,413,0.15,351.05
5936,3551,28,1,1491,0.05,1416.45
5937,3551,67,1,2736,0.0,2736.0
5938,3551,14,1,28329,0.25,21246.75
5939,3552,56,2,613,0.2,980.8
5940,3553,56,2,613,0.1,1103.4
5941,3554,36,1,1992,0.0,1992.0
5942,3554,51,1,304,0.1,273.6
5943,3554,55,3,979,0.05,2790.15
5944,3555,60,1,405,0.0,405.0
5945,3556,42,1,635,0.2,508.0
5946,3557,55,3,979,0.0,2937.0
5947,3558,19,1,41782,0.0,41782.0
5948,3558,24,1,1087,0.0,1087.0
5949,3559,83,2,898,0.0,1796.0
5950,3560,45,2,4158,0.25,6237.0
5951,3561,82,1,541,0.0,541.0
5952,3562,86,2,441,0.2,705.6
5953,3563,36,1,1992,0.0,1992.0
5954,3564,7,2,40516,0.15,68877.2
5955,3565,48,1,424,0.2,339.2
5956,3565,84,1,610,0.0,610.0
5957,3565,47,1,1019,0.2,815.2
5958,3566,80,1,461,0.2,368.8
5959,3567,34,1,803,0.0,803.0
5960,3567,23,1,2839,0.1,2555.1
5961,3568,61,1,680,0.15,578.0
5962,3568,46,2,5521,0.15,9385.7
5963,3568,7,1,40516,0.0,40516.0
5964,3568,27,1,2689,0.05,2554.55
5965,3569,50,1,798,0.1,718.2
5966,3570,28,2,1491,0.0,2982.0
5967,3570,21,1,568,0.15,482.8
5968,3571,68,1,2741,0.05,2603.95
5969,3572,44,2,4283,0.05,8137.7
5970,3573,15,1,2462,0.1,2215.8
5971,3574,27,3,2689,0.15,6856.95
5972,3575,32,2,1197,0.25,1795.5
5973,3576,62,2,291,0.05,552.9
5974,3577,80,1,461,0.25,345.75
5975,3578,26,1,546,0.0,546.0
5976,3578,33,1,3307,0.2,2645.6
5977,3579,25,2,2383,0.0,4766.0
5978,3580,51,1,304,0.1,273.6
5979,3581,16,1,22376,0.1,20138.4
5980,3581,37,3,375,0.05,1068.75
5981,3582,24,1,1087,0.2,869.6
5982,3582,7,1,40516,0.0,40516.0
5983,3582,49,1,1101,0.25,825.75
5984,3583,35,1,4996,0.05,4746.2
5985,3584,42,1,635,0.0,635.0
5986,3585,75,1,825,0.2,660.0
5987,3586,84,1,610,0.0,610.0
5988,3587,15,2,2462,0.05,4677.8
5989,3588,59,2,1172,0.0,2344.0
5990,3589,41,1,5245,0.0,5245.0
5991,3589,76,1,4344,0.05,4126.8
5992,3590,67,1,2736,0.1,2462.4
5993,3590,46,2,5521,0.2,8833.6
5994,3590,29,2,2027,0.0,4054.0
5995,3590,34,2,803,0.25,1204.5
5996,3591,39,1,4515,0.2,3612.0
5997,3591,69,1,3850,0.05,3657.5
5998,3592,72,1,3738,0.2,2990.4
5999,3593,76,1,4344,0.15,3692.4
6000,3593,66,2,1256,0.1,2260.8
6001,3594,5,3,13447,0.05,38323.95
6002,3595,52,1,1758,0.0,1758.0
6003,3596,60,1,405,0.0,405.0
6004,3597,40,1,1769,0.2,1415.2
6005,3598,52,1,1758,0.15,1494.3
6006,3598,54,1,1386,0.1,1247.4
6007,3598,75,1,825,0.1,742.5
6008,3599,61,1,680,0.2,544.0
6009,3599,60,1,405,0.0,405.0
6010,3600,24,1,1087,0.05,1032.65
6011,3601,73,1,556,0.15,472.6
6012,3601,69,1,3850,0.2,3080.0
6013,3602,59,2,1172,0.0,2344.0
6014,3602,66,1,1256,0.1,1130.4
6015,3602,12,1,44912,0.05,42666.4
6016,3603,35,1,4996,0.05,4746.2
6017,3603,4,1,40207,0.2,32165.6
6018,3603,33,1,3307,0.0,3307.0
6019,3604,63,1,205,0.0,205.0
6020,3604,58,1,1070,0.0,1070.0
6021,3604,37,1,375,0.1,337.5
6022,3605,59,2,1172,0.0,2344.0
6023,3606,81,2,413,0.1,743.4
6024,3607,50,1,798,0.0,798.0
6025,3608,39,2,4515,0.0,9030.0
6026,3608,65,1,564,0.1,507.6
6027,3609,78,1,768,0.0,768.0
6028,3610,60,1,405,0.0,405.0
6029,3611,8,1,38096,0.15,32381.6
6030,3612,43,1,865,0.0,865.0
6031,3613,67,2,2736,0.0,5472.0
6032,3614,59,3,1172,0.05,3340.2
6033,3615,62,1,291,0.05,276.45
6034,3615,47,1,1019,0.0,1019.0
6035,3615,84,1,610,0.1,549.0
6036,3616,69,2,3850,0.15,6545.0
6037,3616,62,1,291,0.2,232.8
6038,3617,61,1,680,0.05,646.0
6039,3617,34,2,803,0.05,1525.7
6040,3618,79,1,995,0.0,995.0
6041,3619,2,2,37224,0.0,74448.0
6042,3620,39,1,4515,0.0,4515.0
6043,3621,12,1,44912,0.2,35929.6
6044,3621,59,2,1172,0.0,2344.0
6045,3622,69,1,3850,0.25,2887.5
6046,3623,25,1,2383,0.25,1787.25
6047,3624,40,1,1769,0.0,1769.0
6048,3625,2,1,37224,0.0,37224.0
6049,3625,78,1,768,0.1,691.2
6050,3625,74,2,745,0.1,1341.0
6051,3625,69,1,3850,0.25,2887.5
6052,3626,78,2,768,0.0,1536.0
6053,3626,35,1,4996,0.05,4746.2
6054,3627,46,1,5521,0.0,5521.0
6055,3627,28,1,1491,0.05,1416.45
6056,3628,57,2,846,0.1,1522.8
6057,3629,81,1,413,0.25,309.75
6058,3630,63,1,205,0.15,174.25
6059,3631,50,2,798,0.05,1516.2
6060,3631,82,1,541,0.0,541.0
6061,3631,29,1,2027,0.2,1621.6
6062,3631,8,1,38096,0.05,36191.2
6063,3632,19,1,41782,0.2,33425.6
6064,3632,83,2,898,0.1,1616.4
6065,3632,33,1,3307,0.0,3307.0
6066,3632,27,1,2689,0.0,2689.0
6067,3633,34,1,803,0.1,722.7
6068,3634,56,1,613,0.25,459.75
6069,3634,60,3,405,0.05,1154.25
6070,3635,42,1,635,0.0,635.0
6071,3636,20,1,821,0.0,821.0
6072,3636,81,1,413,0.0,413.0
6073,3637,8,2,38096,0.2,60953.6
6074,3638,26,1,546,0.05,518.7
6075,3639,76,1,4344,0.25,3258.0
6076,3639,52,2,1758,0.0,3516.0
6077,3640,26,1,546,0.25,409.5
6078,3640,35,1,4996,0.2,3996.8
6079,3641,15,2,2462,0.05,4677.8
6080,3642,59,2,1172,0.0,2344.0
6081,3642,75,1,825,0.2,660.0
6082,3643,34,1,803,0.1,722.7
6083,3643,78,2,768,0.0,1536.0
6084,3644,48,1,424,0.05,402.8
6085,3644,85,1,128,0.15,108.8
6086,3644,50,1,798,0.0,798.0
6087,3645,82,2,541,0.1,973.8
6088,3646,10,1,38149,0.1,34334.1
6089,3647,36,1,1992,0.0,1992.0
6090,3648,17,2,2374,0.25,3561.0
6091,3648,48,3,424,0.2,1017.6
6092,3649,66,2,1256,0.25,1884.0
6093,3650,9,1,37837,0.2,30269.6
6094,3651,80,2,461,0.1,829.8
6095,3652,54,1,1386,0.25,1039.5
6096,3653,14,1,28329,0.2,22663.2
6097,3653,26,1,546,0.2,436.8
6098,3654,45,1,4158,0.0,4158.0
6099,3654,75,1,825,0.0,825.0
6100,3655,47,2,1019,0.15,1732.3
6101,3655,12,1,44912,0.0,44912.0
6102,3656,67,1,2736,0.25,2052.0
6103,3657,15,3,2462,0.15,6278.1
6104,3658,26,2,546,0.0,1092.0
6105,3659,9,1,37837,0.2,30269.6
6106,3659,1,1,9563,0.05,9084.85
6107,3660,84,1,610,0.05,579.5
6108,3660,53,1,559,0.15,475.15
6109,3660,2,1,37224,0.0,37224.0
6110,3661,7,1,40516,0.1,36464.4
6111,3662,17,1,2374,0.1,2136.6
6112,3663,82,1,541,0.2,432.8
6113,3663,43,1,865,0.1,778.5
6114,3664,53,1,559,0.0,559.0
6115,3664,39,1,4515,0.0,4515.0
6116,3664,67,1,2736,0.15,2325.6
6117,3665,10,1,38149,0.0,38149.0
6118,3665,18,1,4367,0.0,4367.0
6119,3665,71,1,3039,0.25,2279.25
6120,3666,32,3,1197,0.1,3231.9
6121,3666,78,1,768,0.25,576.0
6122,3667,20,2,821,0.0,1642.0
6123,3668,10,1,38149,0.0,38149.0
6124,3669,19,1,41782,0.0,41782.0
6125,3669,58,1,1070,0.25,802.5
6126,3670,47,1,1019,0.1,917.1
6127,3671,68,1,2741,0.05,2603.95
6128,3672,28,2,1491,0.15,2534.7
6129,3672,61,1,680,0.0,680.0
6130,3673,77,1,3321,0.15,2822.85
6131,3674,24,1,1087,0.0,1087.0
6132,3674,36,1,1992,0.25,1494.0
6133,3675,58,2,1070,0.15,1819.0
6134,3675,28,1,1491,0.1,1341.9
6135,3676,83,2,898,0.25,1347.0
6136,3677,67,1,2736,0.0,2736.0
6137,3677,76,1,4344,0.1,3909.6
6138,3677,21,1,568,0.1,511.2
6139,3678,86,1,441,0.0,441.0
6140,3678,10,2,38149,0.1,68668.2
6141,3679,16,1,22376,0.25,16782.0
6142,3680,32,3,1197,0.0,3591.0
6143,3680,75,2,825,0.05,1567.5
6144,3681,41,1,5245,0.0,5245.0
6145,3682,38,1,1108,0.0,1108.0
6146,3682,86,1,441,0.2,352.8
6147,3682,55,2,979,0.25,1468.5
6148,3683,10,1,38149,0.2,30519.2
6149,3683,45,1,4158,0.0,4158.0
6150,3683,67,2,2736,0.05,5198.4
6151,3683,80,2,461,0.25,691.5
6152,3684,30,1,2247,0.0,2247.0
6153,3684,66,1,1256,0.0,1256.0
6154,3684,62,1,291,0.0,291.0
6155,3685,51,1,304,0.2,243.2
6156,3685,36,1,1992,0.05,1892.4
6157,3685,39,1,4515,0.0,4515.0
6158,3686,63,1,205,0.15,174.25
6159,3687,30,2,2247,0.15,3819.9
6160,3687,68,1,2741,0.15,2329.85
6161,3688,41,1,5245,0.0,5245.0
6162,3689,85,1,128,0.05,121.6
6163,3689,78,1,768,0.0,768.0
6164,3689,62,1,291,0.0,291.0
6165,3690,57,1,846,0.0,846.0
6166,3691,78,1,768,0.0,768.0
6167,3691,34,1,803,0.1,722.7
6168,3692,59,1,1172,0.1,1054.8
6169,3693,34,1,803,0.0,803.0
6170,3693,14,1,28329,0.0,28329.0
6171,3694,10,1,38149,0.0,38149.0
6172,3695,50,1,798,0.0,798.0
6173,3695,76,1,4344,0.25,3258.0
6174,3696,73,1,556,0.15,472.6
6175,3696,13,3,34766,0.15,88653.3
6176,3696,54,2,1386,0.2,2217.6
6177,3697,26,1,546,0.0,546.0
6178,3697,44,1,4283,0.0,4283.0
6179,3698,58,3,1070,0.1,2889.0
6180,3698,70,2,3968,0.0,7936.0
6181,3699,71,1,3039,0.0,3039.0
6182,3700,74,2,745,0.25,1117.5
6183,3700,33,1,3307,0.0,3307.0
6184,3700,67,2,2736,0.25,4104.0
6185,3701,61,1,680,0.0,680.0
6186,3702,42,2,635,0.05,1206.5
6187,3702,56,1,613,0.25,459.75
6188,3703,17,1,2374,0.0,2374.0
6189,3704,77,2,3321,0.2,5313.6
6190,3705,71,1,3039,0.0,3039.0
6191,3706,84,1,610,0.2,488.0
6192,3706,61,1,680,0.25,510.0
6193,3707,47,1,1019,0.0,1019.0
6194,3708,9,1,37837,0.15,32161.45
6195,3709,55,2,979,0.1,1762.2
6196,3710,59,1,1172,0.15,996.2
6197,3711,84,1,610,0.15,518.5
6198,3712,49,1,1101,0.05,1045.95
6199,3713,39,2,4515,0.0,9030.0
6200,3713,18,1,4367,0.0,4367.0
6201,3713,48,2,424,0.2,678.4
6202,3714,37,1,375,0.0,375.0
6203,3714,79,2,995,0.15,1691.5
6204,3715,32,1,1197,0.1,1077.3
6205,3715,27,3,2689,0.05,7663.65
6206,3716,27,1,2689,0.2,2151.2
6207,3716,82,1,541,0.0,541.0
6208,3717,4,1,40207,0.05,38196.65
6209,3717,41,1,5245,0.2,4196.0
6210,3718,69,1,3850,0.0,3850.0
6211,3718,31,2,2822,0.05,5361.8
6212,3719,51,1,304,0.0,304.0
6213,3719,86,2,441,0.1,793.8
6214,3719,46,2,5521,0.15,9385.7
6215,3720,30,1,2247,0.2,1797.6
6216,3720,28,1,1491,0.05,1416.45
6217,3720,61,1,680,0.05,646.0
6218,3721,23,1,2839,0.0,2839.0
6219,3721,54,1,1386,0.1,1247.4
6220,3722,7,1,40516,0.0,40516.0
6221,3723,39,2,4515,0.25,6772.5
6222,3723,46,1,5521,0.05,5244.95
6223,3723,8,1,38096,0.1,34286.4
6224,3723,40,1,1769,0.2,1415.2
6225,3724,50,1,798,0.0,798.0
6226,3725,66,1,1256,0.1,1130.4
6227,3726,81,3,413,0.2,991.2
6228,3727,34,1,803,0.25,602.25
6229,3727,62,1,291,0.0,291.0
6230,3728,31,1,2822,0.05,2680.9
6231,3729,64,2,302,0.15,513.4
6232,3729,5,1,13447,0.1,12102.3
6233,3730,20,1,821,0.05,779.95
6234,3731,51,2,304,0.15,516.8
6235,3732,85,1,128,0.0,128.0
6236,3732,19,1,41782,0.0,41782.0
6237,3732,77,1,3321,0.0,3321.0
6238,3732,18,1,4367,0.0,4367.0
6239,3733,4,1,40207,0.05,38196.65
6240,3733,23,1,2839,0.15,2413.15
6241,3733,29,1,2027,0.15,1722.95
6242,3733,75,1,825,0.0,825.0
6243,3734,18,1,4367,0.2,3493.6
6244,3734,7,1,40516,0.0,40516.0
6245,3735,55,2,979,0.0,1958.0
6246,3735,81,1,413,0.0,413.0
6247,3735,82,1,541,0.2,432.8
6248,3736,29,1,2027,0.15,1722.95
6249,3737,18,1,4367,0.0,4367.0
6250,3738,27,1,2689,0.0,2689.0
6251,3738,79,1,995,0.0,995.0
6252,3739,52,1,1758,0.0,1758.0
6253,3740,67,2,2736,0.15,4651.2
6254,3741,21,1,568,0.0,568.0
6255,3741,63,3,205,0.0,615.0
6256,3741,77,1,3321,0.0,3321.0
6257,3741,42,1,635,0.0,635.0
6258,3742,53,2,559,0.1,1006.2
6259,3743,20,1,821,0.0,821.0
6260,3744,17,1,2374,0.25,1780.5
6261,3745,15,1,2462,0.0,2462.0
6262,3746,12,2,44912,0.15,76350.4
6263,3747,85,1,128,0.1,115.2
6264,3748,85,2,128,0.25,192.0
6265,3748,50,1,798,0.15,678.3
6266,3748,43,1,865,0.0,865.0
6267,3748,11,2,35726,0.0,71452.0
6268,3749,13,1,34766,0.05,33027.7
6269,3750,45,1,4158,0.0,4158.0
6270,3751,34,1,803,0.15,682.55
6271,3752,41,1,5245,0.0,5245.0
6272,3752,75,1,825,0.05,783.75
6273,3752,50,2,798,0.0,1596.0
6274,3753,85,2,128,0.05,243.2
6275,3753,68,1,2741,0.0,2741.0
6276,3753,35,1,4996,0.15,4246.6
6277,3753,15,1,2462,0.0,2462.0
6278,3754,67,1,2736,0.1,2462.4
6279,3755,27,1,2689,0.0,2689.0
6280,3755,28,1,1491,0.15,1267.35
6281,3755,13,1,34766,0.0,34766.0
6282,3756,69,1,3850,0.0,3850.0
6283,3757,85,1,128,0.05,121.6
6284,3758,3,1,43339,0.15,36838.15
6285,3759,73,1,556,0.25,417.0
6286,3759,70,1,3968,0.15,3372.8
6287,3760,11,1,35726,0.05,33939.7
6288,3761,40,1,1769,0.1,1592.1
6289,3762,21,1,568,0.0,568.0
6290,3762,35,1,4996,0.05,4746.2
6291,3763,71,1,3039,0.0,3039.0
6292,3763,23,1,2839,0.0,2839.0
6293,3764,42,1,635,0.1,571.5
6294,3764,84,2,610,0.0,1220.0
6295,3765,7,3,40516,0.0,121548.0
6296,3765,3,1,43339,0.2,34671.2
6297,3766,71,2,3039,0.0,6078.0
6298,3766,63,1,205,0.2,164.0
6299,3766,75,1,825,0.0,825.0
6300,3767,85,1,128,0.0,128.0
6301,3768,5,1,13447,0.0,13447.0
6302,3769,38,2,1108,0.05,2105.2
6303,3769,77,1,3321,0.15,2822.85
6304,3769,6,1,41775,0.1,37597.5
6305,3770,76,1,4344,0.0,4344.0
6306,3770,44,1,4283,0.15,3640.55
6307,3770,39,1,4515,0.0,4515.0
6308,3771,46,1,5521,0.25,4140.75
6309,3771,56,1,613,0.25,459.75
6310,3772,81,1,413,0.25,309.75
6311,3772,44,3,4283,0.0,12849.0
6312,3772,74,1,745,0.0,745.0
6313,3773,25,1,2383,0.0,2383.0
6314,3773,32,1,1197,0.1,1077.3
6315,3773,38,2,1108,0.0,2216.0
6316,3774,86,1,441,0.0,441.0
6317,3775,84,2,610,0.0,1220.0
6318,3775,29,3,2027,0.1,5472.9
6319,3776,71,1,3039,0.0,3039.0
6320,3777,54,2,1386,0.05,2633.4
6321,3778,85,1,128,0.2,102.4
6322,3779,57,1,846,0.2,676.8
6323,3780,34,1,803,0.0,803.0
6324,3781,9,1,37837,0.2,30269.6
6325,3782,23,1,2839,0.2,2271.2
6326,3783,58,1,1070,0.15,909.5
6327,3783,6,1,41775,0.0,41775.0
6328,3784,3,1,43339,0.0,43339.0
6329,3785,50,1,798,0.0,798.0
6330,3786,8,1,38096,0.0,38096.0
6331,3787,54,2,1386,0.0,2772.0
6332,3787,73,2,556,0.1,1000.8
6333,3788,28,1,1491,0.25,1118.25
6334,3789,13,2,34766,0.1,62578.8
6335,3790,46,1,5521,0.05,5244.95
6336,3790,5,1,13447,0.15,11429.95
6337,3791,81,2,413,0.2,660.8
6338,3792,70,1,3968,0.0,3968.0
6339,3792,67,3,2736,0.0,8208.0
6340,3792,72,1,3738,0.0,3738.0
6341,3793,75,1,825,0.05,783.75
6342,3794,44,1,4283,0.0,4283.0
6343,3795,73,1,556,0.05,528.2
6344,3796,32,1,1197,0.2,957.6
6345,3797,3,3,43339,0.0,130017.0
6346,3798,18,1,4367,0.2,3493.6
6347,3798,58,3,1070,0.2,2568.0
6348,3798,46,2,5521,0.0,11042.0
6349,3799,63,1,205,0.25,153.75
6350,3799,8,1,38096,0.25,28572.0
6351,3800,13,2,34766,0.05,66055.4
6352,3801,81,1,413,0.0,413.0
6353,3801,28,2,1491,0.15,2534.7
6354,3802,1,1,9563,0.0,9563.0
6355,3802,10,1,38149,0.0,38149.0
6356,3802,80,1,461,0.0,461.0
6357,3803,12,1,44912,0.15,38175.2
6358,3803,34,2,803,0.1,1445.4
6359,3804,72,1,3738,0.05,3551.1
6360,3805,21,1,568,0.0,568.0
6361,3806,67,2,2736,0.1,4924.8
6362,3807,22,1,1944,0.0,1944.0
6363,3807,86,1,441,0.1,396.9
6364,3808,1,1,9563,0.0,9563.0
6365,3809,61,2,680,0.15,1156.0
6366,3810,77,1,3321,0.05,3154.95
6367,3810,76,2,4344,0.0,8688.0
6368,3811,24,1,1087,0.15,923.95
6369,3812,76,1,4344,0.05,4126.8
6370,3812,80,1,461,0.0,461.0
6371,3812,72,1,3738,0.0,3738.0
6372,3812,77,1,3321,0.25,2490.75
6373,3813,81,1,413,0.0,413.0
6374,3814,72,1,3738,0.0,3738.0
6375,3815,82,1,541,0.2,432.8
6376,3815,8,1,38096,0.0,38096.0
6377,3816,73,1,556,0.2,444.8
6378,3817,40,1,1769,0.25,1326.75
6379,3817,52,1,1758,0.0,1758.0
6380,3817,48,1,424,0.1,381.6
6381,3817,43,2,865,0.0,1730.0
6382,3818,45,2,4158,0.15,7068.6
6383,3819,58,2,1070,0.1,1926.0
6384,3820,4,1,40207,0.0,40207.0
6385,3821,48,1,424,0.1,381.6
6386,3822,65,2,564,0.2,902.4
6387,3822,17,2,2374,0.0,4748.0
6388,3823,44,1,4283,0.25,3212.25
6389,3823,37,1,375,0.05,356.25
6390,3824,1,1,9563,0.0,9563.0
6391,3825,51,1,304,0.15,258.4
6392,3825,5,1,13447,0.0,13447.0
6393,3826,59,1,1172,0.0,1172.0
6394,3826,78,1,768,0.2,614.4
6395,3826,76,2,4344,0.25,6516.0
6396,3827,21,1,568,0.05,539.6
6397,3828,79,1,995,0.1,895.5
6398,3829,11,2,35726,0.05,67879.4
6399,3830,13,1,34766,0.2,27812.8
6400,3831,18,1,4367,0.05,4148.65
6401,3831,35,2,4996,0.15,8493.2
6402,3831,5,1,13447,0.05,12774.65
6403,3831,73,1,556,0.0,556.0
6404,3832,83,1,898,0.0,898.0
6405,3832,35,1,4996,0.0,4996.0
6406,3833,84,1,610,0.1,549.0
6407,3833,68,1,2741,0.0,2741.0
6408,3834,59,2,1172,0.1,2109.6
6409,3834,1,1,9563,0.15,8128.55
6410,3835,9,1,37837,0.0,37837.0
6411,3836,51,1,304,0.15,258.4
6412,3837,58,1,1070,0.25,802.5
6413,3837,55,1,979,0.2,783.2
6414,3838,48,2,424,0.2,678.4
6415,3839,68,2,2741,0.0,5482.0
6416,3840,77,1,3321,0.25,2490.75
6417,3841,1,2,9563,0.0,19126.0
6418,3842,47,1,1019,0.0,1019.0
6419,3843,64,2,302,0.15,513.4
6420,3843,60,2,405,0.2,648.0
6421,3844,50,1,798,0.0,798.0
6422,3845,61,1,680,0.1,612.0
6423,3846,24,2,1087,0.2,1739.2
6424,3847,80,1,461,0.15,391.85
6425,3848,71,1,3039,0.05,2887.05
6426,3848,57,1,846,0.15,719.1
6427,3849,39,1,4515,0.0,4515.0
6428,3849,41,2,5245,0.1,9441.0
6429,3849,50,1,798,0.15,678.3
6430,3850,83,1,898,0.0,898.0
6431,3850,13,1,34766,0.25,26074.5
6432,3850,86,1,441,0.0,441.0
6433,3851,29,2,2027,0.25,3040.5
6434,3851,75,1,825,0.15,701.25
6435,3852,40,2,1769,0.25,2653.5
6436,3853,35,1,4996,0.0,4996.0
6437,3854,64,1,302,0.0,302.0
6438,3855,45,2,4158,0.0,8316.0
6439,3855,83,1,898,0.1,808.2
6440,3855,20,1,821,0.25,615.75
6441,3856,4,1,40207,0.15,34175.95
6442,3856,19,2,41782,0.0,83564.0
6443,3857,3,1,43339,0.25,32504.25
6444,3858,39,1,4515,0.0,4515.0
6445,3858,75,1,825,0.2,660.0
6446,3858,84,2,610,0.0,1220.0
6447,3859,29,1,2027,0.2,1621.6
6448,3859,40,1,1769,0.2,1415.2
6449,3860,19,1,41782,0.0,41782.0
6450,3860,51,1,304,0.25,228.0
6451,3861,5,1,13447,0.1,12102.3
6452,3861,8,1,38096,0.15,32381.6
6453,3861,55,1,979,0.0,979.0
6454,3862,1,1,9563,0.0,9563.0
6455,3863,5,1,13447,0.1,12102.3
6456,3864,47,1,1019,0.0,1019.0
6457,3865,67,3,2736,0.25,6156.0
6458,3865,37,2,375,0.2,600.0
6459,3866,1,1,9563,0.2,7650.4
6460,3866,85,2,128,0.1,230.4
6461,3866,58,1,1070,0.05,1016.5
6462,3867,3,1,43339,0.15,36838.15
6463,3868,24,1,1087,0.0,1087.0
6464,3868,81,1,413,0.1,371.7
6465,3869,38,1,1108,0.15,941.8
6466,3869,13,2,34766,0.25,52149.0
6467,3870,23,1,2839,0.0,2839.0
6468,3871,25,2,2383,0.15,4051.1
6469,3872,32,1,1197,0.05,1137.15
6470,3872,62,1,291,0.2,232.8
6471,3873,5,1,13447,0.0,13447.0
6472,3873,50,1,798,0.2,638.4
6473,3873,79,2,995,0.05,1890.5
6474,3874,60,1,405,0.0,405.0
6475,3874,81,1,413,0.1,371.7
6476,3875,84,1,610,0.05,579.5
6477,3876,61,1,680,0.05,646.0
6478,3876,41,1,5245,0.0,5245.0
6479,3876,1,2,9563,0.0,19126.0
6480,3877,56,1,613,0.0,613.0
6481,3877,70,1,3968,0.0,3968.0
6482,3878,83,1,898,0.2,718.4
6483,3878,85,1,128,0.05,121.6
6484,3878,65,1,564,0.0,564.0
6485,3878,2,1,37224,0.15,31640.4
6486,3879,58,2,1070,0.1,1926.0
6487,3880,54,1,1386,0.0,1386.0
6488,3881,8,1,38096,0.0,38096.0
6489,3881,45,2,4158,0.25,6237.0
6490,3882,1,2,9563,0.05,18169.7
6491,3883,32,1,1197,0.0,1197.0
6492,3883,46,2,5521,0.15,9385.7
6493,3883,25,3,2383,0.1,6434.1
6494,3883,63,1,205,0.05,194.75
6495,3884,64,1,302,0.0,302.0
6496,3885,10,1,38149,0.05,36241.55
6497,3885,57,1,846,0.25,634.5
6498,3886,49,1,1101,0.15,935.85
6499,3886,50,1,798,0.0,798.0
6500,3886,29,1,2027,0.0,2027.0
6501,3887,63,1,205,0.0,205.0
6502,3887,85,2,128,0.1,230.4
6503,3887,53,3,559,0.25,1257.75
6504,3887,31,1,2822,0.2,2257.6
6505,3888,51,1,304,0.1,273.6
6506,3888,58,1,1070,0.15,909.5
6507,3889,85,1,128,0.0,128.0
6508,3890,21,2,568,0.25,852.0
6509,3891,4,3,40207,0.15,102527.85
6510,3892,56,1,613,0.1,551.7
6511,3892,39,1,4515,0.0,4515.0
6512,3893,36,1,1992,0.15,1693.2
6513,3893,38,1,1108,0.05,1052.6
6514,3893,84,1,610,0.0,610.0
6515,3893,58,1,1070,0.0,1070.0
6516,3894,3,3,43339,0.2,104013.6
6517,3895,61,1,680,0.25,510.0
6518,3895,45,2,4158,0.0,8316.0
6519,3896,10,1,38149,0.15,32426.65
6520,3897,73,1,556,0.0,556.0
6521,3898,50,1,798,0.0,798.0
6522,3898,70,1,3968,0.1,3571.2
6523,3899,7,1,40516,0.05,38490.2
6524,3900,4,1,40207,0.0,40207.0
6525,3901,44,1,4283,0.0,4283.0
6526,3901,62,1,291,0.0,291.0
6527,3902,4,1,40207,0.0,40207.0
6528,3903,46,1,5521,0.2,4416.8
6529,3904,7,1,40516,0.0,40516.0
6530,3905,36,1,1992,0.15,1693.2
6531,3905,8,1,38096,0.2,30476.8
6532,3906,22,1,1944,0.1,1749.6
6533,3906,27,1,2689,0.05,2554.55
6534,3906,11,1,35726,0.2,28580.8
6535,3906,13,2,34766,0.0,69532.0
6536,3907,46,1,5521,0.05,5244.95
6537,3907,79,1,995,0.0,995.0
6538,3908,2,1,37224,0.2,29779.2
6539,3909,47,1,1019,0.25,764.25
6540,3910,42,2,635,0.25,952.5
6541,3910,2,2,37224,0.0,74448.0
6542,3910,13,1,34766,0.15,29551.1
6543,3911,68,1,2741,0.15,2329.85
6544,3912,50,2,798,0.25,1197.0
6545,3913,28,1,1491,0.0,1491.0
6546,3913,53,1,559,0.0,559.0
6547,3914,11,2,35726,0.05,67879.4
6548,3915,55,1,979,0.0,979.0
6549,3916,86,1,441,0.1,396.9
6550,3917,61,2,680,0.0,1360.0
6551,3918,17,1,2374,0.0,2374.0
6552,3918,15,1,2462,0.1,2215.8
6553,3918,38,1,1108,0.2,886.4
6554,3918,75,1,825,0.25,618.75
6555,3919,21,2,568,0.0,1136.0
6556,3920,35,1,4996,0.2,3996.8
6557,3920,61,1,680,0.25,510.0
6558,3921,55,1,979,0.0,979.0
6559,3922,66,1,1256,0.0,1256.0
6560,3923,20,1,821,0.0,821.0
6561,3923,82,1,541,0.15,459.85
6562,3923,70,2,3968,0.05,7539.2
6563,3923,78,1,768,0.0,768.0
6564,3924,31,1,2822,0.2,2257.6
6565,3924,72,1,3738,0.25,2803.5
6566,3924,15,1,2462,0.1,2215.8
6567,3924,68,2,2741,0.2,4385.6
6568,3925,11,1,35726,0.15,30367.1
6569,3926,10,1,38149,0.05,36241.55
6570,3927,26,1,546,0.05,518.7
6571,3928,32,1,1197,0.05,1137.15
6572,3928,53,1,559,0.1,503.1
6573,3928,79,1,995,0.25,746.25
6574,3928,44,1,4283,0.0,4283.0
6575,3929,30,3,2247,0.25,5055.75
6576,3930,57,1,846,0.1,761.4
6577,3931,53,1,559,0.0,559.0
6578,3932,48,1,424,0.0,424.0
6579,3932,36,1,1992,0.0,1992.0
6580,3933,29,1,2027,0.1,1824.3
6581,3933,78,1,768,0.0,768.0
6582,3934,60,2,405,0.0,810.0
6583,3935,46,1,5521,0.15,4692.85
6584,3936,83,1,898,0.25,673.5
6585,3936,39,2,4515,0.0,9030.0
6586,3937,39,2,4515,0.1,8127.0
6587,3938,59,1,1172,0.15,996.2
6588,3938,40,1,1769,0.0,1769.0
6589,3939,16,1,22376,0.0,22376.0
6590,3939,50,1,798,0.1,718.2
6591,3939,3,1,43339,0.15,36838.15
6592,3940,57,1,846,0.05,803.7
6593,3940,69,1,3850,0.0,3850.0
6594,3941,3,1,43339,0.2,34671.2
6595,3942,17,2,2374,0.0,4748.0
6596,3942,31,1,2822,0.25,2116.5
6597,3942,55,1,979,0.2,783.2
6598,3942,44,1,4283,0.05,4068.85
6599,3943,17,1,2374,0.15,2017.9
6600,3944,26,1,546,0.15,464.1
6601,3944,72,1,3738,0.2,2990.4
6602,3945,27,1,2689,0.1,2420.1
6603,3946,50,1,798,0.2,638.4
6604,3947,20,1,821,0.15,697.85
6605,3947,67,1,2736,0.25,2052.0
6606,3947,5,1,13447,0.2,10757.6
6607,3948,74,1,745,0.1,670.5
6608,3949,45,1,4158,0.0,4158.0
6609,3949,34,2,803,0.25,1204.5
6610,3949,57,1,846,0.0,846.0
6611,3950,12,1,44912,0.2,35929.6
6612,3950,48,1,424,0.1,381.6
6613,3950,60,1,405,0.2,324.0
6614,3951,79,1,995,0.25,746.25
6615,3951,68,3,2741,0.0,8223.0
6616,3952,85,1,128,0.05,121.6
6617,3952,49,1,1101,0.15,935.85
6618,3953,5,2,13447,0.0,26894.0
6619,3954,22,1,1944,0.0,1944.0
6620,3955,51,1,304,0.1,273.6
6621,3955,59,1,1172,0.05,1113.4
6622,3956,55,1,979,0.0,979.0
6623,3957,85,1,128,0.15,108.8
6624,3957,38,1,1108,0.0,1108.0
6625,3958,84,1,610,0.2,488.0
6626,3959,23,1,2839,0.25,2129.25
6627,3959,37,2,375,0.1,675.0
6628,3960,70,2,3968,0.15,6745.6
6629,3961,75,2,825,0.2,1320.0
6630,3962,7,1,40516,0.0,40516.0
6631,3963,74,2,745,0.0,1490.0
6632,3963,58,1,1070,0.0,1070.0
6633,3964,17,2,2374,0.2,3798.4
6634,3965,73,2,556,0.15,945.2
6635,3965,50,2,798,0.05,1516.2
6636,3966,49,1,1101,0.05,1045.95
6637,3966,76,1,4344,0.05,4126.8
6638,3966,83,1,898,0.05,853.1
6639,3966,50,1,798,0.0,798.0
6640,3967,70,1,3968,0.0,3968.0
6641,3968,28,1,1491,0.15,1267.35
6642,3969,60,1,405,0.0,405.0
6643,3969,44,1,4283,0.05,4068.85
6644,3969,52,1,1758,0.0,1758.0
6645,3970,22,1,1944,0.05,1846.8
6646,3970,72,1,3738,0.0,3738.0
6647,3971,83,1,898,0.0,898.0
6648,3971,21,1,568,0.05,539.6
6649,3972,5,1,13447,0.15,11429.95
6650,3972,77,1,3321,0.0,3321.0
6651,3973,19,2,41782,0.0,83564.0
6652,3974,39,3,4515,0.1,12190.5
6653,3975,29,1,2027,0.0,2027.0
6654,3976,68,1,2741,0.0,2741.0
6655,3977,77,2,3321,0.25,4981.5
6656,3978,81,1,413,0.0,413.0
6657,3979,23,1,2839,0.15,2413.15
6658,3980,8,1,38096,0.15,32381.6
6659,3981,57,3,846,0.0,2538.0
6660,3982,70,1,3968,0.0,3968.0
6661,3983,40,2,1769,0.2,2830.4
6662,3983,61,1,680,0.15,578.0
6663,3984,51,1,304,0.0,304.0
6664,3985,73,1,556,0.2,444.8
6665,3985,18,1,4367,0.1,3930.3
6666,3986,53,1,559,0.1,503.1
6667,3986,52,3,1758,0.1,4746.6
6668,3987,6,2,41775,0.1,75195.0
6669,3988,5,1,13447,0.25,10085.25
6670,3989,80,1,461,0.05,437.95
6671,3989,38,1,1108,0.15,941.8
6672,3989,13,1,34766,0.0,34766.0
6673,3990,66,1,1256,0.05,1193.2
6674,3991,8,1,38096,0.05,36191.2
6675,3991,68,1,2741,0.2,2192.8
6676,3992,65,3,564,0.0,1692.0
6677,3992,78,2,768,0.2,1228.8
6678,3993,30,1,2247,0.05,2134.65
6679,3994,13,2,34766,0.0,69532.0
6680,3995,76,1,4344,0.15,3692.4
6681,3995,40,2,1769,0.0,3538.0
6682,3996,51,1,304,0.0,304.0
6683,3997,49,1,1101,0.1,990.9
6684,3997,23,1,2839,0.2,2271.2
6685,3998,80,1,461,0.25,345.75
6686,3999,28,1,1491,0.25,1118.25
6687,4000,56,1,613,0.2,490.4
6688,4000,14,1,28329,0.15,24079.65
6689,4001,26,2,546,0.2,873.6
6690,4001,58,1,1070,0.25,802.5
6691,4002,3,1,43339,0.05,41172.05
6692,4002,7,1,40516,0.0,40516.0
6693,4003,59,1,1172,0.1,1054.8
6694,4003,58,1,1070,0.1,963.0
6695,4003,6,1,41775,0.0,41775.0
6696,4004,41,1,5245,0.0,5245.0
6697,4005,86,1,441,0.1,396.9
6698,4006,2,1,37224,0.0,37224.0
6699,4007,77,1,3321,0.2,2656.8
6700,4007,80,1,461,0.0,461.0
6701,4008,80,1,461,0.05,437.95
6702,4009,32,1,1197,0.15,1017.45
6703,4010,71,1,3039,0.2,2431.2
6704,4011,43,1,865,0.2,692.0
6705,4011,31,1,2822,0.2,2257.6
6706,4011,32,1,1197,0.25,897.75
6707,4011,20,1,821,0.25,615.75
6708,4012,4,2,40207,0.15,68351.9
6709,4013,2,1,37224,0.0,37224.0
6710,4013,56,1,613,0.2,490.4
6711,4014,9,1,37837,0.1,34053.3
6712,4015,23,2,2839,0.0,5678.0
6713,4015,11,1,35726,0.0,35726.0
6714,4016,79,2,995,0.2,1592.0
6715,4016,25,1,2383,0.2,1906.4
6716,4016,52,1,1758,0.0,1758.0
6717,4017,9,1,37837,0.25,28377.75
6718,4017,4,1,40207,0.25,30155.25
6719,4018,86,2,441,0.05,837.9
6720,4018,84,1,610,0.25,457.5
6721,4018,49,2,1101,0.25,1651.5
6722,4019,18,1,4367,0.15,3711.95
6723,4020,35,1,4996,0.2,3996.8
6724,4020,7,1,40516,0.0,40516.0
6725,4021,42,1,635,0.0,635.0
6726,4022,61,1,680,0.0,680.0
6727,4023,27,1,2689,0.0,2689.0
6728,4023,46,1,5521,0.15,4692.85
6729,4024,66,1,1256,0.25,942.0
6730,4025,5,1,13447,0.2,10757.6
6731,4026,84,2,610,0.2,976.0
6732,4026,48,1,424,0.0,424.0
6733,4026,73,1,556,0.1,500.4
6734,4027,83,1,898,0.0,898.0
6735,4028,22,1,1944,0.05,1846.8
6736,4029,38,1,1108,0.1,997.2
6737,4029,16,1,22376,0.05,21257.2
6738,4030,12,2,44912,0.0,89824.0
6739,4031,83,1,898,0.2,718.4
6740,4031,3,1,43339,0.0,43339.0
6741,4031,11,1,35726,0.0,35726.0
6742,4031,49,1,1101,0.0,1101.0
6743,4032,37,2,375,0.0,750.0
6744,4032,9,2,37837,0.15,64322.9
6745,4033,46,1,5521,0.05,5244.95
6746,4034,30,1,2247,0.2,1797.6
6747,4034,57,1,846,0.0,846.0
6748,4035,64,1,302,0.15,256.7
6749,4036,47,1,1019,0.05,968.05
6750,4036,40,1,1769,0.15,1503.65
6751,4037,69,3,3850,0.0,11550.0
6752,4038,64,1,302,0.15,256.7
6753,4039,71,1,3039,0.0,3039.0
6754,4039,64,1,302,0.15,256.7
6755,4040,67,1,2736,0.15,2325.6
6756,4040,74,1,745,0.1,670.5
6757,4041,62,1,291,0.25,218.25
6758,4042,30,1,2247,0.0,2247.0
6759,4043,53,1,559,0.0,559.0
6760,4043,39,1,4515,0.05,4289.25
6761,4043,6,1,41775,0.1,37597.5
6762,4043,31,1,2822,0.0,2822.0
6763,4044,36,1,1992,0.25,1494.0
6764,4045,64,1,302,0.25,226.5
6765,4046,56,1,613,0.0,613.0
6766,4046,71,2,3039,0.0,6078.0
6767,4047,58,1,1070,0.0,1070.0
6768,4048,29,1,2027,0.15,1722.95
6769,4049,81,3,413,0.15,1053.15
6770,4050,56,1,613,0.15,521.05
6771,4051,70,3,3968,0.0,11904.0
6772,4051,44,1,4283,0.2,3426.4
6773,4051,30,2,2247,0.15,3819.9
6774,4052,65,1,564,0.25,423.0
6775,4053,31,1,2822,0.25,2116.5
6776,4053,56,1,613,0.2,490.4
6777,4053,4,2,40207,0.15,68351.9
6778,4054,20,3,821,0.15,2093.55
6779,4055,57,1,846,0.15,719.1
6780,4056,56,1,613,0.05,582.35
6781,4056,16,1,22376,0.0,22376.0
6782,4057,11,1,35726,0.0,35726.0
6783,4057,61,1,680,0.0,680.0
6784,4058,27,1,2689,0.1,2420.1
6785,4059,19,1,41782,0.0,41782.0
6786,4060,67,1,2736,0.15,2325.6
6787,4061,16,1,22376,0.05,21257.2
6788,4062,32,2,1197,0.15,2034.9
6789,4063,29,3,2027,0.0,6081.0
6790,4064,60,1,405,0.0,405.0
6791,4064,7,1,40516,0.1,36464.4
6792,4065,5,1,13447,0.0,13447.0
6793,4065,4,2,40207,0.0,80414.0
6794,4066,47,2,1019,0.25,1528.5
6795,4067,36,1,1992,0.1,1792.8
6796,4067,54,1,1386,0.1,1247.4
6797,4068,23,2,2839,0.0,5678.0
6798,4068,26,2,546,0.0,1092.0
6799,4069,30,1,2247,0.15,1909.95
6800,4070,80,1,461,0.25,345.75
6801,4070,47,2,1019,0.0,2038.0
6802,4071,22,1,1944,0.1,1749.6
6803,4071,70,1,3968,0.15,3372.8
6804,4071,86,2,441,0.0,882.0
6805,4072,32,2,1197,0.15,2034.9
6806,4073,13,1,34766,0.0,34766.0
6807,4073,79,2,995,0.2,1592.0
6808,4074,4,1,40207,0.0,40207.0
6809,4075,54,1,1386,0.15,1178.1
6810,4076,74,2,745,0.0,1490.0
6811,4076,54,1,1386,0.25,1039.5
6812,4077,55,1,979,0.05,930.05
6813,4077,43,1,865,0.15,735.25
6814,4077,11,1,35726,0.1,32153.4
6815,4078,20,1,821,0.0,821.0
6816,4078,73,1,556,0.0,556.0
6817,4079,70,2,3968,0.0,7936.0
6818,4079,58,1,1070,0.0,1070.0
6819,4080,38,1,1108,0.0,1108.0
6820,4081,64,1,302,0.25,226.5
6821,4082,46,2,5521,0.0,11042.0
6822,4083,56,1,613,0.15,521.05
6823,4083,44,1,4283,0.25,3212.25
6824,4084,84,1,610,0.1,549.0
6825,4084,51,3,304,0.15,775.2
6826,4085,12,1,44912,0.0,44912.0
6827,4086,34,2,803,0.05,1525.7
6828,4086,78,2,768,0.0,1536.0
6829,4087,39,2,4515,0.0,9030.0
6830,4088,49,1,1101,0.05,1045.95
6831,4089,47,1,1019,0.15,866.15
6832,4089,35,2,4996,0.25,7494.0
6833,4090,50,3,798,0.0,2394.0
6834,4091,55,1,979,0.25,734.25
6835,4091,84,2,610,0.2,976.0
6836,4092,78,1,768,0.0,768.0
6837,4093,72,2,3738,0.2,5980.8
6838,4094,60,1,405,0.1,364.5
6839,4094,64,1,302,0.1,271.8
6840,4095,33,2,3307,0.0,6614.0
6841,4096,51,1,304,0.1,273.6
6842,4096,78,1,768,0.1,691.2
6843,4096,14,2,28329,0.15,48159.3
6844,4097,17,1,2374,0.0,2374.0
6845,4097,84,2,610,0.15,1037.0
6846,4098,39,2,4515,0.1,8127.0
6847,4099,25,3,2383,0.25,5361.75
6848,4100,72,1,3738,0.25,2803.5
6849,4100,28,1,1491,0.05,1416.45
6850,4101,52,2,1758,0.25,2637.0
6851,4102,62,3,291,0.0,873.0
6852,4102,34,1,803,0.05,762.85
6853,4102,20,1,821,0.0,821.0
6854,4102,31,1,2822,0.25,2116.5
6855,4103,19,1,41782,0.25,31336.5
6856,4104,60,1,405,0.25,303.75
6857,4105,49,2,1101,0.05,2091.9
6858,4106,49,3,1101,0.05,3137.85
6859,4106,48,1,424,0.0,424.0
6860,4107,58,1,1070,0.0,1070.0
6861,4108,79,2,995,0.05,1890.5
6862,4109,33,1,3307,0.15,2810.95
6863,4109,48,1,424,0.1,381.6
6864,4110,61,1,680,0.0,680.0
6865,4110,22,1,1944,0.05,1846.8
6866,4111,39,2,4515,0.0,9030.0
6867,4111,10,2,38149,0.0,76298.0
6868,4111,5,1,13447,0.25,10085.25
6869,4111,29,1,2027,0.2,1621.6
6870,4112,7,2,40516,0.25,60774.0
6871,4113,39,2,4515,0.0,9030.0
6872,4113,29,2,2027,0.0,4054.0
6873,4114,32,1,1197,0.0,1197.0
6874,4115,13,1,34766,0.0,34766.0
6875,4115,70,3,3968,0.1,10713.6
6876,4116,47,1,1019,0.0,1019.0
6877,4116,64,2,302,0.05,573.8
6878,4117,82,1,541,0.0,541.0
6879,4118,18,1,4367,0.2,3493.6
6880,4118,57,1,846,0.0,846.0
6881,4119,63,1,205,0.05,194.75
6882,4120,82,3,541,0.05,1541.85
6883,4120,59,1,1172,0.25,879.0
6884,4121,42,1,635,0.0,635.0
6885,4122,66,3,1256,0.15,3202.8
6886,4122,4,2,40207,0.0,80414.0
6887,4122,37,1,375,0.0,375.0
6888,4123,24,1,1087,0.25,815.25
6889,4124,19,2,41782,0.2,66851.2
6890,4125,73,1,556,0.0,556.0
6891,4126,14,1,28329,0.05,26912.55
6892,4126,61,1,680,0.1,612.0
6893,4126,7,1,40516,0.25,30387.0
6894,4127,1,1,9563,0.1,8606.7
6895,4128,36,1,1992,0.0,1992.0
6896,4128,42,1,635,0.15,539.75
6897,4129,46,1,5521,0.05,5244.95
6898,4130,36,1,1992,0.25,1494.0
6899,4130,49,2,1101,0.05,2091.9
6900,4131,5,2,13447,0.15,22859.9
6901,4132,66,2,1256,0.1,2260.8
6902,4133,64,1,302,0.0,302.0
6903,4134,66,1,1256,0.15,1067.6
6904,4135,11,2,35726,0.25,53589.0
6905,4136,6,1,41775,0.0,41775.0
6906,4137,34,1,803,0.25,602.25
6907,4138,41,1,5245,0.25,3933.75
6908,4138,77,2,3321,0.15,5645.7
6909,4139,24,3,1087,0.1,2934.9
6910,4139,71,1,3039,0.0,3039.0
6911,4139,55,2,979,0.05,1860.1
6912,4140,41,1,5245,0.25,3933.75
6913,4140,77,1,3321,0.05,3154.95
6914,4141,30,1,2247,0.15,1909.95
6915,4141,72,2,3738,0.2,5980.8
6916,4142,29,1,2027,0.0,2027.0
6917,4143,86,1,441,0.2,352.8
6918,4144,67,1,2736,0.0,2736.0
6919,4144,81,1,413,0.05,392.35
6920,4144,34,1,803,0.15,682.55
6921,4145,15,2,2462,0.1,4431.6
6922,4145,81,1,413,0.0,413.0
6923,4146,1,1,9563,0.25,7172.25
6924,4146,70,1,3968,0.1,3571.2
6925,4146,65,1,564,0.25,423.0
6926,4147,44,1,4283,0.2,3426.4
6927,4148,2,1,37224,0.0,37224.0
6928,4149,30,1,2247,0.0,2247.0
6929,4149,28,1,1491,0.25,1118.25
6930,4150,85,2,128,0.2,204.8
6931,4150,36,1,1992,0.0,1992.0
6932,4151,57,2,846,0.0,1692.0
6933,4151,15,1,2462,0.0,2462.0
6934,4152,53,1,559,0.05,531.05
6935,4153,61,2,680,0.0,1360.0
6936,4153,43,1,865,0.05,821.75
6937,4153,34,2,803,0.0,1606.0
6938,4154,40,1,1769,0.0,1769.0
6939,4155,32,3,1197,0.05,3411.45
6940,4155,82,2,541,0.0,1082.0
6941,4155,66,1,1256,0.15,1067.6
6942,4156,11,1,35726,0.2,28580.8
6943,4157,16,2,22376,0.1,40276.8
6944,4157,37,2,375,0.2,600.0
6945,4158,65,1,564,0.0,564.0
6946,4159,79,1,995,0.15,845.75
6947,4159,38,1,1108,0.0,1108.0
6948,4159,23,1,2839,0.1,2555.1
6949,4160,33,1,3307,0.1,2976.3
6950,4160,79,1,995,0.25,746.25
6951,4161,75,1,825,0.0,825.0
6952,4161,33,1,3307,0.0,3307.0
6953,4162,61,1,680,0.0,680.0
6954,4163,33,1,3307,0.0,3307.0
6955,4163,53,2,559,0.1,1006.2
6956,4163,50,1,798,0.05,758.1
6957,4164,76,1,4344,0.0,4344.0
6958,4165,31,1,2822,0.25,2116.5
6959,4165,40,1,1769,0.2,1415.2
6960,4166,13,2,34766,0.15,59102.2
6961,4166,2,1,37224,0.0,37224.0
6962,4167,2,1,37224,0.0,37224.0
6963,4168,33,1,3307,0.15,2810.95
6964,4169,13,1,34766,0.1,31289.4
6965,4170,55,2,979,0.0,1958.0
6966,4171,12,2,44912,0.1,80841.6
6967,4172,39,1,4515,0.05,4289.25
6968,4172,53,1,559,0.2,447.2
6969,4172,74,1,745,0.0,745.0
6970,4172,73,3,556,0.2,1334.4
6971,4173,11,1,35726,0.05,33939.7
6972,4174,22,1,1944,0.0,1944.0
6973,4174,30,2,2247,0.0,4494.0
6974,4175,54,1,1386,0.0,1386.0
6975,4176,60,1,405,0.15,344.25
6976,4177,67,1,2736,0.25,2052.0
6977,4178,24,1,1087,0.15,923.95
6978,4178,20,1,821,0.0,821.0
6979,4179,18,1,4367,0.25,3275.25
6980,4180,53,1,559,0.2,447.2
6981,4181,25,2,2383,0.2,3812.8
6982,4181,52,1,1758,0.0,1758.0
6983,4181,68,1,2741,0.05,2603.95
6984,4182,21,2,568,0.0,1136.0
6985,4182,42,1,635,0.1,571.5
6986,4182,5,2,13447,0.0,26894.0
6987,4183,64,3,302,0.1,815.4
6988,4184,28,1,1491,0.0,1491.0
6989,4184,35,1,4996,0.1,4496.4
6990,4184,20,1,821,0.0,821.0
6991,4185,52,1,1758,0.05,1670.1
6992,4186,77,2,3321,0.1,5977.8
6993,4187,65,1,564,0.15,479.4
6994,4187,19,1,41782,0.0,41782.0
6995,4187,85,1,128,0.1,115.2
6996,4188,84,1,610,0.25,457.5
6997,4188,74,1,745,0.15,633.25
6998,4189,68,1,2741,0.2,2192.8
6999,4190,38,1,1108,0.15,941.8
7000,4190,2,2,37224,0.0,74448.0
7001,4191,23,2,2839,0.15,4826.3
7002,4191,40,2,1769,0.0,3538.0
7003,4192,70,1,3968,0.15,3372.8
7004,4193,43,3,865,0.0,2595.0
7005,4194,4,1,40207,0.0,40207.0
7006,4195,70,1,3968,0.25,2976.0
7007,4196,60,2,405,0.05,769.5
7008,4196,16,1,22376,0.0,22376.0
7009,4196,19,2,41782,0.15,71029.4
7010,4196,76,2,4344,0.1,7819.2
7011,4197,61,1,680,0.1,612.0
7012,4198,58,1,1070,0.0,1070.0
7013,4198,60,2,405,0.2,648.0
7014,4199,28,1,1491,0.05,1416.45
7015,4200,25,2,2383,0.15,4051.1
7016,4200,63,1,205,0.2,164.0
7017,4201,72,1,3738,0.1,3364.2
7018,4201,39,1,4515,0.2,3612.0
7019,4202,45,1,4158,0.15,3534.3
7020,4203,71,1,3039,0.0,3039.0
7021,4204,51,1,304,0.0,304.0
7022,4205,68,1,2741,0.0,2741.0
7023,4206,2,1,37224,0.1,33501.6
7024,4207,48,2,424,0.25,636.0
7025,4207,52,1,1758,0.25,1318.5
7026,4208,60,2,405,0.0,810.0
7027,4208,71,1,3039,0.0,3039.0
7028,4209,43,2,865,0.2,1384.0
7029,4209,3,1,43339,0.15,36838.15
7030,4210,1,3,9563,0.0,28689.0
7031,4211,80,1,461,0.15,391.85
7032,4211,23,1,2839,0.15,2413.15
7033,4211,76,1,4344,0.2,3475.2
7034,4212,60,1,405,0.0,405.0
7035,4212,56,1,613,0.1,551.7
7036,4212,31,1,2822,0.0,2822.0
7037,4213,24,1,1087,0.2,869.6
7038,4213,27,1,2689,0.05,2554.55
7039,4213,86,1,441,0.2,352.8
7040,4214,39,1,4515,0.0,4515.0
7041,4215,46,1,5521,0.0,5521.0
7042,4216,44,2,4283,0.0,8566.0
7043,4217,46,1,5521,0.0,5521.0
7044,4218,80,3,461,0.2,1106.4
7045,4219,78,1,768,0.0,768.0
7046,4220,30,3,2247,0.2,5392.8
7047,4220,61,2,680,0.15,1156.0
7048,4220,84,2,610,0.0,1220.0
7049,4221,69,1,3850,0.1,3465.0
7050,4221,22,1,1944,0.0,1944.0
7051,4222,76,2,4344,0.15,7384.8
7052,4222,46,1,5521,0.05,5244.95
7053,4222,73,3,556,0.2,1334.4
7054,4222,36,1,1992,0.0,1992.0
7055,4223,24,2,1087,0.0,2174.0
7056,4224,53,1,559,0.05,531.05
7057,4224,48,1,424,0.0,424.0
7058,4225,63,1,205,0.25,153.75
7059,4226,25,1,2383,0.15,2025.55
7060,4226,42,1,635,0.1,571.5
7061,4227,33,1,3307,0.0,3307.0
7062,4227,61,2,680,0.15,1156.0
7063,4227,48,2,424,0.25,636.0
7064,4227,56,3,613,0.1,1655.1
7065,4228,23,2,2839,0.2,4542.4
7066,4229,27,1,2689,0.2,2151.2
7067,4230,29,1,2027,0.05,1925.65
7068,4231,81,2,413,0.25,619.5
7069,4232,37,2,375,0.25,562.5
7070,4232,66,1,1256,0.05,1193.2
7071,4233,3,2,43339,0.0,86678.0
7072,4234,43,2,865,0.0,1730.0
7073,4234,82,3,541,0.0,1623.0
7074,4235,68,2,2741,0.0,5482.0
7075,4236,42,3,635,0.0,1905.0
7076,4237,56,1,613,0.15,521.05
7077,4238,75,1,825,0.1,742.5
7078,4238,70,1,3968,0.25,2976.0
7079,4238,8,1,38096,0.15,32381.6
7080,4239,15,1,2462,0.1,2215.8
7081,4239,71,1,3039,0.0,3039.0
7082,4239,13,2,34766,0.0,69532.0
7083,4240,48,1,424,0.05,402.8
7084,4241,10,1,38149,0.1,34334.1
7085,4242,45,1,4158,0.0,4158.0
7086,4243,29,1,2027,0.2,1621.6
7087,4244,78,1,768,0.2,614.4
7088,4245,32,3,1197,0.1,3231.9
7089,4245,24,2,1087,0.0,2174.0
7090,4246,84,1,610,0.25,457.5
7091,4247,40,1,1769,0.0,1769.0
7092,4248,2,1,37224,0.05,35362.8
7093,4249,20,1,821,0.15,697.85
7094,4249,27,1,2689,0.0,2689.0
7095,4250,33,1,3307,0.0,3307.0
7096,4251,59,1,1172,0.05,1113.4
7097,4251,81,2,413,0.05,784.7
7098,4252,27,2,2689,0.25,4033.5
7099,4253,78,2,768,0.25,1152.0
7100,4254,82,1,541,0.0,541.0
7101,4255,44,1,4283,0.25,3212.25
7102,4256,23,1,2839,0.0,2839.0
7103,4257,2,1,37224,0.15,31640.4
7104,4258,35,3,4996,0.15,12739.8
7105,4259,21,1,568,0.15,482.8
7106,4259,39,1,4515,0.25,3386.25
7107,4259,19,1,41782,0.25,31336.5
7108,4260,65,1,564,0.0,564.0
7109,4260,79,1,995,0.25,746.25
7110,4260,81,1,413,0.25,309.75
7111,4261,9,2,37837,0.1,68106.6
7112,4261,78,1,768,0.0,768.0
7113,4261,45,1,4158,0.1,3742.2
7114,4262,83,1,898,0.0,898.0
7115,4263,62,1,291,0.2,232.8
7116,4263,75,1,825,0.1,742.5
7117,4264,75,1,825,0.05,783.75
7118,4265,63,1,205,0.25,153.75
7119,4266,83,2,898,0.15,1526.6
7120,4266,29,1,2027,0.0,2027.0
7121,4267,72,1,3738,0.25,2803.5
7122,4268,23,1,2839,0.15,2413.15
7123,4269,31,1,2822,0.0,2822.0
7124,4270,32,1,1197,0.0,1197.0
7125,4271,53,1,559,0.2,447.2
7126,4272,69,1,3850,0.25,2887.5
7127,4272,85,1,128,0.05,121.6
7128,4273,22,2,1944,0.05,3693.6
7129,4274,60,3,405,0.05,1154.25
7130,4275,74,1,745,0.0,745.0
7131,4275,26,1,546,0.05,518.7
7132,4276,18,1,4367,0.2,3493.6
7133,4276,26,2,546,0.1,982.8
7134,4277,36,2,1992,0.15,3386.4
7135,4278,19,1,41782,0.0,41782.0
7136,4278,50,2,798,0.25,1197.0
7137,4279,80,1,461,0.05,437.95
7138,4280,63,1,205,0.25,153.75
7139,4281,64,1,302,0.25,226.5
7140,4282,13,1,34766,0.05,33027.7
7141,4283,82,1,541,0.1,486.9
7142,4284,68,1,2741,0.1,2466.9
7143,4285,16,1,22376,0.15,19019.6
7144,4286,27,1,2689,0.1,2420.1
7145,4287,31,1,2822,0.2,2257.6
7146,4287,5,2,13447,0.0,26894.0
7147,4288,42,1,635,0.0,635.0
7148,4289,37,1,375,0.1,337.5
7149,4290,48,1,424,0.25,318.0
7150,4291,15,2,2462,0.2,3939.2
7151,4292,12,1,44912,0.15,38175.2
7152,4293,61,1,680,0.0,680.0
7153,4294,7,1,40516,0.0,40516.0
7154,4295,79,1,995,0.0,995.0
7155,4296,45,3,4158,0.15,10602.9
7156,4296,12,1,44912,0.15,38175.2
7157,4297,57,1,846,0.15,719.1
7158,4298,6,1,41775,0.1,37597.5
7159,4299,25,1,2383,0.25,1787.25
7160,4300,55,1,979,0.2,783.2
7161,4301,12,2,44912,0.15,76350.4
7162,4301,28,1,1491,0.0,1491.0
7163,4302,69,1,3850,0.0,3850.0
7164,4303,15,1,2462,0.05,2338.9
7165,4303,65,2,564,0.0,1128.0
7166,4304,35,1,4996,0.2,3996.8
7167,4304,47,1,1019,0.05,968.05
7168,4305,14,1,28329,0.2,22663.2
7169,4306,69,1,3850,0.15,3272.5
7170,4307,80,1,461,0.0,461.0
7171,4307,45,1,4158,0.05,3950.1
7172,4307,64,1,302,0.2,241.6
7173,4307,50,1,798,0.1,718.2
7174,4308,49,1,1101,0.15,935.85
7175,4308,59,1,1172,0.25,879.0
7176,4308,67,1,2736,0.25,2052.0
7177,4309,5,1,13447,0.15,11429.95
7178,4309,34,1,803,0.0,803.0
7179,4310,68,1,2741,0.05,2603.95
7180,4310,11,2,35726,0.0,71452.0
7181,4310,64,1,302,0.15,256.7
7182,4311,5,2,13447,0.15,22859.9
7183,4311,51,1,304,0.2,243.2
7184,4311,64,1,302,0.05,286.9
7185,4312,64,1,302,0.0,302.0
7186,4313,57,1,846,0.2,676.8
7187,4313,67,2,2736,0.0,5472.0
7188,4314,11,1,35726,0.1,32153.4
7189,4314,10,1,38149,0.05,36241.55
7190,4315,35,1,4996,0.0,4996.0
7191,4316,44,1,4283,0.05,4068.85
7192,4317,82,1,541,0.0,541.0
7193,4318,82,1,541,0.0,541.0
7194,4319,68,1,2741,0.15,2329.85
7195,4319,56,2,613,0.0,1226.0
7196,4320,20,2,821,0.0,1642.0
7197,4320,44,1,4283,0.15,3640.55
7198,4320,8,2,38096,0.0,76192.0
7199,4321,46,2,5521,0.15,9385.7
7200,4321,61,1,680,0.0,680.0
7201,4322,53,2,559,0.0,1118.0
7202,4322,25,2,2383,0.0,4766.0
7203,4322,17,1,2374,0.0,2374.0
7204,4323,42,1,635,0.0,635.0
7205,4324,39,1,4515,0.2,3612.0
7206,4325,80,1,461,0.05,437.95
7207,4325,81,1,413,0.25,309.75
7208,4325,33,1,3307,0.15,2810.95
7209,4326,15,2,2462,0.05,4677.8
7210,4326,81,2,413,0.0,826.0
7211,4326,14,2,28329,0.0,56658.0
7212,4327,23,1,2839,0.0,2839.0
7213,4328,57,1,846,0.0,846.0
7214,4328,39,1,4515,0.05,4289.25
7215,4329,32,1,1197,0.2,957.6
7216,4329,76,1,4344,0.0,4344.0
7217,4330,3,1,43339,0.05,41172.05
7218,4331,27,1,2689,0.2,2151.2
7219,4331,22,1,1944,0.2,1555.2
7220,4332,69,1,3850,0.1,3465.0
7221,4332,49,1,1101,0.0,1101.0
7222,4333,20,1,821,0.1,738.9
7223,4334,18,1,4367,0.15,3711.95
7224,4335,43,1,865,0.05,821.75
7225,4336,30,1,2247,0.15,1909.95
7226,4337,43,1,865,0.2,692.0
7227,4337,41,1,5245,0.1,4720.5
7228,4337,76,1,4344,0.2,3475.2
7229,4338,73,1,556,0.15,472.6
7230,4338,75,1,825,0.05,783.75
7231,4338,19,1,41782,0.15,35514.7
7232,4339,69,1,3850,0.2,3080.0
7233,4340,13,2,34766,0.1,62578.8
7234,4341,46,1,5521,0.25,4140.75
7235,4342,68,2,2741,0.0,5482.0
7236,4342,13,1,34766,0.15,29551.1
7237,4342,26,1,546,0.15,464.1
7238,4342,77,1,3321,0.05,3154.95
7239,4343,1,1,9563,0.2,7650.4
7240,4343,16,1,22376,0.0,22376.0
7241,4343,7,2,40516,0.0,81032.0
7242,4344,23,1,2839,0.25,2129.25
7243,4345,38,1,1108,0.1,997.2
7244,4346,47,1,1019,0.0,1019.0
7245,4346,65,1,564,0.0,564.0
7246,4347,47,1,1019,0.25,764.25
7247,4348,7,2,40516,0.15,68877.2
7248,4349,70,1,3968,0.1,3571.2
7249,4350,63,2,205,0.15,348.5
7250,4351,68,2,2741,0.1,4933.8
7251,4351,33,2,3307,0.0,6614.0
7252,4352,9,1,37837,0.0,37837.0
7253,4353,21,1,568,0.05,539.6
7254,4354,58,1,1070,0.2,856.0
7255,4354,33,1,3307,0.1,2976.3
7256,4354,25,1,2383,0.0,2383.0
7257,4355,50,1,798,0.0,798.0
7258,4356,23,1,2839,0.15,2413.15
7259,4356,63,2,205,0.1,369.0
7260,4357,63,1,205,0.1,184.5
7261,4357,38,1,1108,0.25,831.0
7262,4357,45,1,4158,0.15,3534.3
7263,4358,17,1,2374,0.15,2017.9
7264,4358,8,3,38096,0.05,108573.6
7265,4359,52,1,1758,0.0,1758.0
7266,4359,38,1,1108,0.0,1108.0
7267,4360,63,3,205,0.25,461.25
7268,4360,27,1,2689,0.05,2554.55
7269,4360,39,1,4515,0.1,4063.5
7270,4361,57,1,846,0.15,719.1
7271,4361,62,2,291,0.25,436.5
7272,4362,16,1,22376,0.1,20138.4
7273,4363,70,1,3968,0.0,3968.0
7274,4363,50,1,798,0.25,598.5
7275,4364,53,1,559,0.0,559.0
7276,4365,54,1,1386,0.0,1386.0
7277,4365,48,1,424,0.0,424.0
7278,4365,25,1,2383,0.05,2263.85
7279,4366,81,1,413,0.15,351.05
7280,4367,20,1,821,0.1,738.9
7281,4368,77,3,3321,0.0,9963.0
7282,4369,73,1,556,0.0,556.0
7283,4369,19,2,41782,0.2,66851.2
7284,4370,20,1,821,0.15,697.85
7285,4370,73,2,556,0.0,1112.0
7286,4370,10,1,38149,0.2,30519.2
7287,4370,38,1,1108,0.0,1108.0
7288,4371,17,1,2374,0.05,2255.3
7289,4372,22,2,1944,0.15,3304.8
7290,4373,35,1,4996,0.1,4496.4
7291,4373,8,1,38096,0.0,38096.0
7292,4374,19,1,41782,0.05,39692.9
7293,4375,14,2,28329,0.2,45326.4
7294,4375,28,1,1491,0.0,1491.0
7295,4376,61,1,680,0.2,544.0
7296,4377,50,3,798,0.0,2394.0
7297,4377,51,2,304,0.1,547.2
7298,4377,55,1,979,0.25,734.25
7299,4377,24,1,1087,0.0,1087.0
7300,4378,23,1,2839,0.15,2413.15
7301,4379,70,2,3968,0.25,5952.0
7302,4380,48,1,424,0.2,339.2
7303,4381,30,1,2247,0.05,2134.65
7304,4382,24,1,1087,0.0,1087.0
7305,4382,12,1,44912,0.1,40420.8
7306,4383,69,1,3850,0.0,3850.0
7307,4384,86,1,441,0.0,441.0
7308,4385,85,3,128,0.15,326.4
7309,4385,23,1,2839,0.25,2129.25
7310,4386,56,1,613,0.1,551.7
7311,4387,64,1,302,0.2,241.6
7312,4387,77,1,3321,0.0,3321.0
7313,4387,33,2,3307,0.0,6614.0
7314,4388,12,1,44912,0.0,44912.0
7315,4388,76,1,4344,0.1,3909.6
7316,4388,83,1,898,0.1,808.2
7317,4389,11,1,35726,0.1,32153.4
7318,4390,4,1,40207,0.0,40207.0
7319,4390,79,1,995,0.2,796.0
7320,4391,28,1,1491,0.0,1491.0
7321,4391,37,1,375,0.05,356.25
7322,4392,86,1,441,0.1,396.9
7323,4392,59,1,1172,0.05,1113.4
7324,4392,24,2,1087,0.2,1739.2
7325,4392,30,1,2247,0.15,1909.95
7326,4393,57,1,846,0.0,846.0
7327,4394,19,2,41782,0.0,83564.0
7328,4394,85,1,128,0.25,96.0
7329,4394,47,1,1019,0.0,1019.0
7330,4395,58,2,1070,0.0,2140.0
7331,4396,68,1,2741,0.0,2741.0
7332,4397,21,1,568,0.05,539.6
7333,4398,13,1,34766,0.0,34766.0
7334,4399,36,2,1992,0.15,3386.4
7335,4400,83,2,898,0.05,1706.2
7336,4401,14,3,28329,0.1,76488.3
7337,4401,63,1,205,0.2,164.0
7338,4402,60,1,405,0.05,384.75
7339,4402,23,1,2839,0.1,2555.1
7340,4402,29,1,2027,0.0,2027.0
7341,4403,61,1,680,0.25,510.0
7342,4403,38,1,1108,0.2,886.4
7343,4404,12,1,44912,0.0,44912.0
7344,4405,76,1,4344,0.0,4344.0
7345,4406,21,1,568,0.25,426.0
7346,4406,61,1,680,0.05,646.0
7347,4407,7,1,40516,0.0,40516.0
7348,4407,18,3,4367,0.1,11790.9
7349,4407,20,1,821,0.05,779.95
7350,4407,61,2,680,0.0,1360.0
7351,4408,8,1,38096,0.25,28572.0
7352,4409,36,1,1992,0.1,1792.8
7353,4410,42,2,635,0.2,1016.0
7354,4411,28,2,1491,0.1,2683.8
7355,4412,7,1,40516,0.2,32412.8
7356,4412,16,1,22376,0.1,20138.4
7357,4412,33,1,3307,0.0,3307.0
7358,4413,49,1,1101,0.0,1101.0
7359,4414,32,1,1197,0.2,957.6
7360,4415,44,1,4283,0.25,3212.25
7361,4416,6,1,41775,0.15,35508.75
7362,4417,78,1,768,0.15,652.8
7363,4417,73,1,556,0.0,556.0
7364,4417,39,1,4515,0.0,4515.0
7365,4417,36,2,1992,0.2,3187.2
7366,4418,85,1,128,0.25,96.0
7367,4419,44,1,4283,0.05,4068.85
7368,4420,31,1,2822,0.05,2680.9
7369,4421,13,3,34766,0.15,88653.3
7370,4421,62,1,291,0.0,291.0
7371,4422,33,1,3307,0.0,3307.0
7372,4422,54,1,1386,0.15,1178.1
7373,4423,81,1,413,0.25,309.75
7374,4423,24,2,1087,0.05,2065.3
7375,4424,49,3,1101,0.0,3303.0
7376,4425,79,2,995,0.2,1592.0
7377,4426,34,1,803,0.1,722.7
7378,4427,5,1,13447,0.1,12102.3
7379,4428,11,1,35726,0.0,35726.0
7380,4428,28,1,1491,0.0,1491.0
7381,4428,26,1,546,0.05,518.7
7382,4429,76,1,4344,0.25,3258.0
7383,4429,67,1,2736,0.05,2599.2
7384,4430,33,1,3307,0.15,2810.95
7385,4430,83,1,898,0.1,808.2
7386,4431,9,1,37837,0.0,37837.0
7387,4431,21,1,568,0.1,511.2
7388,4432,63,1,205,0.2,164.0
7389,4433,67,2,2736,0.2,4377.6
7390,4434,67,2,2736,0.15,4651.2
7391,4435,37,1,375,0.15,318.75
7392,4436,61,1,680,0.15,578.0
7393,4436,20,1,821,0.2,656.8
7394,4436,86,1,441,0.25,330.75
7395,4437,57,2,846,0.1,1522.8
7396,4438,62,2,291,0.0,582.0
7397,4439,32,2,1197,0.15,2034.9
7398,4440,69,1,3850,0.1,3465.0
7399,4440,42,1,635,0.0,635.0
7400,4441,32,1,1197,0.0,1197.0
7401,4442,58,1,1070,0.2,856.0
7402,4443,65,1,564,0.0,564.0
7403,4444,38,1,1108,0.05,1052.6
7404,4444,66,2,1256,0.05,2386.4
7405,4444,61,1,680,0.25,510.0
7406,4444,31,1,2822,0.15,2398.7
7407,4445,1,1,9563,0.0,9563.0
7408,4446,4,1,40207,0.1,36186.3
7409,4447,40,1,1769,0.1,1592.1
7410,4448,7,2,40516,0.2,64825.6
7411,4449,85,1,128,0.05,121.6
7412,4449,49,1,1101,0.15,935.85
7413,4450,68,1,2741,0.05,2603.95
7414,4451,38,1,1108,0.0,1108.0
7415,4452,42,1,635,0.0,635.0
7416,4452,40,2,1769,0.0,3538.0
7417,4453,25,1,2383,0.0,2383.0
7418,4453,62,1,291,0.2,232.8
7419,4453,15,1,2462,0.05,2338.9
7420,4454,51,2,304,0.25,456.0
7421,4455,7,3,40516,0.0,121548.0
7422,4456,71,1,3039,0.1,2735.1
7423,4456,27,3,2689,0.25,6050.25
7424,4457,24,1,1087,0.2,869.6
7425,4457,78,1,768,0.25,576.0
7426,4458,67,2,2736,0.1,4924.8
7427,4458,20,1,821,0.0,821.0
7428,4459,48,1,424,0.2,339.2
7429,4459,60,1,405,0.15,344.25
7430,4459,23,1,2839,0.1,2555.1
7431,4460,40,2,1769,0.0,3538.0
7432,4461,64,1,302,0.15,256.7
7433,4462,37,2,375,0.2,600.0
7434,4462,81,1,413,0.15,351.05
7435,4463,42,2,635,0.05,1206.5
7436,4463,21,1,568,0.1,511.2
7437,4464,49,1,1101,0.05,1045.95
7438,4464,74,2,745,0.1,1341.0
7439,4465,69,1,3850,0.05,3657.5
7440,4465,74,1,745,0.0,745.0
7441,4465,47,1,1019,0.0,1019.0
7442,4466,73,1,556,0.0,556.0
7443,4466,60,1,405,0.0,405.0
7444,4467,83,2,898,0.0,1796.0
7445,4467,4,1,40207,0.1,36186.3
7446,4468,13,1,34766,0.0,34766.0
7447,4469,59,1,1172,0.0,1172.0
7448,4470,49,2,1101,0.05,2091.9
7449,4470,43,2,865,0.2,1384.0
7450,4471,52,1,1758,0.05,1670.1
7451,4472,79,1,995,0.2,796.0
7452,4472,84,1,610,0.1,549.0
7453,4473,47,1,1019,0.0,1019.0
7454,4473,9,1,37837,0.1,34053.3
7455,4474,24,1,1087,0.15,923.95
7456,4474,77,1,3321,0.25,2490.75
7457,4475,55,1,979,0.2,783.2
7458,4475,49,1,1101,0.15,935.85
7459,4475,10,2,38149,0.0,76298.0
7460,4476,17,2,2374,0.0,4748.0
7461,4476,28,1,1491,0.0,1491.0
7462,4476,75,1,825,0.05,783.75
7463,4477,63,2,205,0.1,369.0
7464,4477,10,1,38149,0.2,30519.2
7465,4478,15,1,2462,0.25,1846.5
7466,4479,43,1,865,0.0,865.0
7467,4480,3,2,43339,0.0,86678.0
7468,4481,19,1,41782,0.25,31336.5
7469,4482,1,2,9563,0.1,17213.4
7470,4483,75,1,825,0.0,825.0
7471,4484,34,1,803,0.0,803.0
7472,4485,26,1,546,0.0,546.0
7473,4486,51,2,304,0.05,577.6
7474,4486,17,1,2374,0.15,2017.9
7475,4486,73,1,556,0.0,556.0
7476,4487,41,1,5245,0.0,5245.0
7477,4488,28,1,1491,0.25,1118.25
7478,4489,74,2,745,0.1,1341.0
7479,4490,22,1,1944,0.25,1458.0
7480,4491,61,1,680,0.1,612.0
7481,4491,39,1,4515,0.0,4515.0
7482,4491,63,1,205,0.0,205.0
7483,4492,29,1,2027,0.15,1722.95
7484,4493,69,1,3850,0.1,3465.0
7485,4493,20,1,821,0.05,779.95
7486,4494,5,1,13447,0.2,10757.6
7487,4494,30,1,2247,0.0,2247.0
7488,4495,9,1,37837,0.05,35945.15
7489,4496,6,1,41775,0.2,33420.0
7490,4497,35,2,4996,0.0,9992.0
7491,4498,8,1,38096,0.2,30476.8
7492,4499,10,2,38149,0.25,57223.5
7493,4499,24,1,1087,0.1,978.3
7494,4500,32,1,1197,0.0,1197.0
7495,4501,29,2,2027,0.05,3851.3
7496,4502,7,1,40516,0.2,32412.8
7497,4502,55,1,979,0.2,783.2
7498,4503,81,2,413,0.0,826.0
7499,4503,45,1,4158,0.15,3534.3
7500,4504,5,1,13447,0.15,11429.95
7501,4504,6,1,41775,0.0,41775.0
7502,4504,14,1,28329,0.1,25496.1
7503,4505,19,2,41782,0.15,71029.4
7504,4505,85,1,128,0.25,96.0
7505,4506,74,1,745,0.25,558.75
7506,4506,47,1,1019,0.0,1019.0
7507,4506,26,1,546,0.0,546.0
7508,4507,19,1,41782,0.1,37603.8
7509,4508,77,1,3321,0.05,3154.95
7510,4508,32,1,1197,0.0,1197.0
7511,4509,25,2,2383,0.05,4527.7
7512,4510,11,1,35726,0.0,35726.0
7513,4510,80,1,461,0.2,368.8
7514,4511,71,2,3039,0.1,5470.2
7515,4511,31,2,2822,0.2,4515.2
7516,4512,28,2,1491,0.2,2385.6
7517,4513,6,1,41775,0.0,41775.0
7518,4513,27,1,2689,0.25,2016.75
7519,4514,25,1,2383,0.15,2025.55
7520,4514,49,1,1101,0.25,825.75
7521,4514,21,1,568,0.1,511.2
7522,4515,35,2,4996,0.0,9992.0
7523,4515,68,1,2741,0.0,2741.0
7524,4516,21,1,568,0.0,568.0
7525,4517,26,1,546,0.15,464.1
7526,4518,53,1,559,0.2,447.2
7527,4519,77,1,3321,0.25,2490.75
7528,4519,21,1,568,0.0,568.0
7529,4519,54,2,1386,0.05,2633.4
7530,4520,62,1,291,0.1,261.9
7531,4520,46,1,5521,0.2,4416.8
7532,4520,23,1,2839,0.1,2555.1
7533,4521,82,2,541,0.05,1027.9
7534,4522,53,1,559,0.2,447.2
7535,4522,54,3,1386,0.25,3118.5
7536,4523,18,1,4367,0.1,3930.3
7537,4524,48,1,424,0.0,424.0
7538,4524,53,1,559,0.15,475.15
7539,4524,32,2,1197,0.05,2274.3
7540,4525,12,2,44912,0.15,76350.4
7541,4526,16,1,22376,0.0,22376.0
7542,4526,42,2,635,0.1,1143.0
7543,4526,43,1,865,0.15,735.25
7544,4527,14,1,28329,0.2,22663.2
7545,4528,1,2,9563,0.15,16257.1
7546,4529,5,1,13447,0.0,13447.0
7547,4530,44,1,4283,0.05,4068.85
7548,4530,49,1,1101,0.25,825.75
7549,4531,41,1,5245,0.0,5245.0
7550,4532,40,2,1769,0.0,3538.0
7551,4533,6,1,41775,0.25,31331.25
7552,4533,17,1,2374,0.15,2017.9
7553,4534,68,2,2741,0.1,4933.8
7554,4535,26,1,546,0.0,546.0
7555,4536,29,3,2027,0.0,6081.0
7556,4536,41,1,5245,0.0,5245.0
7557,4537,44,1,4283,0.15,3640.55
7558,4538,21,2,568,0.0,1136.0
7559,4539,81,2,413,0.0,826.0
7560,4539,31,2,2822,0.25,4233.0
7561,4540,65,1,564,0.15,479.4
7562,4541,80,1,461,0.05,437.95
7563,4542,76,3,4344,0.0,13032.0
7564,4542,43,1,865,0.0,865.0
7565,4543,76,2,4344,0.15,7384.8
7566,4544,83,2,898,0.1,1616.4
7567,4544,84,1,610,0.0,610.0
7568,4545,11,2,35726,0.0,71452.0
7569,4545,24,1,1087,0.25,815.25
7570,4545,83,1,898,0.25,673.5
7571,4546,3,2,43339,0.05,82344.1
7572,4547,12,1,44912,0.0,44912.0
7573,4548,68,1,2741,0.0,2741.0
7574,4549,47,1,1019,0.0,1019.0
7575,4549,39,1,4515,0.0,4515.0
7576,4549,50,1,798,0.15,678.3
7577,4549,3,1,43339,0.0,43339.0
7578,4550,78,1,768,0.05,729.6
7579,4550,27,3,2689,0.0,8067.0
7580,4551,15,2,2462,0.0,4924.0
7581,4551,16,3,22376,0.15,57058.8
7582,4551,2,1,37224,0.0,37224.0
7583,4551,7,1,40516,0.25,30387.0
7584,4552,65,1,564,0.05,535.8
7585,4552,9,1,37837,0.0,37837.0
7586,4553,4,1,40207,0.15,34175.95
7587,4554,63,1,205,0.1,184.5
7588,4555,32,3,1197,0.25,2693.25
7589,4555,85,1,128,0.25,96.0
7590,4556,86,1,441,0.0,441.0
7591,4557,59,1,1172,0.0,1172.0
7592,4558,80,2,461,0.0,922.0
7593,4558,38,1,1108,0.0,1108.0
7594,4558,52,1,1758,0.2,1406.4
7595,4559,30,1,2247,0.0,2247.0
7596,4559,79,1,995,0.0,995.0
7597,4559,54,2,1386,0.0,2772.0
7598,4560,61,1,680,0.25,510.0
7599,4560,8,1,38096,0.05,36191.2
7600,4561,1,3,9563,0.0,28689.0
7601,4561,50,1,798,0.2,638.4
7602,4562,26,1,546,0.1,491.4
7603,4563,15,2,2462,0.0,4924.0
7604,4564,37,1,375,0.25,281.25
7605,4564,13,1,34766,0.05,33027.7
7606,4564,9,1,37837,0.1,34053.3
7607,4565,5,3,13447,0.05,38323.95
7608,4566,77,1,3321,0.05,3154.95
7609,4566,57,1,846,0.25,634.5
7610,4567,80,1,461,0.25,345.75
7611,4567,58,1,1070,0.0,1070.0
7612,4568,14,2,28329,0.2,45326.4
7613,4568,50,1,798,0.1,718.2
7614,4568,81,1,413,0.1,371.7
7615,4569,39,1,4515,0.0,4515.0
7616,4570,85,1,128,0.0,128.0
7617,4570,25,1,2383,0.0,2383.0
7618,4571,85,1,128,0.0,128.0
7619,4571,20,1,821,0.0,821.0
7620,4572,7,1,40516,0.1,36464.4
7621,4572,83,1,898,0.0,898.0
7622,4573,24,1,1087,0.05,1032.65
7623,4573,43,1,865,0.2,692.0
7624,4574,10,1,38149,0.1,34334.1
7625,4574,62,1,291,0.0,291.0
7626,4575,52,1,1758,0.0,1758.0
7627,4576,33,2,3307,0.2,5291.2
7628,4576,61,1,680,0.0,680.0
7629,4577,44,1,4283,0.0,4283.0
7630,4578,81,1,413,0.2,330.4
7631,4579,58,1,1070,0.15,909.5
7632,4579,42,1,635,0.25,476.25
7633,4580,82,1,541,0.25,405.75
7634,4580,40,1,1769,0.2,1415.2
7635,4581,14,2,28329,0.05,53825.1
7636,4582,71,1,3039,0.0,3039.0
7637,4583,35,1,4996,0.15,4246.6
7638,4584,16,1,22376,0.05,21257.2
7639,4585,72,1,3738,0.0,3738.0
7640,4586,80,2,461,0.15,783.7
7641,4586,73,2,556,0.25,834.0
7642,4587,39,1,4515,0.25,3386.25
7643,4588,21,1,568,0.0,568.0
7644,4589,1,2,9563,0.1,17213.4
7645,4590,58,1,1070,0.0,1070.0
7646,4591,86,1,441,0.2,352.8
7647,4592,85,2,128,0.2,204.8
7648,4592,59,3,1172,0.0,3516.0
7649,4593,41,1,5245,0.05,4982.75
7650,4594,26,1,546,0.25,409.5
7651,4594,70,1,3968,0.0,3968.0
7652,4595,31,1,2822,0.0,2822.0
7653,4595,57,1,846,0.0,846.0
7654,4596,12,1,44912,0.0,44912.0
7655,4597,74,1,745,0.0,745.0
7656,4598,9,1,37837,0.2,30269.6
7657,4599,32,2,1197,0.15,2034.9
7658,4599,15,1,2462,0.0,2462.0
7659,4599,30,1,2247,0.1,2022.3
7660,4600,24,1,1087,0.05,1032.65
7661,4600,42,1,635,0.1,571.5
7662,4601,2,1,37224,0.15,31640.4
7663,4602,25,1,2383,0.2,1906.4
7664,4603,54,2,1386,0.1,2494.8
7665,4604,3,2,43339,0.0,86678.0
7666,4605,1,1,9563,0.0,9563.0
7667,4606,44,1,4283,0.2,3426.4
7668,4606,2,1,37224,0.05,35362.8
7669,4607,63,1,205,0.0,205.0
7670,4607,84,1,610,0.1,549.0
7671,4608,19,2,41782,0.0,83564.0
7672,4609,21,1,568,0.0,568.0
7673,4610,61,1,680,0.0,680.0
7674,4610,77,1,3321,0.0,3321.0
7675,4611,42,2,635,0.2,1016.0
7676,4612,7,1,40516,0.0,40516.0
7677,4612,39,1,4515,0.0,4515.0
7678,4612,9,1,37837,0.0,37837.0
7679,4613,13,1,34766,0.0,34766.0
7680,4614,41,1,5245,0.0,5245.0
7681,4614,33,1,3307,0.05,3141.65
7682,4614,42,1,635,0.0,635.0
7683,4615,37,1,375,0.1,337.5
7684,4615,78,3,768,0.0,2304.0
7685,4615,43,2,865,0.0,1730.0
7686,4616,53,2,559,0.0,1118.0
7687,4617,82,1,541,0.0,541.0
7688,4618,61,2,680,0.1,1224.0
7689,4619,60,1,405,0.2,324.0
7690,4619,43,1,865,0.05,821.75
7691,4619,55,1,979,0.0,979.0
7692,4619,23,1,2839,0.1,2555.1
7693,4620,41,1,5245,0.25,3933.75
7694,4620,7,1,40516,0.0,40516.0
7695,4620,49,1,1101,0.25,825.75
7696,4621,9,1,37837,0.1,34053.3
7697,4622,78,1,768,0.1,691.2
7698,4622,17,1,2374,0.1,2136.6
7699,4623,32,1,1197,0.0,1197.0
7700,4623,36,2,1992,0.25,2988.0
7701,4624,32,1,1197,0.25,897.75
7702,4625,5,1,13447,0.0,13447.0
7703,4626,10,1,38149,0.1,34334.1
7704,4627,63,1,205,0.0,205.0
7705,4628,52,2,1758,0.0,3516.0
7706,4628,73,1,556,0.0,556.0
7707,4629,55,2,979,0.15,1664.3
7708,4630,14,1,28329,0.1,25496.1
7709,4631,61,2,680,0.0,1360.0
7710,4632,10,1,38149,0.25,28611.75
7711,4632,50,1,798,0.0,798.0
7712,4633,8,2,38096,0.1,68572.8
7713,4634,17,1,2374,0.25,1780.5
7714,4635,46,2,5521,0.0,11042.0
7715,4636,56,2,613,0.15,1042.1
7716,4637,10,2,38149,0.0,76298.0
7717,4638,12,3,44912,0.1,121262.4
7718,4638,24,1,1087,0.0,1087.0
7719,4639,52,1,1758,0.25,1318.5
7720,4640,69,2,3850,0.0,7700.0
7721,4640,26,1,546,0.2,436.8
7722,4641,76,3,4344,0.25,9774.0
7723,4641,74,1,745,0.2,596.0
7724,4642,86,1,441,0.15,374.85
7725,4642,64,1,302,0.15,256.7
7726,4643,8,1,38096,0.0,38096.0
7727,4644,83,1,898,0.05,853.1
7728,4645,25,2,2383,0.0,4766.0
7729,4646,15,3,2462,0.2,5908.8
7730,4647,5,1,13447,0.2,10757.6
7731,4648,46,1,5521,0.15,4692.85
7732,4648,44,1,4283,0.0,4283.0
7733,4648,4,1,40207,0.2,32165.6
7734,4648,73,1,556,0.15,472.6
7735,4649,57,1,846,0.05,803.7
7736,4650,1,1,9563,0.0,9563.0
7737,4650,3,1,43339,0.0,43339.0
7738,4651,71,1,3039,0.0,3039.0
7739,4652,42,1,635,0.0,635.0
7740,4652,66,1,1256,0.25,942.0
7741,4653,14,1,28329,0.1,25496.1
7742,4654,24,1,1087,0.1,978.3
7743,4654,39,1,4515,0.05,4289.25
7744,4654,47,1,1019,0.1,917.1
7745,4655,79,1,995,0.15,845.75
7746,4656,86,2,441,0.05,837.9
7747,4657,30,1,2247,0.05,2134.65
7748,4657,17,1,2374,0.25,1780.5
7749,4658,71,1,3039,0.0,3039.0
7750,4658,84,1,610,0.0,610.0
7751,4659,85,1,128,0.0,128.0
7752,4659,44,2,4283,0.15,7281.1
7753,4660,85,1,128,0.1,115.2
7754,4660,23,1,2839,0.15,2413.15
7755,4661,12,1,44912,0.15,38175.2
7756,4661,31,1,2822,0.05,2680.9
7757,4662,23,1,2839,0.0,2839.0
7758,4663,4,1,40207,0.05,38196.65
7759,4663,1,1,9563,0.0,9563.0
7760,4663,49,1,1101,0.0,1101.0
7761,4663,71,1,3039,0.05,2887.05
7762,4664,40,3,1769,0.0,5307.0
7763,4665,8,1,38096,0.25,28572.0
7764,4665,51,1,304,0.0,304.0
7765,4666,8,1,38096,0.1,34286.4
7766,4666,52,1,1758,0.2,1406.4
7767,4666,74,2,745,0.0,1490.0
7768,4667,51,1,304,0.0,304.0
7769,4667,12,1,44912,0.1,40420.8
7770,4667,70,1,3968,0.15,3372.8
7771,4668,82,1,541,0.0,541.0
7772,4669,41,2,5245,0.1,9441.0
7773,4670,66,2,1256,0.2,2009.6
7774,4671,36,2,1992,0.05,3784.8
7775,4671,18,2,4367,0.0,8734.0
7776,4672,58,2,1070,0.1,1926.0
7777,4672,64,1,302,0.05,286.9
7778,4673,55,1,979,0.0,979.0
7779,4673,54,1,1386,0.0,1386.0
7780,4673,64,1,302,0.0,302.0
7781,4674,50,1,798,0.0,798.0
7782,4674,45,2,4158,0.0,8316.0
7783,4675,29,1,2027,0.15,1722.95
7784,4675,61,1,680,0.2,544.0
7785,4675,42,1,635,0.25,476.25
7786,4676,71,1,3039,0.2,2431.2
7787,4676,27,1,2689,0.15,2285.65
7788,4676,29,1,2027,0.1,1824.3
7789,4677,58,2,1070,0.0,2140.0
7790,4678,33,3,3307,0.2,7936.8
7791,4679,70,2,3968,0.15,6745.6
7792,4680,33,1,3307,0.15,2810.95
7793,4681,45,2,4158,0.1,7484.4
7794,4681,28,1,1491,0.05,1416.45
7795,4682,80,2,461,0.2,737.6
7796,4682,51,1,304,0.25,228.0
7797,4683,86,3,441,0.0,1323.0
7798,4684,7,1,40516,0.0,40516.0
7799,4685,10,2,38149,0.15,64853.3
7800,4686,61,1,680,0.0,680.0
7801,4686,65,2,564,0.0,1128.0
7802,4686,41,1,5245,0.0,5245.0
7803,4687,82,2,541,0.2,865.6
7804,4687,1,2,9563,0.2,15300.8
7805,4687,25,1,2383,0.05,2263.85
7806,4688,71,1,3039,0.15,2583.15
7807,4689,64,2,302,0.0,604.0
7808,4689,21,1,568,0.0,568.0
7809,4689,83,1,898,0.0,898.0
7810,4689,24,1,1087,0.0,1087.0
7811,4690,18,1,4367,0.05,4148.65
7812,4690,37,1,375,0.15,318.75
7813,4690,22,2,1944,0.25,2916.0
7814,4690,25,1,2383,0.0,2383.0
7815,4691,63,1,205,0.05,194.75
7816,4691,24,1,1087,0.2,869.6
7817,4692,11,1,35726,0.0,35726.0
7818,4692,65,1,564,0.0,564.0
7819,4692,51,1,304,0.05,288.8
7820,4692,9,1,37837,0.0,37837.0
7821,4693,10,1,38149,0.0,38149.0
7822,4694,28,1,1491,0.15,1267.35
7823,4695,38,2,1108,0.0,2216.0
7824,4696,69,1,3850,0.0,3850.0
7825,4697,53,1,559,0.1,503.1
7826,4698,79,1,995,0.1,895.5
7827,4699,59,2,1172,0.0,2344.0
7828,4699,55,1,979,0.1,881.1
7829,4699,16,1,22376,0.25,16782.0
7830,4699,42,1,635,0.0,635.0
7831,4700,73,1,556,0.1,500.4
7832,4701,14,1,28329,0.1,25496.1
7833,4701,62,1,291,0.15,247.35
7834,4702,8,1,38096,0.1,34286.4
7835,4702,77,1,3321,0.0,3321.0
7836,4703,6,1,41775,0.25,31331.25
7837,4704,31,1,2822,0.15,2398.7
7838,4705,75,1,825,0.0,825.0
7839,4705,48,2,424,0.25,636.0
7840,4705,61,1,680,0.0,680.0
7841,4706,76,2,4344,0.25,6516.0
7842,4707,14,1,28329,0.2,22663.2
7843,4708,64,1,302,0.0,302.0
7844,4708,70,2,3968,0.05,7539.2
7845,4708,42,1,635,0.0,635.0
7846,4709,6,1,41775,0.1,37597.5
7847,4710,46,1,5521,0.0,5521.0
7848,4711,56,1,613,0.0,613.0
7849,4711,11,1,35726,0.2,28580.8
7850,4712,6,1,41775,0.15,35508.75
7851,4712,1,1,9563,0.15,8128.55
7852,4712,80,1,461,0.1,414.9
7853,4712,7,1,40516,0.25,30387.0
7854,4713,26,1,546,0.1,491.4
7855,4713,14,1,28329,0.1,25496.1
7856,4714,45,3,4158,0.1,11226.6
7857,4714,43,1,865,0.05,821.75
7858,4714,24,1,1087,0.0,1087.0
7859,4715,61,3,680,0.0,2040.0
7860,4716,13,1,34766,0.25,26074.5
7861,4716,34,1,803,0.2,642.4
7862,4717,75,1,825,0.0,825.0
7863,4717,47,1,1019,0.0,1019.0
7864,4718,49,1,1101,0.15,935.85
7865,4718,9,1,37837,0.15,32161.45
7866,4719,37,2,375,0.0,750.0
7867,4720,38,1,1108,0.2,886.4
7868,4721,37,1,375,0.1,337.5
7869,4722,29,1,2027,0.15,1722.95
7870,4723,8,1,38096,0.15,32381.6
7871,4724,73,1,556,0.05,528.2
7872,4725,53,2,559,0.05,1062.1
7873,4726,47,1,1019,0.0,1019.0
7874,4727,55,2,979,0.0,1958.0
7875,4727,29,1,2027,0.1,1824.3
7876,4728,71,1,3039,0.1,2735.1
7877,4728,52,2,1758,0.0,3516.0
7878,4729,22,1,1944,0.0,1944.0
7879,4729,60,1,405,0.15,344.25
7880,4729,10,1,38149,0.1,34334.1
7881,4730,68,1,2741,0.0,2741.0
7882,4731,63,1,205,0.15,174.25
7883,4731,17,2,2374,0.0,4748.0
7884,4732,48,1,424,0.0,424.0
7885,4732,58,1,1070,0.25,802.5
7886,4733,42,1,635,0.0,635.0
7887,4733,51,2,304,0.05,577.6
7888,4733,2,1,37224,0.0,37224.0
7889,4734,75,1,825,0.05,783.75
7890,4735,5,1,13447,0.1,12102.3
7891,4735,34,1,803,0.15,682.55
7892,4736,25,1,2383,0.25,1787.25
7893,4736,72,1,3738,0.2,2990.4
7894,4736,81,1,413,0.25,309.75
7895,4737,57,1,846,0.2,676.8
7896,4738,63,2,205,0.15,348.5
7897,4738,28,1,1491,0.15,1267.35
7898,4738,49,3,1101,0.0,3303.0
7899,4738,3,1,43339,0.25,32504.25
7900,4739,4,1,40207,0.05,38196.65
7901,4740,13,1,34766,0.05,33027.7
7902,4741,15,1,2462,0.0,2462.0
7903,4742,2,1,37224,0.25,27918.0
7904,4743,30,1,2247,0.0,2247.0
7905,4744,63,2,205,0.0,410.0
7906,4745,13,1,34766,0.15,29551.1
7907,4746,53,1,559,0.25,419.25
7908,4747,61,1,680,0.2,544.0
7909,4747,60,1,405,0.0,405.0
7910,4748,63,2,205,0.0,410.0
7911,4748,78,1,768,0.25,576.0
7912,4749,68,1,2741,0.15,2329.85
7913,4750,40,1,1769,0.15,1503.65
7914,4750,83,1,898,0.0,898.0
7915,4751,72,1,3738,0.2,2990.4
7916,4752,61,2,680,0.25,1020.0
7917,4752,34,1,803,0.1,722.7
7918,4752,22,1,1944,0.15,1652.4
7919,4753,32,2,1197,0.0,2394.0
7920,4754,66,1,1256,0.0,1256.0
7921,4755,37,2,375,0.0,750.0
7922,4756,28,1,1491,0.0,1491.0
7923,4757,80,3,461,0.05,1313.85
7924,4758,14,1,28329,0.2,22663.2
7925,4759,17,1,2374,0.1,2136.6
7926,4760,41,1,5245,0.1,4720.5
7927,4761,81,1,413,0.0,413.0
7928,4762,42,2,635,0.15,1079.5
7929,4763,23,1,2839,0.25,2129.25
7930,4764,57,3,846,0.1,2284.2
7931,4764,40,2,1769,0.0,3538.0
7932,4765,11,1,35726,0.1,32153.4
7933,4766,52,2,1758,0.05,3340.2
7934,4766,55,1,979,0.0,979.0
7935,4766,38,2,1108,0.0,2216.0
7936,4766,46,1,5521,0.0,5521.0
7937,4767,73,1,556,0.25,417.0
7938,4768,72,1,3738,0.05,3551.1
7939,4768,24,1,1087,0.15,923.95
7940,4769,63,1,205,0.1,184.5
7941,4769,6,2,41775,0.0,83550.0
7942,4769,49,1,1101,0.1,990.9
7943,4769,17,1,2374,0.25,1780.5
7944,4770,9,1,37837,0.0,37837.0
7945,4770,52,1,1758,0.2,1406.4
7946,4770,76,1,4344,0.0,4344.0
7947,4771,44,1,4283,0.25,3212.25
7948,4772,16,1,22376,0.0,22376.0
7949,4772,4,1,40207,0.25,30155.25
7950,4772,5,1,13447,0.15,11429.95
7951,4773,86,1,441,0.2,352.8
7952,4774,58,1,1070,0.0,1070.0
7953,4774,21,2,568,0.25,852.0
7954,4775,74,1,745,0.0,745.0
7955,4775,69,1,3850,0.0,3850.0
7956,4775,58,3,1070,0.0,3210.0
7957,4776,13,1,34766,0.0,34766.0
7958,4777,50,1,798,0.0,798.0
7959,4777,49,1,1101,0.15,935.85
7960,4778,34,1,803,0.15,682.55
7961,4779,67,1,2736,0.15,2325.6
7962,4779,35,1,4996,0.25,3747.0
7963,4780,4,1,40207,0.0,40207.0
7964,4780,70,1,3968,0.0,3968.0
7965,4780,63,2,205,0.05,389.5
7966,4781,50,1,798,0.1,718.2
7967,4782,22,1,1944,0.2,1555.2
7968,4782,86,1,441,0.1,396.9
7969,4783,34,1,803,0.2,642.4
7970,4783,81,2,413,0.1,743.4
7971,4784,28,1,1491,0.1,1341.9
7972,4785,71,1,3039,0.0,3039.0
7973,4786,39,1,4515,0.25,3386.25
7974,4787,30,1,2247,0.0,2247.0
7975,4787,54,1,1386,0.0,1386.0
7976,4787,61,1,680,0.05,646.0
7977,4788,86,1,441,0.15,374.85
7978,4789,36,1,1992,0.2,1593.6
7979,4789,44,1,4283,0.05,4068.85
7980,4790,29,1,2027,0.2,1621.6
7981,4790,30,2,2247,0.05,4269.3
7982,4791,21,3,568,0.0,1704.0
7983,4792,61,2,680,0.15,1156.0
7984,4793,66,1,1256,0.05,1193.2
7985,4794,11,1,35726,0.0,35726.0
7986,4794,58,1,1070,0.0,1070.0
7987,4795,54,1,1386,0.0,1386.0
7988,4796,74,1,745,0.1,670.5
7989,4796,34,2,803,0.25,1204.5
7990,4797,79,2,995,0.25,1492.5
7991,4798,64,1,302,0.1,271.8
7992,4798,36,1,1992,0.0,1992.0
7993,4799,25,1,2383,0.2,1906.4
7994,4799,75,1,825,0.0,825.0
7995,4799,40,1,1769,0.05,1680.55
7996,4800,42,1,635,0.0,635.0
7997,4801,53,3,559,0.0,1677.0
7998,4801,24,1,1087,0.25,815.25
7999,4802,25,1,2383,0.05,2263.85
8000,4802,63,1,205,0.2,164.0
8001,4803,33,2,3307,0.1,5952.6
8002,4804,64,1,302,0.1,271.8
8003,4804,77,1,3321,0.0,3321.0
8004,4805,58,1,1070,0.2,856.0
8005,4806,83,1,898,0.0,898.0
8006,4807,50,1,798,0.25,598.5
8007,4808,83,1,898,0.25,673.5
8008,4808,66,1,1256,0.0,1256.0
8009,4809,70,3,3968,0.2,9523.2
8010,4810,40,1,1769,0.2,1415.2
8011,4811,55,1,979,0.0,979.0
8012,4811,12,1,44912,0.25,33684.0
8013,4812,25,1,2383,0.0,2383.0
8014,4812,29,1,2027,0.15,1722.95
8015,4812,53,1,559,0.15,475.15
8016,4812,11,1,35726,0.0,35726.0
8017,4813,69,1,3850,0.1,3465.0
8018,4814,54,1,1386,0.0,1386.0
8019,4815,79,1,995,0.05,945.25
8020,4816,19,1,41782,0.0,41782.0
8021,4817,28,3,1491,0.25,3354.75
8022,4817,67,1,2736,0.0,2736.0
8023,4817,12,1,44912,0.0,44912.0
8024,4818,11,1,35726,0.15,30367.1
8025,4819,26,1,546,0.2,436.8
8026,4819,22,1,1944,0.15,1652.4
8027,4819,7,1,40516,0.1,36464.4
8028,4820,43,1,865,0.15,735.25
8029,4821,50,1,798,0.0,798.0
8030,4822,78,1,768,0.0,768.0
8031,4823,33,1,3307,0.15,2810.95
8032,4823,1,1,9563,0.0,9563.0
8033,4824,70,1,3968,0.0,3968.0
8034,4824,29,1,2027,0.1,1824.3
8035,4824,19,1,41782,0.05,39692.9
8036,4825,65,1,564,0.25,423.0
8037,4826,34,3,803,0.0,2409.0
8038,4826,52,1,1758,0.2,1406.4
8039,4827,33,2,3307,0.25,4960.5
8040,4828,36,3,1992,0.15,5079.6
8041,4828,77,1,3321,0.25,2490.75
8042,4829,26,2,546,0.15,928.2
8043,4829,62,1,291,0.05,276.45
8044,4830,49,1,1101,0.15,935.85
8045,4831,1,1,9563,0.0,9563.0
8046,4832,34,1,803,0.15,682.55
8047,4833,39,1,4515,0.0,4515.0
8048,4834,33,2,3307,0.0,6614.0
8049,4835,49,1,1101,0.05,1045.95
8050,4836,38,2,1108,0.15,1883.6
8051,4837,38,2,1108,0.2,1772.8
8052,4838,15,1,2462,0.0,2462.0
8053,4839,45,1,4158,0.0,4158.0
8054,4840,73,2,556,0.1,1000.8
8055,4840,31,1,2822,0.0,2822.0
8056,4841,82,2,541,0.1,973.8
8057,4842,38,1,1108,0.15,941.8
8058,4842,73,3,556,0.15,1417.8
8059,4843,82,1,541,0.2,432.8
8060,4844,86,1,441,0.0,441.0
8061,4844,34,1,803,0.0,803.0
8062,4845,59,1,1172,0.05,1113.4
8063,4846,48,1,424,0.05,402.8
8064,4846,7,1,40516,0.0,40516.0
8065,4847,27,1,2689,0.2,2151.2
8066,4848,40,1,1769,0.25,1326.75
8067,4848,38,1,1108,0.1,997.2
8068,4849,73,1,556,0.0,556.0
8069,4849,85,2,128,0.05,243.2
8070,4850,84,1,610,0.0,610.0
8071,4851,44,1,4283,0.15,3640.55
8072,4852,12,2,44912,0.1,80841.6
8073,4852,1,2,9563,0.15,16257.1
8074,4853,5,1,13447,0.2,10757.6
8075,4854,77,2,3321,0.1,5977.8
8076,4854,8,1,38096,0.0,38096.0
8077,4854,85,1,128,0.0,128.0
8078,4854,10,2,38149,0.0,76298.0
8079,4855,31,1,2822,0.25,2116.5
8080,4855,72,1,3738,0.2,2990.4
8081,4856,20,1,821,0.25,615.75
8082,4857,34,1,803,0.15,682.55
8083,4858,71,1,3039,0.0,3039.0
8084,4858,37,1,375,0.0,375.0
8085,4859,28,3,1491,0.2,3578.4
8086,4860,84,2,610,0.0,1220.0
8087,4860,81,1,413,0.0,413.0
8088,4861,11,1,35726,0.05,33939.7
8089,4861,43,2,865,0.15,1470.5
8090,4862,74,1,745,0.1,670.5
8091,4863,41,2,5245,0.15,8916.5
8092,4863,80,1,461,0.0,461.0
8093,4863,39,1,4515,0.1,4063.5
8094,4864,24,1,1087,0.0,1087.0
8095,4865,28,1,1491,0.05,1416.45
8096,4865,60,2,405,0.0,810.0
8097,4866,54,1,1386,0.0,1386.0
8098,4866,7,2,40516,0.15,68877.2
8099,4866,70,1,3968,0.0,3968.0
8100,4867,11,2,35726,0.0,71452.0
8101,4867,14,1,28329,0.0,28329.0
8102,4867,57,1,846,0.1,761.4
8103,4868,32,2,1197,0.05,2274.3
8104,4869,82,1,541,0.25,405.75
8105,4870,72,1,3738,0.15,3177.3
8106,4870,48,1,424,0.25,318.0
8107,4871,36,2,1992,0.1,3585.6
8108,4872,58,1,1070,0.15,909.5
8109,4873,39,2,4515,0.0,9030.0
8110,4874,33,1,3307,0.1,2976.3
8111,4875,8,1,38096,0.15,32381.6
8112,4875,73,1,556,0.25,417.0
8113,4876,35,1,4996,0.05,4746.2
8114,4877,50,1,798,0.25,598.5
8115,4878,59,1,1172,0.2,937.6
8116,4878,28,1,1491,0.15,1267.35
8117,4878,64,1,302,0.25,226.5
8118,4879,25,1,2383,0.0,2383.0
8119,4879,56,1,613,0.25,459.75
8120,4879,6,1,41775,0.0,41775.0
8121,4880,1,2,9563,0.1,17213.4
8122,4880,2,1,37224,0.0,37224.0
8123,4880,67,2,2736,0.05,5198.4
8124,4881,28,1,1491,0.0,1491.0
8125,4882,58,1,1070,0.0,1070.0
8126,4882,30,1,2247,0.2,1797.6
8127,4883,82,1,541,0.25,405.75
8128,4884,12,1,44912,0.15,38175.2
8129,4885,26,2,546,0.0,1092.0
8130,4886,82,1,541,0.0,541.0
8131,4887,18,1,4367,0.25,3275.25
8132,4887,42,1,635,0.0,635.0
8133,4888,17,2,2374,0.25,3561.0
8134,4889,4,1,40207,0.0,40207.0
8135,4890,32,1,1197,0.1,1077.3
8136,4890,25,3,2383,0.05,6791.55
8137,4891,76,1,4344,0.2,3475.2
8138,4891,11,1,35726,0.0,35726.0
8139,4892,48,1,424,0.05,402.8
8140,4892,5,1,13447,0.15,11429.95
8141,4893,1,1,9563,0.15,8128.55
8142,4894,54,1,1386,0.0,1386.0
8143,4894,28,2,1491,0.1,2683.8
8144,4895,60,1,405,0.0,405.0
8145,4895,66,1,1256,0.1,1130.4
8146,4896,84,2,610,0.05,1159.0
8147,4896,56,2,613,0.1,1103.4
8148,4896,6,1,41775,0.0,41775.0
8149,4897,28,1,1491,0.1,1341.9
8150,4897,47,1,1019,0.1,917.1
8151,4898,72,1,3738,0.0,3738.0
8152,4899,73,1,556,0.05,528.2
8153,4900,72,1,3738,0.25,2803.5
8154,4900,53,1,559,0.0,559.0
8155,4901,2,2,37224,0.25,55836.0
8156,4902,39,1,4515,0.1,4063.5
8157,4902,31,1,2822,0.05,2680.9
8158,4903,17,3,2374,0.2,5697.6
8159,4904,59,1,1172,0.0,1172.0
8160,4904,83,1,898,0.0,898.0
8161,4904,72,1,3738,0.25,2803.5
8162,4905,1,2,9563,0.05,18169.7
8163,4906,16,1,22376,0.0,22376.0
8164,4906,70,1,3968,0.0,3968.0
8165,4907,59,3,1172,0.0,3516.0
8166,4908,75,1,825,0.05,783.75
8167,4909,10,1,38149,0.05,36241.55
8168,4909,32,1,1197,0.2,957.6
8169,4910,53,2,559,0.0,1118.0
8170,4910,64,1,302,0.25,226.5
8171,4911,44,1,4283,0.15,3640.55
8172,4911,41,1,5245,0.05,4982.75
8173,4911,22,1,1944,0.2,1555.2
8174,4912,30,1,2247,0.05,2134.65
8175,4912,85,1,128,0.2,102.4
8176,4912,38,1,1108,0.2,886.4
8177,4913,61,1,680,0.1,612.0
8178,4913,57,1,846,0.2,676.8
8179,4914,2,1,37224,0.1,33501.6
8180,4914,43,1,865,0.0,865.0
8181,4915,27,1,2689,0.0,2689.0
8182,4916,43,2,865,0.25,1297.5
8183,4916,72,1,3738,0.05,3551.1
8184,4916,86,1,441,0.05,418.95
8185,4916,82,1,541,0.1,486.9
8186,4917,33,1,3307,0.2,2645.6
8187,4918,25,2,2383,0.0,4766.0
8188,4918,62,1,291,0.1,261.9
8189,4919,35,2,4996,0.2,7993.6
8190,4919,5,1,13447,0.1,12102.3
8191,4919,16,1,22376,0.05,21257.2
8192,4919,13,1,34766,0.1,31289.4
8193,4920,19,1,41782,0.05,39692.9
8194,4920,8,1,38096,0.0,38096.0
8195,4921,48,1,424,0.25,318.0
8196,4922,17,1,2374,0.05,2255.3
8197,4922,55,1,979,0.0,979.0
8198,4923,5,2,13447,0.25,20170.5
8199,4923,76,1,4344,0.2,3475.2
8200,4924,78,3,768,0.2,1843.2
8201,4925,59,1,1172,0.0,1172.0
8202,4926,32,1,1197,0.1,1077.3
8203,4926,44,3,4283,0.0,12849.0
8204,4927,6,1,41775,0.15,35508.75
8205,4927,73,1,556,0.0,556.0
8206,4928,36,2,1992,0.1,3585.6
8207,4929,18,2,4367,0.05,8297.3
8208,4930,65,1,564,0.0,564.0
8209,4931,37,2,375,0.1,675.0
8210,4931,71,1,3039,0.0,3039.0
8211,4931,59,2,1172,0.0,2344.0
8212,4932,31,1,2822,0.0,2822.0
8213,4932,20,1,821,0.05,779.95
8214,4933,26,1,546,0.0,546.0
8215,4934,16,1,22376,0.1,20138.4
8216,4935,67,2,2736,0.1,4924.8
8217,4936,3,2,43339,0.1,78010.2
8218,4937,1,1,9563,0.0,9563.0
8219,4938,31,1,2822,0.2,2257.6
8220,4939,3,2,43339,0.25,65008.5
8221,4939,78,1,768,0.15,652.8
8222,4939,53,1,559,0.2,447.2
8223,4939,52,1,1758,0.1,1582.2
8224,4940,3,1,43339,0.2,34671.2
8225,4941,24,2,1087,0.15,1847.9
8226,4941,7,1,40516,0.0,40516.0
8227,4941,57,1,846,0.2,676.8
8228,4941,15,1,2462,0.2,1969.6
8229,4942,18,1,4367,0.15,3711.95
8230,4943,80,1,461,0.05,437.95
8231,4943,83,1,898,0.0,898.0
8232,4943,4,1,40207,0.2,32165.6
8233,4944,34,1,803,0.05,762.85
8234,4945,74,1,745,0.25,558.75
8235,4945,81,1,413,0.2,330.4
8236,4946,76,1,4344,0.0,4344.0
8237,4947,37,1,375,0.2,300.0
8238,4948,63,1,205,0.0,205.0
8239,4949,73,1,556,0.25,417.0
8240,4950,19,1,41782,0.05,39692.9
8241,4950,33,1,3307,0.0,3307.0
8242,4951,42,1,635,0.05,603.25
8243,4951,5,1,13447,0.25,10085.25
8244,4951,46,1,5521,0.15,4692.85
8245,4952,38,1,1108,0.0,1108.0
8246,4952,85,2,128,0.0,256.0
8247,4953,61,1,680,0.0,680.0
8248,4954,48,1,424,0.0,424.0
8249,4954,75,3,825,0.0,2475.0
8250,4955,52,1,1758,0.0,1758.0
8251,4955,64,2,302,0.05,573.8
8252,4956,10,1,38149,0.05,36241.55
8253,4957,77,1,3321,0.0,3321.0
8254,4958,59,1,1172,0.15,996.2
8255,4959,26,1,546,0.2,436.8
8256,4960,75,1,825,0.25,618.75
8257,4960,48,1,424,0.15,360.4
8258,4960,10,1,38149,0.05,36241.55
8259,4961,21,2,568,0.0,1136.0
8260,4961,26,2,546,0.25,819.0
8261,4962,40,1,1769,0.25,1326.75
8262,4962,25,1,2383,0.25,1787.25
8263,4962,17,1,2374,0.0,2374.0
8264,4963,67,2,2736,0.1,4924.8
8265,4964,86,1,441,0.25,330.75
8266,4964,78,1,768,0.1,691.2
8267,4965,78,1,768,0.0,768.0
8268,4965,84,1,610,0.15,518.5
8269,4966,54,1,1386,0.25,1039.5
8270,4966,19,2,41782,0.0,83564.0
8271,4967,37,1,375,0.15,318.75
8272,4967,13,1,34766,0.2,27812.8
8273,4967,55,1,979,0.0,979.0
8274,4967,41,2,5245,0.0,10490.0
8275,4968,64,2,302,0.2,483.2
8276,4969,8,1,38096,0.2,30476.8
8277,4970,49,1,1101,0.0,1101.0
8278,4970,4,1,40207,0.0,40207.0
8279,4971,50,1,798,0.0,798.0
8280,4971,10,1,38149,0.2,30519.2
8281,4971,27,1,2689,0.0,2689.0
8282,4972,65,1,564,0.0,564.0
8283,4973,85,1,128,0.0,128.0
8284,4973,24,1,1087,0.15,923.95
8285,4974,66,2,1256,0.25,1884.0
8286,4975,63,1,205,0.1,184.5
8287,4975,47,1,1019,0.05,968.05
8288,4975,22,1,1944,0.05,1846.8
8289,4976,14,1,28329,0.0,28329.0
8290,4977,15,2,2462,0.2,3939.2
8291,4977,38,1,1108,0.1,997.2
8292,4978,60,1,405,0.0,405.0
8293,4978,41,1,5245,0.2,4196.0
8294,4978,8,2,38096,0.1,68572.8
8295,4979,28,1,1491,0.0,1491.0
8296,4980,5,1,13447,0.1,12102.3
8297,4981,14,1,28329,0.15,24079.65
8298,4981,29,1,2027,0.0,2027.0
8299,4981,74,1,745,0.15,633.25
8300,4982,67,3,2736,0.0,8208.0
8301,4983,56,1,613,0.05,582.35
8302,4984,82,1,541,0.15,459.85
8303,4984,23,1,2839,0.15,2413.15
8304,4985,56,1,613,0.1,551.7
8305,4986,54,2,1386,0.1,2494.8
8306,4987,7,1,40516,0.2,32412.8
8307,4987,11,1,35726,0.0,35726.0
8308,4987,79,1,995,0.1,895.5
8309,4988,20,1,821,0.25,615.75
8310,4989,43,1,865,0.0,865.0
8311,4989,74,2,745,0.25,1117.5
8312,4990,72,1,3738,0.05,3551.1
8313,4991,22,1,1944,0.2,1555.2
8314,4992,69,1,3850,0.05,3657.5
8315,4993,37,1,375,0.0,375.0
8316,4994,24,1,1087,0.15,923.95
8317,4994,39,3,4515,0.25,10158.75
8318,4995,64,1,302,0.0,302.0
8319,4995,3,2,43339,0.1,78010.2
8320,4995,42,1,635,0.1,571.5
8321,4996,23,2,2839,0.1,5110.2
8322,4996,3,2,43339,0.25,65008.5
8323,4997,71,1,3039,0.05,2887.05
8324,4997,46,1,5521,0.0,5521.0
8325,4997,64,1,302,0.15,256.7
8326,4998,28,2,1491,0.05,2832.9
8327,4998,11,1,35726,0.05,33939.7
8328,4999,56,1,613,0.0,613.0
8329,5000,35,1,4996,0.1,4496.4
8330,5000,49,1,1101,0.0,1101.0
8331,5000,4,1,40207,0.0,40207.0
8332,5001,12,1,44912,0.0,44912.0
8333,5002,44,2,4283,0.0,8566.0
8334,5003,24,1,1087,0.0,1087.0
8335,5003,79,1,995,0.1,895.5
8336,5003,59,2,1172,0.25,1758.0
8337,5004,12,1,44912,0.0,44912.0
8338,5005,41,1,5245,0.0,5245.0
8339,5006,34,1,803,0.1,722.7
8340,5007,43,1,865,0.0,865.0
8341,5008,81,1,413,0.1,371.7
8342,5009,17,1,2374,0.0,2374.0
8343,5010,38,1,1108,0.0,1108.0
8344,5011,43,1,865,0.0,865.0
8345,5011,19,1,41782,0.0,41782.0
8346,5012,14,1,28329,0.1,25496.1
8347,5013,21,1,568,0.0,568.0
8348,5013,6,1,41775,0.0,41775.0
8349,5014,44,1,4283,0.25,3212.25
8350,5015,8,1,38096,0.0,38096.0
8351,5015,80,2,461,0.0,922.0
8352,5016,24,1,1087,0.1,978.3
8353,5017,86,1,441,0.15,374.85
8354,5018,73,2,556,0.25,834.0
8355,5018,29,1,2027,0.25,1520.25
8356,5018,3,1,43339,0.2,34671.2
8357,5019,74,1,745,0.05,707.75
8358,5019,70,1,3968,0.05,3769.6
8359,5019,44,1,4283,0.05,4068.85
8360,5019,78,1,768,0.0,768.0
8361,5020,21,1,568,0.15,482.8
8362,5020,86,1,441,0.0,441.0
8363,5020,28,1,1491,0.2,1192.8
8364,5021,42,2,635,0.25,952.5
8365,5021,3,1,43339,0.1,39005.1
8366,5022,61,1,680,0.05,646.0
8367,5023,67,1,2736,0.05,2599.2
8368,5023,5,1,13447,0.2,10757.6
8369,5024,9,2,37837,0.15,64322.9
8370,5024,68,2,2741,0.0,5482.0
8371,5025,64,2,302,0.0,604.0
8372,5026,69,1,3850,0.05,3657.5
8373,5027,34,1,803,0.15,682.55
8374,5027,63,1,205,0.0,205.0
8375,5028,64,1,302,0.05,286.9
8376,5028,68,3,2741,0.25,6167.25
8377,5029,20,1,821,0.1,738.9
8378,5030,6,1,41775,0.25,31331.25
8379,5031,74,1,745,0.0,745.0
8380,5031,51,1,304,0.25,228.0
8381,5032,69,1,3850,0.25,2887.5
8382,5033,37,1,375,0.25,281.25
8383,5033,11,1,35726,0.0,35726.0
8384,5033,22,2,1944,0.15,3304.8
8385,5034,3,2,43339,0.0,86678.0
8386,5035,2,2,37224,0.0,74448.0
8387,5035,83,1,898,0.2,718.4
8388,5036,74,1,745,0.0,745.0
8389,5036,44,1,4283,0.0,4283.0
8390,5037,20,1,821,0.25,615.75
8391,5038,9,1,37837,0.2,30269.6
8392,5039,51,1,304,0.05,288.8
8393,5039,28,3,1491,0.05,4249.35
8394,5040,11,1,35726,0.0,35726.0
8395,5040,50,2,798,0.25,1197.0
8396,5041,81,1,413,0.2,330.4
8397,5041,45,1,4158,0.0,4158.0
8398,5042,1,1,9563,0.0,9563.0
8399,5043,75,1,825,0.0,825.0
8400,5044,52,3,1758,0.2,4219.2
8401,5045,45,1,4158,0.0,4158.0
8402,5046,46,2,5521,0.0,11042.0
8403,5046,41,1,5245,0.1,4720.5
8404,5047,69,1,3850,0.15,3272.5
8405,5048,8,1,38096,0.15,32381.6
8406,5049,69,2,3850,0.2,6160.0
8407,5050,5,1,13447,0.25,10085.25
8408,5050,78,1,768,0.0,768.0
8409,5051,70,2,3968,0.0,7936.0
8410,5052,47,1,1019,0.0,1019.0
8411,5052,49,1,1101,0.05,1045.95
8412,5053,56,1,613,0.0,613.0
8413,5054,65,1,564,0.0,564.0
8414,5055,9,1,37837,0.05,35945.15
8415,5055,46,1,5521,0.2,4416.8
8416,5056,72,2,3738,0.15,6354.6
8417,5057,55,1,979,0.0,979.0
8418,5058,10,3,38149,0.0,114447.0
8419,5059,21,1,568,0.0,568.0
8420,5060,2,2,37224,0.1,67003.2
8421,5060,30,1,2247,0.0,2247.0
8422,5060,59,1,1172,0.0,1172.0
8423,5061,40,1,1769,0.0,1769.0
8424,5061,20,1,821,0.2,656.8
8425,5062,61,1,680,0.15,578.0
8426,5062,75,1,825,0.0,825.0
8427,5062,9,1,37837,0.0,37837.0
8428,5063,20,1,821,0.25,615.75
8429,5063,31,1,2822,0.15,2398.7
8430,5063,66,1,1256,0.1,1130.4
8431,5063,22,3,1944,0.25,4374.0
8432,5064,45,1,4158,0.0,4158.0
8433,5064,30,2,2247,0.1,4044.6
8434,5065,9,1,37837,0.1,34053.3
8435,5065,8,1,38096,0.0,38096.0
8436,5066,58,3,1070,0.2,2568.0
8437,5067,74,1,745,0.0,745.0
8438,5068,17,1,2374,0.1,2136.6
8439,5069,63,1,205,0.0,205.0
8440,5070,39,1,4515,0.0,4515.0
8441,5071,72,3,3738,0.25,8410.5
8442,5071,38,1,1108,0.05,1052.6
8443,5072,79,3,995,0.0,2985.0
8444,5073,56,2,613,0.15,1042.1
8445,5073,38,1,1108,0.05,1052.6
8446,5074,62,2,291,0.15,494.7
8447,5074,51,2,304,0.0,608.0
8448,5074,47,1,1019,0.05,968.05
8449,5075,20,1,821,0.15,697.85
8450,5076,42,1,635,0.2,508.0
8451,5076,70,1,3968,0.25,2976.0
8452,5077,19,1,41782,0.0,41782.0
8453,5078,59,1,1172,0.2,937.6
8454,5078,15,2,2462,0.0,4924.0
8455,5079,43,1,865,0.2,692.0
8456,5080,50,3,798,0.2,1915.2
8457,5081,44,1,4283,0.15,3640.55
8458,5081,2,1,37224,0.2,29779.2
8459,5082,79,1,995,0.0,995.0
8460,5083,81,1,413,0.0,413.0
8461,5083,66,1,1256,0.0,1256.0
8462,5084,57,2,846,0.1,1522.8
8463,5085,78,1,768,0.0,768.0
8464,5085,55,1,979,0.0,979.0
8465,5085,11,1,35726,0.25,26794.5
8466,5086,38,1,1108,0.0,1108.0
8467,5087,11,3,35726,0.0,107178.0
8468,5088,82,1,541,0.0,541.0
8469,5088,38,1,1108,0.0,1108.0
8470,5088,69,1,3850,0.05,3657.5
8471,5088,68,1,2741,0.2,2192.8
8472,5089,48,1,424,0.1,381.6
8473,5090,83,1,898,0.05,853.1
8474,5090,38,2,1108,0.0,2216.0
8475,5091,27,1,2689,0.0,2689.0
8476,5091,30,1,2247,0.25,1685.25
8477,5092,77,1,3321,0.15,2822.85
8478,5093,13,1,34766,0.2,27812.8
8479,5094,56,1,613,0.25,459.75
8480,5095,50,1,798,0.2,638.4
8481,5095,8,1,38096,0.05,36191.2
8482,5095,65,2,564,0.0,1128.0
8483,5096,20,1,821,0.1,738.9
8484,5096,62,1,291,0.0,291.0
8485,5097,40,1,1769,0.05,1680.55
8486,5098,22,1,1944,0.0,1944.0
8487,5099,8,1,38096,0.15,32381.6
8488,5100,75,1,825,0.0,825.0
8489,5101,84,1,610,0.0,610.0
8490,5102,69,1,3850,0.0,3850.0
8491,5102,74,2,745,0.0,1490.0
8492,5102,49,1,1101,0.05,1045.95
8493,5103,79,3,995,0.2,2388.0
8494,5104,79,2,995,0.05,1890.5
8495,5105,29,1,2027,0.25,1520.25
8496,5105,27,1,2689,0.0,2689.0
8497,5105,66,1,1256,0.0,1256.0
8498,5105,58,1,1070,0.0,1070.0
8499,5106,29,1,2027,0.2,1621.6
8500,5107,15,2,2462,0.0,4924.0
8501,5108,60,1,405,0.0,405.0
8502,5109,74,1,745,0.0,745.0
8503,5109,67,1,2736,0.15,2325.6
8504,5109,63,1,205,0.0,205.0
8505,5109,16,1,22376,0.2,17900.8
8506,5110,24,1,1087,0.1,978.3
8507,5111,71,1,3039,0.0,3039.0
8508,5112,40,1,1769,0.0,1769.0
8509,5112,5,1,13447,0.2,10757.6
8510,5112,84,2,610,0.0,1220.0
8511,5113,52,1,1758,0.25,1318.5
8512,5114,39,2,4515,0.0,9030.0
8513,5114,11,1,35726,0.0,35726.0
8514,5115,59,1,1172,0.2,937.6
8515,5115,47,2,1019,0.0,2038.0
8516,5115,67,1,2736,0.0,2736.0
8517,5116,6,1,41775,0.25,31331.25
8518,5116,32,1,1197,0.1,1077.3
8519,5116,11,1,35726,0.0,35726.0
8520,5117,1,1,9563,0.25,7172.25
8521,5117,43,1,865,0.0,865.0
8522,5118,61,1,680,0.2,544.0
8523,5119,30,1,2247,0.2,1797.6
8524,5120,68,1,2741,0.15,2329.85
8525,5120,77,1,3321,0.0,3321.0
8526,5121,71,1,3039,0.2,2431.2
8527,5122,20,1,821,0.0,821.0
8528,5123,43,2,865,0.0,1730.0
8529,5124,69,1,3850,0.05,3657.5
8530,5124,16,1,22376,0.0,22376.0
8531,5124,55,1,979,0.0,979.0
8532,5125,70,1,3968,0.1,3571.2
8533,5125,39,2,4515,0.0,9030.0
8534,5126,64,2,302,0.2,483.2
8535,5126,41,1,5245,0.2,4196.0
8536,5127,75,1,825,0.0,825.0
8537,5127,60,1,405,0.05,384.75
8538,5128,56,1,613,0.2,490.4
8539,5129,39,1,4515,0.2,3612.0
8540,5129,72,2,3738,0.2,5980.8
8541,5129,84,2,610,0.0,1220.0
8542,5130,30,1,2247,0.05,2134.65
8543,5130,33,3,3307,0.0,9921.0
8544,5131,64,1,302,0.1,271.8
8545,5132,38,1,1108,0.2,886.4
8546,5133,51,1,304,0.15,258.4
8547,5133,35,2,4996,0.2,7993.6
8548,5133,46,1,5521,0.0,5521.0
8549,5133,38,2,1108,0.0,2216.0
8550,5134,58,1,1070,0.0,1070.0
8551,5135,53,1,559,0.25,419.25
8552,5135,48,1,424,0.25,318.0
8553,5135,24,1,1087,0.0,1087.0
8554,5136,31,1,2822,0.0,2822.0
8555,5136,22,1,1944,0.2,1555.2
8556,5136,14,1,28329,0.1,25496.1
8557,5136,46,1,5521,0.15,4692.85
8558,5137,3,1,43339,0.1,39005.1
8559,5138,36,1,1992,0.2,1593.6
8560,5138,77,2,3321,0.1,5977.8
8561,5139,29,1,2027,0.25,1520.25
8562,5140,64,2,302,0.25,453.0
8563,5141,1,1,9563,0.05,9084.85
8564,5141,4,2,40207,0.25,60310.5
8565,5142,45,2,4158,0.25,6237.0
8566,5142,63,1,205,0.25,153.75
8567,5143,59,1,1172,0.25,879.0
8568,5143,74,1,745,0.0,745.0
8569,5144,78,1,768,0.25,576.0
8570,5145,6,1,41775,0.1,37597.5
8571,5145,55,1,979,0.0,979.0
8572,5146,16,1,22376,0.2,17900.8
8573,5146,46,1,5521,0.2,4416.8
8574,5146,42,2,635,0.0,1270.0
8575,5147,86,1,441,0.0,441.0
8576,5148,4,1,40207,0.0,40207.0
8577,5149,32,1,1197,0.15,1017.45
8578,5150,45,3,4158,0.0,12474.0
8579,5151,73,1,556,0.2,444.8
8580,5152,12,1,44912,0.2,35929.6
8581,5153,67,1,2736,0.2,2188.8
8582,5154,19,3,41782,0.0,125346.0
8583,5154,62,2,291,0.15,494.7
8584,5154,5,1,13447,0.25,10085.25
8585,5155,37,1,375,0.0,375.0
8586,5156,49,1,1101,0.0,1101.0
8587,5156,39,1,4515,0.25,3386.25
8588,5156,55,1,979,0.2,783.2
8589,5157,79,2,995,0.2,1592.0
8590,5157,24,1,1087,0.0,1087.0
8591,5158,83,1,898,0.05,853.1
8592,5159,10,1,38149,0.2,30519.2
8593,5159,47,1,1019,0.15,866.15
8594,5160,50,3,798,0.0,2394.0
8595,5161,63,1,205,0.15,174.25
8596,5161,76,1,4344,0.2,3475.2
8597,5161,35,2,4996,0.1,8992.8
8598,5162,1,2,9563,0.0,19126.0
8599,5163,37,2,375,0.1,675.0
8600,5163,83,1,898,0.0,898.0
8601,5163,13,1,34766,0.25,26074.5
8602,5164,56,1,613,0.05,582.35
8603,5165,46,2,5521,0.25,8281.5
8604,5165,12,2,44912,0.0,89824.0
8605,5166,11,1,35726,0.25,26794.5
8606,5167,33,1,3307,0.0,3307.0
8607,5168,28,1,1491,0.0,1491.0
8608,5169,39,1,4515,0.0,4515.0
8609,5170,4,1,40207,0.25,30155.25
8610,5171,31,1,2822,0.15,2398.7
8611,5172,57,1,846,0.0,846.0
8612,5172,71,1,3039,0.1,2735.1
8613,5173,51,1,304,0.0,304.0
8614,5173,23,2,2839,0.0,5678.0
8615,5174,79,1,995,0.0,995.0
8616,5175,16,1,22376,0.0,22376.0
8617,5176,21,1,568,0.0,568.0
8618,5176,75,1,825,0.0,825.0
8619,5177,31,1,2822,0.05,2680.9
8620,5177,65,3,564,0.1,1522.8
8621,5177,35,1,4996,0.05,4746.2
8622,5178,75,1,825,0.2,660.0
8623,5179,71,1,3039,0.25,2279.25
8624,5180,84,1,610,0.0,610.0
8625,5180,54,2,1386,0.0,2772.0
8626,5181,9,1,37837,0.0,37837.0
8627,5182,15,1,2462,0.0,2462.0
8628,5182,23,1,2839,0.0,2839.0
8629,5183,36,1,1992,0.0,1992.0
8630,5184,66,1,1256,0.1,1130.4
8631,5184,45,2,4158,0.15,7068.6
8632,5185,7,1,40516,0.25,30387.0
8633,5185,62,2,291,0.0,582.0
8634,5186,43,1,865,0.25,648.75
8635,5187,35,1,4996,0.25,3747.0
8636,5188,37,1,375,0.25,281.25
8637,5188,53,1,559,0.1,503.1
8638,5189,53,2,559,0.0,1118.0
8639,5190,31,2,2822,0.0,5644.0
8640,5191,36,1,1992,0.0,1992.0
8641,5191,43,2,865,0.15,1470.5
8642,5192,86,1,441,0.15,374.85
8643,5193,1,1,9563,0.0,9563.0
8644,5193,11,2,35726,0.25,53589.0
8645,5194,75,2,825,0.2,1320.0
8646,5194,61,1,680,0.2,544.0
8647,5195,51,3,304,0.15,775.2
8648,5195,81,1,413,0.0,413.0
8649,5195,83,1,898,0.2,718.4
8650,5196,11,2,35726,0.0,71452.0
8651,5197,28,2,1491,0.25,2236.5
8652,5198,49,1,1101,0.15,935.85
8653,5198,6,1,41775,0.0,41775.0
8654,5199,38,1,1108,0.1,997.2
8655,5200,23,1,2839,0.0,2839.0
8656,5200,19,1,41782,0.2,33425.6
8657,5201,47,2,1019,0.1,1834.2
8658,5201,53,1,559,0.15,475.15
8659,5201,15,1,2462,0.2,1969.6
8660,5201,32,2,1197,0.25,1795.5
8661,5202,49,1,1101,0.05,1045.95
8662,5202,9,1,37837,0.0,37837.0
8663,5203,74,1,745,0.1,670.5
8664,5203,23,3,2839,0.15,7239.45
8665,5204,76,2,4344,0.15,7384.8
8666,5204,40,2,1769,0.05,3361.1
8667,5204,22,1,1944,0.0,1944.0
8668,5205,18,1,4367,0.05,4148.65
8669,5205,59,1,1172,0.25,879.0
8670,5206,35,2,4996,0.1,8992.8
8671,5206,81,1,413,0.0,413.0
8672,5206,12,1,44912,0.2,35929.6
8673,5206,74,1,745,0.1,670.5
8674,5207,6,1,41775,0.1,37597.5
8675,5208,59,2,1172,0.1,2109.6
8676,5208,11,1,35726,0.2,28580.8
8677,5209,4,1,40207,0.0,40207.0
8678,5210,26,1,546,0.05,518.7
8679,5211,60,1,405,0.0,405.0
8680,5211,42,1,635,0.2,508.0
8681,5212,5,1,13447,0.05,12774.65
8682,5213,41,2,5245,0.15,8916.5
8683,5214,60,1,405,0.0,405.0
8684,5214,14,1,28329,0.0,28329.0
8685,5214,26,1,546,0.1,491.4
8686,5215,70,1,3968,0.2,3174.4
8687,5215,1,2,9563,0.05,18169.7
8688,5215,25,2,2383,0.05,4527.7
8689,5215,24,1,1087,0.0,1087.0
8690,5216,31,1,2822,0.0,2822.0
8691,5217,10,2,38149,0.15,64853.3
8692,5218,38,1,1108,0.1,997.2
8693,5218,84,1,610,0.2,488.0
8694,5218,18,1,4367,0.15,3711.95
8695,5219,56,1,613,0.25,459.75
8696,5220,46,1,5521,0.0,5521.0
8697,5220,22,1,1944,0.1,1749.6
8698,5220,70,1,3968,0.05,3769.6
8699,5221,85,1,128,0.0,128.0
8700,5221,48,1,424,0.2,339.2
8701,5222,21,1,568,0.0,568.0
8702,5222,71,2,3039,0.0,6078.0
8703,5223,86,1,441,0.0,441.0
8704,5224,84,2,610,0.05,1159.0
8705,5225,68,1,2741,0.05,2603.95
8706,5226,5,1,13447,0.1,12102.3
8707,5226,30,1,2247,0.0,2247.0
8708,5226,32,1,1197,0.1,1077.3
8709,5227,31,2,2822,0.0,5644.0
8710,5227,22,1,1944,0.0,1944.0
8711,5228,66,1,1256,0.0,1256.0
8712,5229,33,1,3307,0.2,2645.6
8713,5230,58,1,1070,0.15,909.5
8714,5231,63,1,205,0.1,184.5
8715,5231,33,1,3307,0.0,3307.0
8716,5232,8,1,38096,0.2,30476.8
8717,5233,46,2,5521,0.0,11042.0
8718,5234,41,1,5245,0.0,5245.0
8719,5234,75,1,825,0.15,701.25
8720,5234,55,1,979,0.25,734.25
8721,5235,2,1,37224,0.25,27918.0
8722,5236,70,1,3968,0.1,3571.2
8723,5237,12,1,44912,0.0,44912.0
8724,5237,30,1,2247,0.15,1909.95
8725,5237,10,2,38149,0.15,64853.3
8726,5238,71,2,3039,0.1,5470.2
8727,5239,43,1,865,0.2,692.0
8728,5240,12,1,44912,0.0,44912.0
8729,5241,36,1,1992,0.0,1992.0
8730,5241,2,1,37224,0.15,31640.4
8731,5242,8,1,38096,0.1,34286.4
8732,5243,52,2,1758,0.2,2812.8
8733,5244,74,2,745,0.15,1266.5
8734,5244,19,2,41782,0.2,66851.2
8735,5245,48,1,424,0.0,424.0
8736,5246,42,2,635,0.0,1270.0
8737,5247,45,1,4158,0.05,3950.1
8738,5247,69,1,3850,0.0,3850.0
8739,5248,41,1,5245,0.1,4720.5
8740,5248,81,1,413,0.2,330.4
8741,5249,20,1,821,0.2,656.8
8742,5249,41,2,5245,0.05,9965.5
8743,5250,13,1,34766,0.05,33027.7
8744,5251,2,1,37224,0.05,35362.8
8745,5252,21,1,568,0.0,568.0
8746,5253,25,2,2383,0.0,4766.0
8747,5254,4,1,40207,0.2,32165.6
8748,5254,17,1,2374,0.25,1780.5
8749,5255,2,2,37224,0.0,74448.0
8750,5255,39,1,4515,0.0,4515.0
8751,5255,15,1,2462,0.05,2338.9
8752,5256,41,1,5245,0.0,5245.0
8753,5257,43,1,865,0.1,778.5
8754,5257,75,1,825,0.05,783.75
8755,5258,83,1,898,0.0,898.0
8756,5259,46,1,5521,0.0,5521.0
8757,5259,30,1,2247,0.0,2247.0
8758,5260,11,1,35726,0.2,28580.8
8759,5261,25,1,2383,0.0,2383.0
8760,5261,51,1,304,0.0,304.0
8761,5262,82,1,541,0.2,432.8
8762,5263,55,1,979,0.0,979.0
8763,5263,64,1,302,0.0,302.0
8764,5264,20,2,821,0.15,1395.7
8765,5265,53,1,559,0.0,559.0
8766,5266,34,1,803,0.05,762.85
8767,5267,25,1,2383,0.0,2383.0
8768,5267,49,2,1101,0.0,2202.0
8769,5268,77,1,3321,0.0,3321.0
8770,5269,64,1,302,0.1,271.8
8771,5269,33,1,3307,0.0,3307.0
8772,5270,17,1,2374,0.25,1780.5
8773,5271,59,1,1172,0.25,879.0
8774,5271,35,1,4996,0.0,4996.0
8775,5272,68,1,2741,0.0,2741.0
8776,5273,46,2,5521,0.1,9937.8
8777,5274,43,2,865,0.05,1643.5
8778,5275,67,1,2736,0.1,2462.4
8779,5275,40,2,1769,0.15,3007.3
8780,5275,63,1,205,0.25,153.75
8781,5276,6,1,41775,0.2,33420.0
8782,5277,4,1,40207,0.0,40207.0
8783,5278,74,1,745,0.0,745.0
8784,5278,34,1,803,0.15,682.55
8785,5278,32,2,1197,0.0,2394.0
8786,5279,63,1,205,0.0,205.0
8787,5280,67,1,2736,0.0,2736.0
8788,5280,58,1,1070,0.1,963.0
8789,5281,60,1,405,0.0,405.0
8790,5282,27,1,2689,0.1,2420.1
8791,5283,74,1,745,0.1,670.5
8792,5284,53,1,559,0.1,503.1
8793,5285,20,1,821,0.0,821.0
8794,5285,34,1,803,0.15,682.55
8795,5285,16,1,22376,0.0,22376.0
8796,5285,6,2,41775,0.0,83550.0
8797,5286,49,1,1101,0.0,1101.0
8798,5287,70,3,3968,0.1,10713.6
8799,5288,36,1,1992,0.1,1792.8
8800,5289,66,1,1256,0.05,1193.2
8801,5290,7,3,40516,0.25,91161.0
8802,5291,21,1,568,0.2,454.4
8803,5291,1,1,9563,0.0,9563.0
8804,5291,32,1,1197,0.0,1197.0
8805,5292,83,1,898,0.15,763.3
8806,5293,76,1,4344,0.15,3692.4
8807,5293,81,1,413,0.0,413.0
8808,5293,20,1,821,0.2,656.8
8809,5294,44,1,4283,0.05,4068.85
8810,5295,71,1,3039,0.15,2583.15
8811,5296,21,1,568,0.0,568.0
8812,5296,31,1,2822,0.0,2822.0
8813,5297,35,1,4996,0.15,4246.6
8814,5297,32,1,1197,0.1,1077.3
8815,5297,78,1,768,0.2,614.4
8816,5297,84,2,610,0.25,915.0
8817,5298,61,1,680,0.0,680.0
8818,5299,30,1,2247,0.15,1909.95
8819,5299,36,1,1992,0.05,1892.4
8820,5300,80,1,461,0.0,461.0
8821,5300,48,1,424,0.1,381.6
8822,5300,47,2,1019,0.0,2038.0
8823,5300,79,1,995,0.25,746.25
8824,5301,2,1,37224,0.0,37224.0
8825,5301,61,1,680,0.2,544.0
8826,5302,61,2,680,0.15,1156.0
8827,5302,23,1,2839,0.2,2271.2
8828,5302,31,1,2822,0.0,2822.0
8829,5303,35,2,4996,0.0,9992.0
8830,5303,58,1,1070,0.25,802.5
8831,5304,84,3,610,0.05,1738.5
8832,5305,19,1,41782,0.0,41782.0
8833,5305,58,2,1070,0.05,2033.0
8834,5306,26,2,546,0.0,1092.0
8835,5306,46,1,5521,0.2,4416.8
8836,5306,49,1,1101,0.1,990.9
8837,5307,6,1,41775,0.05,39686.25
8838,5307,17,1,2374,0.0,2374.0
8839,5307,72,1,3738,0.25,2803.5
8840,5308,6,1,41775,0.05,39686.25
8841,5308,52,1,1758,0.25,1318.5
8842,5309,83,1,898,0.0,898.0
8843,5310,37,1,375,0.0,375.0
8844,5311,75,1,825,0.15,701.25
8845,5312,71,2,3039,0.0,6078.0
8846,5313,30,1,2247,0.05,2134.65
8847,5313,85,2,128,0.15,217.6
8848,5313,31,1,2822,0.1,2539.8
8849,5314,37,1,375,0.2,300.0
8850,5314,11,1,35726,0.0,35726.0
8851,5315,74,1,745,0.1,670.5
8852,5316,24,3,1087,0.0,3261.0
8853,5317,79,2,995,0.25,1492.5
8854,5317,66,1,1256,0.2,1004.8
8855,5318,73,1,556,0.0,556.0
8856,5319,41,1,5245,0.0,5245.0
8857,5319,49,1,1101,0.2,880.8
8858,5319,55,1,979,0.2,783.2
8859,5320,9,1,37837,0.0,37837.0
8860,5320,69,1,3850,0.1,3465.0
8861,5320,78,1,768,0.0,768.0
8862,5321,43,1,865,0.1,778.5
8863,5322,36,1,1992,0.2,1593.6
8864,5323,12,1,44912,0.25,33684.0
8865,5323,3,1,43339,0.1,39005.1
8866,5324,83,1,898,0.0,898.0
8867,5324,22,1,1944,0.0,1944.0
8868,5324,4,1,40207,0.2,32165.6
8869,5325,4,1,40207,0.0,40207.0
8870,5326,42,1,635,0.0,635.0
8871,5327,3,3,43339,0.2,104013.6
8872,5327,53,2,559,0.0,1118.0
8873,5327,23,2,2839,0.0,5678.0
8874,5328,71,1,3039,0.05,2887.05
8875,5329,71,1,3039,0.0,3039.0
8876,5330,56,1,613,0.0,613.0
8877,5330,57,1,846,0.15,719.1
8878,5331,33,2,3307,0.15,5621.9
8879,5331,1,1,9563,0.2,7650.4
8880,5332,52,1,1758,0.0,1758.0
8881,5333,28,1,1491,0.1,1341.9
8882,5333,67,1,2736,0.15,2325.6
8883,5334,74,1,745,0.25,558.75
8884,5335,75,2,825,0.1,1485.0
8885,5335,45,2,4158,0.05,7900.2
8886,5335,23,1,2839,0.0,2839.0
8887,5336,83,2,898,0.1,1616.4
8888,5336,27,1,2689,0.1,2420.1
8889,5337,34,1,803,0.15,682.55
8890,5338,70,1,3968,0.2,3174.4
8891,5338,17,1,2374,0.1,2136.6
8892,5339,45,1,4158,0.05,3950.1
8893,5340,39,2,4515,0.0,9030.0
8894,5341,17,3,2374,0.15,6053.7
8895,5341,47,1,1019,0.15,866.15
8896,5342,13,2,34766,0.0,69532.0
8897,5342,67,3,2736,0.0,8208.0
8898,5343,70,2,3968,0.0,7936.0
8899,5344,25,1,2383,0.0,2383.0
8900,5344,85,2,128,0.0,256.0
8901,5345,3,2,43339,0.2,69342.4
8902,5346,79,1,995,0.0,995.0
8903,5347,43,2,865,0.1,1557.0
8904,5348,69,1,3850,0.0,3850.0
8905,5349,82,1,541,0.05,513.95
8906,5350,18,1,4367,0.0,4367.0
8907,5350,86,2,441,0.15,749.7
8908,5351,41,1,5245,0.0,5245.0
8909,5352,84,1,610,0.0,610.0
8910,5352,60,3,405,0.2,972.0
8911,5353,4,1,40207,0.2,32165.6
8912,5353,71,1,3039,0.1,2735.1
8913,5353,60,1,405,0.0,405.0
8914,5354,6,1,41775,0.25,31331.25
8915,5354,67,1,2736,0.05,2599.2
8916,5355,37,1,375,0.15,318.75
8917,5356,84,1,610,0.0,610.0
8918,5356,79,1,995,0.25,746.25
8919,5356,85,1,128,0.2,102.4
8920,5357,85,1,128,0.2,102.4
8921,5357,51,1,304,0.05,288.8
8922,5358,76,1,4344,0.0,4344.0
8923,5359,82,2,541,0.2,865.6
8924,5360,67,1,2736,0.2,2188.8
8925,5361,62,1,291,0.0,291.0
8926,5362,16,1,22376,0.05,21257.2
8927,5362,80,1,461,0.0,461.0
8928,5363,56,1,613,0.0,613.0
8929,5363,53,2,559,0.2,894.4
8930,5363,54,1,1386,0.2,1108.8
8931,5364,71,1,3039,0.0,3039.0
8932,5365,18,2,4367,0.0,8734.0
8933,5366,10,1,38149,0.05,36241.55
8934,5367,18,1,4367,0.2,3493.6
8935,5368,48,1,424,0.25,318.0
8936,5368,31,2,2822,0.25,4233.0
8937,5369,48,2,424,0.05,805.6
8938,5369,71,1,3039,0.2,2431.2
8939,5370,50,1,798,0.0,798.0
8940,5370,53,2,559,0.0,1118.0
8941,5371,42,1,635,0.25,476.25
8942,5371,63,1,205,0.15,174.25
8943,5371,76,1,4344,0.0,4344.0
8944,5371,19,1,41782,0.1,37603.8
8945,5372,56,1,613,0.1,551.7
8946,5373,21,1,568,0.0,568.0
8947,5374,3,1,43339,0.0,43339.0
8948,5374,86,1,441,0.1,396.9
8949,5375,64,1,302,0.0,302.0
8950,5376,42,2,635,0.1,1143.0
8951,5376,49,2,1101,0.15,1871.7
8952,5376,44,3,4283,0.05,12206.55
8953,5376,85,1,128,0.0,128.0
8954,5377,84,1,610,0.25,457.5
8955,5377,27,2,2689,0.0,5378.0
8956,5378,65,2,564,0.05,1071.6
8957,5379,3,1,43339,0.0,43339.0
8958,5379,16,1,22376,0.2,17900.8
8959,5379,21,1,568,0.1,511.2
8960,5379,69,1,3850,0.1,3465.0
8961,5380,53,2,559,0.0,1118.0
8962,5381,2,1,37224,0.0,37224.0
8963,5382,67,2,2736,0.1,4924.8
8964,5382,39,1,4515,0.15,3837.75
8965,5383,43,1,865,0.25,648.75
8966,5383,69,2,3850,0.0,7700.0
8967,5384,7,1,40516,0.0,40516.0
8968,5384,84,2,610,0.2,976.0
8969,5384,6,1,41775,0.0,41775.0
8970,5385,47,2,1019,0.15,1732.3
8971,5385,83,3,898,0.15,2289.9
8972,5386,52,2,1758,0.0,3516.0
8973,5387,29,1,2027,0.25,1520.25
8974,5387,10,1,38149,0.25,28611.75
8975,5388,51,1,304,0.0,304.0
8976,5388,36,1,1992,0.25,1494.0
8977,5388,79,2,995,0.25,1492.5
8978,5388,45,1,4158,0.1,3742.2
8979,5389,62,1,291,0.0,291.0
8980,5390,39,1,4515,0.2,3612.0
8981,5391,6,2,41775,0.0,83550.0
8982,5391,9,2,37837,0.25,56755.5
8983,5391,22,1,1944,0.05,1846.8
8984,5392,72,1,3738,0.1,3364.2
8985,5392,43,1,865,0.0,865.0
8986,5393,63,1,205,0.25,153.75
8987,5393,44,1,4283,0.0,4283.0
8988,5393,50,1,798,0.15,678.3
8989,5393,82,1,541,0.1,486.9
8990,5394,48,2,424,0.0,848.0
8991,5395,67,2,2736,0.05,5198.4
8992,5396,54,1,1386,0.0,1386.0
8993,5396,81,1,413,0.0,413.0
8994,5397,73,1,556,0.0,556.0
8995,5397,13,1,34766,0.25,26074.5
8996,5398,9,1,37837,0.0,37837.0
8997,5398,14,1,28329,0.0,28329.0
8998,5399,59,1,1172,0.0,1172.0
8999,5400,60,1,405,0.1,364.5
9000,5400,28,1,1491,0.0,1491.0
9001,5401,49,2,1101,0.15,1871.7
9002,5401,30,1,2247,0.25,1685.25
9003,5401,34,1,803,0.0,803.0
9004,5402,24,1,1087,0.0,1087.0
9005,5403,56,1,613,0.2,490.4
9006,5403,83,1,898,0.0,898.0
9007,5404,4,1,40207,0.05,38196.65
9008,5405,17,1,2374,0.1,2136.6
9009,5405,68,1,2741,0.2,2192.8
9010,5406,60,1,405,0.2,324.0
9011,5406,74,1,745,0.0,745.0
9012,5407,82,2,541,0.1,973.8
9013,5407,60,1,405,0.0,405.0
9014,5407,64,1,302,0.1,271.8
9015,5407,62,1,291,0.1,261.9
9016,5408,76,2,4344,0.0,8688.0
9017,5409,45,3,4158,0.0,12474.0
9018,5410,4,1,40207,0.0,40207.0
9019,5411,82,1,541,0.0,541.0
9020,5411,6,1,41775,0.0,41775.0
9021,5412,70,1,3968,0.15,3372.8
9022,5412,21,2,568,0.05,1079.2
9023,5413,35,1,4996,0.15,4246.6
9024,5413,32,1,1197,0.0,1197.0
9025,5414,79,2,995,0.0,1990.0
9026,5415,50,1,798,0.0,798.0
9027,5416,56,1,613,0.2,490.4
9028,5416,66,1,1256,0.0,1256.0
9029,5416,6,1,41775,0.25,31331.25
9030,5416,48,2,424,0.0,848.0
9031,5417,52,1,1758,0.05,1670.1
9032,5418,7,1,40516,0.25,30387.0
9033,5419,21,3,568,0.0,1704.0
9034,5419,14,1,28329,0.25,21246.75
9035,5420,82,1,541,0.05,513.95
9036,5420,78,2,768,0.15,1305.6
9037,5421,1,1,9563,0.1,8606.7
9038,5421,13,1,34766,0.0,34766.0
9039,5421,41,1,5245,0.25,3933.75
9040,5421,72,1,3738,0.2,2990.4
9041,5422,9,2,37837,0.0,75674.0
9042,5422,1,1,9563,0.0,9563.0
9043,5422,32,1,1197,0.0,1197.0
9044,5423,4,2,40207,0.15,68351.9
9045,5423,63,1,205,0.25,153.75
9046,5424,81,1,413,0.2,330.4
9047,5425,58,1,1070,0.25,802.5
9048,5425,40,2,1769,0.0,3538.0
9049,5426,5,1,13447,0.0,13447.0
9050,5427,43,1,865,0.0,865.0
9051,5427,5,1,13447,0.1,12102.3
9052,5427,40,1,1769,0.0,1769.0
9053,5428,31,1,2822,0.0,2822.0
9054,5429,5,1,13447,0.05,12774.65
9055,5430,7,1,40516,0.15,34438.6
9056,5431,61,1,680,0.1,612.0
9057,5432,65,2,564,0.1,1015.2
9058,5432,73,2,556,0.25,834.0
9059,5433,64,2,302,0.25,453.0
9060,5434,73,1,556,0.15,472.6
9061,5434,83,2,898,0.0,1796.0
9062,5434,29,1,2027,0.15,1722.95
9063,5435,53,1,559,0.0,559.0
9064,5436,54,2,1386,0.25,2079.0
9065,5437,43,1,865,0.25,648.75
9066,5437,45,1,4158,0.15,3534.3
9067,5437,35,2,4996,0.2,7993.6
9068,5437,21,3,568,0.0,1704.0
9069,5438,25,1,2383,0.0,2383.0
9070,5439,29,3,2027,0.0,6081.0
9071,5439,27,1,2689,0.15,2285.65
9072,5440,40,1,1769,0.05,1680.55
9073,5441,84,1,610,0.1,549.0
9074,5441,62,1,291,0.05,276.45
9075,5442,67,1,2736,0.0,2736.0
9076,5442,33,1,3307,0.0,3307.0
9077,5443,35,1,4996,0.05,4746.2
9078,5443,47,3,1019,0.05,2904.15
9079,5444,55,1,979,0.1,881.1
9080,5445,3,3,43339,0.0,130017.0
9081,5446,57,1,846,0.0,846.0
9082,5447,65,1,564,0.0,564.0
9083,5448,64,1,302,0.05,286.9
9084,5448,53,1,559,0.0,559.0
9085,5449,34,1,803,0.0,803.0
9086,5449,18,3,4367,0.0,13101.0
9087,5450,15,2,2462,0.05,4677.8
9088,5451,13,2,34766,0.0,69532.0
9089,5452,33,1,3307,0.2,2645.6
9090,5452,30,2,2247,0.1,4044.6
9091,5453,75,1,825,0.1,742.5
9092,5453,14,1,28329,0.05,26912.55
9093,5453,22,1,1944,0.1,1749.6
9094,5453,70,1,3968,0.0,3968.0
9095,5454,54,1,1386,0.0,1386.0
9096,5455,48,1,424,0.0,424.0
9097,5456,33,2,3307,0.2,5291.2
9098,5457,2,1,37224,0.05,35362.8
9099,5458,51,2,304,0.2,486.4
9100,5459,17,1,2374,0.15,2017.9
9101,5459,30,1,2247,0.0,2247.0
9102,5459,76,1,4344,0.0,4344.0
9103,5460,15,1,2462,0.0,2462.0
9104,5460,39,1,4515,0.05,4289.25
9105,5460,86,2,441,0.05,837.9
9106,5461,1,1,9563,0.2,7650.4
9107,5461,22,2,1944,0.0,3888.0
9108,5462,39,1,4515,0.0,4515.0
9109,5462,13,1,34766,0.1,31289.4
9110,5463,80,1,461,0.05,437.95
9111,5463,48,2,424,0.15,720.8
9112,5463,52,1,1758,0.0,1758.0
9113,5464,72,1,3738,0.0,3738.0
9114,5464,47,1,1019,0.25,764.25
9115,5464,73,1,556,0.0,556.0
9116,5464,35,1,4996,0.2,3996.8
9117,5465,3,3,43339,0.2,104013.6
9118,5466,74,1,745,0.0,745.0
9119,5466,57,1,846,0.25,634.5
9120,5467,37,1,375,0.0,375.0
9121,5467,59,1,1172,0.25,879.0
9122,5468,65,2,564,0.2,902.4
9123,5469,64,1,302,0.05,286.9
9124,5469,18,2,4367,0.1,7860.6
9125,5469,48,2,424,0.1,763.2
9126,5470,16,1,22376,0.0,22376.0
9127,5470,19,2,41782,0.05,79385.8
9128,5470,17,1,2374,0.15,2017.9
9129,5471,51,3,304,0.2,729.6
9130,5472,63,1,205,0.0,205.0
9131,5473,63,1,205,0.0,205.0
9132,5474,22,1,1944,0.15,1652.4
9133,5475,70,1,3968,0.1,3571.2
9134,5475,27,1,2689,0.2,2151.2
9135,5476,17,1,2374,0.2,1899.2
9136,5476,10,1,38149,0.0,38149.0
9137,5476,19,1,41782,0.25,31336.5
9138,5476,77,1,3321,0.25,2490.75
9139,5477,37,1,375,0.0,375.0
9140,5477,20,1,821,0.25,615.75
9141,5478,47,1,1019,0.1,917.1
9142,5478,25,1,2383,0.1,2144.7
9143,5479,83,1,898,0.15,763.3
9144,5479,33,1,3307,0.0,3307.0
9145,5480,64,1,302,0.0,302.0
9146,5480,31,3,2822,0.25,6349.5
9147,5480,36,1,1992,0.25,1494.0
9148,5481,42,1,635,0.1,571.5
9149,5481,56,1,613,0.0,613.0
9150,5481,79,1,995,0.0,995.0
9151,5481,63,2,205,0.0,410.0
9152,5482,8,1,38096,0.0,38096.0
9153,5482,31,1,2822,0.15,2398.7
9154,5482,12,1,44912,0.1,40420.8
9155,5483,81,1,413,0.2,330.4
9156,5483,50,1,798,0.0,798.0
9157,5484,26,1,546,0.1,491.4
9158,5484,79,1,995,0.25,746.25
9159,5485,8,1,38096,0.15,32381.6
9160,5486,74,1,745,0.0,745.0
9161,5486,14,1,28329,0.05,26912.55
9162,5487,17,1,2374,0.2,1899.2
9163,5488,49,1,1101,0.1,990.9
9164,5489,69,1,3850,0.0,3850.0
9165,5489,51,1,304,0.0,304.0
9166,5489,5,1,13447,0.2,10757.6
9167,5490,13,1,34766,0.0,34766.0
9168,5491,32,2,1197,0.1,2154.6
9169,5491,83,1,898,0.1,808.2
9170,5492,8,1,38096,0.05,36191.2
9171,5493,33,1,3307,0.1,2976.3
9172,5494,2,3,37224,0.25,83754.0
9173,5495,73,1,556,0.2,444.8
9174,5495,44,1,4283,0.05,4068.85
9175,5496,38,2,1108,0.25,1662.0
9176,5496,7,1,40516,0.0,40516.0
9177,5497,33,2,3307,0.25,4960.5
9178,5497,74,1,745,0.05,707.75
9179,5498,42,1,635,0.05,603.25
9180,5498,85,1,128,0.15,108.8
9181,5498,13,2,34766,0.0,69532.0
9182,5499,84,1,610,0.05,579.5
9183,5499,69,1,3850,0.0,3850.0
9184,5499,3,1,43339,0.15,36838.15
9185,5500,33,2,3307,0.1,5952.6
9186,5500,19,1,41782,0.0,41782.0
9187,5500,47,2,1019,0.15,1732.3
9188,5501,48,3,424,0.0,1272.0
9189,5502,33,1,3307,0.0,3307.0
9190,5503,5,2,13447,0.25,20170.5
9191,5504,85,2,128,0.2,204.8
9192,5504,29,1,2027,0.2,1621.6
9193,5505,15,2,2462,0.0,4924.0
9194,5506,28,1,1491,0.0,1491.0
9195,5507,26,1,546,0.0,546.0
9196,5508,32,1,1197,0.2,957.6
9197,5509,40,1,1769,0.05,1680.55
9198,5510,13,2,34766,0.1,62578.8
9199,5510,65,1,564,0.0,564.0
9200,5511,62,1,291,0.25,218.25
9201,5512,67,2,2736,0.1,4924.8
9202,5512,10,3,38149,0.15,97279.95
9203,5513,34,1,803,0.0,803.0
9204,5514,13,1,34766,0.0,34766.0
9205,5515,51,1,304,0.05,288.8
9206,5516,82,1,541,0.2,432.8
9207,5516,72,2,3738,0.0,7476.0
9208,5516,61,1,680,0.0,680.0
9209,5517,31,1,2822,0.25,2116.5
9210,5518,58,1,1070,0.0,1070.0
9211,5518,39,2,4515,0.05,8578.5
9212,5518,1,1,9563,0.0,9563.0
9213,5519,29,1,2027,0.0,2027.0
9214,5520,5,1,13447,0.0,13447.0
9215,5520,73,1,556,0.1,500.4
9216,5521,72,1,3738,0.1,3364.2
9217,5521,13,1,34766,0.0,34766.0
9218,5521,54,2,1386,0.1,2494.8
9219,5521,29,1,2027,0.0,2027.0
9220,5522,74,1,745,0.0,745.0
9221,5522,12,1,44912,0.05,42666.4
9222,5523,48,1,424,0.05,402.8
9223,5523,58,1,1070,0.0,1070.0
9224,5524,73,1,556,0.0,556.0
9225,5525,66,1,1256,0.05,1193.2
9226,5526,52,1,1758,0.0,1758.0
9227,5527,68,2,2741,0.25,4111.5
9228,5527,52,3,1758,0.2,4219.2
9229,5528,65,1,564,0.1,507.6
9230,5529,73,2,556,0.1,1000.8
9231,5529,81,1,413,0.0,413.0
9232,5529,30,1,2247,0.2,1797.6
9233,5530,19,2,41782,0.2,66851.2
9234,5531,72,1,3738,0.1,3364.2
9235,5531,19,2,41782,0.0,83564.0
9236,5532,1,1,9563,0.0,9563.0
9237,5533,60,1,405,0.15,344.25
9238,5534,52,1,1758,0.25,1318.5
9239,5534,60,1,405,0.05,384.75
9240,5535,77,1,3321,0.0,3321.0
9241,5536,27,1,2689,0.0,2689.0
9242,5536,26,1,546,0.15,464.1
9243,5536,3,1,43339,0.15,36838.15
9244,5536,76,1,4344,0.25,3258.0
9245,5537,84,1,610,0.1,549.0
9246,5537,11,2,35726,0.1,64306.8
9247,5537,21,2,568,0.0,1136.0
9248,5538,35,1,4996,0.05,4746.2
9249,5538,86,1,441,0.0,441.0
9250,5538,53,2,559,0.1,1006.2
9251,5539,16,1,22376,0.25,16782.0
9252,5539,11,3,35726,0.1,96460.2
9253,5540,19,2,41782,0.15,71029.4
9254,5541,52,2,1758,0.05,3340.2
9255,5542,23,1,2839,0.15,2413.15
9256,5543,54,1,1386,0.1,1247.4
9257,5543,55,1,979,0.05,930.05
9258,5543,33,3,3307,0.0,9921.0
9259,5544,4,1,40207,0.0,40207.0
9260,5545,36,1,1992,0.25,1494.0
9261,5546,56,1,613,0.25,459.75
9262,5547,23,1,2839,0.0,2839.0
9263,5547,50,1,798,0.25,598.5
9264,5548,30,1,2247,0.15,1909.95
9265,5548,70,1,3968,0.2,3174.4
9266,5549,18,1,4367,0.2,3493.6
9267,5550,21,1,568,0.05,539.6
9268,5551,48,1,424,0.2,339.2
9269,5552,80,1,461,0.25,345.75
9270,5552,28,1,1491,0.1,1341.9
9271,5553,75,1,825,0.0,825.0
9272,5553,42,1,635,0.25,476.25
9273,5554,70,1,3968,0.15,3372.8
9274,5555,69,1,3850,0.15,3272.5
9275,5555,30,2,2247,0.0,4494.0
9276,5556,40,1,1769,0.15,1503.65
9277,5556,48,2,424,0.2,678.4
9278,5556,85,1,128,0.0,128.0
9279,5557,13,1,34766,0.0,34766.0
9280,5557,83,1,898,0.0,898.0
9281,5558,23,1,2839,0.05,2697.05
9282,5558,41,3,5245,0.0,15735.0
9283,5558,72,1,3738,0.0,3738.0
9284,5558,5,2,13447,0.0,26894.0
9285,5559,50,1,798,0.0,798.0
9286,5560,52,3,1758,0.25,3955.5
9287,5560,39,1,4515,0.2,3612.0
9288,5561,84,3,610,0.05,1738.5
9289,5561,14,1,28329,0.1,25496.1
9290,5562,2,1,37224,0.0,37224.0
9291,5563,38,2,1108,0.25,1662.0
9292,5563,34,1,803,0.0,803.0
9293,5564,9,1,37837,0.05,35945.15
9294,5564,86,1,441,0.15,374.85
9295,5564,65,1,564,0.2,451.2
9296,5564,50,3,798,0.0,2394.0
9297,5565,51,1,304,0.05,288.8
9298,5565,12,1,44912,0.2,35929.6
9299,5566,70,1,3968,0.15,3372.8
9300,5566,65,1,564,0.0,564.0
9301,5566,69,1,3850,0.05,3657.5
9302,5566,56,1,613,0.25,459.75
9303,5567,19,2,41782,0.0,83564.0
9304,5567,81,2,413,0.1,743.4
9305,5568,2,1,37224,0.0,37224.0
9306,5568,31,1,2822,0.15,2398.7
9307,5569,68,2,2741,0.0,5482.0
9308,5570,66,1,1256,0.1,1130.4
9309,5571,44,1,4283,0.05,4068.85
9310,5571,33,1,3307,0.0,3307.0
9311,5571,48,2,424,0.0,848.0
9312,5572,43,1,865,0.0,865.0
9313,5573,28,1,1491,0.0,1491.0
9314,5573,65,1,564,0.1,507.6
9315,5574,59,1,1172,0.2,937.6
9316,5574,67,1,2736,0.15,2325.6
9317,5575,16,1,22376,0.0,22376.0
9318,5575,31,3,2822,0.05,8042.7
9319,5576,67,2,2736,0.15,4651.2
9320,5577,1,1,9563,0.1,8606.7
9321,5578,77,1,3321,0.0,3321.0
9322,5578,36,2,1992,0.1,3585.6
9323,5579,54,2,1386,0.15,2356.2
9324,5580,76,1,4344,0.0,4344.0
9325,5581,7,1,40516,0.2,32412.8
9326,5582,77,1,3321,0.25,2490.75
9327,5582,40,1,1769,0.2,1415.2
9328,5583,47,2,1019,0.05,1936.1
9329,5584,60,1,405,0.2,324.0
9330,5584,73,1,556,0.2,444.8
9331,5584,11,1,35726,0.0,35726.0
9332,5585,54,1,1386,0.0,1386.0
9333,5586,68,3,2741,0.0,8223.0
9334,5587,59,1,1172,0.2,937.6
9335,5588,22,1,1944,0.0,1944.0
9336,5588,25,1,2383,0.2,1906.4
9337,5588,85,1,128,0.05,121.6
9338,5589,49,1,1101,0.15,935.85
9339,5589,22,1,1944,0.05,1846.8
9340,5590,33,1,3307,0.05,3141.65
9341,5590,70,1,3968,0.0,3968.0
9342,5591,69,1,3850,0.2,3080.0
9343,5591,40,2,1769,0.1,3184.2
9344,5592,1,1,9563,0.15,8128.55
9345,5593,23,1,2839,0.1,2555.1
9346,5594,43,2,865,0.25,1297.5
9347,5595,44,1,4283,0.2,3426.4
9348,5595,10,2,38149,0.0,76298.0
9349,5595,42,2,635,0.25,952.5
9350,5596,10,1,38149,0.2,30519.2
9351,5596,72,1,3738,0.2,2990.4
9352,5597,58,1,1070,0.2,856.0
9353,5597,15,2,2462,0.15,4185.4
9354,5598,71,1,3039,0.0,3039.0
9355,5598,70,2,3968,0.15,6745.6
9356,5599,35,2,4996,0.2,7993.6
9357,5599,50,1,798,0.0,798.0
9358,5600,28,1,1491,0.0,1491.0
9359,5600,54,1,1386,0.15,1178.1
9360,5601,76,1,4344,0.15,3692.4
9361,5602,82,1,541,0.25,405.75
9362,5602,42,1,635,0.2,508.0
9363,5603,85,2,128,0.2,204.8
9364,5603,28,1,1491,0.25,1118.25
9365,5603,69,1,3850,0.0,3850.0
9366,5604,85,1,128,0.05,121.6
9367,5605,69,1,3850,0.15,3272.5
9368,5605,12,2,44912,0.25,67368.0
9369,5605,4,1,40207,0.2,32165.6
9370,5606,84,1,610,0.0,610.0
9371,5607,18,1,4367,0.0,4367.0
9372,5608,42,1,635,0.1,571.5
9373,5608,10,1,38149,0.0,38149.0
9374,5608,9,1,37837,0.15,32161.45
9375,5609,71,2,3039,0.0,6078.0
9376,5609,53,1,559,0.05,531.05
9377,5610,12,1,44912,0.0,44912.0
9378,5610,15,1,2462,0.05,2338.9
9379,5610,83,1,898,0.25,673.5
9380,5610,33,2,3307,0.0,6614.0
9381,5611,37,1,375,0.0,375.0
9382,5612,53,2,559,0.25,838.5
9383,5612,37,2,375,0.15,637.5
9384,5613,77,1,3321,0.0,3321.0
9385,5613,67,1,2736,0.05,2599.2
9386,5613,13,1,34766,0.2,27812.8
9387,5614,22,1,1944,0.0,1944.0
9388,5615,63,1,205,0.0,205.0
9389,5615,65,2,564,0.2,902.4
9390,5615,47,1,1019,0.0,1019.0
9391,5616,38,1,1108,0.05,1052.6
9392,5616,52,1,1758,0.1,1582.2
9393,5617,28,1,1491,0.15,1267.35
9394,5617,41,1,5245,0.0,5245.0
9395,5617,19,1,41782,0.2,33425.6
9396,5618,33,1,3307,0.0,3307.0
9397,5619,30,2,2247,0.05,4269.3
9398,5619,8,1,38096,0.05,36191.2
9399,5620,70,2,3968,0.0,7936.0
9400,5620,78,1,768,0.1,691.2
9401,5621,32,1,1197,0.25,897.75
9402,5622,27,1,2689,0.2,2151.2
9403,5623,67,1,2736,0.0,2736.0
9404,5623,30,1,2247,0.15,1909.95
9405,5623,56,1,613,0.25,459.75
9406,5624,15,1,2462,0.15,2092.7
9407,5624,13,1,34766,0.0,34766.0
9408,5624,82,1,541,0.0,541.0
9409,5624,46,2,5521,0.15,9385.7
9410,5625,75,1,825,0.0,825.0
9411,5626,38,2,1108,0.2,1772.8
9412,5626,20,2,821,0.0,1642.0
9413,5626,49,2,1101,0.25,1651.5
9414,5627,85,3,128,0.15,326.4
9415,5627,71,3,3039,0.15,7749.45
9416,5627,24,1,1087,0.15,923.95
9417,5628,60,1,405,0.0,405.0
9418,5629,18,1,4367,0.0,4367.0
9419,5629,22,1,1944,0.25,1458.0
9420,5629,35,2,4996,0.0,9992.0
9421,5630,44,1,4283,0.2,3426.4
9422,5630,70,1,3968,0.05,3769.6
9423,5631,21,1,568,0.2,454.4
9424,5632,51,2,304,0.1,547.2
9425,5633,44,1,4283,0.25,3212.25
9426,5634,44,2,4283,0.25,6424.5
9427,5635,6,1,41775,0.05,39686.25
9428,5635,82,1,541,0.1,486.9
9429,5635,8,1,38096,0.0,38096.0
9430,5635,57,3,846,0.2,2030.4
9431,5636,55,1,979,0.0,979.0
9432,5637,48,1,424,0.25,318.0
9433,5637,34,1,803,0.0,803.0
9434,5637,22,1,1944,0.2,1555.2
9435,5638,79,1,995,0.15,845.75
9436,5639,81,1,413,0.05,392.35
9437,5640,19,1,41782,0.15,35514.7
9438,5641,50,1,798,0.25,598.5
9439,5642,23,1,2839,0.25,2129.25
9440,5643,41,1,5245,0.1,4720.5
9441,5644,59,3,1172,0.05,3340.2
9442,5645,30,1,2247,0.0,2247.0
9443,5646,42,1,635,0.2,508.0
9444,5646,45,1,4158,0.15,3534.3
9445,5647,4,1,40207,0.25,30155.25
9446,5647,45,1,4158,0.0,4158.0
9447,5648,31,2,2822,0.15,4797.4
9448,5649,3,3,43339,0.0,130017.0
9449,5650,37,2,375,0.2,600.0
9450,5650,20,1,821,0.0,821.0
9451,5650,3,1,43339,0.0,43339.0
9452,5651,65,1,564,0.25,423.0
9453,5651,43,2,865,0.15,1470.5
9454,5652,22,2,1944,0.1,3499.2
9455,5653,27,1,2689,0.0,2689.0
9456,5654,21,1,568,0.0,568.0
9457,5654,29,1,2027,0.0,2027.0
9458,5655,8,2,38096,0.15,64763.2
9459,5656,46,1,5521,0.0,5521.0
9460,5657,28,2,1491,0.0,2982.0
9461,5658,4,1,40207,0.0,40207.0
9462,5659,58,1,1070,0.25,802.5
9463,5659,35,1,4996,0.05,4746.2
9464,5660,22,1,1944,0.1,1749.6
9465,5660,9,1,37837,0.05,35945.15
9466,5660,44,1,4283,0.0,4283.0
9467,5660,75,1,825,0.05,783.75
9468,5661,62,2,291,0.2,465.6
9469,5662,2,1,37224,0.0,37224.0
9470,5663,13,1,34766,0.0,34766.0
9471,5663,15,1,2462,0.15,2092.7
9472,5664,55,1,979,0.0,979.0
9473,5665,24,1,1087,0.1,978.3
9474,5666,9,3,37837,0.05,107835.45
9475,5667,49,2,1101,0.0,2202.0
9476,5668,51,2,304,0.0,608.0
9477,5669,55,2,979,0.0,1958.0
9478,5669,83,1,898,0.15,763.3
9479,5669,79,1,995,0.0,995.0
9480,5670,37,2,375,0.25,562.5
9481,5671,83,1,898,0.2,718.4
9482,5672,2,1,37224,0.2,29779.2
9483,5673,82,2,541,0.05,1027.9
9484,5673,41,2,5245,0.25,7867.5
9485,5673,7,1,40516,0.0,40516.0
9486,5674,29,2,2027,0.2,3243.2
9487,5674,75,1,825,0.0,825.0
9488,5675,63,2,205,0.15,348.5
9489,5676,58,1,1070,0.0,1070.0
9490,5676,12,1,44912,0.0,44912.0
9491,5677,47,2,1019,0.15,1732.3
9492,5677,76,1,4344,0.1,3909.6
9493,5678,57,3,846,0.25,1903.5
9494,5679,54,1,1386,0.25,1039.5
9495,5680,8,1,38096,0.0,38096.0
9496,5680,11,1,35726,0.0,35726.0
9497,5680,60,1,405,0.0,405.0
9498,5680,71,1,3039,0.1,2735.1
9499,5681,18,1,4367,0.05,4148.65
9500,5682,34,1,803,0.15,682.55
9501,5683,56,1,613,0.0,613.0
9502,5683,20,2,821,0.05,1559.9
9503,5684,74,1,745,0.25,558.75
9504,5684,82,1,541,0.15,459.85
9505,5685,49,2,1101,0.15,1871.7
9506,5685,8,1,38096,0.15,32381.6
9507,5685,73,1,556,0.0,556.0
9508,5685,45,1,4158,0.15,3534.3
9509,5686,57,1,846,0.2,676.8
9510,5687,67,1,2736,0.0,2736.0
9511,5687,70,1,3968,0.25,2976.0
9512,5687,68,1,2741,0.15,2329.85
9513,5688,24,1,1087,0.25,815.25
9514,5689,24,1,1087,0.2,869.6
9515,5690,46,1,5521,0.15,4692.85
9516,5691,12,2,44912,0.1,80841.6
9517,5692,15,1,2462,0.15,2092.7
9518,5692,13,1,34766,0.0,34766.0
9519,5693,12,2,44912,0.15,76350.4
9520,5693,27,2,2689,0.0,5378.0
9521,5694,6,1,41775,0.15,35508.75
9522,5694,30,1,2247,0.2,1797.6
9523,5695,58,3,1070,0.25,2407.5
9524,5696,34,1,803,0.0,803.0
9525,5697,43,1,865,0.15,735.25
9526,5698,27,1,2689,0.15,2285.65
9527,5699,11,2,35726,0.0,71452.0
9528,5700,29,1,2027,0.25,1520.25
9529,5700,68,1,2741,0.1,2466.9
9530,5700,62,1,291,0.0,291.0
9531,5701,51,1,304,0.0,304.0
9532,5702,34,1,803,0.0,803.0
9533,5702,70,1,3968,0.05,3769.6
9534,5703,6,2,41775,0.2,66840.0
9535,5704,23,1,2839,0.05,2697.05
9536,5704,72,1,3738,0.25,2803.5
9537,5705,80,1,461,0.25,345.75
9538,5706,33,1,3307,0.0,3307.0
9539,5707,29,2,2027,0.15,3445.9
9540,5707,18,2,4367,0.2,6987.2
9541,5707,4,2,40207,0.0,80414.0
9542,5707,33,1,3307,0.2,2645.6
9543,5708,1,1,9563,0.25,7172.25
9544,5708,65,1,564,0.0,564.0
9545,5709,8,1,38096,0.1,34286.4
9546,5709,56,1,613,0.0,613.0
9547,5709,35,2,4996,0.05,9492.4
9548,5710,45,1,4158,0.0,4158.0
9549,5710,35,3,4996,0.15,12739.8
9550,5711,11,1,35726,0.0,35726.0
9551,5711,66,1,1256,0.2,1004.8
9552,5712,32,2,1197,0.25,1795.5
9553,5712,14,2,28329,0.0,56658.0
9554,5712,73,1,556,0.25,417.0
9555,5713,32,1,1197,0.05,1137.15
9556,5714,19,1,41782,0.05,39692.9
9557,5715,76,1,4344,0.15,3692.4
9558,5716,9,1,37837,0.05,35945.15
9559,5717,61,2,680,0.05,1292.0
9560,5718,58,1,1070,0.1,963.0
9561,5718,43,1,865,0.0,865.0
9562,5719,80,1,461,0.0,461.0
9563,5720,84,2,610,0.05,1159.0
9564,5720,29,1,2027,0.25,1520.25
9565,5720,66,1,1256,0.2,1004.8
9566,5720,16,1,22376,0.05,21257.2
9567,5721,73,1,556,0.0,556.0
9568,5722,32,2,1197,0.0,2394.0
9569,5723,25,1,2383,0.2,1906.4
9570,5723,31,1,2822,0.1,2539.8
9571,5723,59,1,1172,0.0,1172.0
9572,5724,3,1,43339,0.1,39005.1
9573,5724,34,1,803,0.25,602.25
9574,5724,25,3,2383,0.0,7149.0
9575,5725,68,2,2741,0.0,5482.0
9576,5726,13,1,34766,0.0,34766.0
9577,5727,36,1,1992,0.0,1992.0
9578,5728,59,1,1172,0.0,1172.0
9579,5729,46,1,5521,0.1,4968.9
9580,5730,16,1,22376,0.1,20138.4
9581,5731,54,2,1386,0.15,2356.2
9582,5731,19,1,41782,0.2,33425.6
9583,5731,25,1,2383,0.25,1787.25
9584,5732,61,2,680,0.0,1360.0
9585,5732,21,1,568,0.0,568.0
9586,5733,34,2,803,0.05,1525.7
9587,5734,30,1,2247,0.15,1909.95
9588,5735,14,3,28329,0.2,67989.6
9589,5736,14,1,28329,0.25,21246.75
9590,5737,24,1,1087,0.05,1032.65
9591,5737,73,1,556,0.25,417.0
9592,5738,33,1,3307,0.1,2976.3
9593,5738,17,1,2374,0.1,2136.6
9594,5739,43,1,865,0.2,692.0
9595,5739,22,1,1944,0.0,1944.0
9596,5739,53,1,559,0.2,447.2
9597,5740,41,1,5245,0.05,4982.75
9598,5741,34,1,803,0.0,803.0
9599,5741,77,1,3321,0.1,2988.9
9600,5742,9,3,37837,0.0,113511.0
9601,5743,22,1,1944,0.15,1652.4
9602,5743,54,1,1386,0.1,1247.4
9603,5743,14,1,28329,0.05,26912.55
9604,5743,44,1,4283,0.0,4283.0
9605,5744,27,1,2689,0.05,2554.55
9606,5744,59,3,1172,0.25,2637.0
9607,5745,29,1,2027,0.05,1925.65
9608,5746,25,1,2383,0.0,2383.0
9609,5746,31,1,2822,0.25,2116.5
9610,5746,67,1,2736,0.0,2736.0
9611,5746,17,1,2374,0.1,2136.6
9612,5747,29,2,2027,0.15,3445.9
9613,5747,60,1,405,0.0,405.0
9614,5748,85,2,128,0.1,230.4
9615,5749,53,1,559,0.2,447.2
9616,5749,4,1,40207,0.05,38196.65
9617,5750,39,2,4515,0.15,7675.5
9618,5751,43,1,865,0.0,865.0
9619,5751,49,1,1101,0.0,1101.0
9620,5752,65,1,564,0.0,564.0
9621,5752,30,1,2247,0.05,2134.65
9622,5753,13,1,34766,0.0,34766.0
9623,5754,25,1,2383,0.0,2383.0
9624,5755,8,2,38096,0.15,64763.2
9625,5756,81,2,413,0.25,619.5
9626,5756,24,2,1087,0.25,1630.5
9627,5756,19,1,41782,0.05,39692.9
9628,5756,76,1,4344,0.05,4126.8
9629,5757,6,1,41775,0.05,39686.25
9630,5758,35,2,4996,0.2,7993.6
9631,5759,45,1,4158,0.2,3326.4
9632,5759,6,1,41775,0.15,35508.75
9633,5759,22,2,1944,0.0,3888.0
9634,5760,39,1,4515,0.05,4289.25
9635,5761,39,1,4515,0.0,4515.0
9636,5761,51,1,304,0.1,273.6
9637,5762,2,1,37224,0.05,35362.8
9638,5763,26,1,546,0.0,546.0
9639,5763,61,1,680,0.25,510.0
9640,5764,60,1,405,0.2,324.0
9641,5764,3,1,43339,0.2,34671.2
9642,5764,57,1,846,0.0,846.0
9643,5764,41,2,5245,0.0,10490.0
9644,5765,14,2,28329,0.25,42493.5
9645,5766,45,1,4158,0.0,4158.0
9646,5766,5,1,13447,0.0,13447.0
9647,5767,68,2,2741,0.05,5207.9
9648,5768,60,2,405,0.2,648.0
9649,5768,47,1,1019,0.0,1019.0
9650,5769,18,1,4367,0.05,4148.65
9651,5770,46,3,5521,0.0,16563.0
9652,5770,65,2,564,0.2,902.4
9653,5770,6,1,41775,0.0,41775.0
9654,5771,8,1,38096,0.1,34286.4
9655,5771,68,2,2741,0.15,4659.7
9656,5772,71,1,3039,0.0,3039.0
9657,5772,26,1,546,0.0,546.0
9658,5772,77,1,3321,0.0,3321.0
9659,5773,20,1,821,0.1,738.9
9660,5774,86,2,441,0.0,882.0
9661,5775,53,1,559,0.0,559.0
9662,5775,51,1,304,0.0,304.0
9663,5776,58,1,1070,0.0,1070.0
9664,5777,10,1,38149,0.0,38149.0
9665,5777,36,1,1992,0.0,1992.0
9666,5777,2,1,37224,0.15,31640.4
9667,5778,1,1,9563,0.25,7172.25
9668,5778,42,1,635,0.1,571.5
9669,5779,7,2,40516,0.2,64825.6
9670,5779,54,2,1386,0.2,2217.6
9671,5779,5,1,13447,0.05,12774.65
9672,5779,86,1,441,0.0,441.0
9673,5780,22,1,1944,0.1,1749.6
9674,5780,48,1,424,0.05,402.8
9675,5781,74,2,745,0.25,1117.5
9676,5782,78,3,768,0.25,1728.0
9677,5782,69,2,3850,0.15,6545.0
9678,5783,25,2,2383,0.1,4289.4
9679,5783,80,1,461,0.05,437.95
9680,5783,64,3,302,0.0,906.0
9681,5784,80,2,461,0.2,737.6
9682,5784,15,1,2462,0.0,2462.0
9683,5785,10,1,38149,0.05,36241.55
9684,5786,9,1,37837,0.0,37837.0
9685,5787,24,3,1087,0.05,3097.95
9686,5788,66,1,1256,0.05,1193.2
9687,5788,9,2,37837,0.0,75674.0
9688,5788,12,1,44912,0.1,40420.8
9689,5789,64,2,302,0.15,513.4
9690,5790,7,2,40516,0.0,81032.0
9691,5791,1,1,9563,0.05,9084.85
9692,5792,20,1,821,0.2,656.8
9693,5793,45,1,4158,0.0,4158.0
9694,5794,57,1,846,0.2,676.8
9695,5795,68,1,2741,0.0,2741.0
9696,5796,49,3,1101,0.25,2477.25
9697,5797,65,1,564,0.1,507.6
9698,5797,8,2,38096,0.25,57144.0
9699,5798,81,1,413,0.0,413.0
9700,5798,75,1,825,0.2,660.0
9701,5798,25,1,2383,0.15,2025.55
9702,5798,8,2,38096,0.0,76192.0
9703,5799,64,1,302,0.1,271.8
9704,5799,10,1,38149,0.15,32426.65
9705,5799,84,1,610,0.15,518.5
9706,5800,66,2,1256,0.25,1884.0
9707,5801,17,2,2374,0.0,4748.0
9708,5801,40,1,1769,0.0,1769.0
9709,5801,85,1,128,0.1,115.2
9710,5802,40,1,1769,0.0,1769.0
9711,5802,18,1,4367,0.0,4367.0
9712,5802,22,2,1944,0.05,3693.6
9713,5803,65,1,564,0.0,564.0
9714,5803,20,2,821,0.2,1313.6
9715,5804,32,1,1197,0.1,1077.3
9716,5805,81,1,413,0.0,413.0
9717,5805,80,1,461,0.2,368.8
9718,5806,79,2,995,0.1,1791.0
9719,5807,13,1,34766,0.15,29551.1
9720,5808,35,2,4996,0.0,9992.0
9721,5808,1,1,9563,0.15,8128.55
9722,5809,6,1,41775,0.2,33420.0
9723,5809,26,1,546,0.05,518.7
9724,5810,25,2,2383,0.05,4527.7
9725,5810,22,1,1944,0.2,1555.2
9726,5810,74,1,745,0.05,707.75
9727,5811,78,1,768,0.05,729.6
9728,5812,11,1,35726,0.0,35726.0
9729,5812,25,1,2383,0.0,2383.0
9730,5813,54,1,1386,0.1,1247.4
9731,5813,65,1,564,0.05,535.8
9732,5814,2,1,37224,0.0,37224.0
9733,5815,31,2,2822,0.25,4233.0
9734,5816,40,1,1769,0.0,1769.0
9735,5816,59,1,1172,0.0,1172.0
9736,5816,41,1,5245,0.05,4982.75
9737,5816,6,1,41775,0.0,41775.0
9738,5817,4,1,40207,0.2,32165.6
9739,5817,58,1,1070,0.15,909.5
9740,5817,51,2,304,0.0,608.0
9741,5818,28,1,1491,0.1,1341.9
9742,5818,60,2,405,0.0,810.0
9743,5819,71,1,3039,0.2,2431.2
9744,5819,48,1,424,0.15,360.4
9745,5819,4,3,40207,0.0,120621.0
9746,5820,21,2,568,0.1,1022.4
9747,5821,29,1,2027,0.0,2027.0
9748,5821,85,1,128,0.0,128.0
9749,5821,69,1,3850,0.25,2887.5
9750,5821,19,2,41782,0.2,66851.2
9751,5822,59,1,1172,0.25,879.0
9752,5822,81,1,413,0.25,309.75
9753,5822,80,1,461,0.2,368.8
9754,5822,39,1,4515,0.2,3612.0
9755,5823,25,1,2383,0.25,1787.25
9756,5824,17,1,2374,0.2,1899.2
9757,5824,10,1,38149,0.0,38149.0
9758,5825,84,1,610,0.15,518.5
9759,5826,52,1,1758,0.0,1758.0
9760,5826,80,1,461,0.0,461.0
9761,5826,61,2,680,0.1,1224.0
9762,5827,45,1,4158,0.0,4158.0
9763,5827,52,1,1758,0.0,1758.0
9764,5828,48,1,424,0.15,360.4
9765,5828,51,1,304,0.0,304.0
9766,5829,46,2,5521,0.0,11042.0
9767,5830,16,1,22376,0.15,19019.6
9768,5831,27,1,2689,0.05,2554.55
9769,5831,28,1,1491,0.05,1416.45
9770,5832,26,1,546,0.0,546.0
9771,5833,34,1,803,0.0,803.0
9772,5833,14,1,28329,0.0,28329.0
9773,5834,30,1,2247,0.0,2247.0
9774,5834,8,1,38096,0.05,36191.2
9775,5834,41,1,5245,0.0,5245.0
9776,5835,53,1,559,0.0,559.0
9777,5835,35,2,4996,0.1,8992.8
9778,5835,30,1,2247,0.0,2247.0
9779,5836,38,1,1108,0.25,831.0
9780,5837,19,1,41782,0.0,41782.0
9781,5838,75,2,825,0.05,1567.5
9782,5839,61,1,680,0.0,680.0
9783,5840,72,1,3738,0.25,2803.5
9784,5841,39,1,4515,0.0,4515.0
9785,5841,49,1,1101,0.15,935.85
9786,5841,32,1,1197,0.15,1017.45
9787,5842,50,1,798,0.25,598.5
9788,5843,61,1,680,0.15,578.0
9789,5844,27,1,2689,0.2,2151.2
9790,5845,14,1,28329,0.0,28329.0
9791,5845,5,1,13447,0.0,13447.0
9792,5845,70,1,3968,0.05,3769.6
9793,5846,34,1,803,0.25,602.25
9794,5846,33,1,3307,0.0,3307.0
9795,5846,84,1,610,0.2,488.0
9796,5847,5,2,13447,0.0,26894.0
9797,5848,32,1,1197,0.25,897.75
9798,5849,32,1,1197,0.05,1137.15
9799,5850,39,2,4515,0.05,8578.5
9800,5850,14,1,28329,0.0,28329.0
9801,5850,11,2,35726,0.0,71452.0
9802,5850,59,1,1172,0.0,1172.0
9803,5851,41,1,5245,0.0,5245.0
9804,5851,18,1,4367,0.0,4367.0
9805,5852,53,2,559,0.2,894.4
9806,5852,63,1,205,0.0,205.0
9807,5852,68,1,2741,0.05,2603.95
9808,5852,73,2,556,0.0,1112.0
9809,5853,83,1,898,0.1,808.2
9810,5854,64,1,302,0.1,271.8
9811,5854,43,1,865,0.15,735.25
9812,5854,75,1,825,0.2,660.0
9813,5855,45,1,4158,0.0,4158.0
9814,5855,62,1,291,0.25,218.25
9815,5855,55,1,979,0.05,930.05
9816,5856,7,2,40516,0.0,81032.0
9817,5856,58,2,1070,0.25,1605.0
9818,5857,23,2,2839,0.1,5110.2
9819,5858,25,2,2383,0.0,4766.0
9820,5859,56,1,613,0.25,459.75
9821,5859,12,2,44912,0.1,80841.6
9822,5859,33,1,3307,0.0,3307.0
9823,5860,82,2,541,0.25,811.5
9824,5861,68,2,2741,0.2,4385.6
9825,5861,27,2,2689,0.2,4302.4
9826,5861,25,1,2383,0.1,2144.7
9827,5862,20,2,821,0.05,1559.9
9828,5862,31,2,2822,0.0,5644.0
9829,5863,46,1,5521,0.0,5521.0
9830,5863,41,1,5245,0.1,4720.5
9831,5863,83,1,898,0.25,673.5
9832,5864,40,1,1769,0.0,1769.0
9833,5864,72,1,3738,0.0,3738.0
9834,5865,49,2,1101,0.1,1981.8
9835,5865,4,1,40207,0.0,40207.0
9836,5866,25,1,2383,0.2,1906.4
9837,5867,10,1,38149,0.2,30519.2
9838,5867,86,1,441,0.05,418.95
9839,5868,86,1,441,0.2,352.8
9840,5868,9,1,37837,0.05,35945.15
9841,5868,85,2,128,0.25,192.0
9842,5868,37,1,375,0.25,281.25
9843,5869,80,1,461,0.0,461.0
9844,5870,58,1,1070,0.25,802.5
9845,5870,35,2,4996,0.1,8992.8
9846,5870,85,1,128,0.25,96.0
9847,5871,31,1,2822,0.0,2822.0
9848,5872,58,1,1070,0.2,856.0
9849,5873,42,1,635,0.2,508.0
9850,5874,39,1,4515,0.0,4515.0
9851,5874,49,1,1101,0.2,880.8
9852,5874,41,1,5245,0.1,4720.5
9853,5874,6,1,41775,0.25,31331.25
9854,5875,72,1,3738,0.0,3738.0
9855,5875,13,1,34766,0.25,26074.5
9856,5875,47,1,1019,0.25,764.25
9857,5876,84,1,610,0.0,610.0
9858,5877,12,1,44912,0.25,33684.0
9859,5878,41,2,5245,0.2,8392.0
9860,5879,79,1,995,0.25,746.25
9861,5879,1,1,9563,0.0,9563.0
9862,5879,45,2,4158,0.0,8316.0
9863,5879,50,1,798,0.25,598.5
9864,5880,81,1,413,0.0,413.0
9865,5880,38,1,1108,0.2,886.4
9866,5881,58,1,1070,0.1,963.0
9867,5882,35,1,4996,0.05,4746.2
9868,5883,72,1,3738,0.15,3177.3
9869,5883,77,1,3321,0.25,2490.75
9870,5883,18,2,4367,0.0,8734.0
9871,5884,6,2,41775,0.0,83550.0
9872,5885,52,1,1758,0.1,1582.2
9873,5886,36,1,1992,0.2,1593.6
9874,5887,55,1,979,0.25,734.25
9875,5888,74,1,745,0.0,745.0
9876,5888,53,2,559,0.25,838.5
9877,5888,65,1,564,0.0,564.0
9878,5888,22,3,1944,0.0,5832.0
9879,5889,27,2,2689,0.05,5109.1
9880,5889,15,1,2462,0.2,1969.6
9881,5890,65,1,564,0.2,451.2
9882,5890,80,1,461,0.0,461.0
9883,5891,44,1,4283,0.15,3640.55
9884,5892,19,1,41782,0.25,31336.5
9885,5892,55,1,979,0.0,979.0
9886,5892,76,1,4344,0.1,3909.6
9887,5892,9,3,37837,0.0,113511.0
9888,5893,54,2,1386,0.15,2356.2
9889,5893,59,1,1172,0.25,879.0
9890,5893,58,1,1070,0.1,963.0
9891,5894,60,1,405,0.25,303.75
9892,5894,3,1,43339,0.1,39005.1
9893,5895,68,1,2741,0.2,2192.8
9894,5896,41,2,5245,0.0,10490.0
9895,5897,35,1,4996,0.15,4246.6
9896,5898,69,1,3850,0.0,3850.0
9897,5898,48,1,424,0.2,339.2
9898,5899,67,2,2736,0.2,4377.6
9899,5900,12,1,44912,0.05,42666.4
9900,5900,60,1,405,0.0,405.0
9901,5901,26,2,546,0.1,982.8
9902,5901,76,2,4344,0.2,6950.4
9903,5901,50,2,798,0.05,1516.2
9904,5902,6,1,41775,0.0,41775.0
9905,5903,68,1,2741,0.0,2741.0
9906,5904,20,1,821,0.1,738.9
9907,5904,60,1,405,0.25,303.75
9908,5905,83,1,898,0.25,673.5
9909,5905,52,3,1758,0.1,4746.6
9910,5905,84,1,610,0.2,488.0
9911,5906,55,1,979,0.0,979.0
9912,5907,29,1,2027,0.0,2027.0
9913,5908,3,3,43339,0.15,110514.45
9914,5909,53,1,559,0.1,503.1
9915,5910,53,1,559,0.2,447.2
9916,5910,31,1,2822,0.2,2257.6
9917,5911,47,1,1019,0.0,1019.0
9918,5911,11,2,35726,0.05,67879.4
9919,5912,38,1,1108,0.0,1108.0
9920,5912,28,1,1491,0.25,1118.25
9921,5912,81,1,413,0.0,413.0
9922,5912,65,1,564,0.1,507.6
9923,5913,29,2,2027,0.0,4054.0
9924,5914,8,1,38096,0.05,36191.2
9925,5915,52,1,1758,0.0,1758.0
9926,5916,5,2,13447,0.05,25549.3
9927,5916,47,2,1019,0.05,1936.1
9928,5917,71,3,3039,0.0,9117.0
9929,5917,70,1,3968,0.15,3372.8
9930,5918,65,1,564,0.15,479.4
9931,5918,20,2,821,0.0,1642.0
9932,5919,38,1,1108,0.2,886.4
9933,5920,49,2,1101,0.25,1651.5
9934,5921,38,1,1108,0.1,997.2
9935,5922,81,1,413,0.0,413.0
9936,5922,41,1,5245,0.15,4458.25
9937,5922,40,1,1769,0.0,1769.0
9938,5923,41,2,5245,0.25,7867.5
9939,5923,79,1,995,0.0,995.0
9940,5923,63,1,205,0.0,205.0
9941,5923,32,1,1197,0.1,1077.3
9942,5924,18,1,4367,0.15,3711.95
9943,5925,8,2,38096,0.25,57144.0
9944,5925,35,1,4996,0.0,4996.0
9945,5926,64,1,302,0.1,271.8
9946,5927,18,1,4367,0.2,3493.6
9947,5928,35,1,4996,0.2,3996.8
9948,5929,54,1,1386,0.1,1247.4
9949,5929,83,1,898,0.0,898.0
9950,5930,42,1,635,0.25,476.25
9951,5930,65,1,564,0.15,479.4
9952,5931,62,1,291,0.1,261.9
9953,5931,39,1,4515,0.1,4063.5
9954,5931,47,2,1019,0.0,2038.0
9955,5931,12,1,44912,0.15,38175.2
9956,5932,68,1,2741,0.0,2741.0
9957,5932,11,1,35726,0.0,35726.0
9958,5933,73,2,556,0.2,889.6
9959,5934,58,1,1070,0.25,802.5
9960,5934,39,2,4515,0.05,8578.5
9961,5934,29,1,2027,0.0,2027.0
9962,5935,1,1,9563,0.25,7172.25
9963,5936,38,1,1108,0.0,1108.0
9964,5936,20,1,821,0.0,821.0
9965,5936,4,2,40207,0.2,64331.2
9966,5936,21,1,568,0.0,568.0
9967,5937,18,1,4367,0.1,3930.3
9968,5937,34,2,803,0.0,1606.0
9969,5937,53,1,559,0.0,559.0
9970,5938,46,3,5521,0.0,16563.0
9971,5938,57,1,846,0.05,803.7
9972,5939,6,1,41775,0.25,31331.25
9973,5940,41,1,5245,0.0,5245.0
9974,5940,60,1,405,0.05,384.75
9975,5940,32,1,1197,0.05,1137.15
9976,5940,78,1,768,0.0,768.0
9977,5941,45,1,4158,0.0,4158.0
9978,5941,77,1,3321,0.1,2988.9
9979,5942,75,1,825,0.0,825.0
9980,5943,80,3,461,0.05,1313.85
9981,5944,86,1,441,0.0,441.0
9982,5944,67,1,2736,0.25,2052.0
9983,5945,57,1,846,0.25,634.5
9984,5946,31,2,2822,0.0,5644.0
9985,5946,62,2,291,0.05,552.9
9986,5947,34,1,803,0.15,682.55
9987,5947,3,1,43339,0.0,43339.0
9988,5947,14,1,28329,0.05,26912.55
9989,5948,20,1,821,0.05,779.95
9990,5948,64,1,302,0.25,226.5
9991,5949,26,1,546,0.2,436.8
9992,5949,9,1,37837,0.0,37837.0
9993,5950,45,3,4158,0.0,12474.0
9994,5951,11,1,35726,0.0,35726.0
9995,5951,53,1,559,0.1,503.1
9996,5952,56,1,613,0.0,613.0
9997,5953,80,1,461,0.0,461.0
9998,5953,41,1,5245,0.1,4720.5
9999,5953,2,1,37224,0.0,37224.0
10000,5954,75,1,825,0.0,825.0
10001,5955,53,1,559,0.0,559.0
10002,5956,28,2,1491,0.0,2982.0
10003,5956,34,1,803,0.05,762.85
10004,5956,53,1,559,0.25,419.25
10005,5957,28,1,1491,0.25,1118.25
10006,5958,16,1,22376,0.0,22376.0
10007,5958,9,1,37837,0.2,30269.6
10008,5958,38,1,1108,0.0,1108.0
10009,5958,47,1,1019,0.25,764.25
10010,5959,71,1,3039,0.05,2887.05
10011,5960,78,1,768,0.15,652.8
10012,5961,76,2,4344,0.0,8688.0
10013,5961,83,1,898,0.25,673.5
10014,5962,83,1,898,0.1,808.2
10015,5963,75,2,825,0.15,1402.5
10016,5963,35,1,4996,0.15,4246.6
10017,5963,33,3,3307,0.0,9921.0
10018,5963,24,1,1087,0.0,1087.0
10019,5964,67,1,2736,0.15,2325.6
10020,5964,25,1,2383,0.0,2383.0
10021,5965,35,2,4996,0.0,9992.0
10022,5966,24,1,1087,0.0,1087.0
10023,5966,67,1,2736,0.0,2736.0
10024,5967,76,2,4344,0.05,8253.6
10025,5968,29,1,2027,0.0,2027.0
10026,5969,36,1,1992,0.0,1992.0
10027,5970,5,2,13447,0.0,26894.0
10028,5970,73,1,556,0.2,444.8
10029,5970,65,1,564,0.15,479.4
10030,5971,80,1,461,0.05,437.95
10031,5972,59,1,1172,0.2,937.6
10032,5973,12,1,44912,0.05,42666.4
10033,5974,36,1,1992,0.25,1494.0
10034,5974,32,2,1197,0.0,2394.0
10035,5975,68,1,2741,0.0,2741.0
10036,5975,55,1,979,0.0,979.0
10037,5976,56,1,613,0.0,613.0
10038,5977,39,1,4515,0.15,3837.75
10039,5978,25,1,2383,0.25,1787.25
10040,5979,30,1,2247,0.25,1685.25
10041,5980,75,2,825,0.25,1237.5
10042,5981,80,1,461,0.1,414.9
10043,5981,21,1,568,0.15,482.8
10044,5982,29,1,2027,0.1,1824.3
10045,5982,30,3,2247,0.25,5055.75
10046,5982,73,2,556,0.05,1056.4
10047,5982,13,1,34766,0.2,27812.8
10048,5983,74,1,745,0.25,558.75
10049,5984,66,1,1256,0.05,1193.2
10050,5984,9,1,37837,0.0,37837.0
10051,5985,19,1,41782,0.0,41782.0
10052,5986,80,3,461,0.0,1383.0
10053,5987,71,1,3039,0.25,2279.25
10054,5988,41,1,5245,0.05,4982.75
10055,5989,49,1,1101,0.05,1045.95
10056,5989,67,1,2736,0.0,2736.0
10057,5990,36,3,1992,0.2,4780.8
10058,5991,57,1,846,0.0,846.0
10059,5992,32,3,1197,0.0,3591.0
10060,5993,26,1,546,0.05,518.7
10061,5993,47,1,1019,0.0,1019.0
10062,5994,39,1,4515,0.2,3612.0
10063,5994,10,2,38149,0.2,61038.4
10064,5995,3,1,43339,0.0,43339.0
10065,5995,34,1,803,0.25,602.25
10066,5995,47,2,1019,0.1,1834.2
10067,5995,86,1,441,0.25,330.75
10068,5996,48,2,424,0.0,848.0
10069,5997,38,3,1108,0.0,3324.0
10070,5998,17,2,2374,0.05,4510.6
10071,5999,25,2,2383,0.1,4289.4
10072,6000,33,3,3307,0.0,9921.0
10073,6000,7,1,40516,0.25,30387.0
10074,6001,12,1,44912,0.0,44912.0
10075,6002,18,1,4367,0.0,4367.0
10076,6003,75,1,825,0.0,825.0
10077,6003,76,2,4344,0.2,6950.4
10078,6004,40,2,1769,0.25,2653.5
10079,6005,60,1,405,0.0,405.0
10080,6006,69,2,3850,0.15,6545.0
10081,6007,48,1,424,0.0,424.0
10082,6008,57,1,846,0.2,676.8
10083,6009,14,1,28329,0.05,26912.55
10084,6009,28,1,1491,0.1,1341.9
10085,6009,78,2,768,0.1,1382.4
10086,6010,41,1,5245,0.0,5245.0
10087,6010,80,2,461,0.0,922.0
10088,6011,76,1,4344,0.0,4344.0
10089,6011,62,1,291,0.0,291.0
10090,6012,11,1,35726,0.0,35726.0
10091,6013,57,1,846,0.2,676.8
10092,6013,71,3,3039,0.15,7749.45
10093,6013,69,1,3850,0.0,3850.0
10094,6013,22,1,1944,0.1,1749.6
10095,6014,53,1,559,0.2,447.2
10096,6014,33,1,3307,0.25,2480.25
10097,6014,2,1,37224,0.0,37224.0
10098,6014,30,1,2247,0.25,1685.25
10099,6015,78,1,768,0.2,614.4
10100,6015,21,3,568,0.25,1278.0
10101,6016,34,1,803,0.05,762.85
10102,6017,62,1,291,0.0,291.0
10103,6017,25,1,2383,0.05,2263.85
10104,6018,45,1,4158,0.0,4158.0
10105,6019,85,1,128,0.0,128.0
10106,6020,74,1,745,0.2,596.0
10107,6021,79,1,995,0.05,945.25
10108,6022,83,1,898,0.15,763.3
10109,6023,30,1,2247,0.25,1685.25
10110,6023,66,1,1256,0.15,1067.6
10111,6023,10,1,38149,0.2,30519.2
10112,6024,57,1,846,0.0,846.0
10113,6024,6,1,41775,0.2,33420.0
10114,6025,63,1,205,0.0,205.0
10115,6026,8,2,38096,0.0,76192.0
10116,6027,17,1,2374,0.25,1780.5
10117,6028,77,1,3321,0.15,2822.85
10118,6029,38,2,1108,0.25,1662.0
10119,6030,22,2,1944,0.1,3499.2
10120,6031,20,1,821,0.1,738.9
10121,6031,65,1,564,0.2,451.2
10122,6032,25,1,2383,0.1,2144.7
10123,6033,81,1,413,0.15,351.05
10124,6033,21,1,568,0.25,426.0
10125,6033,17,2,2374,0.0,4748.0
10126,6033,76,1,4344,0.0,4344.0
10127,6034,15,1,2462,0.2,1969.6
10128,6034,25,1,2383,0.15,2025.55
10129,6035,45,1,4158,0.1,3742.2
10130,6036,77,1,3321,0.25,2490.75
10131,6036,83,1,898,0.25,673.5
10132,6036,67,1,2736,0.2,2188.8
10133,6036,38,1,1108,0.0,1108.0
10134,6037,22,1,1944,0.2,1555.2
10135,6038,45,1,4158,0.15,3534.3
10136,6039,46,2,5521,0.25,8281.5
10137,6039,72,1,3738,0.0,3738.0
10138,6040,4,1,40207,0.05,38196.65
10139,6041,5,1,13447,0.25,10085.25
10140,6041,72,1,3738,0.25,2803.5
10141,6042,16,1,22376,0.0,22376.0
10142,6043,34,1,803,0.0,803.0
10143,6043,58,1,1070,0.0,1070.0
10144,6043,75,1,825,0.25,618.75
10145,6043,59,1,1172,0.2,937.6
10146,6044,39,1,4515,0.05,4289.25
10147,6045,35,1,4996,0.15,4246.6
10148,6046,25,2,2383,0.1,4289.4
10149,6046,86,2,441,0.15,749.7
10150,6047,64,1,302,0.0,302.0
10151,6047,14,1,28329,0.25,21246.75
10152,6047,1,1,9563,0.05,9084.85
10153,6048,14,1,28329,0.05,26912.55
10154,6049,85,1,128,0.05,121.6
10155,6049,42,2,635,0.05,1206.5
10156,6050,60,1,405,0.15,344.25
10157,6051,71,2,3039,0.15,5166.3
10158,6051,75,1,825,0.0,825.0
10159,6052,68,1,2741,0.1,2466.9
10160,6053,57,1,846,0.1,761.4
10161,6054,6,3,41775,0.0,125325.0
10162,6054,33,1,3307,0.1,2976.3
10163,6055,13,1,34766,0.05,33027.7
10164,6056,34,2,803,0.05,1525.7
10165,6057,7,1,40516,0.25,30387.0
10166,6058,34,1,803,0.0,803.0
10167,6059,32,2,1197,0.15,2034.9
10168,6059,33,1,3307,0.1,2976.3
10169,6059,45,1,4158,0.0,4158.0
10170,6060,86,1,441,0.0,441.0
10171,6060,74,1,745,0.2,596.0
10172,6061,68,1,2741,0.25,2055.75
10173,6061,23,1,2839,0.1,2555.1
10174,6062,66,1,1256,0.05,1193.2
10175,6062,42,1,635,0.0,635.0
10176,6063,9,1,37837,0.1,34053.3
10177,6064,23,2,2839,0.25,4258.5
10178,6065,58,1,1070,0.25,802.5
10179,6066,9,1,37837,0.2,30269.6
10180,6066,13,1,34766,0.0,34766.0
10181,6066,35,1,4996,0.0,4996.0
10182,6067,43,1,865,0.0,865.0
10183,6068,61,1,680,0.0,680.0
10184,6069,35,1,4996,0.1,4496.4
10185,6070,63,1,205,0.0,205.0
10186,6071,40,1,1769,0.1,1592.1
10187,6072,9,1,37837,0.0,37837.0
10188,6072,79,2,995,0.0,1990.0
10189,6073,56,1,613,0.15,521.05
10190,6073,49,1,1101,0.0,1101.0
10191,6074,11,1,35726,0.2,28580.8
10192,6074,20,2,821,0.0,1642.0
10193,6074,82,1,541,0.0,541.0
10194,6075,22,1,1944,0.0,1944.0
10195,6075,86,1,441,0.1,396.9
10196,6075,10,1,38149,0.15,32426.65
10197,6076,35,1,4996,0.0,4996.0
10198,6077,25,2,2383,0.15,4051.1
10199,6077,29,1,2027,0.05,1925.65
10200,6078,12,1,44912,0.0,44912.0
10201,6079,43,1,865,0.15,735.25
10202,6080,73,1,556,0.0,556.0
10203,6080,35,1,4996,0.25,3747.0
10204,6081,86,1,441,0.0,441.0
10205,6082,6,1,41775,0.15,35508.75
10206,6083,55,1,979,0.15,832.15
10207,6083,78,1,768,0.2,614.4
10208,6083,9,1,37837,0.0,37837.0
10209,6084,49,1,1101,0.0,1101.0
10210,6085,77,1,3321,0.1,2988.9
10211,6085,2,2,37224,0.15,63280.8
10212,6085,65,2,564,0.05,1071.6
10213,6085,34,2,803,0.0,1606.0
10214,6086,84,1,610,0.0,610.0
10215,6087,10,2,38149,0.25,57223.5
10216,6088,63,2,205,0.1,369.0
10217,6089,21,1,568,0.15,482.8
10218,6089,71,2,3039,0.25,4558.5
10219,6090,58,1,1070,0.25,802.5
10220,6091,53,2,559,0.1,1006.2
10221,6092,59,1,1172,0.0,1172.0
10222,6093,53,1,559,0.0,559.0
10223,6093,3,1,43339,0.0,43339.0
10224,6094,79,1,995,0.2,796.0
10225,6094,82,1,541,0.15,459.85
10226,6095,7,1,40516,0.0,40516.0
10227,6095,57,2,846,0.2,1353.6
10228,6096,40,1,1769,0.2,1415.2
10229,6097,50,1,798,0.0,798.0
10230,6098,1,1,9563,0.1,8606.7
10231,6098,81,1,413,0.05,392.35
10232,6099,10,1,38149,0.2,30519.2
10233,6099,49,1,1101,0.0,1101.0
10234,6100,24,1,1087,0.0,1087.0
10235,6101,54,1,1386,0.0,1386.0
10236,6102,5,1,13447,0.2,10757.6
10237,6103,43,1,865,0.0,865.0
10238,6103,75,1,825,0.2,660.0
10239,6104,31,1,2822,0.25,2116.5
10240,6105,23,2,2839,0.15,4826.3
10241,6106,74,1,745,0.0,745.0
10242,6107,55,2,979,0.25,1468.5
10243,6107,22,1,1944,0.05,1846.8
10244,6108,39,1,4515,0.15,3837.75
10245,6109,69,2,3850,0.05,7315.0
10246,6110,41,1,5245,0.0,5245.0
10247,6111,27,1,2689,0.25,2016.75
10248,6112,12,1,44912,0.05,42666.4
10249,6112,31,2,2822,0.0,5644.0
10250,6113,15,1,2462,0.0,2462.0
10251,6113,79,2,995,0.15,1691.5
10252,6114,44,1,4283,0.25,3212.25
10253,6114,32,2,1197,0.0,2394.0
10254,6115,61,3,680,0.25,1530.0
10255,6115,28,1,1491,0.15,1267.35
10256,6116,13,3,34766,0.15,88653.3
10257,6117,62,2,291,0.1,523.8
10258,6118,8,1,38096,0.2,30476.8
10259,6118,6,2,41775,0.15,71017.5
10260,6118,69,1,3850,0.05,3657.5
10261,6118,59,1,1172,0.1,1054.8
10262,6119,19,1,41782,0.2,33425.6
10263,6120,84,1,610,0.1,549.0
10264,6120,4,3,40207,0.25,90465.75
10265,6120,50,1,798,0.2,638.4
10266,6120,62,1,291,0.1,261.9
10267,6121,1,1,9563,0.0,9563.0
10268,6121,82,1,541,0.0,541.0
10269,6121,37,1,375,0.0,375.0
10270,6122,49,1,1101,0.0,1101.0
10271,6122,17,1,2374,0.0,2374.0
10272,6123,70,1,3968,0.25,2976.0
10273,6123,76,2,4344,0.05,8253.6
10274,6124,73,1,556,0.2,444.8
10275,6124,16,3,22376,0.0,67128.0
10276,6125,39,1,4515,0.0,4515.0
10277,6126,5,1,13447,0.0,13447.0
10278,6126,80,1,461,0.25,345.75
10279,6126,17,1,2374,0.2,1899.2
10280,6127,5,1,13447,0.25,10085.25
10281,6127,1,1,9563,0.0,9563.0
10282,6128,54,2,1386,0.1,2494.8
10283,6128,69,1,3850,0.0,3850.0
10284,6129,43,1,865,0.25,648.75
10285,6130,55,1,979,0.2,783.2
10286,6130,17,1,2374,0.05,2255.3
10287,6131,74,1,745,0.1,670.5
10288,6132,12,1,44912,0.05,42666.4
10289,6133,62,2,291,0.25,436.5
10290,6134,75,1,825,0.15,701.25
10291,6134,19,1,41782,0.15,35514.7
10292,6135,42,1,635,0.2,508.0
10293,6136,12,2,44912,0.0,89824.0
10294,6137,2,1,37224,0.05,35362.8
10295,6137,4,1,40207,0.0,40207.0
10296,6137,53,1,559,0.0,559.0
10297,6137,24,1,1087,0.0,1087.0
10298,6138,36,1,1992,0.0,1992.0
10299,6138,39,1,4515,0.15,3837.75
10300,6138,17,1,2374,0.0,2374.0
10301,6139,3,1,43339,0.2,34671.2
10302,6139,71,1,3039,0.1,2735.1
10303,6140,86,1,441,0.0,441.0
10304,6140,24,1,1087,0.0,1087.0
10305,6141,2,1,37224,0.05,35362.8
10306,6141,55,1,979,0.2,783.2
10307,6141,18,1,4367,0.1,3930.3
10308,6142,50,1,798,0.0,798.0
10309,6143,50,1,798,0.2,638.4
10310,6144,53,1,559,0.0,559.0
10311,6144,2,1,37224,0.15,31640.4
10312,6145,15,2,2462,0.05,4677.8
10313,6145,36,3,1992,0.1,5378.4
10314,6145,26,1,546,0.2,436.8
10315,6146,43,2,865,0.0,1730.0
10316,6147,36,1,1992,0.05,1892.4
10317,6147,86,1,441,0.15,374.85
10318,6147,52,1,1758,0.0,1758.0
10319,6148,74,3,745,0.0,2235.0
10320,6149,65,1,564,0.0,564.0
10321,6150,83,1,898,0.0,898.0
10322,6151,63,1,205,0.2,164.0
10323,6151,3,1,43339,0.05,41172.05
10324,6151,78,1,768,0.05,729.6
10325,6152,53,1,559,0.1,503.1
10326,6153,81,2,413,0.0,826.0
10327,6154,44,1,4283,0.0,4283.0
10328,6155,6,1,41775,0.0,41775.0
10329,6156,69,1,3850,0.0,3850.0
10330,6157,68,1,2741,0.2,2192.8
10331,6157,53,2,559,0.0,1118.0
10332,6157,63,2,205,0.25,307.5
10333,6157,32,1,1197,0.2,957.6
10334,6158,27,1,2689,0.0,2689.0
10335,6159,10,2,38149,0.2,61038.4
10336,6159,61,1,680,0.05,646.0
10337,6160,15,1,2462,0.05,2338.9
10338,6161,86,1,441,0.25,330.75
10339,6162,62,1,291,0.25,218.25
10340,6162,30,1,2247,0.0,2247.0
10341,6163,70,1,3968,0.0,3968.0
10342,6163,28,1,1491,0.05,1416.45
10343,6164,33,1,3307,0.15,2810.95
10344,6164,23,1,2839,0.05,2697.05
10345,6165,31,1,2822,0.0,2822.0
10346,6165,74,2,745,0.0,1490.0
10347,6166,17,1,2374,0.2,1899.2
10348,6167,20,1,821,0.0,821.0
10349,6168,83,1,898,0.15,763.3
10350,6168,59,1,1172,0.0,1172.0
10351,6169,43,1,865,0.0,865.0
10352,6170,81,1,413,0.2,330.4
10353,6170,66,1,1256,0.25,942.0
10354,6170,31,1,2822,0.25,2116.5
10355,6171,81,1,413,0.05,392.35
10356,6171,67,1,2736,0.0,2736.0
10357,6171,73,2,556,0.05,1056.4
10358,6171,34,1,803,0.15,682.55
10359,6172,82,1,541,0.25,405.75
10360,6173,14,2,28329,0.0,56658.0
10361,6174,3,1,43339,0.2,34671.2
10362,6175,52,1,1758,0.0,1758.0
10363,6175,58,1,1070,0.25,802.5
10364,6176,40,1,1769,0.0,1769.0
10365,6176,11,2,35726,0.15,60734.2
10366,6176,23,1,2839,0.15,2413.15
10367,6177,27,1,2689,0.25,2016.75
10368,6178,53,1,559,0.25,419.25
10369,6178,72,2,3738,0.2,5980.8
10370,6178,45,3,4158,0.0,12474.0
10371,6179,16,2,22376,0.0,44752.0
10372,6180,43,1,865,0.1,778.5
10373,6180,18,1,4367,0.25,3275.25
10374,6181,28,1,1491,0.05,1416.45
10375,6182,42,1,635,0.0,635.0
10376,6183,62,1,291,0.0,291.0
10377,6183,66,1,1256,0.0,1256.0
10378,6183,56,2,613,0.0,1226.0
10379,6183,36,1,1992,0.2,1593.6
10380,6184,37,1,375,0.1,337.5
10381,6185,51,1,304,0.0,304.0
10382,6186,8,1,38096,0.0,38096.0
10383,6186,11,1,35726,0.0,35726.0
10384,6186,47,1,1019,0.2,815.2
10385,6187,44,2,4283,0.1,7709.4
10386,6187,5,1,13447,0.1,12102.3
10387,6187,54,1,1386,0.0,1386.0
10388,6188,40,1,1769,0.0,1769.0
10389,6189,86,1,441,0.05,418.95
10390,6189,75,1,825,0.0,825.0
10391,6190,80,1,461,0.05,437.95
10392,6190,60,1,405,0.05,384.75
10393,6190,21,1,568,0.0,568.0
10394,6191,40,2,1769,0.2,2830.4
10395,6191,66,2,1256,0.0,2512.0
10396,6192,48,2,424,0.0,848.0
10397,6193,74,1,745,0.1,670.5
10398,6193,57,3,846,0.15,2157.3
10399,6193,16,1,22376,0.0,22376.0
10400,6193,15,1,2462,0.0,2462.0
10401,6194,48,1,424,0.2,339.2
10402,6194,56,2,613,0.2,980.8
10403,6195,41,1,5245,0.15,4458.25
10404,6195,58,1,1070,0.15,909.5
10405,6196,9,1,37837,0.1,34053.3
10406,6196,46,1,5521,0.0,5521.0
10407,6197,44,1,4283,0.15,3640.55
10408,6198,64,1,302,0.25,226.5
10409,6199,41,1,5245,0.2,4196.0
10410,6199,60,1,405,0.2,324.0
10411,6200,62,2,291,0.1,523.8
10412,6200,60,2,405,0.25,607.5
10413,6201,29,1,2027,0.25,1520.25
10414,6202,37,1,375,0.05,356.25
10415,6203,18,1,4367,0.1,3930.3
10416,6203,9,1,37837,0.15,32161.45
10417,6203,59,3,1172,0.25,2637.0
10418,6203,44,1,4283,0.0,4283.0
10419,6204,40,1,1769,0.0,1769.0
10420,6204,26,2,546,0.25,819.0
10421,6205,62,1,291,0.0,291.0
10422,6206,46,1,5521,0.25,4140.75
10423,6207,3,2,43339,0.05,82344.1
10424,6208,12,1,44912,0.05,42666.4
10425,6208,40,1,1769,0.1,1592.1
10426,6209,54,1,1386,0.15,1178.1
10427,6210,17,2,2374,0.25,3561.0
10428,6210,2,3,37224,0.0,111672.0
10429,6210,5,1,13447,0.2,10757.6
10430,6211,74,1,745,0.1,670.5
10431,6212,53,2,559,0.0,1118.0
10432,6213,80,1,461,0.0,461.0
10433,6214,3,2,43339,0.0,86678.0
10434,6215,72,1,3738,0.0,3738.0
10435,6216,48,2,424,0.0,848.0
10436,6217,73,1,556,0.15,472.6
10437,6218,65,1,564,0.15,479.4
10438,6219,85,1,128,0.0,128.0
10439,6220,57,1,846,0.05,803.7
10440,6220,30,1,2247,0.1,2022.3
10441,6221,86,3,441,0.0,1323.0
10442,6222,29,1,2027,0.1,1824.3
10443,6222,15,1,2462,0.05,2338.9
10444,6223,76,1,4344,0.25,3258.0
10445,6223,75,2,825,0.05,1567.5
10446,6223,70,1,3968,0.1,3571.2
10447,6224,64,2,302,0.0,604.0
10448,6225,50,1,798,0.0,798.0
10449,6225,62,1,291,0.25,218.25
10450,6226,69,2,3850,0.15,6545.0
10451,6226,64,1,302,0.05,286.9
10452,6226,47,1,1019,0.0,1019.0
10453,6226,70,2,3968,0.0,7936.0
10454,6227,37,1,375,0.25,281.25
10455,6227,83,1,898,0.0,898.0
10456,6228,28,2,1491,0.0,2982.0
10457,6229,62,2,291,0.05,552.9
10458,6229,46,1,5521,0.05,5244.95
10459,6230,46,1,5521,0.1,4968.9
10460,6231,55,1,979,0.25,734.25
10461,6231,86,1,441,0.1,396.9
10462,6232,48,1,424,0.0,424.0
10463,6232,51,1,304,0.0,304.0
10464,6233,67,1,2736,0.0,2736.0
10465,6233,43,1,865,0.2,692.0
10466,6234,33,2,3307,0.1,5952.6
10467,6235,71,1,3039,0.0,3039.0
10468,6236,45,1,4158,0.1,3742.2
10469,6237,63,1,205,0.15,174.25
10470,6238,9,1,37837,0.0,37837.0
10471,6238,56,2,613,0.15,1042.1
10472,6239,2,1,37224,0.0,37224.0
10473,6239,39,1,4515,0.05,4289.25
10474,6240,81,1,413,0.0,413.0
10475,6241,60,1,405,0.2,324.0
10476,6241,44,1,4283,0.1,3854.7
10477,6242,70,2,3968,0.2,6348.8
10478,6243,9,1,37837,0.25,28377.75
10479,6244,47,1,1019,0.15,866.15
10480,6245,66,1,1256,0.0,1256.0
10481,6245,28,1,1491,0.0,1491.0
10482,6246,19,1,41782,0.2,33425.6
10483,6247,31,1,2822,0.25,2116.5
10484,6248,3,1,43339,0.1,39005.1
10485,6249,26,1,546,0.2,436.8
10486,6250,3,1,43339,0.0,43339.0
10487,6251,41,1,5245,0.0,5245.0
10488,6252,71,1,3039,0.0,3039.0
10489,6252,10,1,38149,0.25,28611.75
10490,6253,73,2,556,0.0,1112.0
10491,6254,80,2,461,0.2,737.6
10492,6255,39,1,4515,0.0,4515.0
10493,6255,12,1,44912,0.05,42666.4
10494,6255,18,1,4367,0.05,4148.65
10495,6256,11,1,35726,0.0,35726.0
10496,6256,8,2,38096,0.0,76192.0
10497,6257,63,1,205,0.05,194.75
10498,6257,41,1,5245,0.2,4196.0
10499,6257,48,1,424,0.15,360.4
10500,6258,75,1,825,0.0,825.0
10501,6259,54,1,1386,0.25,1039.5
10502,6260,27,1,2689,0.2,2151.2
10503,6260,56,2,613,0.0,1226.0
10504,6260,66,2,1256,0.1,2260.8
10505,6261,83,1,898,0.0,898.0
10506,6262,25,1,2383,0.2,1906.4
10507,6263,2,1,37224,0.05,35362.8
10508,6263,63,1,205,0.1,184.5
10509,6264,18,1,4367,0.0,4367.0
10510,6264,14,1,28329,0.15,24079.65
10511,6265,69,2,3850,0.0,7700.0
10512,6266,80,2,461,0.2,737.6
10513,6267,9,1,37837,0.25,28377.75
10514,6268,19,2,41782,0.0,83564.0
10515,6269,53,1,559,0.0,559.0
10516,6270,71,1,3039,0.0,3039.0
10517,6271,33,1,3307,0.25,2480.25
10518,6272,44,3,4283,0.0,12849.0
10519,6273,63,1,205,0.2,164.0
10520,6273,28,1,1491,0.15,1267.35
10521,6274,57,1,846,0.2,676.8
10522,6275,26,1,546,0.0,546.0
10523,6276,82,2,541,0.25,811.5
10524,6276,13,1,34766,0.0,34766.0
10525,6277,76,2,4344,0.0,8688.0
10526,6277,39,2,4515,0.2,7224.0
10527,6278,3,1,43339,0.0,43339.0
10528,6279,63,1,205,0.2,164.0
10529,6279,1,1,9563,0.0,9563.0
10530,6279,2,1,37224,0.0,37224.0
10531,6280,80,1,461,0.15,391.85
10532,6280,46,1,5521,0.25,4140.75
10533,6281,30,2,2247,0.0,4494.0
10534,6282,81,1,413,0.25,309.75
10535,6282,73,2,556,0.0,1112.0
10536,6282,67,2,2736,0.0,5472.0
10537,6283,41,1,5245,0.1,4720.5
10538,6284,6,2,41775,0.0,83550.0
10539,6285,60,1,405,0.0,405.0
10540,6285,34,1,803,0.0,803.0
10541,6286,61,1,680,0.25,510.0
10542,6287,64,1,302,0.0,302.0
10543,6287,82,2,541,0.25,811.5
10544,6288,66,1,1256,0.05,1193.2
10545,6289,48,1,424,0.0,424.0
10546,6290,54,3,1386,0.0,4158.0
10547,6291,83,1,898,0.0,898.0
10548,6292,58,2,1070,0.2,1712.0
10549,6292,29,1,2027,0.25,1520.25
10550,6292,1,1,9563,0.1,8606.7
10551,6293,27,1,2689,0.1,2420.1
10552,6293,49,1,1101,0.0,1101.0
10553,6293,45,2,4158,0.0,8316.0
10554,6294,61,1,680,0.25,510.0
10555,6294,32,1,1197,0.25,897.75
10556,6295,4,1,40207,0.0,40207.0
10557,6295,39,2,4515,0.0,9030.0
10558,6296,43,3,865,0.2,2076.0
10559,6296,40,1,1769,0.25,1326.75
10560,6297,69,1,3850,0.0,3850.0
10561,6297,67,2,2736,0.25,4104.0
10562,6298,44,1,4283,0.0,4283.0
10563,6298,64,1,302,0.1,271.8
10564,6299,72,2,3738,0.0,7476.0
10565,6299,75,1,825,0.1,742.5
10566,6300,11,1,35726,0.0,35726.0
10567,6300,59,1,1172,0.25,879.0
10568,6301,79,2,995,0.0,1990.0
10569,6302,65,1,564,0.0,564.0
10570,6303,37,2,375,0.0,750.0
10571,6304,62,1,291,0.25,218.25
10572,6305,49,1,1101,0.2,880.8
10573,6305,9,1,37837,0.1,34053.3
10574,6306,13,3,34766,0.15,88653.3
10575,6307,47,1,1019,0.25,764.25
10576,6308,17,2,2374,0.0,4748.0
10577,6309,1,1,9563,0.15,8128.55
10578,6310,80,1,461,0.0,461.0
10579,6311,35,2,4996,0.15,8493.2
10580,6311,27,1,2689,0.15,2285.65
10581,6312,71,2,3039,0.0,6078.0
10582,6313,24,1,1087,0.1,978.3
10583,6313,61,1,680,0.05,646.0
10584,6314,31,1,2822,0.2,2257.6
10585,6315,5,1,13447,0.0,13447.0
10586,6315,44,1,4283,0.1,3854.7
10587,6316,21,1,568,0.0,568.0
10588,6316,78,2,768,0.05,1459.2
10589,6317,54,1,1386,0.0,1386.0
10590,6317,71,1,3039,0.15,2583.15
10591,6318,31,1,2822,0.1,2539.8
10592,6319,70,1,3968,0.0,3968.0
10593,6320,68,1,2741,0.25,2055.75
10594,6320,45,2,4158,0.0,8316.0
10595,6321,25,1,2383,0.15,2025.55
10596,6322,63,1,205,0.0,205.0
10597,6322,69,1,3850,0.1,3465.0
10598,6322,32,1,1197,0.1,1077.3
10599,6323,6,1,41775,0.0,41775.0
10600,6324,46,1,5521,0.0,5521.0
10601,6325,29,1,2027,0.2,1621.6
10602,6326,16,1,22376,0.25,16782.0
10603,6326,84,1,610,0.25,457.5
10604,6326,41,1,5245,0.15,4458.25
10605,6327,64,1,302,0.15,256.7
10606,6328,30,1,2247,0.0,2247.0
10607,6329,65,1,564,0.25,423.0
10608,6330,12,1,44912,0.2,35929.6
10609,6330,27,1,2689,0.05,2554.55
10610,6331,79,1,995,0.0,995.0
10611,6331,47,2,1019,0.0,2038.0
10612,6332,78,1,768,0.1,691.2
10613,6333,83,1,898,0.0,898.0
10614,6334,82,1,541,0.15,459.85
10615,6334,59,2,1172,0.1,2109.6
10616,6335,15,1,2462,0.2,1969.6
10617,6336,66,1,1256,0.1,1130.4
10618,6336,77,2,3321,0.0,6642.0
10619,6337,66,2,1256,0.0,2512.0
10620,6338,35,1,4996,0.25,3747.0
10621,6338,15,1,2462,0.0,2462.0
10622,6339,26,1,546,0.0,546.0
10623,6339,6,1,41775,0.1,37597.5
10624,6340,15,1,2462,0.0,2462.0
10625,6340,39,3,4515,0.0,13545.0
10626,6340,82,1,541,0.0,541.0
10627,6340,7,1,40516,0.1,36464.4
10628,6341,12,1,44912,0.0,44912.0
10629,6342,69,1,3850,0.0,3850.0
10630,6342,79,1,995,0.1,895.5
10631,6342,73,1,556,0.0,556.0
10632,6343,51,1,304,0.25,228.0
10633,6343,53,1,559,0.2,447.2
10634,6344,27,1,2689,0.2,2151.2
10635,6345,65,2,564,0.2,902.4
10636,6346,46,1,5521,0.05,5244.95
10637,6346,20,1,821,0.25,615.75
10638,6346,65,2,564,0.0,1128.0
10639,6346,31,1,2822,0.0,2822.0
10640,6347,53,2,559,0.2,894.4
10641,6347,85,1,128,0.1,115.2
10642,6348,60,2,405,0.0,810.0
10643,6349,45,2,4158,0.0,8316.0
10644,6350,78,1,768,0.25,576.0
10645,6350,65,1,564,0.0,564.0
10646,6351,81,1,413,0.2,330.4
10647,6352,45,1,4158,0.25,3118.5
10648,6352,40,1,1769,0.0,1769.0
10649,6353,60,1,405,0.2,324.0
10650,6354,6,1,41775,0.1,37597.5
10651,6354,76,1,4344,0.1,3909.6
10652,6355,65,1,564,0.05,535.8
10653,6356,65,1,564,0.2,451.2
10654,6357,80,2,461,0.0,922.0
10655,6358,72,1,3738,0.15,3177.3
10656,6358,40,1,1769,0.2,1415.2
10657,6359,40,2,1769,0.2,2830.4
10658,6360,42,1,635,0.0,635.0
10659,6360,49,1,1101,0.0,1101.0
10660,6361,17,1,2374,0.0,2374.0
10661,6361,63,1,205,0.1,184.5
10662,6362,16,1,22376,0.1,20138.4
10663,6363,25,2,2383,0.0,4766.0
10664,6364,31,1,2822,0.15,2398.7
10665,6365,49,1,1101,0.0,1101.0
10666,6365,3,2,43339,0.25,65008.5
10667,6366,40,1,1769,0.2,1415.2
10668,6366,24,1,1087,0.25,815.25
10669,6367,32,3,1197,0.05,3411.45
10670,6368,7,1,40516,0.15,34438.6
10671,6369,44,2,4283,0.05,8137.7
10672,6369,14,1,28329,0.0,28329.0
10673,6370,56,1,613,0.0,613.0
10674,6371,85,1,128,0.05,121.6
10675,6372,66,1,1256,0.1,1130.4
10676,6373,54,1,1386,0.0,1386.0
10677,6374,42,3,635,0.0,1905.0
10678,6375,81,1,413,0.05,392.35
10679,6376,44,1,4283,0.2,3426.4
10680,6376,81,1,413,0.0,413.0
10681,6377,65,1,564,0.0,564.0
10682,6377,50,1,798,0.05,758.1
10683,6378,83,1,898,0.05,853.1
10684,6378,74,1,745,0.1,670.5
10685,6379,67,1,2736,0.0,2736.0
10686,6380,78,1,768,0.0,768.0
10687,6380,43,1,865,0.0,865.0
10688,6381,9,1,37837,0.0,37837.0
10689,6382,23,1,2839,0.25,2129.25
10690,6382,86,1,441,0.1,396.9
10691,6383,72,2,3738,0.0,7476.0
10692,6383,27,1,2689,0.15,2285.65
10693,6384,17,2,2374,0.05,4510.6
10694,6384,77,1,3321,0.05,3154.95
10695,6385,64,1,302,0.2,241.6
10696,6386,36,2,1992,0.05,3784.8
10697,6386,72,2,3738,0.15,6354.6
10698,6387,6,1,41775,0.0,41775.0
10699,6388,47,2,1019,0.05,1936.1
10700,6388,29,1,2027,0.2,1621.6
10701,6389,30,3,2247,0.25,5055.75
10702,6389,9,1,37837,0.0,37837.0
10703,6389,4,1,40207,0.1,36186.3
10704,6390,4,1,40207,0.1,36186.3
10705,6391,44,2,4283,0.25,6424.5
10706,6392,28,1,1491,0.0,1491.0
10707,6393,69,1,3850,0.05,3657.5
10708,6393,16,1,22376,0.1,20138.4
10709,6394,3,1,43339,0.2,34671.2
10710,6394,78,2,768,0.05,1459.2
10711,6395,61,1,680,0.0,680.0
10712,6396,51,1,304,0.05,288.8
10713,6397,2,2,37224,0.0,74448.0
10714,6397,47,1,1019,0.0,1019.0
10715,6398,77,3,3321,0.25,7472.25
10716,6399,18,1,4367,0.25,3275.25
10717,6399,15,2,2462,0.15,4185.4
10718,6399,30,1,2247,0.25,1685.25
10719,6400,13,2,34766,0.1,62578.8
10720,6401,37,1,375,0.15,318.75
10721,6402,50,2,798,0.05,1516.2
10722,6402,76,3,4344,0.0,13032.0
10723,6402,70,1,3968,0.15,3372.8
10724,6403,9,1,37837,0.2,30269.6
10725,6404,63,2,205,0.0,410.0
10726,6405,86,1,441,0.15,374.85
10727,6405,25,1,2383,0.15,2025.55
10728,6406,72,1,3738,0.0,3738.0
10729,6407,48,1,424,0.0,424.0
10730,6407,57,1,846,0.15,719.1
10731,6407,14,2,28329,0.25,42493.5
10732,6408,64,1,302,0.05,286.9
10733,6409,38,1,1108,0.15,941.8
10734,6410,58,1,1070,0.25,802.5
10735,6410,85,2,128,0.0,256.0
10736,6411,57,1,846,0.2,676.8
10737,6412,27,2,2689,0.15,4571.3
10738,6413,77,1,3321,0.0,3321.0
10739,6413,49,1,1101,0.0,1101.0
10740,6414,12,1,44912,0.1,40420.8
10741,6415,86,1,441,0.0,441.0
10742,6416,30,1,2247,0.0,2247.0
10743,6417,47,1,1019,0.25,764.25
10744,6418,70,1,3968,0.2,3174.4
10745,6418,85,2,128,0.2,204.8
10746,6419,10,1,38149,0.0,38149.0
10747,6420,31,1,2822,0.15,2398.7
10748,6420,4,1,40207,0.25,30155.25
10749,6420,46,1,5521,0.15,4692.85
10750,6421,39,1,4515,0.1,4063.5
10751,6422,24,1,1087,0.0,1087.0
10752,6423,72,1,3738,0.0,3738.0
10753,6424,15,1,2462,0.0,2462.0
10754,6425,13,1,34766,0.05,33027.7
10755,6426,46,1,5521,0.0,5521.0
10756,6426,84,1,610,0.05,579.5
10757,6427,37,1,375,0.1,337.5
10758,6427,14,1,28329,0.0,28329.0
10759,6427,5,1,13447,0.05,12774.65
10760,6428,80,3,461,0.05,1313.85
10761,6428,32,1,1197,0.2,957.6
10762,6428,16,1,22376,0.15,19019.6
10763,6429,20,1,821,0.2,656.8
10764,6430,45,1,4158,0.0,4158.0
10765,6431,10,1,38149,0.25,28611.75
10766,6431,16,2,22376,0.1,40276.8
10767,6432,4,2,40207,0.15,68351.9
10768,6433,83,1,898,0.0,898.0
10769,6433,35,1,4996,0.0,4996.0
10770,6433,65,1,564,0.0,564.0
10771,6433,12,1,44912,0.0,44912.0
10772,6434,54,1,1386,0.0,1386.0
10773,6434,66,2,1256,0.25,1884.0
10774,6435,81,1,413,0.25,309.75
10775,6436,61,1,680,0.1,612.0
10776,6436,54,1,1386,0.15,1178.1
10777,6437,77,2,3321,0.15,5645.7
10778,6437,61,3,680,0.0,2040.0
10779,6437,42,1,635,0.0,635.0
10780,6438,26,1,546,0.15,464.1
10781,6438,49,1,1101,0.1,990.9
10782,6438,44,1,4283,0.15,3640.55
10783,6438,4,1,40207,0.05,38196.65
10784,6439,41,1,5245,0.0,5245.0
10785,6439,63,1,205,0.0,205.0
10786,6440,58,1,1070,0.1,963.0
10787,6440,43,1,865,0.05,821.75
10788,6441,23,1,2839,0.1,2555.1
10789,6442,75,1,825,0.0,825.0
10790,6443,19,2,41782,0.0,83564.0
10791,6443,73,2,556,0.0,1112.0
10792,6444,31,1,2822,0.0,2822.0
10793,6444,45,1,4158,0.25,3118.5
10794,6445,31,1,2822,0.05,2680.9
10795,6446,9,1,37837,0.0,37837.0
10796,6446,24,1,1087,0.0,1087.0
10797,6446,46,1,5521,0.15,4692.85
10798,6447,84,1,610,0.0,610.0
10799,6447,17,1,2374,0.05,2255.3
10800,6448,80,1,461,0.0,461.0
10801,6448,40,2,1769,0.1,3184.2
10802,6449,10,1,38149,0.15,32426.65
10803,6450,67,1,2736,0.0,2736.0
10804,6451,11,1,35726,0.0,35726.0
10805,6452,3,1,43339,0.25,32504.25
10806,6453,53,1,559,0.0,559.0
10807,6453,68,1,2741,0.25,2055.75
10808,6454,6,1,41775,0.0,41775.0
10809,6455,29,1,2027,0.2,1621.6
10810,6456,51,2,304,0.2,486.4
10811,6457,59,1,1172,0.1,1054.8
10812,6458,65,1,564,0.2,451.2
10813,6458,45,1,4158,0.15,3534.3
10814,6459,70,2,3968,0.25,5952.0
10815,6460,18,1,4367,0.25,3275.25
10816,6461,79,1,995,0.2,796.0
10817,6462,3,1,43339,0.2,34671.2
10818,6462,34,1,803,0.25,602.25
10819,6462,67,2,2736,0.0,5472.0
10820,6462,23,1,2839,0.15,2413.15
10821,6463,11,1,35726,0.0,35726.0
10822,6464,3,1,43339,0.25,32504.25
10823,6464,23,2,2839,0.0,5678.0
10824,6465,29,1,2027,0.1,1824.3
10825,6466,58,1,1070,0.0,1070.0
10826,6466,2,1,37224,0.2,29779.2
10827,6467,7,3,40516,0.0,121548.0
10828,6467,10,1,38149,0.0,38149.0
10829,6468,66,1,1256,0.25,942.0
10830,6468,2,2,37224,0.0,74448.0
10831,6469,20,1,821,0.1,738.9
10832,6470,5,1,13447,0.1,12102.3
10833,6471,71,1,3039,0.2,2431.2
10834,6472,46,1,5521,0.15,4692.85
10835,6472,27,2,2689,0.0,5378.0
10836,6473,42,1,635,0.05,603.25
10837,6473,66,1,1256,0.15,1067.6
10838,6474,44,2,4283,0.1,7709.4
10839,6475,9,1,37837,0.0,37837.0
10840,6475,26,1,546,0.25,409.5
10841,6476,64,3,302,0.1,815.4
10842,6477,48,1,424,0.25,318.0
10843,6478,58,1,1070,0.15,909.5
10844,6479,23,3,2839,0.0,8517.0
10845,6479,81,1,413,0.0,413.0
10846,6480,62,1,291,0.15,247.35
10847,6481,18,2,4367,0.15,7423.9
10848,6482,45,1,4158,0.1,3742.2
10849,6482,24,1,1087,0.2,869.6
10850,6483,15,1,2462,0.15,2092.7
10851,6483,64,2,302,0.05,573.8
10852,6484,42,1,635,0.2,508.0
10853,6484,18,1,4367,0.0,4367.0
10854,6485,19,1,41782,0.15,35514.7
10855,6485,45,1,4158,0.15,3534.3
10856,6486,57,1,846,0.15,719.1
10857,6487,17,3,2374,0.05,6765.9
10858,6488,19,1,41782,0.25,31336.5
10859,6489,30,2,2247,0.0,4494.0
10860,6490,10,1,38149,0.2,30519.2
10861,6491,64,1,302,0.15,256.7
10862,6492,72,1,3738,0.2,2990.4
10863,6492,53,1,559,0.25,419.25
10864,6492,66,1,1256,0.05,1193.2
10865,6493,76,2,4344,0.05,8253.6
10866,6494,58,1,1070,0.15,909.5
10867,6494,46,1,5521,0.05,5244.95
10868,6495,10,1,38149,0.05,36241.55
10869,6496,15,1,2462,0.0,2462.0
10870,6497,38,1,1108,0.0,1108.0
10871,6498,69,1,3850,0.0,3850.0
10872,6499,12,1,44912,0.05,42666.4
10873,6500,12,1,44912,0.05,42666.4
10874,6500,30,1,2247,0.0,2247.0
10875,6501,72,1,3738,0.0,3738.0
10876,6502,47,1,1019,0.0,1019.0
10877,6503,68,1,2741,0.0,2741.0
10878,6504,80,1,461,0.0,461.0
10879,6504,55,1,979,0.2,783.2
10880,6505,72,3,3738,0.05,10653.3
10881,6506,56,2,613,0.05,1164.7
10882,6507,49,2,1101,0.0,2202.0
10883,6508,1,1,9563,0.0,9563.0
10884,6509,66,3,1256,0.2,3014.4
10885,6510,5,1,13447,0.0,13447.0
10886,6510,24,1,1087,0.05,1032.65
10887,6510,54,1,1386,0.0,1386.0
10888,6510,2,1,37224,0.15,31640.4
10889,6511,59,2,1172,0.25,1758.0
10890,6512,13,1,34766,0.15,29551.1
10891,6513,77,1,3321,0.25,2490.75
10892,6513,4,2,40207,0.25,60310.5
10893,6514,19,1,41782,0.2,33425.6
10894,6515,16,1,22376,0.05,21257.2
10895,6515,14,1,28329,0.15,24079.65
10896,6515,25,2,2383,0.0,4766.0
10897,6516,7,1,40516,0.0,40516.0
10898,6517,64,2,302,0.05,573.8
10899,6518,76,1,4344,0.0,4344.0
10900,6518,49,1,1101,0.15,935.85
10901,6519,42,1,635,0.25,476.25
10902,6520,61,3,680,0.0,2040.0
10903,6520,7,1,40516,0.0,40516.0
10904,6520,22,2,1944,0.0,3888.0
10905,6521,20,1,821,0.2,656.8
10906,6521,80,1,461,0.0,461.0
10907,6521,57,1,846,0.0,846.0
10908,6521,11,1,35726,0.0,35726.0
10909,6522,81,1,413,0.0,413.0
10910,6523,10,1,38149,0.0,38149.0
10911,6524,34,1,803,0.15,682.55
10912,6524,69,2,3850,0.15,6545.0
10913,6525,9,1,37837,0.0,37837.0
10914,6526,14,1,28329,0.0,28329.0
10915,6527,25,2,2383,0.25,3574.5
10916,6528,83,2,898,0.05,1706.2
10917,6529,84,3,610,0.05,1738.5
10918,6529,85,1,128,0.25,96.0
10919,6529,7,1,40516,0.1,36464.4
10920,6530,57,1,846,0.15,719.1
10921,6531,61,1,680,0.2,544.0
10922,6531,84,1,610,0.25,457.5
10923,6532,21,1,568,0.05,539.6
10924,6532,72,1,3738,0.0,3738.0
10925,6532,58,3,1070,0.05,3049.5
10926,6533,1,1,9563,0.0,9563.0
10927,6533,59,1,1172,0.15,996.2
10928,6534,62,1,291,0.0,291.0
10929,6535,85,1,128,0.0,128.0
10930,6536,24,1,1087,0.1,978.3
10931,6536,40,1,1769,0.2,1415.2
10932,6536,82,3,541,0.1,1460.7
10933,6537,73,1,556,0.05,528.2
10934,6538,61,3,680,0.0,2040.0
10935,6539,54,1,1386,0.0,1386.0
10936,6539,81,2,413,0.0,826.0
10937,6539,77,2,3321,0.0,6642.0
10938,6540,71,3,3039,0.2,7293.6
10939,6541,31,2,2822,0.2,4515.2
10940,6541,68,1,2741,0.0,2741.0
10941,6542,1,2,9563,0.2,15300.8
10942,6543,77,2,3321,0.15,5645.7
10943,6544,55,2,979,0.05,1860.1
10944,6545,26,1,546,0.0,546.0
10945,6545,9,1,37837,0.15,32161.45
10946,6545,18,1,4367,0.0,4367.0
10947,6545,44,1,4283,0.15,3640.55
10948,6546,55,1,979,0.1,881.1
10949,6547,45,2,4158,0.25,6237.0
10950,6548,75,1,825,0.05,783.75
10951,6549,46,1,5521,0.15,4692.85
10952,6549,49,1,1101,0.0,1101.0
10953,6550,47,1,1019,0.15,866.15
10954,6550,23,1,2839,0.2,2271.2
10955,6550,14,1,28329,0.05,26912.55
10956,6551,59,1,1172,0.05,1113.4
10957,6552,83,2,898,0.2,1436.8
10958,6553,2,2,37224,0.05,70725.6
10959,6554,25,1,2383,0.05,2263.85
10960,6555,82,1,541,0.05,513.95
10961,6556,1,1,9563,0.25,7172.25
10962,6557,27,1,2689,0.25,2016.75
10963,6557,50,1,798,0.15,678.3
10964,6558,37,1,375,0.0,375.0
10965,6559,42,1,635,0.0,635.0
10966,6559,47,1,1019,0.0,1019.0
10967,6559,4,1,40207,0.1,36186.3
10968,6559,77,2,3321,0.05,6309.9
10969,6560,51,1,304,0.05,288.8
10970,6560,22,1,1944,0.0,1944.0
10971,6561,17,1,2374,0.0,2374.0
10972,6561,55,1,979,0.0,979.0
10973,6562,66,2,1256,0.25,1884.0
10974,6563,14,1,28329,0.05,26912.55
10975,6563,23,1,2839,0.0,2839.0
10976,6564,38,1,1108,0.25,831.0
10977,6564,44,1,4283,0.1,3854.7
10978,6565,14,1,28329,0.1,25496.1
10979,6565,53,2,559,0.0,1118.0
10980,6566,86,2,441,0.0,882.0
10981,6566,38,3,1108,0.05,3157.8
10982,6566,68,2,2741,0.25,4111.5
10983,6567,3,1,43339,0.2,34671.2
10984,6567,13,1,34766,0.25,26074.5
10985,6568,53,1,559,0.0,559.0
10986,6568,29,1,2027,0.0,2027.0
10987,6568,46,1,5521,0.0,5521.0
10988,6568,3,2,43339,0.0,86678.0
10989,6569,32,1,1197,0.0,1197.0
10990,6569,24,2,1087,0.05,2065.3
10991,6570,61,1,680,0.15,578.0
10992,6571,33,1,3307,0.2,2645.6
10993,6572,13,2,34766,0.05,66055.4
10994,6572,4,2,40207,0.0,80414.0
10995,6573,69,2,3850,0.2,6160.0
10996,6574,73,1,556,0.2,444.8
10997,6575,15,1,2462,0.2,1969.6
10998,6576,66,2,1256,0.0,2512.0
10999,6576,52,2,1758,0.05,3340.2
11000,6577,6,1,41775,0.0,41775.0
11001,6577,68,1,2741,0.0,2741.0
11002,6578,18,1,4367,0.2,3493.6
11003,6579,2,2,37224,0.0,74448.0
11004,6580,4,3,40207,0.0,120621.0
11005,6581,31,1,2822,0.25,2116.5
11006,6582,43,1,865,0.0,865.0
11007,6583,83,1,898,0.1,808.2
11008,6584,60,1,405,0.15,344.25
11009,6585,25,2,2383,0.0,4766.0
11010,6585,4,2,40207,0.0,80414.0
11011,6586,18,1,4367,0.1,3930.3
11012,6587,47,1,1019,0.05,968.05
11013,6587,83,2,898,0.0,1796.0
11014,6587,50,1,798,0.0,798.0
11015,6588,80,1,461,0.0,461.0
11016,6589,17,1,2374,0.0,2374.0
11017,6590,8,1,38096,0.15,32381.6
11018,6590,10,1,38149,0.0,38149.0
11019,6590,37,1,375,0.2,300.0
11020,6591,70,2,3968,0.0,7936.0
11021,6591,54,1,1386,0.2,1108.8
11022,6591,47,1,1019,0.1,917.1
11023,6591,10,2,38149,0.05,72483.1
11024,6592,70,1,3968,0.05,3769.6
11025,6592,59,2,1172,0.25,1758.0
11026,6593,76,1,4344,0.15,3692.4
11027,6594,54,3,1386,0.05,3950.1
11028,6594,29,2,2027,0.15,3445.9
11029,6595,31,1,2822,0.0,2822.0
11030,6596,12,3,44912,0.0,134736.0
11031,6597,26,2,546,0.2,873.6
11032,6597,37,1,375,0.0,375.0
11033,6597,13,1,34766,0.15,29551.1
11034,6597,41,1,5245,0.0,5245.0
11035,6598,43,1,865,0.2,692.0
11036,6598,77,3,3321,0.05,9464.85
11037,6599,59,1,1172,0.15,996.2
11038,6600,31,1,2822,0.2,2257.6
11039,6601,67,1,2736,0.0,2736.0
11040,6601,37,2,375,0.0,750.0
11041,6602,54,1,1386,0.1,1247.4
11042,6602,84,1,610,0.0,610.0
11043,6603,45,1,4158,0.0,4158.0
11044,6603,35,1,4996,0.2,3996.8
11045,6603,21,1,568,0.15,482.8
11046,6603,20,1,821,0.25,615.75
11047,6604,72,2,3738,0.0,7476.0
11048,6605,53,1,559,0.1,503.1
11049,6606,75,1,825,0.2,660.0
11050,6607,64,1,302,0.25,226.5
11051,6608,72,1,3738,0.15,3177.3
11052,6609,45,1,4158,0.05,3950.1
11053,6610,1,1,9563,0.0,9563.0
11054,6611,52,1,1758,0.05,1670.1
11055,6612,85,1,128,0.15,108.8
11056,6613,77,1,3321,0.05,3154.95
11057,6613,43,2,865,0.1,1557.0
11058,6613,40,1,1769,0.25,1326.75
11059,6614,60,2,405,0.05,769.5
11060,6614,67,1,2736,0.1,2462.4
11061,6615,7,1,40516,0.15,34438.6
11062,6616,5,1,13447,0.1,12102.3
11063,6616,52,1,1758,0.0,1758.0
11064,6616,71,1,3039,0.15,2583.15
11065,6617,76,1,4344,0.15,3692.4
11066,6617,67,1,2736,0.0,2736.0
11067,6617,43,1,865,0.25,648.75
11068,6618,68,1,2741,0.25,2055.75
11069,6618,53,1,559,0.15,475.15
11070,6619,59,1,1172,0.0,1172.0
11071,6619,19,1,41782,0.1,37603.8
11072,6620,35,1,4996,0.25,3747.0
11073,6621,53,1,559,0.0,559.0
11074,6621,6,1,41775,0.2,33420.0
11075,6621,26,1,546,0.0,546.0
11076,6622,33,3,3307,0.0,9921.0
11077,6623,32,1,1197,0.2,957.6
11078,6623,82,1,541,0.1,486.9
11079,6623,2,2,37224,0.15,63280.8
11080,6624,68,1,2741,0.0,2741.0
11081,6625,9,1,37837,0.05,35945.15
11082,6626,55,2,979,0.25,1468.5
11083,6626,66,2,1256,0.15,2135.2
11084,6627,4,2,40207,0.2,64331.2
11085,6628,50,1,798,0.1,718.2
11086,6628,47,1,1019,0.0,1019.0
11087,6629,25,1,2383,0.0,2383.0
11088,6630,24,1,1087,0.0,1087.0
11089,6630,9,1,37837,0.1,34053.3
11090,6631,56,1,613,0.0,613.0
11091,6632,45,1,4158,0.1,3742.2
11092,6633,76,1,4344,0.05,4126.8
11093,6633,4,2,40207,0.15,68351.9
11094,6634,22,1,1944,0.15,1652.4
11095,6635,46,1,5521,0.1,4968.9
11096,6635,18,2,4367,0.2,6987.2
11097,6636,68,1,2741,0.0,2741.0
11098,6636,77,1,3321,0.1,2988.9
11099,6637,22,2,1944,0.0,3888.0
11100,6638,3,1,43339,0.0,43339.0
11101,6638,6,1,41775,0.0,41775.0
11102,6638,34,1,803,0.0,803.0
11103,6639,23,2,2839,0.0,5678.0
11104,6640,27,1,2689,0.05,2554.55
11105,6640,26,1,546,0.05,518.7
11106,6640,54,1,1386,0.2,1108.8
11107,6641,44,1,4283,0.25,3212.25
11108,6641,77,1,3321,0.1,2988.9
11109,6641,74,1,745,0.15,633.25
11110,6642,86,1,441,0.05,418.95
11111,6642,20,1,821,0.25,615.75
11112,6643,9,1,37837,0.1,34053.3
11113,6643,45,2,4158,0.0,8316.0
11114,6644,22,1,1944,0.05,1846.8
11115,6645,1,1,9563,0.0,9563.0
11116,6645,78,1,768,0.25,576.0
11117,6645,2,3,37224,0.05,106088.4
11118,6645,52,1,1758,0.0,1758.0
11119,6646,18,1,4367,0.0,4367.0
11120,6647,55,1,979,0.0,979.0
11121,6647,2,2,37224,0.1,67003.2
11122,6647,10,1,38149,0.1,34334.1
11123,6648,39,1,4515,0.0,4515.0
11124,6649,30,1,2247,0.2,1797.6
11125,6650,19,1,41782,0.1,37603.8
11126,6651,26,1,546,0.0,546.0
11127,6651,3,1,43339,0.05,41172.05
11128,6651,22,1,1944,0.0,1944.0
11129,6652,62,1,291,0.25,218.25
11130,6652,19,1,41782,0.0,41782.0
11131,6652,65,2,564,0.0,1128.0
11132,6653,36,1,1992,0.15,1693.2
11133,6653,19,1,41782,0.0,41782.0
11134,6653,49,1,1101,0.0,1101.0
11135,6654,16,2,22376,0.05,42514.4
11136,6654,74,3,745,0.05,2123.25
11137,6655,38,1,1108,0.2,886.4
11138,6656,69,1,3850,0.15,3272.5
11139,6657,70,1,3968,0.1,3571.2
11140,6657,82,1,541,0.25,405.75
11141,6657,56,1,613,0.0,613.0
11142,6657,27,1,2689,0.25,2016.75
11143,6658,57,1,846,0.2,676.8
11144,6659,82,1,541,0.0,541.0
11145,6660,31,1,2822,0.2,2257.6
11146,6660,57,1,846,0.1,761.4
11147,6661,71,1,3039,0.0,3039.0
11148,6662,3,1,43339,0.25,32504.25
11149,6663,47,1,1019,0.0,1019.0
11150,6664,77,1,3321,0.2,2656.8
11151,6665,70,1,3968,0.0,3968.0
11152,6665,18,1,4367,0.05,4148.65
11153,6666,19,2,41782,0.05,79385.8
11154,6667,15,1,2462,0.0,2462.0
11155,6668,63,1,205,0.15,174.25
11156,6669,34,2,803,0.0,1606.0
11157,6670,49,1,1101,0.15,935.85
11158,6671,28,1,1491,0.0,1491.0
11159,6672,3,2,43339,0.0,86678.0
11160,6673,18,2,4367,0.1,7860.6
11161,6673,40,2,1769,0.05,3361.1
11162,6674,61,1,680,0.0,680.0
11163,6674,59,2,1172,0.1,2109.6
11164,6675,19,1,41782,0.0,41782.0
11165,6676,80,1,461,0.1,414.9
11166,6676,52,1,1758,0.0,1758.0
11167,6677,64,1,302,0.05,286.9
11168,6677,39,1,4515,0.0,4515.0
11169,6678,27,1,2689,0.15,2285.65
11170,6679,36,1,1992,0.1,1792.8
11171,6679,47,1,1019,0.25,764.25
11172,6679,41,1,5245,0.15,4458.25
11173,6680,77,1,3321,0.15,2822.85
11174,6681,86,1,441,0.0,441.0
11175,6682,70,1,3968,0.0,3968.0
11176,6683,81,1,413,0.15,351.05
11177,6684,46,1,5521,0.0,5521.0
11178,6685,8,1,38096,0.0,38096.0
11179,6685,22,1,1944,0.05,1846.8
11180,6686,65,1,564,0.1,507.6
11181,6686,82,1,541,0.15,459.85
11182,6687,57,1,846,0.0,846.0
11183,6687,68,1,2741,0.0,2741.0
11184,6688,43,1,865,0.2,692.0
11185,6688,9,2,37837,0.1,68106.6
11186,6689,3,1,43339,0.2,34671.2
11187,6690,70,1,3968,0.0,3968.0
11188,6691,33,2,3307,0.1,5952.6
11189,6692,11,1,35726,0.1,32153.4
11190,6693,66,1,1256,0.15,1067.6
11191,6693,39,1,4515,0.2,3612.0
11192,6693,6,1,41775,0.15,35508.75
11193,6694,84,1,610,0.2,488.0
11194,6695,28,1,1491,0.0,1491.0
11195,6695,3,1,43339,0.2,34671.2
11196,6695,65,1,564,0.0,564.0
11197,6696,32,2,1197,0.15,2034.9
11198,6696,59,1,1172,0.0,1172.0
11199,6696,52,1,1758,0.25,1318.5
11200,6696,29,1,2027,0.0,2027.0
11201,6697,66,2,1256,0.15,2135.2
11202,6698,82,1,541,0.0,541.0
11203,6698,34,2,803,0.0,1606.0
11204,6699,48,1,424,0.0,424.0
11205,6700,36,2,1992,0.25,2988.0
11206,6701,19,1,41782,0.1,37603.8
11207,6701,66,1,1256,0.05,1193.2
11208,6702,76,1,4344,0.0,4344.0
11209,6702,7,1,40516,0.25,30387.0
11210,6702,20,1,821,0.0,821.0
11211,6702,12,1,44912,0.1,40420.8
11212,6703,27,1,2689,0.25,2016.75
11213,6704,45,1,4158,0.0,4158.0
11214,6705,15,1,2462,0.15,2092.7
11215,6705,64,1,302,0.25,226.5
11216,6705,48,2,424,0.25,636.0
11217,6706,9,2,37837,0.2,60539.2
11218,6707,82,1,541,0.2,432.8
11219,6708,68,1,2741,0.25,2055.75
11220,6708,4,1,40207,0.2,32165.6
11221,6708,59,1,1172,0.0,1172.0
11222,6708,69,1,3850,0.25,2887.5
11223,6709,13,1,34766,0.0,34766.0
11224,6709,12,2,44912,0.15,76350.4
11225,6710,48,1,424,0.0,424.0
11226,6711,77,2,3321,0.1,5977.8
11227,6711,31,1,2822,0.15,2398.7
11228,6711,8,1,38096,0.05,36191.2
11229,6712,1,1,9563,0.0,9563.0
11230,6712,66,1,1256,0.05,1193.2
11231,6712,42,1,635,0.15,539.75
11232,6712,83,3,898,0.05,2559.3
11233,6713,52,1,1758,0.05,1670.1
11234,6713,20,2,821,0.0,1642.0
11235,6714,60,2,405,0.2,648.0
11236,6715,85,1,128,0.25,96.0
11237,6715,43,1,865,0.0,865.0
11238,6715,46,1,5521,0.0,5521.0
11239,6716,34,3,803,0.05,2288.55
11240,6717,12,3,44912,0.1,121262.4
11241,6717,2,1,37224,0.0,37224.0
11242,6717,7,1,40516,0.15,34438.6
11243,6718,62,1,291,0.1,261.9
11244,6719,67,1,2736,0.25,2052.0
11245,6719,5,1,13447,0.05,12774.65
11246,6720,82,1,541,0.1,486.9
11247,6720,49,1,1101,0.25,825.75
11248,6720,63,1,205,0.25,153.75
11249,6721,46,1,5521,0.0,5521.0
11250,6722,24,1,1087,0.0,1087.0
11251,6723,32,2,1197,0.25,1795.5
11252,6724,17,2,2374,0.0,4748.0
11253,6725,62,1,291,0.0,291.0
11254,6725,51,2,304,0.25,456.0
11255,6725,18,2,4367,0.0,8734.0
11256,6725,64,1,302,0.1,271.8
11257,6726,21,1,568,0.2,454.4
11258,6727,19,1,41782,0.1,37603.8
11259,6728,50,1,798,0.05,758.1
11260,6729,28,2,1491,0.05,2832.9
11261,6729,31,1,2822,0.05,2680.9
11262,6730,35,1,4996,0.25,3747.0
11263,6730,8,1,38096,0.15,32381.6
11264,6730,39,1,4515,0.25,3386.25
11265,6731,52,1,1758,0.15,1494.3
11266,6732,35,1,4996,0.0,4996.0
11267,6732,38,1,1108,0.05,1052.6
11268,6732,11,1,35726,0.0,35726.0
11269,6733,65,1,564,0.0,564.0
11270,6733,69,2,3850,0.1,6930.0
11271,6734,75,1,825,0.0,825.0
11272,6735,45,1,4158,0.0,4158.0
11273,6736,44,2,4283,0.05,8137.7
11274,6737,17,1,2374,0.15,2017.9
11275,6738,13,1,34766,0.25,26074.5
11276,6739,74,1,745,0.15,633.25
11277,6739,40,1,1769,0.1,1592.1
11278,6740,51,1,304,0.0,304.0
11279,6741,23,1,2839,0.05,2697.05
11280,6741,61,3,680,0.05,1938.0
11281,6742,34,1,803,0.05,762.85
11282,6742,50,1,798,0.15,678.3
11283,6743,42,1,635,0.2,508.0
11284,6744,4,1,40207,0.15,34175.95
11285,6745,15,1,2462,0.1,2215.8
11286,6746,42,2,635,0.25,952.5
11287,6746,44,3,4283,0.1,11564.1
11288,6747,81,1,413,0.25,309.75
11289,6748,28,1,1491,0.05,1416.45
11290,6748,9,1,37837,0.2,30269.6
11291,6748,20,1,821,0.0,821.0
11292,6749,41,1,5245,0.25,3933.75
11293,6749,12,1,44912,0.2,35929.6
11294,6750,67,1,2736,0.0,2736.0
11295,6751,19,1,41782,0.2,33425.6
11296,6752,20,1,821,0.1,738.9
11297,6753,15,1,2462,0.0,2462.0
11298,6753,7,2,40516,0.0,81032.0
11299,6753,85,2,128,0.05,243.2
11300,6754,7,1,40516,0.0,40516.0
11301,6754,19,1,41782,0.05,39692.9
11302,6754,34,1,803,0.1,722.7
11303,6754,71,2,3039,0.25,4558.5
11304,6755,60,1,405,0.0,405.0
11305,6755,35,1,4996,0.1,4496.4
11306,6756,53,1,559,0.2,447.2
11307,6757,35,1,4996,0.25,3747.0
11308,6757,54,2,1386,0.0,2772.0
11309,6758,26,1,546,0.2,436.8
11310,6759,66,1,1256,0.05,1193.2
11311,6760,23,1,2839,0.0,2839.0
11312,6760,34,2,803,0.1,1445.4
11313,6761,39,2,4515,0.25,6772.5
11314,6761,65,1,564,0.1,507.6
11315,6761,22,3,1944,0.05,5540.4
11316,6762,57,2,846,0.0,1692.0
11317,6763,4,1,40207,0.05,38196.65
11318,6763,56,2,613,0.25,919.5
11319,6764,64,2,302,0.0,604.0
11320,6764,43,1,865,0.0,865.0
11321,6765,53,2,559,0.0,1118.0
11322,6766,11,1,35726,0.05,33939.7
11323,6767,1,1,9563,0.1,8606.7
11324,6768,72,1,3738,0.25,2803.5
11325,6768,44,2,4283,0.2,6852.8
11326,6769,25,2,2383,0.25,3574.5
11327,6769,23,1,2839,0.25,2129.25
11328,6770,9,1,37837,0.0,37837.0
11329,6771,55,1,979,0.0,979.0
11330,6772,35,1,4996,0.25,3747.0
11331,6773,40,1,1769,0.15,1503.65
11332,6773,41,1,5245,0.0,5245.0
11333,6774,67,1,2736,0.0,2736.0
11334,6775,16,1,22376,0.15,19019.6
11335,6775,17,2,2374,0.0,4748.0
11336,6775,78,1,768,0.2,614.4
11337,6776,58,2,1070,0.0,2140.0
11338,6776,45,1,4158,0.0,4158.0
11339,6776,25,1,2383,0.0,2383.0
11340,6776,47,1,1019,0.1,917.1
11341,6777,29,1,2027,0.05,1925.65
11342,6777,86,2,441,0.15,749.7
11343,6777,7,1,40516,0.0,40516.0
11344,6778,60,2,405,0.05,769.5
11345,6778,81,3,413,0.0,1239.0
11346,6779,72,1,3738,0.0,3738.0
11347,6779,8,1,38096,0.15,32381.6
11348,6780,77,1,3321,0.0,3321.0
11349,6781,12,2,44912,0.05,85332.8
11350,6781,40,2,1769,0.2,2830.4
11351,6782,57,1,846,0.0,846.0
11352,6783,65,2,564,0.0,1128.0
11353,6784,50,1,798,0.1,718.2
11354,6784,26,1,546,0.15,464.1
11355,6785,3,2,43339,0.1,78010.2
11356,6786,81,1,413,0.1,371.7
11357,6786,72,1,3738,0.15,3177.3
11358,6786,76,1,4344,0.0,4344.0
11359,6786,84,1,610,0.15,518.5
11360,6787,47,1,1019,0.0,1019.0
11361,6788,85,1,128,0.0,128.0
11362,6789,83,2,898,0.25,1347.0
11363,6790,68,1,2741,0.0,2741.0
11364,6790,51,2,304,0.0,608.0
11365,6790,37,1,375,0.15,318.75
11366,6790,16,1,22376,0.1,20138.4
11367,6791,1,1,9563,0.05,9084.85
11368,6791,55,1,979,0.15,832.15
11369,6791,11,1,35726,0.2,28580.8
11370,6792,44,1,4283,0.0,4283.0
11371,6793,78,1,768,0.1,691.2
11372,6793,53,1,559,0.15,475.15
11373,6794,53,1,559,0.05,531.05
11374,6795,14,3,28329,0.0,84987.0
11375,6796,16,1,22376,0.05,21257.2
11376,6797,31,1,2822,0.0,2822.0
11377,6797,15,3,2462,0.2,5908.8
11378,6798,44,1,4283,0.05,4068.85
11379,6799,24,1,1087,0.0,1087.0
11380,6799,38,2,1108,0.0,2216.0
11381,6800,24,1,1087,0.2,869.6
11382,6800,77,1,3321,0.15,2822.85
11383,6801,27,1,2689,0.05,2554.55
11384,6802,31,1,2822,0.0,2822.0
11385,6802,69,1,3850,0.0,3850.0
11386,6802,78,1,768,0.0,768.0
11387,6803,41,1,5245,0.05,4982.75
11388,6804,54,1,1386,0.0,1386.0
11389,6805,79,1,995,0.15,845.75
11390,6806,33,1,3307,0.2,2645.6
11391,6806,12,1,44912,0.25,33684.0
11392,6806,8,1,38096,0.2,30476.8
11393,6806,68,1,2741,0.0,2741.0
11394,6807,62,1,291,0.0,291.0
11395,6807,47,2,1019,0.05,1936.1
11396,6808,47,2,1019,0.05,1936.1
11397,6809,16,1,22376,0.2,17900.8
11398,6810,52,1,1758,0.15,1494.3
11399,6810,51,2,304,0.05,577.6
11400,6811,47,1,1019,0.0,1019.0
11401,6811,42,1,635,0.25,476.25
11402,6812,45,2,4158,0.2,6652.8
11403,6812,54,1,1386,0.0,1386.0
11404,6812,16,1,22376,0.1,20138.4
11405,6813,41,1,5245,0.1,4720.5
11406,6813,16,1,22376,0.0,22376.0
11407,6814,18,1,4367,0.15,3711.95
11408,6814,7,1,40516,0.0,40516.0
11409,6815,62,1,291,0.2,232.8
11410,6816,75,1,825,0.2,660.0
11411,6816,14,2,28329,0.2,45326.4
11412,6817,76,1,4344,0.05,4126.8
11413,6817,50,1,798,0.2,638.4
11414,6818,9,1,37837,0.0,37837.0
11415,6819,66,1,1256,0.2,1004.8
11416,6820,85,2,128,0.1,230.4
11417,6821,64,1,302,0.25,226.5
11418,6821,52,1,1758,0.0,1758.0
11419,6822,68,1,2741,0.0,2741.0
11420,6823,30,1,2247,0.05,2134.65
11421,6824,60,1,405,0.0,405.0
11422,6824,10,1,38149,0.0,38149.0
11423,6825,86,1,441,0.0,441.0
11424,6825,21,1,568,0.2,454.4
11425,6826,2,1,37224,0.15,31640.4
11426,6827,86,3,441,0.0,1323.0
11427,6827,58,2,1070,0.0,2140.0
11428,6827,9,1,37837,0.2,30269.6
11429,6827,31,1,2822,0.2,2257.6
11430,6828,75,3,825,0.0,2475.0
11431,6829,12,1,44912,0.1,40420.8
11432,6830,42,2,635,0.0,1270.0
11433,6831,46,1,5521,0.05,5244.95
11434,6831,8,1,38096,0.15,32381.6
11435,6832,37,1,375,0.2,300.0
11436,6832,61,2,680,0.0,1360.0
11437,6833,10,1,38149,0.1,34334.1
11438,6834,3,1,43339,0.0,43339.0
11439,6835,16,1,22376,0.0,22376.0
11440,6835,1,1,9563,0.25,7172.25
11441,6836,19,2,41782,0.05,79385.8
11442,6837,51,1,304,0.0,304.0
11443,6837,29,3,2027,0.1,5472.9
11444,6838,30,2,2247,0.0,4494.0
11445,6839,69,1,3850,0.25,2887.5
11446,6839,25,1,2383,0.0,2383.0
11447,6840,27,1,2689,0.25,2016.75
11448,6841,42,1,635,0.0,635.0
11449,6841,6,1,41775,0.0,41775.0
11450,6841,39,1,4515,0.2,3612.0
11451,6841,13,1,34766,0.15,29551.1
11452,6842,81,1,413,0.0,413.0
11453,6843,53,1,559,0.05,531.05
11454,6843,51,1,304,0.25,228.0
11455,6844,79,1,995,0.0,995.0
11456,6844,33,2,3307,0.0,6614.0
11457,6844,41,1,5245,0.05,4982.75
11458,6844,8,1,38096,0.15,32381.6
11459,6845,83,1,898,0.0,898.0
11460,6845,76,1,4344,0.1,3909.6
11461,6845,20,1,821,0.2,656.8
11462,6846,78,1,768,0.25,576.0
11463,6847,49,1,1101,0.2,880.8
11464,6847,12,1,44912,0.0,44912.0
11465,6847,20,2,821,0.1,1477.8
11466,6848,70,2,3968,0.0,7936.0
11467,6848,27,1,2689,0.0,2689.0
11468,6849,2,1,37224,0.25,27918.0
11469,6850,13,1,34766,0.1,31289.4
11470,6850,7,2,40516,0.0,81032.0
11471,6851,32,2,1197,0.05,2274.3
11472,6852,27,1,2689,0.25,2016.75
11473,6852,78,1,768,0.2,614.4
11474,6852,37,1,375,0.15,318.75
11475,6853,51,1,304,0.05,288.8
11476,6853,18,2,4367,0.0,8734.0
11477,6854,66,1,1256,0.0,1256.0
11478,6855,56,1,613,0.15,521.05
11479,6855,14,1,28329,0.0,28329.0
11480,6856,67,1,2736,0.25,2052.0
11481,6857,6,1,41775,0.25,31331.25
11482,6858,48,1,424,0.0,424.0
11483,6858,52,2,1758,0.0,3516.0
11484,6859,61,1,680,0.2,544.0
11485,6859,31,1,2822,0.0,2822.0
11486,6860,57,1,846,0.0,846.0
11487,6860,43,2,865,0.05,1643.5
11488,6861,82,2,541,0.0,1082.0
11489,6861,13,1,34766,0.0,34766.0
11490,6862,85,3,128,0.0,384.0
11491,6863,48,1,424,0.0,424.0
11492,6864,84,1,610,0.1,549.0
11493,6864,26,2,546,0.15,928.2
11494,6864,44,2,4283,0.15,7281.1
11495,6865,78,1,768,0.1,691.2
11496,6865,23,1,2839,0.0,2839.0
11497,6866,25,1,2383,0.0,2383.0
11498,6866,35,1,4996,0.25,3747.0
11499,6867,64,3,302,0.2,724.8
11500,6867,52,1,1758,0.1,1582.2
11501,6867,53,1,559,0.1,503.1
11502,6868,41,1,5245,0.1,4720.5
11503,6869,69,1,3850,0.2,3080.0
11504,6870,15,1,2462,0.05,2338.9
11505,6871,16,1,22376,0.15,19019.6
11506,6871,36,1,1992,0.0,1992.0
11507,6871,52,1,1758,0.0,1758.0
11508,6872,59,1,1172,0.1,1054.8
11509,6873,28,1,1491,0.0,1491.0
11510,6874,20,1,821,0.1,738.9
11511,6874,74,1,745,0.0,745.0
11512,6875,84,1,610,0.2,488.0
11513,6876,30,3,2247,0.05,6403.95
11514,6877,72,1,3738,0.0,3738.0
11515,6877,17,1,2374,0.15,2017.9
11516,6877,13,1,34766,0.2,27812.8
11517,6878,18,2,4367,0.2,6987.2
11518,6878,48,2,424,0.0,848.0
11519,6878,25,1,2383,0.2,1906.4
11520,6879,63,1,205,0.25,153.75
11521,6880,26,1,546,0.15,464.1
11522,6881,11,1,35726,0.0,35726.0
11523,6882,63,1,205,0.15,174.25
11524,6882,46,2,5521,0.0,11042.0
11525,6883,80,1,461,0.25,345.75
11526,6883,41,3,5245,0.0,15735.0
11527,6884,70,1,3968,0.25,2976.0
11528,6884,14,2,28329,0.05,53825.1
11529,6885,67,1,2736,0.2,2188.8
11530,6886,33,1,3307,0.0,3307.0
11531,6887,49,2,1101,0.15,1871.7
11532,6887,55,1,979,0.2,783.2
11533,6888,51,1,304,0.0,304.0
11534,6889,5,3,13447,0.25,30255.75
11535,6890,64,1,302,0.1,271.8
11536,6890,9,1,37837,0.25,28377.75
11537,6891,30,1,2247,0.05,2134.65
11538,6891,5,1,13447,0.25,10085.25
11539,6891,37,1,375,0.0,375.0
11540,6892,38,1,1108,0.15,941.8
11541,6892,60,1,405,0.0,405.0
11542,6893,39,1,4515,0.0,4515.0
11543,6893,84,1,610,0.0,610.0
11544,6894,39,2,4515,0.2,7224.0
11545,6894,25,1,2383,0.0,2383.0
11546,6895,53,2,559,0.0,1118.0
11547,6895,24,1,1087,0.0,1087.0
11548,6896,11,1,35726,0.05,33939.7
11549,6897,65,1,564,0.1,507.6
11550,6898,27,1,2689,0.0,2689.0
11551,6898,18,1,4367,0.0,4367.0
11552,6899,29,1,2027,0.0,2027.0
11553,6900,56,1,613,0.0,613.0
11554,6900,31,1,2822,0.1,2539.8
11555,6900,46,1,5521,0.05,5244.95
11556,6901,86,1,441,0.0,441.0
11557,6902,6,1,41775,0.0,41775.0
11558,6903,68,1,2741,0.0,2741.0
11559,6903,49,1,1101,0.0,1101.0
11560,6904,32,1,1197,0.2,957.6
11561,6905,14,1,28329,0.2,22663.2
11562,6906,14,1,28329,0.25,21246.75
11563,6907,81,1,413,0.0,413.0
11564,6908,56,1,613,0.25,459.75
11565,6909,2,2,37224,0.1,67003.2
11566,6910,24,1,1087,0.15,923.95
11567,6911,54,1,1386,0.2,1108.8
11568,6911,17,1,2374,0.0,2374.0
11569,6912,60,1,405,0.15,344.25
11570,6912,70,1,3968,0.1,3571.2
11571,6913,86,1,441,0.25,330.75
11572,6913,54,1,1386,0.0,1386.0
11573,6914,14,1,28329,0.0,28329.0
11574,6915,13,2,34766,0.0,69532.0
11575,6916,6,1,41775,0.0,41775.0
11576,6917,2,1,37224,0.25,27918.0
11577,6918,75,2,825,0.0,1650.0
11578,6918,9,1,37837,0.2,30269.6
11579,6919,54,2,1386,0.0,2772.0
11580,6919,46,1,5521,0.15,4692.85
11581,6919,23,1,2839,0.0,2839.0
11582,6920,15,1,2462,0.0,2462.0
11583,6921,68,1,2741,0.0,2741.0
11584,6922,77,1,3321,0.15,2822.85
11585,6922,49,1,1101,0.15,935.85
11586,6922,5,1,13447,0.1,12102.3
11587,6923,54,1,1386,0.15,1178.1
11588,6923,38,1,1108,0.0,1108.0
11589,6923,6,1,41775,0.0,41775.0
11590,6924,84,1,610,0.25,457.5
11591,6924,28,1,1491,0.0,1491.0
11592,6924,64,2,302,0.0,604.0
11593,6925,31,1,2822,0.15,2398.7
11594,6926,42,3,635,0.2,1524.0
11595,6927,10,1,38149,0.0,38149.0
11596,6927,3,2,43339,0.05,82344.1
11597,6928,34,1,803,0.0,803.0
11598,6929,42,1,635,0.0,635.0
11599,6930,78,1,768,0.15,652.8
11600,6931,12,1,44912,0.0,44912.0
11601,6931,7,2,40516,0.0,81032.0
11602,6932,15,1,2462,0.0,2462.0
11603,6932,85,1,128,0.0,128.0
11604,6933,4,1,40207,0.2,32165.6
11605,6933,66,1,1256,0.0,1256.0
11606,6934,14,1,28329,0.1,25496.1
11607,6935,12,1,44912,0.15,38175.2
11608,6935,32,1,1197,0.1,1077.3
11609,6935,3,1,43339,0.0,43339.0
11610,6935,34,1,803,0.1,722.7
11611,6936,80,1,461,0.0,461.0
11612,6936,26,1,546,0.2,436.8
11613,6936,34,1,803,0.15,682.55
11614,6937,51,1,304,0.0,304.0
11615,6937,83,1,898,0.0,898.0
11616,6937,78,1,768,0.25,576.0
11617,6937,6,2,41775,0.05,79372.5
11618,6938,22,2,1944,0.15,3304.8
11619,6939,21,1,568,0.0,568.0
11620,6940,56,1,613,0.25,459.75
11621,6941,35,1,4996,0.1,4496.4
11622,6942,54,1,1386,0.25,1039.5
11623,6942,51,1,304,0.1,273.6
11624,6943,35,2,4996,0.2,7993.6
11625,6944,19,1,41782,0.0,41782.0
11626,6944,33,1,3307,0.2,2645.6
11627,6945,34,1,803,0.15,682.55
11628,6945,86,2,441,0.25,661.5
11629,6945,27,1,2689,0.1,2420.1
11630,6946,53,1,559,0.25,419.25
11631,6947,59,1,1172,0.15,996.2
11632,6947,47,1,1019,0.1,917.1
11633,6948,30,1,2247,0.2,1797.6
11634,6949,25,1,2383,0.0,2383.0
11635,6950,44,3,4283,0.0,12849.0
11636,6951,85,1,128,0.2,102.4
11637,6952,22,1,1944,0.0,1944.0
11638,6952,43,1,865,0.0,865.0
11639,6953,37,1,375,0.0,375.0
11640,6953,76,1,4344,0.25,3258.0
11641,6953,81,2,413,0.05,784.7
11642,6954,53,1,559,0.25,419.25
11643,6954,33,1,3307,0.15,2810.95
11644,6955,43,1,865,0.0,865.0
11645,6955,48,1,424,0.0,424.0
11646,6955,31,3,2822,0.0,8466.0
11647,6956,7,1,40516,0.0,40516.0
11648,6956,11,1,35726,0.15,30367.1
11649,6956,39,2,4515,0.15,7675.5
11650,6957,77,1,3321,0.25,2490.75
11651,6958,31,1,2822,0.0,2822.0
11652,6959,38,1,1108,0.0,1108.0
11653,6959,65,1,564,0.0,564.0
11654,6960,26,3,546,0.0,1638.0
11655,6960,16,2,22376,0.0,44752.0
11656,6961,56,1,613,0.2,490.4
11657,6962,56,1,613,0.2,490.4
11658,6963,70,2,3968,0.0,7936.0
11659,6964,65,1,564,0.0,564.0
11660,6964,46,2,5521,0.25,8281.5
11661,6965,55,2,979,0.0,1958.0
11662,6966,41,1,5245,0.15,4458.25
11663,6967,76,1,4344,0.2,3475.2
11664,6967,73,1,556,0.0,556.0
11665,6967,15,2,2462,0.15,4185.4
11666,6967,43,1,865,0.05,821.75
11667,6968,47,1,1019,0.25,764.25
11668,6969,47,1,1019,0.0,1019.0
11669,6969,54,1,1386,0.0,1386.0
11670,6969,72,1,3738,0.1,3364.2
11671,6970,86,2,441,0.05,837.9
11672,6971,26,1,546,0.0,546.0
11673,6972,80,1,461,0.15,391.85
11674,6973,11,1,35726,0.15,30367.1
11675,6974,26,1,546,0.0,546.0
11676,6975,21,1,568,0.0,568.0
11677,6976,53,1,559,0.15,475.15
11678,6977,54,1,1386,0.0,1386.0
11679,6977,50,1,798,0.05,758.1
11680,6978,76,2,4344,0.1,7819.2
11681,6979,76,1,4344,0.0,4344.0
11682,6979,83,1,898,0.0,898.0
11683,6979,58,1,1070,0.1,963.0
11684,6979,50,1,798,0.2,638.4
11685,6980,9,1,37837,0.0,37837.0
11686,6981,35,2,4996,0.0,9992.0
11687,6982,8,1,38096,0.1,34286.4
11688,6983,83,1,898,0.0,898.0
11689,6983,48,1,424,0.0,424.0
11690,6984,75,1,825,0.0,825.0
11691,6984,50,1,798,0.1,718.2
11692,6984,5,1,13447,0.0,13447.0
11693,6985,31,1,2822,0.1,2539.8
11694,6986,51,1,304,0.0,304.0
11695,6987,82,1,541,0.1,486.9
11696,6987,20,1,821,0.1,738.9
11697,6988,31,2,2822,0.0,5644.0
11698,6988,69,2,3850,0.1,6930.0
11699,6989,46,1,5521,0.25,4140.75
11700,6990,43,1,865,0.0,865.0
11701,6991,9,2,37837,0.0,75674.0
11702,6992,61,1,680,0.1,612.0
11703,6993,32,1,1197,0.2,957.6
11704,6993,73,1,556,0.15,472.6
11705,6994,85,1,128,0.0,128.0
11706,6994,20,1,821,0.2,656.8
11707,6995,84,1,610,0.15,518.5
11708,6995,18,1,4367,0.1,3930.3
11709,6996,36,2,1992,0.0,3984.0
11710,6996,56,1,613,0.0,613.0
11711,6996,5,2,13447,0.0,26894.0
11712,6997,40,1,1769,0.05,1680.55
11713,6998,22,1,1944,0.05,1846.8
11714,6999,23,3,2839,0.0,8517.0
11715,6999,22,1,1944,0.0,1944.0
11716,6999,21,1,568,0.1,511.2
11717,7000,40,1,1769,0.1,1592.1
11718,7000,85,1,128,0.1,115.2
11719,7001,24,1,1087,0.0,1087.0
11720,7002,25,1,2383,0.0,2383.0
11721,7003,84,1,610,0.25,457.5
11722,7004,77,1,3321,0.2,2656.8
11723,7005,57,1,846,0.0,846.0
11724,7006,33,1,3307,0.15,2810.95
11725,7007,26,3,546,0.0,1638.0
11726,7007,41,1,5245,0.0,5245.0
11727,7007,10,1,38149,0.0,38149.0
11728,7008,71,3,3039,0.0,9117.0
11729,7008,76,1,4344,0.05,4126.8
11730,7008,8,1,38096,0.0,38096.0
11731,7009,35,1,4996,0.1,4496.4
11732,7010,61,1,680,0.05,646.0
11733,7010,8,2,38096,0.05,72382.4
11734,7011,59,1,1172,0.05,1113.4
11735,7011,18,1,4367,0.0,4367.0
11736,7012,63,1,205,0.25,153.75
11737,7013,68,1,2741,0.2,2192.8
11738,7014,20,3,821,0.05,2339.85
11739,7014,9,1,37837,0.0,37837.0
11740,7014,68,1,2741,0.25,2055.75
11741,7015,9,1,37837,0.0,37837.0
11742,7015,31,2,2822,0.25,4233.0
11743,7015,73,2,556,0.25,834.0
11744,7015,10,1,38149,0.0,38149.0
11745,7016,39,1,4515,0.0,4515.0
11746,7016,67,1,2736,0.15,2325.6
11747,7017,67,1,2736,0.2,2188.8
11748,7017,33,2,3307,0.0,6614.0
11749,7018,76,1,4344,0.25,3258.0
11750,7019,14,1,28329,0.2,22663.2
11751,7020,71,2,3039,0.0,6078.0
11752,7020,15,2,2462,0.0,4924.0
11753,7021,41,2,5245,0.0,10490.0
11754,7022,9,1,37837,0.05,35945.15
11755,7022,75,1,825,0.2,660.0
11756,7022,58,1,1070,0.0,1070.0
11757,7022,27,1,2689,0.25,2016.75
11758,7023,34,1,803,0.15,682.55
11759,7024,22,1,1944,0.25,1458.0
11760,7025,22,1,1944,0.1,1749.6
11761,7025,80,2,461,0.0,922.0
11762,7025,51,1,304,0.05,288.8
11763,7025,13,3,34766,0.0,104298.0
11764,7026,49,1,1101,0.0,1101.0
11765,7027,1,1,9563,0.0,9563.0
11766,7027,69,2,3850,0.2,6160.0
11767,7028,46,3,5521,0.2,13250.4
11768,7028,22,1,1944,0.2,1555.2
11769,7028,84,1,610,0.25,457.5
11770,7029,42,1,635,0.05,603.25
11771,7030,73,1,556,0.0,556.0
11772,7031,2,1,37224,0.0,37224.0
11773,7032,74,1,745,0.0,745.0
11774,7033,43,1,865,0.05,821.75
11775,7034,62,2,291,0.0,582.0
11776,7035,51,2,304,0.0,608.0
11777,7036,43,1,865,0.05,821.75
11778,7036,47,2,1019,0.2,1630.4
11779,7037,11,1,35726,0.15,30367.1
11780,7038,59,2,1172,0.15,1992.4
11781,7038,61,1,680,0.2,544.0
11782,7039,40,1,1769,0.0,1769.0
11783,7039,11,1,35726,0.0,35726.0
11784,7039,61,1,680,0.0,680.0
11785,7040,58,1,1070,0.0,1070.0
11786,7041,46,1,5521,0.0,5521.0
11787,7041,17,1,2374,0.0,2374.0
11788,7041,75,1,825,0.05,783.75
11789,7041,70,1,3968,0.2,3174.4
11790,7042,23,2,2839,0.15,4826.3
11791,7042,41,1,5245,0.1,4720.5
11792,7042,63,1,205,0.0,205.0
11793,7043,80,1,461,0.1,414.9
11794,7044,61,1,680,0.2,544.0
11795,7044,8,2,38096,0.25,57144.0
11796,7045,40,2,1769,0.1,3184.2
11797,7046,35,1,4996,0.15,4246.6
11798,7047,74,1,745,0.25,558.75
11799,7048,26,1,546,0.2,436.8
11800,7049,78,1,768,0.0,768.0
11801,7050,21,1,568,0.05,539.6
11802,7050,60,2,405,0.05,769.5
11803,7051,72,2,3738,0.25,5607.0
11804,7051,27,2,2689,0.0,5378.0
11805,7052,38,2,1108,0.25,1662.0
11806,7052,39,1,4515,0.0,4515.0
11807,7052,51,1,304,0.25,228.0
11808,7053,1,2,9563,0.15,16257.1
11809,7053,60,1,405,0.25,303.75
11810,7054,70,1,3968,0.0,3968.0
11811,7055,66,1,1256,0.15,1067.6
11812,7056,15,1,2462,0.05,2338.9
11813,7057,36,1,1992,0.15,1693.2
11814,7058,64,1,302,0.2,241.6
11815,7058,77,1,3321,0.0,3321.0
11816,7059,18,1,4367,0.05,4148.65
11817,7059,7,1,40516,0.1,36464.4
11818,7059,85,1,128,0.1,115.2
11819,7060,1,1,9563,0.0,9563.0
11820,7061,17,1,2374,0.25,1780.5
11821,7061,52,1,1758,0.0,1758.0
11822,7061,40,2,1769,0.0,3538.0
11823,7062,42,3,635,0.0,1905.0
11824,7062,30,1,2247,0.05,2134.65
11825,7062,21,2,568,0.0,1136.0
11826,7063,18,2,4367,0.0,8734.0
11827,7063,79,1,995,0.0,995.0
11828,7064,16,2,22376,0.25,33564.0
11829,7065,18,1,4367,0.25,3275.25
11830,7066,22,1,1944,0.25,1458.0
11831,7067,21,1,568,0.15,482.8
11832,7068,78,2,768,0.0,1536.0
11833,7069,7,2,40516,0.1,72928.8
11834,7070,40,1,1769,0.05,1680.55
11835,7071,2,1,37224,0.0,37224.0
11836,7072,42,1,635,0.1,571.5
11837,7073,74,2,745,0.0,1490.0
11838,7073,34,1,803,0.25,602.25
11839,7074,76,1,4344,0.0,4344.0
11840,7075,43,1,865,0.0,865.0
11841,7075,7,1,40516,0.15,34438.6
11842,7075,34,1,803,0.1,722.7
11843,7076,74,1,745,0.25,558.75
11844,7077,10,1,38149,0.25,28611.75
11845,7077,59,1,1172,0.2,937.6
11846,7078,54,1,1386,0.0,1386.0
11847,7079,55,2,979,0.2,1566.4
11848,7079,72,1,3738,0.15,3177.3
11849,7079,49,1,1101,0.2,880.8
11850,7080,42,2,635,0.15,1079.5
11851,7081,20,1,821,0.1,738.9
11852,7082,71,1,3039,0.0,3039.0
11853,7083,3,1,43339,0.15,36838.15
11854,7083,29,1,2027,0.0,2027.0
11855,7084,68,1,2741,0.0,2741.0
11856,7085,56,1,613,0.15,521.05
11857,7086,57,1,846,0.0,846.0
11858,7087,81,1,413,0.15,351.05
11859,7087,75,1,825,0.0,825.0
11860,7088,26,1,546,0.0,546.0
11861,7089,67,1,2736,0.05,2599.2
11862,7089,83,1,898,0.25,673.5
11863,7090,65,1,564,0.15,479.4
11864,7091,12,1,44912,0.0,44912.0
11865,7091,32,1,1197,0.15,1017.45
11866,7092,34,1,803,0.2,642.4
11867,7093,15,1,2462,0.1,2215.8
11868,7094,13,1,34766,0.0,34766.0
11869,7094,55,1,979,0.15,832.15
11870,7094,74,1,745,0.25,558.75
11871,7095,13,1,34766,0.0,34766.0
11872,7096,84,1,610,0.15,518.5
11873,7096,30,2,2247,0.0,4494.0
11874,7096,51,1,304,0.05,288.8
11875,7097,46,1,5521,0.0,5521.0
11876,7098,7,1,40516,0.0,40516.0
11877,7099,34,1,803,0.2,642.4
11878,7100,7,1,40516,0.0,40516.0
11879,7101,42,1,635,0.0,635.0
11880,7102,67,1,2736,0.2,2188.8
11881,7102,81,1,413,0.0,413.0
11882,7103,73,1,556,0.2,444.8
11883,7104,69,1,3850,0.0,3850.0
11884,7105,43,1,865,0.0,865.0
11885,7106,56,1,613,0.0,613.0
11886,7107,48,1,424,0.0,424.0
11887,7108,29,3,2027,0.15,5168.85
11888,7108,22,1,1944,0.1,1749.6
11889,7108,11,1,35726,0.0,35726.0
11890,7108,83,1,898,0.05,853.1
11891,7109,80,1,461,0.1,414.9
11892,7109,41,1,5245,0.25,3933.75
11893,7110,14,1,28329,0.2,22663.2
11894,7110,39,1,4515,0.0,4515.0
11895,7110,75,1,825,0.0,825.0
11896,7111,36,1,1992,0.0,1992.0
11897,7112,80,2,461,0.2,737.6
11898,7112,60,1,405,0.0,405.0
11899,7113,3,1,43339,0.0,43339.0
11900,7114,47,1,1019,0.0,1019.0
11901,7115,25,2,2383,0.0,4766.0
11902,7116,29,1,2027,0.0,2027.0
11903,7117,1,1,9563,0.1,8606.7
11904,7118,60,1,405,0.0,405.0
11905,7118,53,1,559,0.25,419.25
11906,7119,19,1,41782,0.0,41782.0
11907,7119,65,1,564,0.05,535.8
11908,7120,57,2,846,0.15,1438.2
11909,7121,59,1,1172,0.0,1172.0
11910,7121,36,1,1992,0.05,1892.4
11911,7122,67,1,2736,0.0,2736.0
11912,7122,41,1,5245,0.0,5245.0
11913,7123,27,2,2689,0.15,4571.3
11914,7124,52,1,1758,0.2,1406.4
11915,7125,16,1,22376,0.0,22376.0
11916,7125,45,2,4158,0.05,7900.2
11917,7126,33,1,3307,0.0,3307.0
11918,7127,7,1,40516,0.05,38490.2
11919,7128,49,1,1101,0.1,990.9
11920,7129,8,1,38096,0.05,36191.2
11921,7129,66,2,1256,0.25,1884.0
11922,7129,77,1,3321,0.0,3321.0
11923,7129,43,1,865,0.05,821.75
11924,7130,81,1,413,0.1,371.7
11925,7130,8,2,38096,0.0,76192.0
11926,7131,60,1,405,0.2,324.0
11927,7132,48,1,424,0.25,318.0
11928,7132,12,1,44912,0.05,42666.4
11929,7133,45,1,4158,0.0,4158.0
11930,7133,86,1,441,0.2,352.8
11931,7133,12,1,44912,0.05,42666.4
11932,7134,58,1,1070,0.05,1016.5
11933,7135,82,1,541,0.25,405.75
11934,7135,18,1,4367,0.25,3275.25
11935,7135,40,1,1769,0.25,1326.75
11936,7135,26,1,546,0.0,546.0
11937,7136,34,2,803,0.15,1365.1
11938,7136,76,2,4344,0.05,8253.6
11939,7137,41,1,5245,0.05,4982.75
11940,7138,68,1,2741,0.0,2741.0
11941,7139,68,1,2741,0.0,2741.0
11942,7140,69,2,3850,0.25,5775.0
11943,7141,4,1,40207,0.25,30155.25
11944,7142,42,1,635,0.0,635.0
11945,7142,62,1,291,0.05,276.45
11946,7142,80,1,461,0.0,461.0
11947,7143,45,1,4158,0.2,3326.4
11948,7144,2,1,37224,0.25,27918.0
11949,7144,43,1,865,0.1,778.5
11950,7145,83,1,898,0.0,898.0
11951,7146,35,2,4996,0.0,9992.0
11952,7146,33,1,3307,0.2,2645.6
11953,7147,48,1,424,0.05,402.8
11954,7147,11,1,35726,0.0,35726.0
11955,7147,10,1,38149,0.25,28611.75
11956,7148,53,2,559,0.15,950.3
11957,7149,49,2,1101,0.2,1761.6
11958,7150,49,1,1101,0.15,935.85
11959,7151,62,1,291,0.05,276.45
11960,7151,20,2,821,0.25,1231.5
11961,7152,68,1,2741,0.1,2466.9
11962,7152,74,1,745,0.0,745.0
11963,7153,25,1,2383,0.2,1906.4
11964,7154,6,2,41775,0.05,79372.5
11965,7154,66,1,1256,0.0,1256.0
11966,7154,14,3,28329,0.0,84987.0
11967,7154,80,3,461,0.25,1037.25
11968,7155,6,1,41775,0.15,35508.75
11969,7155,74,2,745,0.0,1490.0
11970,7155,48,1,424,0.2,339.2
11971,7156,30,1,2247,0.2,1797.6
11972,7157,55,1,979,0.15,832.15
11973,7157,22,1,1944,0.0,1944.0
11974,7158,71,1,3039,0.25,2279.25
11975,7159,25,1,2383,0.0,2383.0
11976,7160,12,1,44912,0.1,40420.8
11977,7161,13,1,34766,0.05,33027.7
11978,7162,81,1,413,0.0,413.0
11979,7163,80,1,461,0.25,345.75
11980,7163,23,1,2839,0.0,2839.0
11981,7164,77,1,3321,0.1,2988.9
11982,7165,41,1,5245,0.0,5245.0
11983,7166,81,1,413,0.1,371.7
11984,7167,43,1,865,0.0,865.0
11985,7168,4,1,40207,0.0,40207.0
11986,7168,32,3,1197,0.2,2872.8
11987,7168,76,1,4344,0.05,4126.8
11988,7168,66,1,1256,0.0,1256.0
11989,7169,63,1,205,0.1,184.5
11990,7169,18,1,4367,0.15,3711.95
11991,7169,86,2,441,0.0,882.0
11992,7170,44,2,4283,0.15,7281.1
11993,7171,1,1,9563,0.0,9563.0
11994,7171,11,1,35726,0.2,28580.8
11995,7172,4,1,40207,0.0,40207.0
11996,7173,66,1,1256,0.05,1193.2
11997,7174,37,2,375,0.25,562.5
11998,7174,83,1,898,0.25,673.5
11999,7175,4,1,40207,0.05,38196.65
12000,7175,49,2,1101,0.1,1981.8
12001,7175,26,1,546,0.15,464.1
12002,7175,43,1,865,0.05,821.75
12003,7176,78,1,768,0.1,691.2
12004,7176,53,1,559,0.1,503.1
12005,7176,84,1,610,0.25,457.5
12006,7177,14,1,28329,0.1,25496.1
12007,7178,40,2,1769,0.2,2830.4
12008,7179,24,1,1087,0.0,1087.0
12009,7180,14,3,28329,0.15,72238.95
12010,7181,82,3,541,0.2,1298.4
12011,7182,51,1,304,0.25,228.0
12012,7182,49,2,1101,0.0,2202.0
12013,7183,25,2,2383,0.15,4051.1
12014,7183,71,1,3039,0.0,3039.0
12015,7183,18,1,4367,0.2,3493.6
12016,7184,56,1,613,0.2,490.4
12017,7185,5,2,13447,0.0,26894.0
12018,7185,43,1,865,0.05,821.75
12019,7186,57,1,846,0.0,846.0
12020,7187,36,1,1992,0.05,1892.4
12021,7188,62,3,291,0.05,829.35
12022,7189,17,1,2374,0.05,2255.3
12023,7190,20,2,821,0.15,1395.7
12024,7190,65,2,564,0.0,1128.0
12025,7191,53,2,559,0.25,838.5
12026,7191,14,1,28329,0.0,28329.0
12027,7191,70,1,3968,0.0,3968.0
12028,7192,12,1,44912,0.1,40420.8
12029,7192,77,1,3321,0.15,2822.85
12030,7192,46,1,5521,0.0,5521.0
12031,7193,43,2,865,0.0,1730.0
12032,7193,30,1,2247,0.05,2134.65
12033,7193,20,2,821,0.15,1395.7
12034,7193,2,2,37224,0.1,67003.2
12035,7194,56,1,613,0.1,551.7
12036,7195,3,1,43339,0.0,43339.0
12037,7196,50,1,798,0.0,798.0
12038,7197,46,1,5521,0.0,5521.0
12039,7197,36,1,1992,0.05,1892.4
12040,7197,37,2,375,0.0,750.0
12041,7198,6,3,41775,0.15,106526.25
12042,7199,12,1,44912,0.25,33684.0
12043,7200,10,1,38149,0.2,30519.2
12044,7201,8,2,38096,0.25,57144.0
12045,7201,16,1,22376,0.0,22376.0
12046,7201,34,2,803,0.15,1365.1
12047,7202,17,3,2374,0.0,7122.0
12048,7203,10,1,38149,0.1,34334.1
12049,7204,49,1,1101,0.1,990.9
12050,7205,42,1,635,0.0,635.0
12051,7206,34,3,803,0.0,2409.0
12052,7207,23,1,2839,0.05,2697.05
12053,7207,31,1,2822,0.2,2257.6
12054,7208,30,1,2247,0.05,2134.65
12055,7208,71,1,3039,0.2,2431.2
12056,7209,56,1,613,0.2,490.4
12057,7210,25,1,2383,0.2,1906.4
12058,7210,6,1,41775,0.25,31331.25
12059,7211,13,1,34766,0.0,34766.0
12060,7212,2,1,37224,0.2,29779.2
12061,7213,8,2,38096,0.1,68572.8
12062,7213,53,1,559,0.1,503.1
12063,7214,77,1,3321,0.25,2490.75
12064,7214,70,1,3968,0.2,3174.4
12065,7215,20,1,821,0.15,697.85
12066,7215,22,1,1944,0.0,1944.0
12067,7216,56,1,613,0.25,459.75
12068,7216,21,1,568,0.0,568.0
12069,7216,4,1,40207,0.0,40207.0
12070,7217,4,1,40207,0.0,40207.0
12071,7218,4,1,40207,0.05,38196.65
12072,7219,62,2,291,0.0,582.0
12073,7220,18,2,4367,0.25,6550.5
12074,7220,15,1,2462,0.15,2092.7
12075,7220,4,1,40207,0.05,38196.65
12076,7220,84,1,610,0.25,457.5
12077,7221,25,1,2383,0.0,2383.0
12078,7222,27,3,2689,0.1,7260.3
12079,7222,20,1,821,0.2,656.8
12080,7223,16,1,22376,0.1,20138.4
12081,7223,6,1,41775,0.25,31331.25
12082,7224,7,3,40516,0.15,103315.8
12083,7225,72,1,3738,0.25,2803.5
12084,7225,65,1,564,0.0,564.0
12085,7225,24,1,1087,0.2,869.6
12086,7225,75,2,825,0.0,1650.0
12087,7226,49,2,1101,0.0,2202.0
12088,7227,63,2,205,0.1,369.0
12089,7228,13,1,34766,0.2,27812.8
12090,7228,28,2,1491,0.0,2982.0
12091,7228,23,1,2839,0.25,2129.25
12092,7228,4,3,40207,0.0,120621.0
12093,7229,18,1,4367,0.0,4367.0
12094,7229,70,2,3968,0.0,7936.0
12095,7230,20,1,821,0.0,821.0
12096,7230,38,1,1108,0.25,831.0
12097,7231,81,2,413,0.0,826.0
12098,7231,17,1,2374,0.0,2374.0
12099,7232,25,1,2383,0.1,2144.7
12100,7233,79,1,995,0.0,995.0
12101,7234,35,3,4996,0.25,11241.0
12102,7235,78,1,768,0.1,691.2
12103,7235,38,1,1108,0.25,831.0
12104,7235,39,1,4515,0.05,4289.25
12105,7236,84,2,610,0.25,915.0
12106,7236,67,3,2736,0.2,6566.4
12107,7236,15,1,2462,0.0,2462.0
12108,7237,13,1,34766,0.05,33027.7
12109,7238,32,1,1197,0.0,1197.0
12110,7239,86,2,441,0.2,705.6
12111,7240,4,1,40207,0.0,40207.0
12112,7241,46,1,5521,0.0,5521.0
12113,7242,10,1,38149,0.2,30519.2
12114,7243,25,1,2383,0.0,2383.0
12115,7243,27,1,2689,0.0,2689.0
12116,7243,54,3,1386,0.1,3742.2
12117,7244,38,1,1108,0.1,997.2
12118,7244,44,1,4283,0.0,4283.0
12119,7245,54,1,1386,0.0,1386.0
12120,7245,81,1,413,0.15,351.05
12121,7245,56,1,613,0.1,551.7
12122,7246,14,1,28329,0.0,28329.0
12123,7247,45,1,4158,0.25,3118.5
12124,7248,48,1,424,0.25,318.0
12125,7249,12,1,44912,0.15,38175.2
12126,7249,4,1,40207,0.1,36186.3
12127,7249,73,1,556,0.1,500.4
12128,7249,21,1,568,0.05,539.6
12129,7250,55,1,979,0.0,979.0
12130,7251,10,1,38149,0.05,36241.55
12131,7251,61,2,680,0.0,1360.0
12132,7252,7,1,40516,0.05,38490.2
12133,7253,82,1,541,0.2,432.8
12134,7254,78,1,768,0.2,614.4
12135,7255,40,3,1769,0.25,3980.25
12136,7256,55,1,979,0.2,783.2
12137,7257,19,1,41782,0.0,41782.0
12138,7257,38,1,1108,0.0,1108.0
12139,7258,41,1,5245,0.25,3933.75
12140,7259,62,1,291,0.05,276.45
12141,7260,61,2,680,0.05,1292.0
12142,7260,14,1,28329,0.0,28329.0
12143,7261,2,1,37224,0.0,37224.0
12144,7262,52,1,1758,0.25,1318.5
12145,7263,20,1,821,0.0,821.0
12146,7264,45,1,4158,0.0,4158.0
12147,7264,63,2,205,0.05,389.5
12148,7265,73,1,556,0.2,444.8
12149,7265,32,1,1197,0.25,897.75
12150,7265,29,1,2027,0.05,1925.65
12151,7265,70,1,3968,0.2,3174.4
12152,7266,25,1,2383,0.15,2025.55
12153,7267,13,1,34766,0.15,29551.1
12154,7267,59,1,1172,0.0,1172.0
12155,7268,4,1,40207,0.0,40207.0
12156,7269,10,1,38149,0.0,38149.0
12157,7269,83,2,898,0.15,1526.6
12158,7270,23,1,2839,0.2,2271.2
12159,7271,79,1,995,0.2,796.0
12160,7271,67,1,2736,0.25,2052.0
12161,7272,85,2,128,0.0,256.0
12162,7272,37,2,375,0.0,750.0
12163,7273,52,3,1758,0.0,5274.0
12164,7274,60,1,405,0.15,344.25
12165,7274,16,1,22376,0.0,22376.0
12166,7274,59,1,1172,0.15,996.2
12167,7274,26,1,546,0.0,546.0
12168,7275,59,1,1172,0.0,1172.0
12169,7276,61,2,680,0.15,1156.0
12170,7277,45,1,4158,0.2,3326.4
12171,7278,71,2,3039,0.0,6078.0
12172,7278,80,1,461,0.0,461.0
12173,7279,61,1,680,0.2,544.0
12174,7279,55,1,979,0.0,979.0
12175,7279,42,1,635,0.0,635.0
12176,7279,13,1,34766,0.25,26074.5
12177,7280,9,1,37837,0.0,37837.0
12178,7281,37,1,375,0.05,356.25
12179,7282,53,1,559,0.0,559.0
12180,7283,80,1,461,0.0,461.0
12181,7284,7,1,40516,0.0,40516.0
12182,7285,86,2,441,0.15,749.7
12183,7286,52,1,1758,0.05,1670.1
12184,7286,79,1,995,0.0,995.0
12185,7287,86,2,441,0.1,793.8
12186,7288,22,1,1944,0.1,1749.6
12187,7289,44,1,4283,0.2,3426.4
12188,7290,17,1,2374,0.2,1899.2
12189,7291,66,1,1256,0.0,1256.0
12190,7291,27,1,2689,0.25,2016.75
12191,7292,14,1,28329,0.25,21246.75
12192,7293,12,1,44912,0.15,38175.2
12193,7294,25,1,2383,0.05,2263.85
12194,7294,43,1,865,0.2,692.0
12195,7295,49,1,1101,0.05,1045.95
12196,7295,40,1,1769,0.0,1769.0
12197,7295,6,1,41775,0.15,35508.75
12198,7296,76,2,4344,0.0,8688.0
12199,7297,84,1,610,0.25,457.5
12200,7298,34,1,803,0.25,602.25
12201,7299,34,1,803,0.0,803.0
12202,7299,82,1,541,0.0,541.0
12203,7299,56,2,613,0.0,1226.0
12204,7299,7,1,40516,0.0,40516.0
12205,7300,64,3,302,0.0,906.0
12206,7301,52,2,1758,0.1,3164.4
12207,7302,69,1,3850,0.0,3850.0
12208,7302,31,1,2822,0.1,2539.8
12209,7303,66,1,1256,0.1,1130.4
12210,7304,56,1,613,0.05,582.35
12211,7305,41,2,5245,0.0,10490.0
12212,7306,36,2,1992,0.2,3187.2
12213,7307,45,1,4158,0.25,3118.5
12214,7308,9,1,37837,0.0,37837.0
12215,7309,24,1,1087,0.0,1087.0
12216,7309,54,2,1386,0.05,2633.4
12217,7309,26,1,546,0.0,546.0
12218,7310,27,1,2689,0.25,2016.75
12219,7311,1,1,9563,0.2,7650.4
12220,7312,22,1,1944,0.0,1944.0
12221,7313,2,2,37224,0.0,74448.0
12222,7313,53,2,559,0.0,1118.0
12223,7313,69,1,3850,0.05,3657.5
12224,7314,71,1,3039,0.0,3039.0
12225,7315,57,1,846,0.05,803.7
12226,7315,61,3,680,0.1,1836.0
12227,7316,26,1,546,0.2,436.8
12228,7316,73,2,556,0.2,889.6
12229,7317,37,1,375,0.1,337.5
12230,7318,60,1,405,0.0,405.0
12231,7319,3,1,43339,0.25,32504.25
12232,7319,61,1,680,0.0,680.0
12233,7320,17,1,2374,0.15,2017.9
12234,7320,28,1,1491,0.0,1491.0
12235,7320,54,2,1386,0.0,2772.0
12236,7321,45,1,4158,0.2,3326.4
12237,7322,26,1,546,0.25,409.5
12238,7322,37,1,375,0.25,281.25
12239,7322,15,2,2462,0.05,4677.8
12240,7323,9,1,37837,0.15,32161.45
12241,7324,71,1,3039,0.15,2583.15
12242,7324,12,1,44912,0.1,40420.8
12243,7325,51,2,304,0.1,547.2
12244,7326,43,1,865,0.2,692.0
12245,7326,75,1,825,0.0,825.0
12246,7327,65,1,564,0.0,564.0
12247,7328,23,2,2839,0.0,5678.0
12248,7329,46,2,5521,0.05,10489.9
12249,7329,24,2,1087,0.0,2174.0
12250,7330,83,1,898,0.05,853.1
12251,7331,75,1,825,0.0,825.0
12252,7332,83,2,898,0.05,1706.2
12253,7332,39,1,4515,0.05,4289.25
12254,7333,14,1,28329,0.15,24079.65
12255,7334,36,3,1992,0.05,5677.2
12256,7334,16,1,22376,0.1,20138.4
12257,7335,41,1,5245,0.1,4720.5
12258,7336,42,1,635,0.0,635.0
12259,7337,62,1,291,0.1,261.9
12260,7337,22,1,1944,0.1,1749.6
12261,7338,23,1,2839,0.15,2413.15
12262,7338,5,1,13447,0.05,12774.65
12263,7338,3,1,43339,0.15,36838.15
12264,7339,81,1,413,0.05,392.35
12265,7340,27,1,2689,0.05,2554.55
12266,7340,53,1,559,0.2,447.2
12267,7340,29,1,2027,0.0,2027.0
12268,7340,9,1,37837,0.25,28377.75
12269,7341,10,2,38149,0.1,68668.2
12270,7342,64,2,302,0.1,543.6
12271,7343,33,1,3307,0.25,2480.25
12272,7343,39,1,4515,0.0,4515.0
12273,7344,14,3,28329,0.25,63740.25
12274,7345,8,2,38096,0.0,76192.0
12275,7345,63,1,205,0.0,205.0
12276,7345,1,1,9563,0.0,9563.0
12277,7345,73,1,556,0.25,417.0
12278,7346,25,1,2383,0.25,1787.25
12279,7346,53,2,559,0.25,838.5
12280,7347,60,1,405,0.2,324.0
12281,7348,74,2,745,0.0,1490.0
12282,7349,10,1,38149,0.15,32426.65
12283,7350,60,1,405,0.1,364.5
12284,7350,36,1,1992,0.1,1792.8
12285,7350,69,2,3850,0.15,6545.0
12286,7350,73,1,556,0.0,556.0
12287,7351,3,1,43339,0.0,43339.0
12288,7352,21,1,568,0.0,568.0
12289,7352,15,1,2462,0.15,2092.7
12290,7353,24,1,1087,0.1,978.3
12291,7354,83,2,898,0.25,1347.0
12292,7355,39,2,4515,0.2,7224.0
12293,7355,47,1,1019,0.05,968.05
12294,7356,53,1,559,0.2,447.2
12295,7356,1,1,9563,0.0,9563.0
12296,7357,62,1,291,0.0,291.0
12297,7357,15,2,2462,0.2,3939.2
12298,7358,62,1,291,0.05,276.45
12299,7358,24,1,1087,0.2,869.6
12300,7358,29,2,2027,0.2,3243.2
12301,7359,56,1,613,0.0,613.0
12302,7360,9,2,37837,0.1,68106.6
12303,7361,16,1,22376,0.0,22376.0
12304,7361,33,1,3307,0.05,3141.65
12305,7361,43,1,865,0.0,865.0
12306,7362,27,2,2689,0.2,4302.4
12307,7363,44,1,4283,0.25,3212.25
12308,7363,77,1,3321,0.0,3321.0
12309,7363,63,1,205,0.1,184.5
12310,7364,55,1,979,0.2,783.2
12311,7365,6,2,41775,0.0,83550.0
12312,7365,64,3,302,0.0,906.0
12313,7365,62,1,291,0.1,261.9
12314,7365,16,3,22376,0.1,60415.2
12315,7366,38,1,1108,0.15,941.8
12316,7366,40,1,1769,0.0,1769.0
12317,7366,5,2,13447,0.0,26894.0
12318,7367,33,1,3307,0.0,3307.0
12319,7368,40,2,1769,0.05,3361.1
12320,7369,5,1,13447,0.0,13447.0
12321,7370,29,1,2027,0.05,1925.65
12322,7370,34,2,803,0.2,1284.8
12323,7370,37,1,375,0.25,281.25
12324,7371,55,1,979,0.25,734.25
12325,7372,9,1,37837,0.0,37837.0
12326,7372,7,1,40516,0.05,38490.2
12327,7373,14,1,28329,0.05,26912.55
12328,7373,24,1,1087,0.0,1087.0
12329,7374,63,1,205,0.15,174.25
12330,7375,16,1,22376,0.0,22376.0
12331,7376,16,1,22376,0.1,20138.4
12332,7376,23,1,2839,0.0,2839.0
12333,7377,76,1,4344,0.2,3475.2
12334,7378,15,2,2462,0.0,4924.0
12335,7378,38,2,1108,0.0,2216.0
12336,7379,12,2,44912,0.1,80841.6
12337,7379,23,1,2839,0.05,2697.05
12338,7380,69,1,3850,0.2,3080.0
12339,7381,70,1,3968,0.1,3571.2
12340,7381,71,1,3039,0.2,2431.2
12341,7381,11,1,35726,0.05,33939.7
12342,7382,29,2,2027,0.0,4054.0
12343,7382,24,1,1087,0.15,923.95
12344,7382,70,1,3968,0.2,3174.4
12345,7382,68,2,2741,0.1,4933.8
12346,7383,30,1,2247,0.0,2247.0
12347,7384,11,1,35726,0.2,28580.8
12348,7384,18,2,4367,0.0,8734.0
12349,7384,78,1,768,0.15,652.8
12350,7385,58,2,1070,0.1,1926.0
12351,7385,11,2,35726,0.0,71452.0
12352,7386,26,1,546,0.0,546.0
12353,7386,47,3,1019,0.0,3057.0
12354,7386,35,1,4996,0.0,4996.0
12355,7387,28,1,1491,0.0,1491.0
12356,7387,6,1,41775,0.15,35508.75
12357,7388,24,1,1087,0.05,1032.65
12358,7388,9,1,37837,0.25,28377.75
12359,7389,28,1,1491,0.0,1491.0
12360,7390,3,1,43339,0.25,32504.25
12361,7391,85,1,128,0.1,115.2
12362,7392,55,3,979,0.0,2937.0
12363,7393,60,1,405,0.0,405.0
12364,7393,39,1,4515,0.05,4289.25
12365,7394,8,1,38096,0.0,38096.0
12366,7395,68,3,2741,0.0,8223.0
12367,7396,19,1,41782,0.0,41782.0
12368,7397,8,1,38096,0.05,36191.2
12369,7398,2,1,37224,0.0,37224.0
12370,7398,72,1,3738,0.0,3738.0
12371,7398,8,1,38096,0.2,30476.8
12372,7399,80,1,461,0.05,437.95
12373,7400,47,1,1019,0.0,1019.0
12374,7401,3,2,43339,0.0,86678.0
12375,7402,82,1,541,0.05,513.95
12376,7402,20,1,821,0.25,615.75
12377,7402,38,3,1108,0.15,2825.4
12378,7403,24,1,1087,0.0,1087.0
12379,7404,51,1,304,0.2,243.2
12380,7404,18,1,4367,0.0,4367.0
12381,7405,49,1,1101,0.2,880.8
12382,7406,39,1,4515,0.2,3612.0
12383,7406,28,1,1491,0.25,1118.25
12384,7407,42,2,635,0.0,1270.0
12385,7407,79,1,995,0.0,995.0
12386,7407,75,1,825,0.0,825.0
12387,7408,3,1,43339,0.15,36838.15
12388,7409,21,1,568,0.1,511.2
12389,7409,55,2,979,0.1,1762.2
12390,7409,27,1,2689,0.25,2016.75
12391,7410,7,1,40516,0.0,40516.0
12392,7410,77,1,3321,0.2,2656.8
12393,7410,70,1,3968,0.25,2976.0
12394,7410,22,1,1944,0.0,1944.0
12395,7411,24,1,1087,0.05,1032.65
12396,7412,80,1,461,0.2,368.8
12397,7413,3,3,43339,0.0,130017.0
12398,7413,53,3,559,0.05,1593.15
12399,7414,83,1,898,0.0,898.0
12400,7414,19,1,41782,0.0,41782.0
12401,7415,3,1,43339,0.0,43339.0
12402,7415,10,1,38149,0.15,32426.65
12403,7416,41,2,5245,0.05,9965.5
12404,7416,81,1,413,0.0,413.0
12405,7417,7,1,40516,0.2,32412.8
12406,7418,46,1,5521,0.2,4416.8
12407,7419,16,2,22376,0.25,33564.0
12408,7419,12,1,44912,0.15,38175.2
12409,7419,54,1,1386,0.0,1386.0
12410,7420,29,1,2027,0.0,2027.0
12411,7421,76,1,4344,0.0,4344.0
12412,7421,57,1,846,0.0,846.0
12413,7421,22,1,1944,0.05,1846.8
12414,7422,29,1,2027,0.05,1925.65
12415,7423,64,1,302,0.05,286.9
12416,7424,31,1,2822,0.2,2257.6
12417,7425,44,2,4283,0.0,8566.0
12418,7425,39,1,4515,0.0,4515.0
12419,7425,80,1,461,0.0,461.0
12420,7426,50,1,798,0.25,598.5
12421,7426,58,1,1070,0.2,856.0
12422,7427,24,1,1087,0.15,923.95
12423,7428,84,1,610,0.15,518.5
12424,7428,16,1,22376,0.1,20138.4
12425,7428,80,1,461,0.15,391.85
12426,7428,23,2,2839,0.2,4542.4
12427,7429,9,2,37837,0.15,64322.9
12428,7429,2,2,37224,0.1,67003.2
12429,7430,81,1,413,0.0,413.0
12430,7430,7,2,40516,0.1,72928.8
12431,7430,1,1,9563,0.2,7650.4
12432,7430,85,1,128,0.0,128.0
12433,7431,45,2,4158,0.15,7068.6
12434,7431,66,1,1256,0.0,1256.0
12435,7432,35,1,4996,0.0,4996.0
12436,7432,64,1,302,0.0,302.0
12437,7433,47,3,1019,0.0,3057.0
12438,7434,77,2,3321,0.05,6309.9
12439,7434,80,1,461,0.0,461.0
12440,7434,50,1,798,0.25,598.5
12441,7435,72,1,3738,0.25,2803.5
12442,7436,19,1,41782,0.05,39692.9
12443,7436,62,1,291,0.0,291.0
12444,7437,29,2,2027,0.25,3040.5
12445,7437,35,1,4996,0.05,4746.2
12446,7437,75,2,825,0.15,1402.5
12447,7438,74,1,745,0.15,633.25
12448,7439,17,1,2374,0.0,2374.0
12449,7439,45,1,4158,0.0,4158.0
12450,7440,35,1,4996,0.25,3747.0
12451,7440,60,1,405,0.0,405.0
12452,7441,44,1,4283,0.1,3854.7
12453,7441,12,1,44912,0.0,44912.0
12454,7441,75,1,825,0.05,783.75
12455,7441,63,1,205,0.0,205.0
12456,7442,64,2,302,0.25,453.0
12457,7443,70,2,3968,0.1,7142.4
12458,7444,7,2,40516,0.2,64825.6
12459,7445,3,1,43339,0.0,43339.0
12460,7445,9,1,37837,0.0,37837.0
12461,7446,25,2,2383,0.2,3812.8
12462,7447,21,1,568,0.25,426.0
12463,7447,23,2,2839,0.15,4826.3
12464,7447,53,1,559,0.15,475.15
12465,7448,53,1,559,0.0,559.0
12466,7449,85,1,128,0.2,102.4
12467,7450,61,1,680,0.15,578.0
12468,7451,12,1,44912,0.0,44912.0
12469,7452,51,1,304,0.25,228.0
12470,7452,19,1,41782,0.25,31336.5
12471,7453,33,2,3307,0.25,4960.5
12472,7454,15,1,2462,0.25,1846.5
12473,7454,59,1,1172,0.25,879.0
12474,7455,13,1,34766,0.0,34766.0
12475,7456,41,1,5245,0.15,4458.25
12476,7457,36,1,1992,0.1,1792.8
12477,7458,39,1,4515,0.2,3612.0
12478,7458,50,1,798,0.25,598.5
12479,7459,5,2,13447,0.0,26894.0
12480,7459,37,1,375,0.25,281.25
12481,7460,77,1,3321,0.25,2490.75
12482,7461,68,1,2741,0.25,2055.75
12483,7461,27,3,2689,0.25,6050.25
12484,7462,2,1,37224,0.0,37224.0
12485,7463,29,1,2027,0.2,1621.6
12486,7463,19,1,41782,0.05,39692.9
12487,7464,35,2,4996,0.25,7494.0
12488,7464,32,1,1197,0.0,1197.0
12489,7465,9,1,37837,0.1,34053.3
12490,7465,25,1,2383,0.25,1787.25
12491,7465,23,1,2839,0.05,2697.05
12492,7466,32,1,1197,0.0,1197.0
12493,7467,60,2,405,0.0,810.0
12494,7468,28,2,1491,0.0,2982.0
12495,7469,62,1,291,0.0,291.0
12496,7470,52,2,1758,0.1,3164.4
12497,7470,86,1,441,0.0,441.0
12498,7471,15,1,2462,0.0,2462.0
12499,7472,37,1,375,0.25,281.25
12500,7472,53,1,559,0.1,503.1
12501,7473,46,1,5521,0.2,4416.8
12502,7474,42,3,635,0.25,1428.75
12503,7474,44,1,4283,0.25,3212.25
12504,7475,32,1,1197,0.05,1137.15
12505,7476,54,1,1386,0.25,1039.5
12506,7476,12,1,44912,0.25,33684.0
12507,7477,13,1,34766,0.0,34766.0
12508,7477,5,1,13447,0.0,13447.0
12509,7478,67,3,2736,0.25,6156.0
12510,7479,47,1,1019,0.25,764.25
12511,7480,35,1,4996,0.05,4746.2
12512,7480,68,1,2741,0.0,2741.0
12513,7481,1,2,9563,0.25,14344.5
12514,7481,18,2,4367,0.05,8297.3
12515,7482,28,2,1491,0.0,2982.0
12516,7482,23,1,2839,0.05,2697.05
12517,7482,2,1,37224,0.05,35362.8
12518,7483,85,1,128,0.1,115.2
12519,7484,86,1,441,0.1,396.9
12520,7484,85,1,128,0.0,128.0
12521,7484,9,1,37837,0.2,30269.6
12522,7485,36,1,1992,0.2,1593.6
12523,7486,26,1,546,0.1,491.4
12524,7487,61,2,680,0.15,1156.0
12525,7487,49,1,1101,0.0,1101.0
12526,7488,44,1,4283,0.2,3426.4
12527,7488,21,1,568,0.1,511.2
12528,7489,61,2,680,0.0,1360.0
12529,7489,80,1,461,0.2,368.8
12530,7490,68,1,2741,0.25,2055.75
12531,7490,57,1,846,0.15,719.1
12532,7491,7,1,40516,0.15,34438.6
12533,7492,55,2,979,0.0,1958.0
12534,7493,11,1,35726,0.25,26794.5
12535,7493,44,1,4283,0.05,4068.85
12536,7494,62,3,291,0.0,873.0
12537,7495,60,3,405,0.1,1093.5
12538,7496,1,1,9563,0.15,8128.55
12539,7497,10,1,38149,0.15,32426.65
12540,7498,47,1,1019,0.0,1019.0
12541,7499,60,1,405,0.0,405.0
12542,7499,37,1,375,0.2,300.0
12543,7499,73,1,556,0.05,528.2
12544,7500,29,3,2027,0.05,5776.95
12545,7501,80,1,461,0.0,461.0
12546,7502,45,1,4158,0.15,3534.3
12547,7503,4,1,40207,0.05,38196.65
12548,7504,25,1,2383,0.0,2383.0
12549,7505,74,2,745,0.0,1490.0
12550,7505,84,1,610,0.0,610.0
12551,7506,27,1,2689,0.15,2285.65
12552,7506,82,1,541,0.0,541.0
12553,7506,57,1,846,0.2,676.8
12554,7507,11,1,35726,0.15,30367.1
12555,7507,36,2,1992,0.0,3984.0
12556,7508,26,1,546,0.0,546.0
12557,7509,72,1,3738,0.1,3364.2
12558,7509,66,1,1256,0.15,1067.6
12559,7509,44,1,4283,0.25,3212.25
12560,7510,51,1,304,0.0,304.0
12561,7511,83,2,898,0.25,1347.0
12562,7512,25,1,2383,0.15,2025.55
12563,7512,11,2,35726,0.05,67879.4
12564,7512,45,1,4158,0.2,3326.4
12565,7513,70,1,3968,0.0,3968.0
12566,7514,57,3,846,0.05,2411.1
12567,7515,35,2,4996,0.0,9992.0
12568,7515,75,1,825,0.1,742.5
12569,7516,35,1,4996,0.0,4996.0
12570,7516,9,1,37837,0.0,37837.0
12571,7517,80,1,461,0.0,461.0
12572,7518,28,1,1491,0.0,1491.0
12573,7519,30,2,2247,0.2,3595.2
12574,7520,36,1,1992,0.0,1992.0
12575,7520,48,1,424,0.2,339.2
12576,7521,39,1,4515,0.0,4515.0
12577,7522,80,1,461,0.0,461.0
12578,7523,51,1,304,0.1,273.6
12579,7523,72,1,3738,0.0,3738.0
12580,7523,65,1,564,0.2,451.2
12581,7524,31,1,2822,0.2,2257.6
12582,7525,68,1,2741,0.05,2603.95
12583,7526,19,1,41782,0.0,41782.0
12584,7526,68,1,2741,0.15,2329.85
12585,7527,15,1,2462,0.2,1969.6
12586,7528,62,1,291,0.15,247.35
12587,7528,80,1,461,0.2,368.8
12588,7528,4,1,40207,0.2,32165.6
12589,7529,40,1,1769,0.0,1769.0
12590,7529,36,3,1992,0.15,5079.6
12591,7529,28,1,1491,0.0,1491.0
12592,7530,69,1,3850,0.05,3657.5
12593,7531,16,1,22376,0.1,20138.4
12594,7531,47,2,1019,0.05,1936.1
12595,7531,11,1,35726,0.15,30367.1
12596,7531,23,1,2839,0.1,2555.1
12597,7532,19,1,41782,0.2,33425.6
12598,7532,33,2,3307,0.0,6614.0
12599,7532,24,1,1087,0.0,1087.0
12600,7532,73,3,556,0.0,1668.0
12601,7533,53,1,559,0.25,419.25
12602,7533,44,1,4283,0.25,3212.25
12603,7533,6,1,41775,0.15,35508.75
12604,7534,85,1,128,0.0,128.0
12605,7534,21,1,568,0.0,568.0
12606,7534,36,2,1992,0.0,3984.0
12607,7535,16,1,22376,0.1,20138.4
12608,7535,63,1,205,0.0,205.0
12609,7536,43,1,865,0.25,648.75
12610,7537,19,1,41782,0.0,41782.0
12611,7537,17,1,2374,0.05,2255.3
12612,7538,63,2,205,0.0,410.0
12613,7538,26,1,546,0.25,409.5
12614,7539,34,2,803,0.0,1606.0
12615,7539,58,2,1070,0.0,2140.0
12616,7539,50,2,798,0.2,1276.8
12617,7540,85,1,128,0.05,121.6
12618,7540,69,1,3850,0.25,2887.5
12619,7541,81,1,413,0.15,351.05
12620,7542,30,1,2247,0.0,2247.0
12621,7542,23,2,2839,0.25,4258.5
12622,7542,84,1,610,0.1,549.0
12623,7543,10,1,38149,0.2,30519.2
12624,7544,27,1,2689,0.0,2689.0
12625,7545,83,1,898,0.0,898.0
12626,7545,55,1,979,0.1,881.1
12627,7546,40,1,1769,0.0,1769.0
12628,7546,48,1,424,0.2,339.2
12629,7546,7,1,40516,0.0,40516.0
12630,7547,67,1,2736,0.05,2599.2
12631,7548,38,1,1108,0.0,1108.0
12632,7549,10,1,38149,0.05,36241.55
12633,7549,86,1,441,0.2,352.8
12634,7550,72,2,3738,0.1,6728.4
12635,7550,58,1,1070,0.05,1016.5
12636,7550,49,1,1101,0.0,1101.0
12637,7550,55,3,979,0.0,2937.0
12638,7551,36,1,1992,0.1,1792.8
12639,7551,30,1,2247,0.2,1797.6
12640,7552,48,1,424,0.0,424.0
12641,7553,37,3,375,0.05,1068.75
12642,7554,27,1,2689,0.25,2016.75
12643,7554,66,2,1256,0.0,2512.0
12644,7555,62,1,291,0.0,291.0
12645,7555,64,3,302,0.0,906.0
12646,7555,20,1,821,0.1,738.9
12647,7555,2,3,37224,0.0,111672.0
12648,7556,18,2,4367,0.0,8734.0
12649,7557,31,1,2822,0.0,2822.0
12650,7557,72,2,3738,0.25,5607.0
12651,7558,43,1,865,0.05,821.75
12652,7558,4,2,40207,0.0,80414.0
12653,7558,61,1,680,0.0,680.0
12654,7558,27,1,2689,0.2,2151.2
12655,7559,63,1,205,0.0,205.0
12656,7559,29,1,2027,0.0,2027.0
12657,7560,39,1,4515,0.1,4063.5
12658,7560,3,1,43339,0.25,32504.25
12659,7561,49,1,1101,0.0,1101.0
12660,7562,4,1,40207,0.2,32165.6
12661,7563,16,1,22376,0.0,22376.0
12662,7564,78,1,768,0.0,768.0
12663,7564,84,1,610,0.05,579.5
12664,7565,11,1,35726,0.25,26794.5
12665,7566,48,3,424,0.25,954.0
12666,7567,68,1,2741,0.05,2603.95
12667,7568,75,2,825,0.0,1650.0
12668,7568,53,1,559,0.0,559.0
12669,7569,13,3,34766,0.1,93868.2
12670,7570,26,1,546,0.05,518.7
12671,7570,68,2,2741,0.15,4659.7
12672,7571,35,1,4996,0.15,4246.6
12673,7572,8,1,38096,0.0,38096.0
12674,7572,12,1,44912,0.2,35929.6
12675,7573,56,1,613,0.0,613.0
12676,7573,23,1,2839,0.05,2697.05
12677,7574,32,1,1197,0.0,1197.0
12678,7575,81,1,413,0.15,351.05
12679,7575,34,1,803,0.0,803.0
12680,7576,30,1,2247,0.25,1685.25
12681,7576,41,1,5245,0.15,4458.25
12682,7576,7,2,40516,0.0,81032.0
12683,7577,17,1,2374,0.25,1780.5
12684,7578,64,1,302,0.0,302.0
12685,7578,65,1,564,0.0,564.0
12686,7578,61,1,680,0.2,544.0
12687,7579,2,1,37224,0.0,37224.0
12688,7579,64,1,302,0.05,286.9
12689,7580,23,1,2839,0.15,2413.15
12690,7580,66,1,1256,0.25,942.0
12691,7581,31,2,2822,0.1,5079.6
12692,7581,12,1,44912,0.0,44912.0
12693,7582,45,1,4158,0.2,3326.4
12694,7583,17,1,2374,0.15,2017.9
12695,7583,26,3,546,0.15,1392.3
12696,7584,49,2,1101,0.2,1761.6
12697,7584,82,3,541,0.1,1460.7
12698,7584,34,1,803,0.0,803.0
12699,7585,12,2,44912,0.0,89824.0
12700,7585,57,1,846,0.05,803.7
12701,7586,37,2,375,0.0,750.0
12702,7587,83,1,898,0.05,853.1
12703,7587,81,3,413,0.15,1053.15
12704,7588,19,1,41782,0.15,35514.7
12705,7589,18,1,4367,0.0,4367.0
12706,7589,51,1,304,0.0,304.0
12707,7590,56,2,613,0.2,980.8
12708,7591,46,2,5521,0.2,8833.6
12709,7591,67,1,2736,0.1,2462.4
12710,7592,47,1,1019,0.15,866.15
12711,7593,69,1,3850,0.0,3850.0
12712,7593,11,2,35726,0.0,71452.0
12713,7594,39,1,4515,0.2,3612.0
12714,7595,16,2,22376,0.0,44752.0
12715,7596,36,1,1992,0.05,1892.4
12716,7596,28,1,1491,0.0,1491.0
12717,7597,36,1,1992,0.0,1992.0
12718,7597,7,1,40516,0.15,34438.6
12719,7597,1,2,9563,0.0,19126.0
12720,7597,38,1,1108,0.0,1108.0
12721,7598,68,1,2741,0.1,2466.9
12722,7599,29,1,2027,0.0,2027.0
12723,7599,71,1,3039,0.15,2583.15
12724,7600,63,1,205,0.15,174.25
12725,7600,48,1,424,0.0,424.0
12726,7600,30,1,2247,0.0,2247.0
12727,7601,27,1,2689,0.15,2285.65
12728,7602,44,1,4283,0.05,4068.85
12729,7603,59,2,1172,0.25,1758.0
12730,7603,69,1,3850,0.2,3080.0
12731,7603,84,1,610,0.15,518.5
12732,7604,85,2,128,0.1,230.4
12733,7605,8,1,38096,0.0,38096.0
12734,7606,82,1,541,0.25,405.75
12735,7606,39,1,4515,0.0,4515.0
12736,7607,64,1,302,0.0,302.0
12737,7608,47,1,1019,0.0,1019.0
12738,7608,48,1,424,0.15,360.4
12739,7609,14,1,28329,0.05,26912.55
12740,7609,15,1,2462,0.15,2092.7
12741,7610,13,1,34766,0.1,31289.4
12742,7611,71,1,3039,0.25,2279.25
12743,7612,44,1,4283,0.0,4283.0
12744,7613,79,1,995,0.2,796.0
12745,7614,20,1,821,0.0,821.0
12746,7614,51,1,304,0.05,288.8
12747,7615,25,2,2383,0.0,4766.0
12748,7616,7,1,40516,0.0,40516.0
12749,7616,69,3,3850,0.25,8662.5
12750,7616,5,2,13447,0.1,24204.6
12751,7616,60,1,405,0.15,344.25
12752,7617,49,1,1101,0.0,1101.0
12753,7618,41,1,5245,0.15,4458.25
12754,7619,77,1,3321,0.05,3154.95
12755,7619,42,1,635,0.05,603.25
12756,7619,37,1,375,0.0,375.0
12757,7620,52,1,1758,0.0,1758.0
12758,7621,38,1,1108,0.0,1108.0
12759,7622,51,1,304,0.0,304.0
12760,7623,21,1,568,0.0,568.0
12761,7623,16,1,22376,0.25,16782.0
12762,7624,69,2,3850,0.0,7700.0
12763,7625,6,1,41775,0.05,39686.25
12764,7626,19,1,41782,0.2,33425.6
12765,7626,28,2,1491,0.05,2832.9
12766,7627,78,1,768,0.25,576.0
12767,7627,77,1,3321,0.0,3321.0
12768,7628,13,1,34766,0.0,34766.0
12769,7628,68,2,2741,0.25,4111.5
12770,7629,16,1,22376,0.05,21257.2
12771,7629,31,1,2822,0.0,2822.0
12772,7629,12,1,44912,0.0,44912.0
12773,7630,7,1,40516,0.05,38490.2
12774,7631,18,1,4367,0.25,3275.25
12775,7632,72,1,3738,0.15,3177.3
12776,7633,82,1,541,0.0,541.0
12777,7634,54,1,1386,0.25,1039.5
12778,7635,13,1,34766,0.0,34766.0
12779,7636,9,1,37837,0.0,37837.0
12780,7637,37,1,375,0.1,337.5
12781,7638,29,2,2027,0.1,3648.6
12782,7639,48,1,424,0.0,424.0
12783,7640,4,1,40207,0.05,38196.65
12784,7640,44,1,4283,0.05,4068.85
12785,7641,21,1,568,0.0,568.0
12786,7641,72,1,3738,0.1,3364.2
12787,7642,59,1,1172,0.25,879.0
12788,7643,61,1,680,0.0,680.0
12789,7643,80,1,461,0.1,414.9
12790,7643,18,1,4367,0.15,3711.95
12791,7644,59,1,1172,0.2,937.6
12792,7645,32,1,1197,0.25,897.75
12793,7646,61,1,680,0.25,510.0
12794,7646,3,1,43339,0.05,41172.05
12795,7647,21,1,568,0.1,511.2
12796,7648,77,1,3321,0.05,3154.95
12797,7648,28,1,1491,0.0,1491.0
12798,7649,1,2,9563,0.05,18169.7
12799,7649,26,2,546,0.0,1092.0
12800,7650,38,1,1108,0.1,997.2
12801,7650,23,1,2839,0.1,2555.1
12802,7651,63,2,205,0.25,307.5
12803,7652,69,1,3850,0.0,3850.0
12804,7653,23,1,2839,0.0,2839.0
12805,7653,6,2,41775,0.25,62662.5
12806,7654,42,1,635,0.25,476.25
12807,7655,12,1,44912,0.0,44912.0
12808,7655,72,1,3738,0.25,2803.5
12809,7655,18,1,4367,0.15,3711.95
12810,7656,27,1,2689,0.1,2420.1
12811,7657,34,1,803,0.0,803.0
12812,7658,86,1,441,0.0,441.0
12813,7658,27,1,2689,0.0,2689.0
12814,7659,49,2,1101,0.0,2202.0
12815,7660,58,1,1070,0.2,856.0
12816,7660,29,2,2027,0.2,3243.2
12817,7660,6,1,41775,0.1,37597.5
12818,7661,68,3,2741,0.0,8223.0
12819,7662,62,1,291,0.0,291.0
12820,7663,32,1,1197,0.2,957.6
12821,7663,31,1,2822,0.1,2539.8
12822,7663,75,1,825,0.0,825.0
12823,7663,30,1,2247,0.15,1909.95
12824,7664,79,1,995,0.05,945.25
12825,7665,9,2,37837,0.1,68106.6
12826,7665,30,1,2247,0.1,2022.3
12827,7666,22,1,1944,0.05,1846.8
12828,7667,52,2,1758,0.0,3516.0
12829,7667,50,2,798,0.0,1596.0
12830,7668,23,1,2839,0.0,2839.0
12831,7669,33,3,3307,0.0,9921.0
12832,7670,61,3,680,0.0,2040.0
12833,7671,50,1,798,0.05,758.1
12834,7672,66,1,1256,0.05,1193.2
12835,7673,25,1,2383,0.0,2383.0
12836,7673,24,1,1087,0.15,923.95
12837,7674,33,1,3307,0.25,2480.25
12838,7674,36,1,1992,0.05,1892.4
12839,7675,72,1,3738,0.1,3364.2
12840,7676,1,1,9563,0.0,9563.0
12841,7676,13,1,34766,0.15,29551.1
12842,7677,66,1,1256,0.25,942.0
12843,7677,13,1,34766,0.25,26074.5
12844,7677,69,1,3850,0.0,3850.0
12845,7677,33,1,3307,0.0,3307.0
12846,7678,52,1,1758,0.2,1406.4
12847,7679,51,1,304,0.2,243.2
12848,7679,32,2,1197,0.0,2394.0
12849,7679,36,1,1992,0.0,1992.0
12850,7680,60,1,405,0.25,303.75
12851,7680,16,1,22376,0.15,19019.6
12852,7680,27,1,2689,0.25,2016.75
12853,7680,81,1,413,0.25,309.75
12854,7681,35,1,4996,0.15,4246.6
12855,7682,39,1,4515,0.0,4515.0
12856,7682,50,1,798,0.1,718.2
12857,7683,16,1,22376,0.15,19019.6
12858,7684,6,2,41775,0.0,83550.0
12859,7685,76,1,4344,0.0,4344.0
12860,7685,36,2,1992,0.0,3984.0
12861,7685,13,1,34766,0.2,27812.8
12862,7686,20,1,821,0.25,615.75
12863,7687,37,3,375,0.25,843.75
12864,7688,42,1,635,0.0,635.0
12865,7689,6,1,41775,0.0,41775.0
12866,7690,11,1,35726,0.05,33939.7
12867,7690,8,1,38096,0.0,38096.0
12868,7691,54,1,1386,0.25,1039.5
12869,7692,46,2,5521,0.0,11042.0
12870,7692,83,1,898,0.0,898.0
12871,7692,59,1,1172,0.0,1172.0
12872,7692,76,1,4344,0.25,3258.0
12873,7693,85,1,128,0.2,102.4
12874,7693,22,1,1944,0.0,1944.0
12875,7693,37,2,375,0.0,750.0
12876,7694,26,1,546,0.15,464.1
12877,7694,52,1,1758,0.0,1758.0
12878,7694,67,1,2736,0.1,2462.4
12879,7695,37,1,375,0.0,375.0
12880,7696,51,1,304,0.0,304.0
12881,7697,6,1,41775,0.2,33420.0
12882,7698,82,1,541,0.0,541.0
12883,7698,37,1,375,0.15,318.75
12884,7698,32,1,1197,0.2,957.6
12885,7699,16,1,22376,0.15,19019.6
12886,7699,29,2,2027,0.1,3648.6
12887,7700,76,2,4344,0.0,8688.0
12888,7701,41,1,5245,0.15,4458.25
12889,7701,52,1,1758,0.25,1318.5
12890,7702,18,1,4367,0.0,4367.0
12891,7703,54,1,1386,0.0,1386.0
12892,7704,15,1,2462,0.2,1969.6
12893,7705,56,2,613,0.0,1226.0
12894,7706,52,1,1758,0.25,1318.5
12895,7706,85,2,128,0.05,243.2
12896,7707,19,1,41782,0.0,41782.0
12897,7708,32,1,1197,0.1,1077.3
12898,7709,46,3,5521,0.0,16563.0
12899,7709,20,1,821,0.25,615.75
12900,7709,3,3,43339,0.25,97512.75
12901,7710,39,1,4515,0.2,3612.0
12902,7710,19,3,41782,0.15,106544.1
12903,7710,68,1,2741,0.15,2329.85
12904,7711,3,1,43339,0.05,41172.05
12905,7711,48,1,424,0.1,381.6
12906,7712,81,1,413,0.0,413.0
12907,7712,8,2,38096,0.15,64763.2
12908,7713,33,1,3307,0.15,2810.95
12909,7714,5,1,13447,0.05,12774.65
12910,7714,30,1,2247,0.2,1797.6
12911,7715,81,1,413,0.0,413.0
12912,7715,56,2,613,0.1,1103.4
12913,7716,50,3,798,0.2,1915.2
12914,7716,33,2,3307,0.25,4960.5
12915,7716,51,1,304,0.2,243.2
12916,7716,23,3,2839,0.0,8517.0
12917,7717,71,1,3039,0.0,3039.0
12918,7717,25,1,2383,0.25,1787.25
12919,7718,79,1,995,0.25,746.25
12920,7718,38,1,1108,0.0,1108.0
12921,7718,52,1,1758,0.1,1582.2
12922,7719,19,1,41782,0.0,41782.0
12923,7719,36,1,1992,0.1,1792.8
12924,7720,63,1,205,0.0,205.0
12925,7721,3,2,43339,0.2,69342.4
12926,7722,33,1,3307,0.0,3307.0
12927,7722,43,2,865,0.2,1384.0
12928,7723,28,3,1491,0.0,4473.0
12929,7723,51,1,304,0.1,273.6
12930,7724,48,1,424,0.0,424.0
12931,7725,77,2,3321,0.2,5313.6
12932,7725,70,1,3968,0.0,3968.0
12933,7725,80,2,461,0.2,737.6
12934,7726,21,2,568,0.2,908.8
12935,7727,17,2,2374,0.25,3561.0
12936,7728,69,1,3850,0.05,3657.5
12937,7729,22,1,1944,0.2,1555.2
12938,7729,4,3,40207,0.05,114589.95
12939,7729,77,1,3321,0.2,2656.8
12940,7729,13,3,34766,0.0,104298.0
12941,7730,21,1,568,0.0,568.0
12942,7731,44,2,4283,0.0,8566.0
12943,7731,36,3,1992,0.25,4482.0
12944,7732,82,3,541,0.25,1217.25
12945,7733,2,1,37224,0.05,35362.8
12946,7734,22,1,1944,0.2,1555.2
12947,7735,64,1,302,0.05,286.9
12948,7736,24,1,1087,0.15,923.95
12949,7736,41,1,5245,0.0,5245.0
12950,7736,12,2,44912,0.0,89824.0
12951,7736,7,1,40516,0.0,40516.0
12952,7737,6,1,41775,0.0,41775.0
12953,7737,4,3,40207,0.0,120621.0
12954,7738,82,3,541,0.0,1623.0
12955,7739,34,2,803,0.15,1365.1
12956,7740,44,2,4283,0.0,8566.0
12957,7740,39,1,4515,0.05,4289.25
12958,7741,73,3,556,0.05,1584.6
12959,7741,5,1,13447,0.25,10085.25
12960,7742,84,3,610,0.0,1830.0
12961,7742,19,1,41782,0.1,37603.8
12962,7743,26,2,546,0.1,982.8
12963,7744,84,1,610,0.0,610.0
12964,7744,60,2,405,0.05,769.5
12965,7745,76,2,4344,0.0,8688.0
12966,7746,83,1,898,0.0,898.0
12967,7747,46,1,5521,0.15,4692.85
12968,7747,74,1,745,0.0,745.0
12969,7748,46,2,5521,0.1,9937.8
12970,7749,68,1,2741,0.0,2741.0
12971,7750,43,1,865,0.0,865.0
12972,7751,85,1,128,0.2,102.4
12973,7752,11,1,35726,0.15,30367.1
12974,7752,37,2,375,0.05,712.5
12975,7752,47,1,1019,0.0,1019.0
12976,7753,63,1,205,0.0,205.0
12977,7754,33,1,3307,0.15,2810.95
12978,7754,81,1,413,0.15,351.05
12979,7754,41,1,5245,0.0,5245.0
12980,7755,35,1,4996,0.1,4496.4
12981,7756,28,1,1491,0.0,1491.0
12982,7757,55,1,979,0.25,734.25
12983,7758,17,2,2374,0.2,3798.4
12984,7759,35,1,4996,0.05,4746.2
12985,7760,79,1,995,0.0,995.0
12986,7760,86,1,441,0.05,418.95
12987,7761,42,1,635,0.1,571.5
12988,7762,30,1,2247,0.0,2247.0
12989,7763,34,1,803,0.15,682.55
12990,7764,20,1,821,0.1,738.9
12991,7765,83,1,898,0.1,808.2
12992,7766,71,1,3039,0.0,3039.0
12993,7767,76,1,4344,0.15,3692.4
12994,7768,18,1,4367,0.05,4148.65
12995,7768,7,1,40516,0.0,40516.0
12996,7769,53,3,559,0.15,1425.45
12997,7769,62,3,291,0.25,654.75
12998,7770,65,1,564,0.0,564.0
12999,7771,70,1,3968,0.2,3174.4
13000,7772,77,1,3321,0.15,2822.85
13001,7773,20,3,821,0.0,2463.0
13002,7773,9,1,37837,0.0,37837.0
13003,7774,55,3,979,0.0,2937.0
13004,7775,81,1,413,0.25,309.75
13005,7775,29,1,2027,0.25,1520.25
13006,7776,40,1,1769,0.0,1769.0
13007,7777,48,2,424,0.25,636.0
13008,7778,49,3,1101,0.0,3303.0
13009,7779,35,1,4996,0.05,4746.2
13010,7779,76,2,4344,0.0,8688.0
13011,7780,18,1,4367,0.0,4367.0
13012,7780,14,2,28329,0.1,50992.2
13013,7780,1,1,9563,0.2,7650.4
13014,7781,66,3,1256,0.15,3202.8
13015,7781,21,1,568,0.1,511.2
13016,7782,67,1,2736,0.25,2052.0
13017,7783,13,2,34766,0.05,66055.4
13018,7783,34,1,803,0.1,722.7
13019,7784,73,2,556,0.25,834.0
13020,7785,58,1,1070,0.0,1070.0
13021,7785,13,2,34766,0.1,62578.8
13022,7785,34,2,803,0.25,1204.5
13023,7786,86,1,441,0.2,352.8
13024,7787,67,1,2736,0.05,2599.2
13025,7788,24,1,1087,0.25,815.25
13026,7789,63,1,205,0.0,205.0
13027,7790,56,1,613,0.25,459.75
13028,7790,81,1,413,0.0,413.0
13029,7790,32,1,1197,0.1,1077.3
13030,7791,35,1,4996,0.2,3996.8
13031,7792,59,2,1172,0.25,1758.0
13032,7793,56,1,613,0.1,551.7
13033,7794,53,2,559,0.0,1118.0
13034,7795,67,1,2736,0.15,2325.6
13035,7796,63,2,205,0.0,410.0
13036,7797,68,1,2741,0.0,2741.0
13037,7797,56,1,613,0.2,490.4
13038,7798,71,1,3039,0.15,2583.15
13039,7799,41,1,5245,0.25,3933.75
13040,7799,61,1,680,0.25,510.0
13041,7800,55,1,979,0.0,979.0
13042,7800,71,1,3039,0.25,2279.25
13043,7800,8,2,38096,0.25,57144.0
13044,7801,25,2,2383,0.25,3574.5
13045,7802,68,1,2741,0.0,2741.0
13046,7803,78,1,768,0.05,729.6
13047,7803,55,1,979,0.2,783.2
13048,7804,6,1,41775,0.25,31331.25
13049,7804,30,2,2247,0.25,3370.5
13050,7804,39,1,4515,0.0,4515.0
13051,7804,19,1,41782,0.0,41782.0
13052,7805,24,1,1087,0.1,978.3
13053,7806,21,1,568,0.0,568.0
13054,7807,40,1,1769,0.1,1592.1
13055,7807,76,1,4344,0.1,3909.6
13056,7807,82,1,541,0.0,541.0
13057,7807,85,1,128,0.0,128.0
13058,7808,81,2,413,0.05,784.7
13059,7809,50,1,798,0.0,798.0
13060,7809,5,1,13447,0.1,12102.3
13061,7810,24,1,1087,0.2,869.6
13062,7811,5,1,13447,0.15,11429.95
13063,7812,9,1,37837,0.05,35945.15
13064,7812,27,1,2689,0.1,2420.1
13065,7813,76,1,4344,0.0,4344.0
13066,7813,85,2,128,0.1,230.4
13067,7814,18,1,4367,0.0,4367.0
13068,7814,37,1,375,0.0,375.0
13069,7815,31,1,2822,0.0,2822.0
13070,7815,79,1,995,0.15,845.75
13071,7815,64,1,302,0.0,302.0
13072,7816,43,3,865,0.15,2205.75
13073,7816,53,2,559,0.0,1118.0
13074,7816,62,1,291,0.05,276.45
13075,7817,15,1,2462,0.05,2338.9
13076,7818,18,1,4367,0.2,3493.6
13077,7819,18,1,4367,0.2,3493.6
13078,7820,11,1,35726,0.2,28580.8
13079,7821,42,1,635,0.15,539.75
13080,7821,70,2,3968,0.0,7936.0
13081,7822,33,1,3307,0.25,2480.25
13082,7823,28,1,1491,0.0,1491.0
13083,7824,66,1,1256,0.0,1256.0
13084,7825,53,1,559,0.2,447.2
13085,7826,38,1,1108,0.2,886.4
13086,7826,4,1,40207,0.25,30155.25
13087,7827,9,2,37837,0.1,68106.6
13088,7828,82,1,541,0.2,432.8
13089,7829,26,2,546,0.15,928.2
13090,7829,22,1,1944,0.0,1944.0
13091,7829,13,1,34766,0.2,27812.8
13092,7830,37,1,375,0.0,375.0
13093,7830,72,2,3738,0.0,7476.0
13094,7830,85,1,128,0.25,96.0
13095,7831,50,1,798,0.0,798.0
13096,7831,84,2,610,0.0,1220.0
13097,7832,31,2,2822,0.1,5079.6
13098,7832,21,2,568,0.15,965.6
13099,7833,57,1,846,0.0,846.0
13100,7833,48,1,424,0.2,339.2
13101,7833,17,1,2374,0.0,2374.0
13102,7834,8,1,38096,0.2,30476.8
13103,7835,76,2,4344,0.05,8253.6
13104,7835,54,1,1386,0.0,1386.0
13105,7835,77,1,3321,0.15,2822.85
13106,7835,10,2,38149,0.1,68668.2
13107,7836,43,1,865,0.2,692.0
13108,7837,55,1,979,0.1,881.1
13109,7838,10,2,38149,0.1,68668.2
13110,7838,45,1,4158,0.15,3534.3
13111,7839,84,1,610,0.0,610.0
13112,7839,43,2,865,0.2,1384.0
13113,7839,5,1,13447,0.2,10757.6
13114,7840,47,1,1019,0.2,815.2
13115,7841,41,1,5245,0.25,3933.75
13116,7841,27,1,2689,0.25,2016.75
13117,7842,22,1,1944,0.2,1555.2
13118,7843,32,2,1197,0.15,2034.9
13119,7843,76,1,4344,0.1,3909.6
13120,7844,83,1,898,0.15,763.3
13121,7844,2,1,37224,0.2,29779.2
13122,7845,75,1,825,0.0,825.0
13123,7845,53,1,559,0.1,503.1
13124,7846,35,3,4996,0.25,11241.0
13125,7846,23,1,2839,0.15,2413.15
13126,7846,63,1,205,0.05,194.75
13127,7847,30,2,2247,0.0,4494.0
13128,7848,25,2,2383,0.0,4766.0
13129,7849,6,1,41775,0.2,33420.0
13130,7850,80,1,461,0.05,437.95
13131,7851,3,2,43339,0.05,82344.1
13132,7851,39,1,4515,0.0,4515.0
13133,7851,44,2,4283,0.0,8566.0
13134,7852,81,1,413,0.2,330.4
13135,7853,77,1,3321,0.25,2490.75
13136,7853,25,2,2383,0.2,3812.8
13137,7853,9,1,37837,0.25,28377.75
13138,7854,36,1,1992,0.15,1693.2
13139,7855,5,1,13447,0.05,12774.65
13140,7855,73,1,556,0.1,500.4
13141,7856,79,1,995,0.15,845.75
13142,7856,82,1,541,0.15,459.85
13143,7857,24,1,1087,0.25,815.25
13144,7858,41,1,5245,0.05,4982.75
13145,7859,69,2,3850,0.05,7315.0
13146,7860,49,1,1101,0.1,990.9
13147,7860,37,1,375,0.2,300.0
13148,7860,43,1,865,0.05,821.75
13149,7861,70,2,3968,0.0,7936.0
13150,7861,4,1,40207,0.15,34175.95
13151,7861,62,1,291,0.0,291.0
13152,7862,16,3,22376,0.0,67128.0
13153,7862,78,1,768,0.05,729.6
13154,7863,38,2,1108,0.0,2216.0
13155,7864,11,2,35726,0.2,57161.6
13156,7864,59,1,1172,0.2,937.6
13157,7865,50,1,798,0.1,718.2
13158,7866,18,1,4367,0.1,3930.3
13159,7867,79,2,995,0.15,1691.5
13160,7867,13,1,34766,0.05,33027.7
13161,7868,37,2,375,0.1,675.0
13162,7869,55,2,979,0.0,1958.0
13163,7869,43,1,865,0.15,735.25
13164,7870,8,2,38096,0.1,68572.8
13165,7871,61,1,680,0.1,612.0
13166,7872,47,1,1019,0.25,764.25
13167,7872,55,1,979,0.1,881.1
13168,7872,66,1,1256,0.15,1067.6
13169,7872,72,2,3738,0.0,7476.0
13170,7873,82,2,541,0.0,1082.0
13171,7873,39,3,4515,0.25,10158.75
13172,7873,46,1,5521,0.15,4692.85
13173,7874,3,1,43339,0.0,43339.0
13174,7874,49,1,1101,0.0,1101.0
13175,7875,69,1,3850,0.05,3657.5
13176,7875,68,1,2741,0.1,2466.9
13177,7876,31,1,2822,0.0,2822.0
13178,7877,42,1,635,0.2,508.0
13179,7877,60,1,405,0.25,303.75
13180,7877,7,1,40516,0.25,30387.0
13181,7878,41,1,5245,0.05,4982.75
13182,7878,42,1,635,0.05,603.25
13183,7879,60,1,405,0.0,405.0
13184,7880,44,1,4283,0.15,3640.55
13185,7881,30,1,2247,0.15,1909.95
13186,7881,44,1,4283,0.0,4283.0
13187,7881,8,1,38096,0.0,38096.0
13188,7882,54,1,1386,0.2,1108.8
13189,7882,37,1,375,0.0,375.0
13190,7883,79,1,995,0.0,995.0
13191,7883,14,1,28329,0.0,28329.0
13192,7884,55,1,979,0.0,979.0
13193,7885,83,1,898,0.0,898.0
13194,7886,21,1,568,0.0,568.0
13195,7887,59,1,1172,0.0,1172.0
13196,7887,16,1,22376,0.0,22376.0
13197,7888,53,1,559,0.15,475.15
13198,7888,26,1,546,0.2,436.8
13199,7888,19,2,41782,0.25,62673.0
13200,7889,41,1,5245,0.15,4458.25
13201,7889,83,2,898,0.05,1706.2
13202,7890,16,2,22376,0.15,38039.2
13203,7890,12,2,44912,0.05,85332.8
13204,7891,74,1,745,0.0,745.0
13205,7891,11,1,35726,0.1,32153.4
13206,7892,65,1,564,0.0,564.0
13207,7892,51,1,304,0.05,288.8
13208,7893,12,1,44912,0.2,35929.6
13209,7893,50,1,798,0.0,798.0
13210,7894,9,1,37837,0.0,37837.0
13211,7894,19,1,41782,0.0,41782.0
13212,7894,15,1,2462,0.15,2092.7
13213,7894,14,1,28329,0.15,24079.65
13214,7895,11,2,35726,0.0,71452.0
13215,7895,68,1,2741,0.0,2741.0
13216,7895,15,2,2462,0.0,4924.0
13217,7896,23,1,2839,0.2,2271.2
13218,7896,45,1,4158,0.2,3326.4
13219,7896,14,1,28329,0.0,28329.0
13220,7897,47,2,1019,0.2,1630.4
13221,7898,47,2,1019,0.0,2038.0
13222,7899,81,1,413,0.15,351.05
13223,7900,80,1,461,0.2,368.8
13224,7900,72,1,3738,0.25,2803.5
13225,7900,50,1,798,0.25,598.5
13226,7901,32,1,1197,0.0,1197.0
13227,7902,67,1,2736,0.15,2325.6
13228,7902,10,1,38149,0.1,34334.1
13229,7903,82,1,541,0.0,541.0
13230,7904,42,1,635,0.1,571.5
13231,7904,62,1,291,0.0,291.0
13232,7904,52,3,1758,0.0,5274.0
13233,7905,22,1,1944,0.0,1944.0
13234,7906,52,1,1758,0.0,1758.0
13235,7907,17,1,2374,0.0,2374.0
13236,7908,54,1,1386,0.2,1108.8
13237,7908,77,1,3321,0.2,2656.8
13238,7909,72,1,3738,0.15,3177.3
13239,7909,40,1,1769,0.0,1769.0
13240,7910,16,1,22376,0.1,20138.4
13241,7910,31,1,2822,0.2,2257.6
13242,7910,44,1,4283,0.0,4283.0
13243,7911,52,1,1758,0.05,1670.1
13244,7912,77,1,3321,0.25,2490.75
13245,7913,18,2,4367,0.0,8734.0
13246,7914,59,2,1172,0.2,1875.2
13247,7914,29,1,2027,0.15,1722.95
13248,7914,49,1,1101,0.1,990.9
13249,7915,21,2,568,0.15,965.6
13250,7916,14,2,28329,0.05,53825.1
13251,7916,67,1,2736,0.0,2736.0
13252,7916,8,1,38096,0.1,34286.4
13253,7917,19,1,41782,0.25,31336.5
13254,7918,50,2,798,0.0,1596.0
13255,7919,60,2,405,0.15,688.5
13256,7919,67,1,2736,0.1,2462.4
13257,7920,31,3,2822,0.0,8466.0
13258,7920,72,1,3738,0.2,2990.4
13259,7921,80,1,461,0.0,461.0
13260,7921,19,1,41782,0.25,31336.5
13261,7922,85,2,128,0.25,192.0
13262,7922,24,1,1087,0.2,869.6
13263,7923,17,1,2374,0.05,2255.3
13264,7924,47,2,1019,0.1,1834.2
13265,7924,74,1,745,0.2,596.0
13266,7925,83,3,898,0.2,2155.2
13267,7925,60,2,405,0.0,810.0
13268,7926,17,1,2374,0.2,1899.2
13269,7926,84,1,610,0.25,457.5
13270,7926,69,1,3850,0.05,3657.5
13271,7926,58,1,1070,0.25,802.5
13272,7927,40,1,1769,0.2,1415.2
13273,7928,41,3,5245,0.15,13374.75
13274,7928,30,1,2247,0.0,2247.0
13275,7929,1,2,9563,0.25,14344.5
13276,7929,61,2,680,0.25,1020.0
13277,7930,29,1,2027,0.0,2027.0
13278,7931,58,1,1070,0.1,963.0
13279,7932,24,1,1087,0.2,869.6
13280,7932,56,1,613,0.2,490.4
13281,7932,71,1,3039,0.0,3039.0
13282,7933,85,1,128,0.15,108.8
13283,7933,86,1,441,0.0,441.0
13284,7933,65,1,564,0.1,507.6
13285,7934,33,1,3307,0.15,2810.95
13286,7934,80,1,461,0.0,461.0
13287,7934,36,1,1992,0.0,1992.0
13288,7935,38,2,1108,0.25,1662.0
13289,7936,35,1,4996,0.0,4996.0
13290,7936,40,1,1769,0.0,1769.0
13291,7937,10,1,38149,0.15,32426.65
13292,7938,54,1,1386,0.1,1247.4
13293,7939,82,2,541,0.15,919.7
13294,7940,49,1,1101,0.25,825.75
13295,7940,35,1,4996,0.2,3996.8
13296,7941,47,2,1019,0.0,2038.0
13297,7941,46,2,5521,0.0,11042.0
13298,7941,37,1,375,0.25,281.25
13299,7942,33,1,3307,0.0,3307.0
13300,7942,51,1,304,0.05,288.8
13301,7942,78,1,768,0.25,576.0
13302,7943,47,1,1019,0.0,1019.0
13303,7944,39,1,4515,0.25,3386.25
13304,7945,32,1,1197,0.1,1077.3
13305,7946,54,1,1386,0.0,1386.0
13306,7947,49,1,1101,0.0,1101.0
13307,7947,21,2,568,0.0,1136.0
13308,7948,59,1,1172,0.0,1172.0
13309,7949,58,1,1070,0.2,856.0
13310,7950,80,2,461,0.2,737.6
13311,7951,76,2,4344,0.2,6950.4
13312,7952,80,3,461,0.25,1037.25
13313,7952,67,2,2736,0.2,4377.6
13314,7952,46,3,5521,0.25,12422.25
13315,7953,30,1,2247,0.25,1685.25
13316,7954,77,1,3321,0.1,2988.9
13317,7954,50,1,798,0.25,598.5
13318,7954,46,1,5521,0.05,5244.95
13319,7954,44,1,4283,0.25,3212.25
13320,7955,17,1,2374,0.0,2374.0
13321,7956,1,3,9563,0.05,27254.55
13322,7957,54,1,1386,0.0,1386.0
13323,7957,29,1,2027,0.2,1621.6
13324,7957,8,1,38096,0.1,34286.4
13325,7958,74,1,745,0.0,745.0
13326,7959,2,1,37224,0.05,35362.8
13327,7960,42,1,635,0.05,603.25
13328,7961,58,1,1070,0.25,802.5
13329,7962,20,1,821,0.05,779.95
13330,7962,5,1,13447,0.15,11429.95
13331,7963,17,1,2374,0.15,2017.9
13332,7963,80,1,461,0.15,391.85
13333,7963,47,2,1019,0.1,1834.2
13334,7963,40,1,1769,0.05,1680.55
13335,7964,84,2,610,0.05,1159.0
13336,7965,51,1,304,0.15,258.4
13337,7965,36,1,1992,0.1,1792.8
13338,7965,61,1,680,0.25,510.0
13339,7966,13,2,34766,0.0,69532.0
13340,7966,7,2,40516,0.0,81032.0
13341,7967,35,1,4996,0.15,4246.6
13342,7968,38,1,1108,0.0,1108.0
13343,7969,34,1,803,0.15,682.55
13344,7969,38,1,1108,0.1,997.2
13345,7970,37,1,375,0.0,375.0
13346,7971,62,1,291,0.25,218.25
13347,7972,35,1,4996,0.25,3747.0
13348,7972,29,1,2027,0.0,2027.0
13349,7972,42,2,635,0.15,1079.5
13350,7973,30,1,2247,0.05,2134.65
13351,7974,50,1,798,0.2,638.4
13352,7975,31,1,2822,0.0,2822.0
13353,7976,56,1,613,0.05,582.35
13354,7977,13,1,34766,0.15,29551.1
13355,7977,81,2,413,0.0,826.0
13356,7978,27,2,2689,0.25,4033.5
13357,7979,31,1,2822,0.2,2257.6
13358,7979,49,2,1101,0.25,1651.5
13359,7980,55,1,979,0.05,930.05
13360,7980,57,1,846,0.2,676.8
13361,7980,20,2,821,0.15,1395.7
13362,7980,41,1,5245,0.2,4196.0
13363,7981,40,1,1769,0.15,1503.65
13364,7982,54,2,1386,0.05,2633.4
13365,7982,52,1,1758,0.05,1670.1
13366,7983,58,3,1070,0.0,3210.0
13367,7984,13,2,34766,0.2,55625.6
13368,7984,66,2,1256,0.05,2386.4
13369,7985,49,1,1101,0.05,1045.95
13370,7986,21,1,568,0.1,511.2
13371,7986,61,1,680,0.25,510.0
13372,7987,55,2,979,0.25,1468.5
13373,7987,35,1,4996,0.2,3996.8
13374,7987,56,1,613,0.1,551.7
13375,7988,22,1,1944,0.0,1944.0
13376,7988,5,1,13447,0.15,11429.95
13377,7988,71,1,3039,0.2,2431.2
13378,7988,85,1,128,0.0,128.0
13379,7989,58,2,1070,0.0,2140.0
13380,7989,26,1,546,0.15,464.1
13381,7989,66,3,1256,0.15,3202.8
13382,7989,44,1,4283,0.15,3640.55
13383,7990,68,1,2741,0.15,2329.85
13384,7991,83,1,898,0.25,673.5
13385,7991,13,1,34766,0.0,34766.0
13386,7991,67,1,2736,0.2,2188.8
13387,7992,1,2,9563,0.15,16257.1
13388,7992,77,2,3321,0.2,5313.6
13389,7993,80,1,461,0.15,391.85
13390,7994,41,1,5245,0.0,5245.0
13391,7994,16,1,22376,0.2,17900.8
13392,7994,1,1,9563,0.05,9084.85
13393,7995,81,1,413,0.05,392.35
13394,7995,79,1,995,0.15,845.75
13395,7996,49,1,1101,0.0,1101.0
13396,7996,65,1,564,0.25,423.0
13397,7996,16,1,22376,0.0,22376.0
13398,7997,58,1,1070,0.2,856.0
13399,7997,60,1,405,0.25,303.75
13400,7998,71,1,3039,0.0,3039.0
13401,7999,49,1,1101,0.05,1045.95
13402,7999,24,1,1087,0.0,1087.0
13403,8000,74,1,745,0.2,596.0
13404,8000,52,1,1758,0.0,1758.0
