order_id,customer_id,order_date,order_datetime,city,city_tier,payment_method,order_status,order_value,promised_delivery_days,actual_delivery_days,delivered_late,delivery_date,order_month
1,933,2025-12-03,2025-12-03 03:52:00,Pune,Tier 1,UPI,Delivered,9153.2,3,3.0,False,2025-12-06,2025-12
2,518,2026-03-22,2026-03-22 11:20:00,Coimbatore,Tier 2,UPI,Delivered,10185.85,4,5.0,True,2026-03-27,2026-03
3,918,2026-02-02,2026-02-02 02:56:00,Bhopal,Tier 2,UPI,Delivered,1513.0,4,4.0,False,2026-02-06,2026-02
4,798,2026-01-30,2026-01-30 10:40:00,Surat,Tier 2,UPI,Returned,50396.5,2,,,,2026-01
5,839,2025-11-21,2025-11-21 00:38:00,Mumbai,Tier 1,Credit Card,Cancelled,1769.0,3,,,,2025-11
6,141,2025-02-14,2025-02-14 19:48:00,Vadodara,Tier 2,UPI,Delivered,87356.3,5,6.0,True,2025-02-20,2025-02
7,1092,2024-12-07,2024-12-07 04:24:00,Bhopal,Tier 2,Debit Card,Delivered,423.0,4,4.0,False,2024-12-11,2024-12
8,536,2025-12-17,2025-12-17 10:41:00,Kanpur,Tier 2,UPI,RTO,6031.0,4,,,,2025-12
9,1013,2025-01-29,2025-01-29 07:13:00,Jaipur,Tier 2,UPI,Delivered,7523.0,5,4.0,False,2025-02-02,2025-01
10,885,2025-04-09,2025-04-09 15:04:00,Lucknow,Tier 2,UPI,Delivered,89304.1,4,4.0,False,2025-04-13,2025-04
11,442,2025-06-03,2025-06-03 07:27:00,Bengaluru,Tier 1,Debit Card,Delivered,968.05,4,7.0,True,2025-06-10,2025-06
12,140,2026-03-21,2026-03-21 11:25:00,Patna,Tier 3,UPI,Delivered,488.0,3,6.0,True,2026-03-27,2026-03
13,442,2024-12-03,2024-12-03 12:27:00,Bengaluru,Tier 1,Net Banking,Delivered,6780.25,4,7.0,True,2024-12-10,2024-12
14,66,2026-05-21,2026-05-21 12:35:00,Vadodara,Tier 2,Credit Card,Cancelled,286.9,3,,,,2026-05
15,882,2026-06-10,2026-06-10 00:00:00,Ghaziabad,Tier 3,Debit Card,Delivered,7650.4,5,6.0,True,2026-06-16,2026-06
16,220,2026-05-29,2026-05-29 15:19:00,Vadodara,Tier 2,Cash on Delivery,Returned,8734.0,5,,,,2026-05
17,219,2026-03-21,2026-03-21 05:12:00,Kolkata,Tier 1,Credit Card,RTO,64853.3,7,,,,2026-03
18,1073,2026-05-10,2026-05-10 20:44:00,Bengaluru,Tier 1,Debit Card,Delivered,2104.5,4,3.0,False,2026-05-13,2026-05
19,530,2026-06-20,2026-06-20 21:41:00,Chennai,Tier 1,UPI,Delivered,2735.1,3,3.0,False,2026-06-23,2026-06
20,720,2024-10-05,2024-10-05 03:49:00,Indore,Tier 2,Debit Card,Delivered,72806.3,5,6.0,True,2024-10-11,2024-10
21,832,2025-10-12,2025-10-12 16:34:00,Delhi,Tier 1,Cash on Delivery,Returned,2711.15,3,,,,2025-10
22,638,2026-05-16,2026-05-16 23:13:00,Mumbai,Tier 1,UPI,RTO,1217.25,2,,,,2026-05
23,912,2026-01-10,2026-01-10 02:49:00,Ahmedabad,Tier 2,UPI,Returned,692.0,3,,,,2026-01
24,70,2025-07-30,2025-07-30 11:11:00,Pune,Tier 1,UPI,RTO,9563.0,5,,,,2025-07
25,262,2025-12-12,2025-12-12 06:11:00,Kanpur,Tier 2,UPI,Delivered,1143.0,5,8.0,True,2025-12-20,2025-12
26,787,2025-10-28,2025-10-28 20:10:00,Patna,Tier 3,UPI,Delivered,3372.8,2,2.0,False,2025-10-30,2025-10
27,800,2025-12-26,2025-12-26 15:43:00,Guwahati,Tier 3,UPI,RTO,1128.0,7,,,,2025-12
28,474,2026-04-18,2026-04-18 01:06:00,Patna,Tier 3,Credit Card,Delivered,381.6,5,8.0,True,2026-04-26,2026-04
29,2,2026-05-14,2026-05-14 10:38:00,Vadodara,Tier 2,UPI,Delivered,18498.55,5,7.0,True,2026-05-21,2026-05
30,160,2026-06-05,2026-06-05 01:22:00,Guwahati,Tier 3,Net Banking,Delivered,2009.6,3,2.0,False,2026-06-07,2026-06
31,89,2026-03-03,2026-03-03 03:55:00,Ahmedabad,Tier 2,UPI,Delivered,27739.7,7,9.0,True,2026-03-12,2026-03
32,910,2025-12-12,2025-12-12 06:00:00,Hyderabad,Tier 1,Cash on Delivery,Returned,3905.75,5,,,,2025-12
33,852,2025-08-08,2025-08-08 19:31:00,Guwahati,Tier 3,Debit Card,Delivered,2270.25,5,6.0,True,2025-08-14,2025-08
34,612,2026-01-08,2026-01-08 06:45:00,Mumbai,Tier 1,Cash on Delivery,Delivered,79129.5,3,6.0,True,2026-01-14,2026-01
35,359,2024-12-19,2024-12-19 15:42:00,Delhi,Tier 1,UPI,Delivered,7700.0,2,4.0,True,2024-12-23,2024-12
36,676,2026-06-07,2026-06-07 00:10:00,Guwahati,Tier 3,Cash on Delivery,Delivered,5113.8,3,6.0,True,2026-06-13,2026-06
37,25,2026-03-07,2026-03-07 22:21:00,Vadodara,Tier 2,Cash on Delivery,Delivered,2584.5,7,9.0,True,2026-03-16,2026-03
38,1077,2026-06-21,2026-06-21 07:14:00,Bhopal,Tier 2,UPI,Delivered,26912.55,2,3.0,True,2026-06-24,2026-06
39,81,2025-05-05,2025-05-05 10:24:00,Mumbai,Tier 1,Debit Card,Cancelled,528.2,5,,,,2025-05
40,173,2026-04-30,2026-04-30 10:49:00,Bhopal,Tier 2,Net Banking,Delivered,1903.05,4,4.0,False,2026-05-04,2026-04
41,1198,2026-04-01,2026-04-01 09:53:00,Bengaluru,Tier 1,Credit Card,Delivered,2027.0,2,3.0,True,2026-04-04,2026-04
42,531,2025-04-27,2025-04-27 16:44:00,Delhi,Tier 1,UPI,Delivered,1896.95,3,3.0,False,2025-04-30,2025-04
43,636,2025-02-13,2025-02-13 22:47:00,Hyderabad,Tier 1,Cash on Delivery,Delivered,62566.2,2,4.0,True,2025-02-17,2025-02
44,60,2025-09-04,2025-09-04 13:43:00,Hyderabad,Tier 1,Cash on Delivery,Delivered,2479.2,7,9.0,True,2025-09-13,2025-09
45,472,2024-06-14,2024-06-14 04:20:00,Mumbai,Tier 1,Net Banking,RTO,4410.7,5,,,,2024-06
46,561,2025-07-28,2025-07-28 04:13:00,Ghaziabad,Tier 3,Net Banking,Delivered,108.8,7,7.0,False,2025-08-04,2025-07
47,1012,2026-06-17,2026-06-17 04:24:00,Delhi,Tier 1,Debit Card,Delivered,3640.55,5,5.0,False,2026-06-22,2026-06
48,1109,2026-02-05,2026-02-05 03:32:00,Indore,Tier 2,UPI,Returned,596.0,3,,,,2026-02
49,489,2024-12-30,2024-12-30 03:15:00,Surat,Tier 2,Credit Card,Delivered,6197.2,5,7.0,True,2025-01-06,2024-12
50,944,2025-08-28,2025-08-28 20:41:00,Guwahati,Tier 3,UPI,Delivered,16782.0,7,7.0,False,2025-09-04,2025-08
51,1023,2024-08-04,2024-08-04 18:36:00,Indore,Tier 2,Credit Card,Cancelled,3069.8,4,,,,2024-08
52,759,2026-05-05,2026-05-05 04:06:00,Lucknow,Tier 2,UPI,Delivered,7745.5,2,2.0,False,2026-05-07,2026-05
53,991,2026-04-18,2026-04-18 06:42:00,Lucknow,Tier 2,UPI,Delivered,5563.25,2,2.0,False,2026-04-20,2026-04
54,523,2026-06-14,2026-06-14 06:41:00,Ahmedabad,Tier 2,UPI,Delivered,8688.0,2,3.0,True,2026-06-17,2026-06
55,1125,2026-01-28,2026-01-28 17:10:00,Ahmedabad,Tier 2,Cash on Delivery,Delivered,4501.2,7,10.0,True,2026-02-07,2026-01
56,385,2026-04-06,2026-04-06 18:31:00,Delhi,Tier 1,UPI,Returned,5996.8,3,,,,2026-04
57,438,2026-06-09,2026-06-09 06:08:00,Nagpur,Tier 2,Credit Card,Cancelled,4487.0,4,,,,2026-06
58,285,2026-05-04,2026-05-04 20:57:00,Guwahati,Tier 3,UPI,Delivered,339.2,3,3.0,False,2026-05-07,2026-05
59,155,2024-09-08,2024-09-08 20:46:00,Indore,Tier 2,Cash on Delivery,Delivered,30791.1,5,5.0,False,2024-09-13,2024-09
60,1120,2025-06-23,2025-06-23 13:24:00,Chennai,Tier 1,Cash on Delivery,Delivered,846.0,7,9.0,True,2025-07-02,2025-06
61,70,2025-06-03,2025-06-03 10:40:00,Pune,Tier 1,UPI,Delivered,35945.15,4,3.0,False,2025-06-06,2025-06
62,413,2026-06-03,2026-06-03 12:14:00,Kanpur,Tier 2,Cash on Delivery,Delivered,4290.75,2,3.0,True,2026-06-06,2026-06
63,718,2026-04-05,2026-04-05 18:55:00,Guwahati,Tier 3,Credit Card,Delivered,1258.0,3,4.0,True,2026-04-09,2026-04
64,944,2026-05-27,2026-05-27 23:43:00,Guwahati,Tier 3,Credit Card,Delivered,10059.0,5,6.0,True,2026-06-02,2026-05
65,532,2025-11-11,2025-11-11 23:40:00,Jaipur,Tier 2,Debit Card,Delivered,2803.5,3,6.0,True,2025-11-17,2025-11
66,198,2025-09-12,2025-09-12 14:32:00,Coimbatore,Tier 2,UPI,Delivered,4527.7,4,4.0,False,2025-09-16,2025-09
67,1159,2026-04-01,2026-04-01 13:49:00,Surat,Tier 2,Cash on Delivery,Delivered,81197.75,7,6.0,False,2026-04-07,2026-04
68,35,2024-06-30,2024-06-30 23:18:00,Mumbai,Tier 1,Cash on Delivery,Delivered,1952.4,5,8.0,True,2024-07-08,2024-06
69,837,2026-06-06,2026-06-06 21:43:00,Delhi,Tier 1,Debit Card,Delivered,898.0,5,6.0,True,2026-06-12,2026-06
70,89,2025-09-01,2025-09-01 23:42:00,Ahmedabad,Tier 2,Debit Card,Delivered,1172.0,7,7.0,False,2025-09-08,2025-09
71,314,2025-07-09,2025-07-09 02:23:00,Surat,Tier 2,Credit Card,Delivered,47263.2,4,5.0,True,2025-07-14,2025-07
72,779,2026-06-17,2026-06-17 09:16:00,Delhi,Tier 1,UPI,Delivered,10326.1,5,8.0,True,2026-06-25,2026-06
73,752,2024-10-11,2024-10-11 11:00:00,Kanpur,Tier 2,Credit Card,Cancelled,391.85,3,,,,2024-10
74,1012,2026-05-13,2026-05-13 11:00:00,Delhi,Tier 1,Credit Card,Delivered,1197.0,5,5.0,False,2026-05-18,2026-05
75,760,2026-01-15,2026-01-15 00:09:00,Guwahati,Tier 3,Debit Card,RTO,371.7,4,,,,2026-01
76,1063,2025-11-12,2025-11-12 05:34:00,Bengaluru,Tier 1,UPI,Delivered,11042.0,3,4.0,True,2025-11-16,2025-11
77,168,2026-06-19,2026-06-19 13:00:00,Ahmedabad,Tier 2,Cash on Delivery,Delivered,617.3,5,6.0,True,2026-06-25,2026-06
78,267,2026-04-29,2026-04-29 05:42:00,Delhi,Tier 1,Cash on Delivery,Delivered,9166.85,7,9.0,True,2026-05-08,2026-04
79,283,2026-02-02,2026-02-02 03:06:00,Ahmedabad,Tier 2,UPI,Delivered,758.1,2,3.0,True,2026-02-05,2026-02
80,806,2026-04-25,2026-04-25 19:47:00,Nagpur,Tier 2,Credit Card,Delivered,30519.2,3,3.0,False,2026-04-28,2026-04
81,227,2026-03-13,2026-03-13 05:15:00,Chennai,Tier 1,Net Banking,Delivered,3888.15,7,7.0,False,2026-03-20,2026-03
82,119,2025-06-29,2025-06-29 18:40:00,Surat,Tier 2,UPI,Returned,1749.6,3,,,,2025-06
83,1036,2025-04-13,2025-04-13 13:01:00,Ahmedabad,Tier 2,UPI,Cancelled,7989.95,5,,,,2025-04
84,1062,2025-09-07,2025-09-07 16:27:00,Hyderabad,Tier 1,UPI,Returned,719.1,5,,,,2025-09
85,682,2026-05-03,2026-05-03 10:57:00,Hyderabad,Tier 1,UPI,Delivered,29551.1,3,4.0,True,2026-05-07,2026-05
86,579,2025-12-30,2025-12-30 08:58:00,Lucknow,Tier 2,UPI,Cancelled,5621.9,4,,,,2025-12
87,985,2025-01-31,2025-01-31 03:06:00,Mumbai,Tier 1,UPI,Returned,2342.6,7,,,,2025-01
88,116,2026-05-08,2026-05-08 19:23:00,Surat,Tier 2,Debit Card,Delivered,304.0,3,3.0,False,2026-05-11,2026-05
89,827,2025-12-23,2025-12-23 18:58:00,Kolkata,Tier 1,Net Banking,Returned,556.0,2,,,,2025-12
90,1016,2025-09-20,2025-09-20 19:21:00,Coimbatore,Tier 2,Debit Card,Delivered,3674.1,4,7.0,True,2025-09-27,2025-09
91,70,2026-03-19,2026-03-19 22:07:00,Pune,Tier 1,UPI,Delivered,83564.0,3,4.0,True,2026-03-23,2026-03
92,447,2026-04-22,2026-04-22 04:18:00,Kanpur,Tier 2,Cash on Delivery,Delivered,7016.7,5,8.0,True,2026-04-30,2026-04
93,1025,2026-01-24,2026-01-24 17:55:00,Ahmedabad,Tier 2,Cash on Delivery,Delivered,66840.0,7,9.0,True,2026-02-02,2026-01
94,500,2026-01-26,2026-01-26 19:17:00,Bengaluru,Tier 1,UPI,Delivered,1256.0,7,10.0,True,2026-02-05,2026-01
95,1089,2026-05-27,2026-05-27 22:46:00,Kanpur,Tier 2,UPI,Delivered,41273.4,4,3.0,False,2026-05-30,2026-05
96,1065,2025-02-15,2025-02-15 08:59:00,Indore,Tier 2,UPI,Delivered,2572.6,7,7.0,False,2025-02-22,2025-02
97,175,2025-05-05,2025-05-05 20:22:00,Delhi,Tier 1,Debit Card,Returned,3465.0,3,,,,2025-05
98,521,2026-01-27,2026-01-27 19:18:00,Nagpur,Tier 2,Cash on Delivery,Delivered,37978.65,3,4.0,True,2026-01-31,2026-01
99,402,2024-05-15,2024-05-15 17:42:00,Surat,Tier 2,Cash on Delivery,RTO,4871.8,7,,,,2024-05
100,285,2026-06-17,2026-06-17 06:52:00,Guwahati,Tier 3,UPI,Delivered,488.0,3,6.0,True,2026-06-23,2026-06
101,759,2025-11-12,2025-11-12 23:46:00,Lucknow,Tier 2,UPI,Delivered,38480.25,3,4.0,True,2025-11-16,2025-11
102,1184,2024-07-24,2024-07-24 09:10:00,Indore,Tier 2,Net Banking,Delivered,34363.7,5,7.0,True,2024-07-31,2024-07
103,662,2026-03-31,2026-03-31 23:33:00,Patna,Tier 3,Debit Card,Delivered,3592.0,2,1.0,False,2026-04-01,2026-03
104,643,2024-06-25,2024-06-25 07:49:00,Kanpur,Tier 2,UPI,Delivered,34821.65,2,2.0,False,2024-06-27,2024-06
105,35,2024-08-25,2024-08-25 15:48:00,Mumbai,Tier 1,Cash on Delivery,Cancelled,1805.25,7,,,,2024-08
106,442,2025-08-13,2025-08-13 20:34:00,Bengaluru,Tier 1,UPI,Delivered,4996.0,7,9.0,True,2025-08-22,2025-08
107,116,2026-01-29,2026-01-29 00:58:00,Surat,Tier 2,UPI,Delivered,32153.4,3,5.0,True,2026-02-03,2026-01
108,1152,2026-02-01,2026-02-01 22:52:00,Coimbatore,Tier 2,Credit Card,Delivered,19154.7,3,5.0,True,2026-02-06,2026-02
109,607,2026-01-18,2026-01-18 10:38:00,Lucknow,Tier 2,Debit Card,Delivered,1130.4,7,8.0,True,2026-01-26,2026-01
110,1125,2026-01-24,2026-01-24 03:17:00,Ahmedabad,Tier 2,Debit Card,Delivered,141320.0,4,4.0,False,2026-01-28,2026-01
111,71,2026-04-14,2026-04-14 14:46:00,Kolkata,Tier 1,Net Banking,Delivered,2466.9,3,3.0,False,2026-04-17,2026-04
112,894,2026-05-05,2026-05-05 04:11:00,Jaipur,Tier 2,UPI,RTO,1621.6,7,,,,2026-05
113,849,2025-09-12,2025-09-12 04:51:00,Hyderabad,Tier 1,Cash on Delivery,Returned,28377.75,7,,,,2025-09
114,315,2026-06-21,2026-06-21 07:24:00,Bhopal,Tier 2,Credit Card,Delivered,783.75,2,2.0,False,2026-06-23,2026-06
115,177,2026-04-01,2026-04-01 00:13:00,Vadodara,Tier 2,UPI,Delivered,205.0,2,3.0,True,2026-04-04,2026-04
116,972,2026-02-03,2026-02-03 04:18:00,Surat,Tier 2,UPI,Delivered,103714.65,2,2.0,False,2026-02-05,2026-02
117,578,2025-12-11,2025-12-11 23:01:00,Chennai,Tier 1,Cash on Delivery,Returned,556.0,5,,,,2025-12
118,933,2026-02-25,2026-02-25 05:01:00,Pune,Tier 1,UPI,Delivered,490.4,3,3.0,False,2026-02-28,2026-02
119,201,2025-10-07,2025-10-07 23:08:00,Bengaluru,Tier 1,Credit Card,RTO,12208.25,2,,,,2025-10
120,227,2024-11-07,2024-11-07 19:48:00,Chennai,Tier 1,Credit Card,Delivered,4104.0,7,8.0,True,2024-11-15,2024-11
121,468,2025-11-09,2025-11-09 16:19:00,Ahmedabad,Tier 2,UPI,RTO,5893.6,7,,,,2025-11
122,717,2025-08-04,2025-08-04 07:25:00,Bhopal,Tier 2,Cash on Delivery,Delivered,10826.9,2,3.0,True,2025-08-07,2025-08
123,221,2026-03-30,2026-03-30 06:17:00,Guwahati,Tier 3,UPI,Delivered,958.8,2,2.0,False,2026-04-01,2026-03
124,409,2026-04-12,2026-04-12 05:34:00,Coimbatore,Tier 2,UPI,Delivered,7140.3,2,2.0,False,2026-04-14,2026-04
125,227,2025-07-08,2025-07-08 02:36:00,Chennai,Tier 1,UPI,Cancelled,43469.55,7,,,,2025-07
126,1066,2025-10-19,2025-10-19 10:48:00,Lucknow,Tier 2,Debit Card,Delivered,4059.0,5,4.0,False,2025-10-23,2025-10
127,389,2025-11-28,2025-11-28 05:09:00,Kanpur,Tier 2,Credit Card,Returned,19301.75,7,,,,2025-11
128,541,2026-04-14,2026-04-14 23:38:00,Pune,Tier 1,Credit Card,Returned,36821.6,7,,,,2026-04
129,492,2026-06-17,2026-06-17 01:57:00,Nagpur,Tier 2,Net Banking,RTO,2247.0,3,,,,2026-06
130,675,2025-08-13,2025-08-13 20:31:00,Bhopal,Tier 2,Net Banking,Delivered,1220.0,5,5.0,False,2025-08-18,2025-08
131,367,2026-04-26,2026-04-26 10:10:00,Pune,Tier 1,UPI,Delivered,3321.0,2,2.0,False,2026-04-28,2026-04
132,812,2026-06-29,2026-06-29 14:16:00,Mumbai,Tier 1,Cash on Delivery,Delivered,3513.5,2,3.0,True,2026-07-02,2026-06
133,595,2025-05-13,2025-05-13 12:26:00,Kolkata,Tier 1,Cash on Delivery,Cancelled,475.15,4,,,,2025-05
134,1012,2026-04-02,2026-04-02 21:26:00,Delhi,Tier 1,Credit Card,Delivered,8062.7,7,6.0,False,2026-04-08,2026-04
135,732,2026-05-05,2026-05-05 03:18:00,Jaipur,Tier 2,UPI,Delivered,1406.4,5,5.0,False,2026-05-10,2026-05
136,951,2025-10-21,2025-10-21 14:29:00,Delhi,Tier 1,Credit Card,Returned,4219.8,5,,,,2025-10
137,1146,2024-11-25,2024-11-25 12:21:00,Ahmedabad,Tier 2,UPI,Delivered,4471.5,3,4.0,True,2024-11-29,2024-11
138,535,2026-04-28,2026-04-28 19:49:00,Ghaziabad,Tier 3,UPI,Delivered,5066.15,2,4.0,True,2026-05-02,2026-04
139,654,2025-07-07,2025-07-07 08:40:00,Ghaziabad,Tier 3,UPI,Delivered,670.5,5,7.0,True,2025-07-14,2025-07
140,1196,2026-01-31,2026-01-31 06:42:00,Delhi,Tier 1,UPI,Delivered,6652.8,4,5.0,True,2026-02-05,2026-01
141,767,2026-05-10,2026-05-10 06:22:00,Coimbatore,Tier 2,Credit Card,Delivered,2009.6,4,6.0,True,2026-05-16,2026-05
142,1177,2026-06-09,2026-06-09 00:35:00,Guwahati,Tier 3,UPI,Cancelled,3662.3,2,,,,2026-06
143,1075,2025-12-21,2025-12-21 14:59:00,Kolkata,Tier 1,Credit Card,Delivered,71859.2,4,3.0,False,2025-12-24,2025-12
144,1021,2025-06-29,2025-06-29 04:40:00,Delhi,Tier 1,Debit Card,Delivered,948.0,7,9.0,True,2025-07-08,2025-06
145,532,2025-12-23,2025-12-23 11:13:00,Jaipur,Tier 2,Cash on Delivery,Delivered,3181.5,7,7.0,False,2025-12-30,2025-12
146,500,2026-05-07,2026-05-07 20:29:00,Bengaluru,Tier 1,UPI,Delivered,1017.45,2,2.0,False,2026-05-09,2026-05
147,128,2025-11-08,2025-11-08 13:23:00,Delhi,Tier 1,Credit Card,Delivered,39005.1,5,6.0,True,2025-11-14,2025-11
148,569,2026-06-30,2026-06-30 03:05:00,Mumbai,Tier 1,UPI,Delivered,5644.0,5,5.0,False,2026-07-05,2026-06
149,198,2026-02-02,2026-02-02 14:32:00,Coimbatore,Tier 2,Net Banking,Cancelled,1050.75,7,,,,2026-02
150,211,2025-12-12,2025-12-12 03:12:00,Bengaluru,Tier 1,Cash on Delivery,Delivered,5775.0,5,7.0,True,2025-12-19,2025-12
151,921,2024-08-11,2024-08-11 11:50:00,Hyderabad,Tier 1,Credit Card,Delivered,691.2,5,5.0,False,2024-08-16,2024-08
152,1075,2025-10-07,2025-10-07 13:02:00,Kolkata,Tier 1,UPI,Delivered,5150.3,3,5.0,True,2025-10-12,2025-10
153,1184,2025-01-16,2025-01-16 19:41:00,Indore,Tier 2,Cash on Delivery,Delivered,1470.4,3,5.0,True,2025-01-21,2025-01
154,302,2026-06-16,2026-06-16 10:33:00,Patna,Tier 3,Credit Card,Delivered,410.0,7,9.0,True,2026-06-25,2026-06
155,384,2026-01-15,2026-01-15 17:10:00,Bhopal,Tier 2,UPI,Delivered,2689.0,2,2.0,False,2026-01-17,2026-01
156,592,2026-02-26,2026-02-26 00:47:00,Hyderabad,Tier 1,UPI,RTO,2329.85,3,,,,2026-02
157,228,2026-05-16,2026-05-16 20:57:00,Pune,Tier 1,UPI,Delivered,35929.6,4,3.0,False,2026-05-19,2026-05
158,212,2025-11-06,2025-11-06 02:59:00,Ghaziabad,Tier 3,Debit Card,Delivered,1051.0,2,2.0,False,2025-11-08,2025-11
159,48,2025-03-24,2025-03-24 08:57:00,Vadodara,Tier 2,UPI,Delivered,1680.55,5,5.0,False,2025-03-29,2025-03
160,200,2026-06-14,2026-06-14 00:26:00,Indore,Tier 2,Credit Card,Delivered,7323.95,5,5.0,False,2026-06-19,2026-06
161,114,2024-12-10,2024-12-10 09:00:00,Bengaluru,Tier 1,Debit Card,Delivered,9476.05,5,4.0,False,2024-12-14,2024-12
162,10,2025-12-27,2025-12-27 16:47:00,Kolkata,Tier 1,Cash on Delivery,Delivered,1087.0,7,7.0,False,2026-01-03,2025-12
163,385,2026-04-16,2026-04-16 11:07:00,Delhi,Tier 1,UPI,Delivered,41775.0,4,5.0,True,2026-04-21,2026-04
164,706,2026-05-02,2026-05-02 06:05:00,Hyderabad,Tier 1,Debit Card,Delivered,3752.4,3,4.0,True,2026-05-06,2026-05
165,918,2026-03-07,2026-03-07 06:43:00,Bhopal,Tier 2,UPI,RTO,722.7,3,,,,2026-03
166,536,2025-11-10,2025-11-10 23:31:00,Kanpur,Tier 2,Cash on Delivery,Delivered,1909.95,7,7.0,False,2025-11-17,2025-11
167,571,2025-12-20,2025-12-20 12:27:00,Nagpur,Tier 2,Credit Card,Delivered,128.0,5,5.0,False,2025-12-25,2025-12
168,419,2026-05-17,2026-05-17 01:32:00,Bengaluru,Tier 1,Credit Card,Delivered,720.8,5,4.0,False,2026-05-21,2026-05
169,670,2026-03-26,2026-03-26 05:51:00,Bhopal,Tier 2,Credit Card,Delivered,12774.65,4,5.0,True,2026-03-31,2026-03
170,268,2025-05-15,2025-05-15 10:07:00,Coimbatore,Tier 2,UPI,Delivered,2052.0,7,8.0,True,2025-05-23,2025-05
171,869,2025-12-11,2025-12-11 17:04:00,Guwahati,Tier 3,UPI,Delivered,1054.8,7,7.0,False,2025-12-18,2025-12
172,552,2026-01-30,2026-01-30 21:48:00,Mumbai,Tier 1,UPI,Delivered,218.25,5,4.0,False,2026-02-03,2026-01
173,759,2025-12-04,2025-12-04 13:07:00,Lucknow,Tier 2,Credit Card,Delivered,34323.35,2,1.0,False,2025-12-05,2025-12
174,1080,2025-11-06,2025-11-06 09:08:00,Bhopal,Tier 2,UPI,Delivered,763.3,2,2.0,False,2025-11-08,2025-11
175,1109,2026-05-23,2026-05-23 03:53:00,Indore,Tier 2,Debit Card,Delivered,902.4,2,3.0,True,2026-05-26,2026-05
176,368,2026-04-09,2026-04-09 19:03:00,Nagpur,Tier 2,UPI,Delivered,127530.0,2,3.0,True,2026-04-12,2026-04
177,912,2026-06-11,2026-06-11 23:27:00,Ahmedabad,Tier 2,UPI,Delivered,928.2,7,6.0,False,2026-06-17,2026-06
178,314,2025-03-05,2025-03-05 08:56:00,Surat,Tier 2,UPI,Delivered,3617.7,3,6.0,True,2025-03-11,2025-03
179,753,2025-06-24,2025-06-24 04:20:00,Bengaluru,Tier 1,Net Banking,Delivered,3786.05,7,10.0,True,2025-07-04,2025-06
180,1159,2026-05-18,2026-05-18 08:20:00,Surat,Tier 2,Debit Card,RTO,31289.4,2,,,,2026-05
181,438,2026-06-11,2026-06-11 17:53:00,Nagpur,Tier 2,Debit Card,Delivered,3854.25,2,2.0,False,2026-06-13,2026-06
182,280,2025-06-06,2025-06-06 21:13:00,Nagpur,Tier 2,Net Banking,Delivered,36191.2,7,8.0,True,2025-06-14,2025-06
183,938,2026-04-13,2026-04-13 09:45:00,Delhi,Tier 1,Debit Card,Delivered,2279.2,7,7.0,False,2026-04-20,2026-04
184,2,2026-06-06,2026-06-06 12:12:00,Vadodara,Tier 2,UPI,Delivered,3968.0,3,6.0,True,2026-06-12,2026-06
185,476,2026-05-19,2026-05-19 03:47:00,Patna,Tier 3,UPI,Delivered,35149.25,7,7.0,False,2026-05-26,2026-05
186,1141,2026-04-12,2026-04-12 13:13:00,Kanpur,Tier 2,UPI,Delivered,2803.5,4,5.0,True,2026-04-17,2026-04
187,94,2026-05-04,2026-05-04 01:41:00,Indore,Tier 2,Debit Card,Delivered,27812.8,3,4.0,True,2026-05-08,2026-05
188,898,2026-03-13,2026-03-13 19:31:00,Guwahati,Tier 3,Credit Card,Delivered,3141.0,2,3.0,True,2026-03-16,2026-03
189,1111,2026-01-06,2026-01-06 02:34:00,Coimbatore,Tier 2,UPI,Delivered,14230.1,5,5.0,False,2026-01-11,2026-01
190,499,2025-06-09,2025-06-09 06:22:00,Bengaluru,Tier 1,UPI,Returned,40973.5,4,,,,2025-06
191,1173,2025-04-09,2025-04-09 05:20:00,Surat,Tier 2,UPI,Returned,810.0,2,,,,2025-04
192,1007,2026-01-30,2026-01-30 15:27:00,Bhopal,Tier 2,UPI,Delivered,7315.0,3,6.0,True,2026-02-05,2026-01
193,1177,2025-12-09,2025-12-09 01:52:00,Guwahati,Tier 3,Credit Card,Delivered,9702.4,7,8.0,True,2025-12-17,2025-12
194,56,2026-06-24,2026-06-24 15:16:00,Indore,Tier 2,Credit Card,Delivered,39127.7,2,3.0,True,2026-06-27,2026-06
195,262,2026-04-13,2026-04-13 16:46:00,Kanpur,Tier 2,UPI,Returned,50088.2,3,,,,2026-04
196,728,2025-11-05,2025-11-05 20:06:00,Hyderabad,Tier 1,Cash on Delivery,Delivered,5710.5,4,5.0,True,2025-11-10,2025-11
197,249,2025-02-19,2025-02-19 12:37:00,Delhi,Tier 1,Cash on Delivery,Delivered,701.25,7,7.0,False,2025-02-26,2025-02
198,265,2026-05-21,2026-05-21 14:36:00,Kolkata,Tier 1,UPI,Delivered,7954.9,4,7.0,True,2026-05-28,2026-05
199,628,2025-04-04,2025-04-04 02:51:00,Ahmedabad,Tier 2,UPI,Delivered,9563.0,2,5.0,True,2025-04-09,2025-04
200,1195,2026-05-21,2026-05-21 00:27:00,Mumbai,Tier 1,Debit Card,Delivered,1693.2,4,4.0,False,2026-05-25,2026-05
201,293,2025-05-29,2025-05-29 22:17:00,Chennai,Tier 1,Cash on Delivery,Delivered,5521.0,4,4.0,False,2025-06-02,2025-05
202,718,2025-04-28,2025-04-28 15:59:00,Guwahati,Tier 3,UPI,Delivered,1076.0,4,5.0,True,2025-05-03,2025-04
203,676,2026-04-07,2026-04-07 09:11:00,Guwahati,Tier 3,Credit Card,Cancelled,12522.15,7,,,,2026-04
204,140,2026-04-05,2026-04-05 09:19:00,Patna,Tier 3,UPI,Delivered,61856.05,4,5.0,True,2026-04-10,2026-04
205,354,2025-09-23,2025-09-23 11:27:00,Ghaziabad,Tier 3,Credit Card,Delivered,413.0,5,5.0,False,2025-09-28,2025-09
206,861,2025-10-02,2025-10-02 19:58:00,Lucknow,Tier 2,Net Banking,Delivered,1489.3,3,5.0,True,2025-10-07,2025-10
207,257,2026-06-25,2026-06-25 00:29:00,Bengaluru,Tier 1,Cash on Delivery,RTO,2027.0,4,,,,2026-06
208,204,2026-05-17,2026-05-17 03:21:00,Jaipur,Tier 2,UPI,Cancelled,578.0,2,,,,2026-05
209,1019,2024-12-09,2024-12-09 23:37:00,Indore,Tier 2,Credit Card,Returned,1036.25,3,,,,2024-12
210,137,2025-07-07,2025-07-07 21:40:00,Delhi,Tier 1,UPI,Delivered,1677.0,5,5.0,False,2025-07-12,2025-07
211,1063,2024-12-26,2024-12-26 02:00:00,Bengaluru,Tier 1,Debit Card,Delivered,12774.65,2,5.0,True,2024-12-31,2024-12
212,1015,2025-08-28,2025-08-28 16:28:00,Jaipur,Tier 2,UPI,Delivered,2462.0,3,4.0,True,2025-09-01,2025-08
213,972,2026-06-12,2026-06-12 21:28:00,Surat,Tier 2,Debit Card,Returned,304.0,3,,,,2026-06
214,1091,2025-12-18,2025-12-18 05:32:00,Delhi,Tier 1,Debit Card,RTO,670.5,2,,,,2025-12
215,1085,2026-06-05,2026-06-05 15:23:00,Indore,Tier 2,UPI,Returned,4104.0,5,,,,2026-06
216,612,2025-07-06,2025-07-06 04:01:00,Mumbai,Tier 1,Credit Card,Delivered,3576.75,2,3.0,True,2025-07-09,2025-07
217,119,2025-06-04,2025-06-04 14:56:00,Surat,Tier 2,Credit Card,RTO,1892.4,4,,,,2025-06
218,34,2026-03-11,2026-03-11 16:24:00,Pune,Tier 1,UPI,Delivered,4532.55,4,5.0,True,2026-03-16,2026-03
219,986,2025-12-29,2025-12-29 02:58:00,Patna,Tier 3,Credit Card,Returned,42215.85,7,,,,2025-12
220,906,2026-06-14,2026-06-14 12:04:00,Lucknow,Tier 2,UPI,Delivered,2392.0,4,4.0,False,2026-06-18,2026-06
221,1124,2026-05-15,2026-05-15 03:57:00,Hyderabad,Tier 1,Debit Card,Delivered,2595.0,2,3.0,True,2026-05-18,2026-05
222,103,2025-03-31,2025-03-31 01:54:00,Vadodara,Tier 2,UPI,RTO,5594.5,2,,,,2025-03
223,1034,2026-04-16,2026-04-16 14:24:00,Indore,Tier 2,Cash on Delivery,Delivered,3343.5,3,3.0,False,2026-04-19,2026-04
224,1108,2025-07-16,2025-07-16 13:52:00,Chennai,Tier 1,Net Banking,Delivered,424.0,3,2.0,False,2025-07-18,2025-07
225,721,2026-06-13,2026-06-13 04:57:00,Surat,Tier 2,UPI,Delivered,405.0,4,4.0,False,2026-06-17,2026-06
226,852,2026-06-05,2026-06-05 15:12:00,Guwahati,Tier 3,Credit Card,Delivered,1769.0,2,5.0,True,2026-06-10,2026-06
227,646,2026-02-14,2026-02-14 20:24:00,Coimbatore,Tier 2,Credit Card,Delivered,541.0,2,5.0,True,2026-02-19,2026-02
228,967,2026-02-11,2026-02-11 01:38:00,Hyderabad,Tier 1,UPI,Delivered,230.4,5,6.0,True,2026-02-17,2026-02
229,785,2024-05-17,2024-05-17 05:18:00,Mumbai,Tier 1,Credit Card,Delivered,738.9,5,4.0,False,2024-05-21,2024-05
230,314,2025-05-04,2025-05-04 18:30:00,Surat,Tier 2,Debit Card,Delivered,384.75,4,3.0,False,2025-05-07,2025-05
231,1055,2025-04-13,2025-04-13 06:35:00,Indore,Tier 2,UPI,RTO,6927.0,7,,,,2025-04
232,242,2026-04-18,2026-04-18 11:04:00,Nagpur,Tier 2,Credit Card,Delivered,80126.7,2,2.0,False,2026-04-20,2026-04
233,241,2026-03-25,2026-03-25 15:32:00,Delhi,Tier 1,Debit Card,Delivered,758.1,2,1.0,False,2026-03-26,2026-03
234,815,2025-02-19,2025-02-19 06:34:00,Vadodara,Tier 2,Cash on Delivery,Cancelled,1369.9,3,,,,2025-02
235,632,2026-02-04,2026-02-04 22:27:00,Kolkata,Tier 1,UPI,Delivered,3007.3,4,4.0,False,2026-02-08,2026-02
236,807,2025-09-29,2025-09-29 13:58:00,Hyderabad,Tier 1,UPI,Delivered,27812.8,7,6.0,False,2025-10-05,2025-09
237,870,2026-05-05,2026-05-05 00:55:00,Surat,Tier 2,UPI,RTO,318.0,3,,,,2026-05
238,273,2025-06-26,2025-06-26 01:20:00,Bhopal,Tier 2,Debit Card,Delivered,4172.75,2,3.0,True,2025-06-29,2025-06
239,35,2025-10-13,2025-10-13 06:31:00,Mumbai,Tier 1,Debit Card,RTO,1415.5,5,,,,2025-10
240,619,2025-12-26,2025-12-26 11:49:00,Jaipur,Tier 2,UPI,Delivered,1316.5,2,3.0,True,2025-12-29,2025-12
241,743,2025-12-22,2025-12-22 22:39:00,Vadodara,Tier 2,UPI,Delivered,26912.55,4,4.0,False,2025-12-26,2025-12
242,919,2025-07-16,2025-07-16 11:46:00,Pune,Tier 1,UPI,Delivered,3212.25,2,1.0,False,2025-07-17,2025-07
243,1024,2026-03-26,2026-03-26 01:17:00,Patna,Tier 3,Credit Card,Delivered,2040.0,4,6.0,True,2026-04-01,2026-03
244,725,2026-06-10,2026-06-10 00:55:00,Vadodara,Tier 2,UPI,Delivered,1944.0,5,4.0,False,2026-06-14,2026-06
245,523,2025-09-11,2025-09-11 01:34:00,Ahmedabad,Tier 2,UPI,RTO,174.25,4,,,,2025-09
246,1146,2026-06-15,2026-06-15 18:13:00,Ahmedabad,Tier 2,UPI,RTO,1631.2,2,,,,2026-06
247,640,2026-03-05,2026-03-05 12:46:00,Nagpur,Tier 2,UPI,Returned,37400.9,3,,,,2026-03
248,127,2026-06-06,2026-06-06 00:17:00,Bhopal,Tier 2,Cash on Delivery,Returned,718.2,4,,,,2026-06
249,760,2026-04-10,2026-04-10 12:02:00,Guwahati,Tier 3,UPI,Cancelled,304.0,2,,,,2026-04
250,64,2025-11-07,2025-11-07 18:42:00,Surat,Tier 2,Cash on Delivery,Delivered,16674.95,5,5.0,False,2025-11-12,2025-11
251,113,2025-04-24,2025-04-24 01:37:00,Guwahati,Tier 3,UPI,Delivered,716.2,4,5.0,True,2025-04-29,2025-04
252,268,2026-05-20,2026-05-20 15:08:00,Coimbatore,Tier 2,Debit Card,Delivered,13447.0,3,3.0,False,2026-05-23,2026-05
253,1102,2025-11-27,2025-11-27 01:11:00,Lucknow,Tier 2,Credit Card,Returned,779.95,2,,,,2025-11
254,337,2026-04-05,2026-04-05 08:16:00,Bengaluru,Tier 1,Debit Card,Delivered,3331.2,2,2.0,False,2026-04-07,2026-04
255,213,2026-04-03,2026-04-03 06:20:00,Indore,Tier 2,UPI,Cancelled,6699.6,2,,,,2026-04
256,416,2025-04-17,2025-04-17 19:50:00,Hyderabad,Tier 1,UPI,Delivered,2055.75,4,3.0,False,2025-04-20,2025-04
257,685,2026-04-19,2026-04-19 11:02:00,Pune,Tier 1,Cash on Delivery,Delivered,50472.15,7,6.0,False,2026-04-25,2026-04
258,852,2025-05-14,2025-05-14 12:48:00,Guwahati,Tier 3,UPI,Returned,2226.8,7,,,,2025-05
259,272,2026-04-12,2026-04-12 18:40:00,Ghaziabad,Tier 3,Debit Card,Delivered,1769.0,7,10.0,True,2026-04-22,2026-04
260,281,2026-01-10,2026-01-10 16:33:00,Hyderabad,Tier 1,UPI,Delivered,3551.1,4,4.0,False,2026-01-14,2026-01
261,1139,2025-07-02,2025-07-02 07:29:00,Chennai,Tier 1,Net Banking,Delivered,869.6,4,4.0,False,2025-07-06,2025-07
262,155,2025-06-23,2025-06-23 17:32:00,Indore,Tier 2,Cash on Delivery,Delivered,6882.05,7,7.0,False,2025-06-30,2025-06
263,1016,2025-09-11,2025-09-11 07:49:00,Coimbatore,Tier 2,Debit Card,Delivered,6595.7,2,4.0,True,2025-09-15,2025-09
264,1045,2026-01-31,2026-01-31 16:09:00,Nagpur,Tier 2,Credit Card,Cancelled,37452.6,4,,,,2026-01
265,672,2026-06-22,2026-06-22 23:06:00,Bengaluru,Tier 1,Cash on Delivery,Delivered,6787.6,5,6.0,True,2026-06-28,2026-06
266,309,2026-06-03,2026-06-03 12:44:00,Guwahati,Tier 3,UPI,Delivered,38175.2,7,7.0,False,2026-06-10,2026-06
267,314,2025-02-26,2025-02-26 02:47:00,Surat,Tier 2,Cash on Delivery,Delivered,3907.45,7,7.0,False,2025-03-05,2025-02
268,386,2025-12-12,2025-12-12 00:37:00,Pune,Tier 1,UPI,Cancelled,12511.8,2,,,,2025-12
269,1175,2025-08-05,2025-08-05 09:31:00,Bhopal,Tier 2,UPI,Delivered,7650.4,4,5.0,True,2025-08-10,2025-08
270,533,2026-03-22,2026-03-22 10:48:00,Chennai,Tier 1,Cash on Delivery,Delivered,53825.1,5,6.0,True,2026-03-28,2026-03
271,236,2026-04-10,2026-04-10 19:20:00,Bengaluru,Tier 1,UPI,Delivered,476.25,5,5.0,False,2026-04-15,2026-04
272,184,2025-11-08,2025-11-08 09:58:00,Hyderabad,Tier 1,Cash on Delivery,Delivered,8214.0,7,7.0,False,2025-11-15,2025-11
273,71,2026-01-12,2026-01-12 19:57:00,Kolkata,Tier 1,Cash on Delivery,Delivered,44752.0,5,4.0,False,2026-01-16,2026-01
274,150,2026-06-15,2026-06-15 06:18:00,Nagpur,Tier 2,Credit Card,Cancelled,27918.0,4,,,,2026-06
275,183,2025-12-10,2025-12-10 22:45:00,Kanpur,Tier 2,Credit Card,Delivered,2736.0,4,4.0,False,2025-12-14,2025-12
276,679,2026-01-13,2026-01-13 02:47:00,Bengaluru,Tier 1,Debit Card,Delivered,1077.3,5,5.0,False,2026-01-18,2026-01
277,316,2026-05-10,2026-05-10 01:27:00,Kolkata,Tier 1,Cash on Delivery,Delivered,7729.0,3,3.0,False,2026-05-13,2026-05
278,1159,2026-06-12,2026-06-12 12:55:00,Surat,Tier 2,Debit Card,Delivered,3850.0,5,6.0,True,2026-06-18,2026-06
279,187,2025-02-17,2025-02-17 06:40:00,Chennai,Tier 1,Cash on Delivery,Delivered,34434.05,3,2.0,False,2025-02-19,2025-02
280,662,2026-05-11,2026-05-11 22:16:00,Patna,Tier 3,UPI,Cancelled,7354.25,4,,,,2026-05
281,205,2026-04-11,2026-04-11 09:42:00,Bhopal,Tier 2,Credit Card,Delivered,12203.35,2,3.0,True,2026-04-14,2026-04
282,87,2026-05-24,2026-05-24 14:20:00,Mumbai,Tier 1,Debit Card,Delivered,521.05,2,3.0,True,2026-05-27,2026-05
283,415,2026-01-08,2026-01-08 22:08:00,Chennai,Tier 1,Cash on Delivery,RTO,6814.85,5,,,,2026-01
284,419,2025-03-19,2025-03-19 17:49:00,Bengaluru,Tier 1,UPI,Delivered,1326.75,5,7.0,True,2025-03-26,2025-03
285,87,2026-04-13,2026-04-13 01:17:00,Mumbai,Tier 1,Debit Card,Delivered,24204.6,5,7.0,True,2026-04-20,2026-04
286,1102,2024-09-09,2024-09-09 18:56:00,Lucknow,Tier 2,Credit Card,Delivered,1633.25,2,4.0,True,2024-09-13,2024-09
287,1142,2025-12-09,2025-12-09 22:21:00,Guwahati,Tier 3,Net Banking,Delivered,903.45,3,5.0,True,2025-12-14,2025-12
288,187,2025-05-28,2025-05-28 09:51:00,Chennai,Tier 1,Cash on Delivery,Delivered,646.0,2,1.0,False,2025-05-29,2025-05
289,499,2025-01-05,2025-01-05 16:06:00,Bengaluru,Tier 1,UPI,Delivered,337.5,2,2.0,False,2025-01-07,2025-01
290,1105,2026-06-29,2026-06-29 22:15:00,Lucknow,Tier 2,UPI,Delivered,7993.6,3,4.0,True,2026-07-03,2026-06
291,532,2026-06-06,2026-06-06 02:04:00,Jaipur,Tier 2,Credit Card,Delivered,75933.0,2,4.0,True,2026-06-10,2026-06
292,647,2025-09-20,2025-09-20 19:54:00,Bengaluru,Tier 1,Net Banking,Delivered,36186.3,4,7.0,True,2025-09-27,2025-09
293,758,2025-05-29,2025-05-29 03:16:00,Vadodara,Tier 2,Credit Card,Returned,2603.95,5,,,,2025-05
294,470,2025-11-09,2025-11-09 08:30:00,Bhopal,Tier 2,Cash on Delivery,Delivered,1256.0,5,7.0,True,2025-11-16,2025-11
295,524,2025-10-04,2025-10-04 17:45:00,Kolkata,Tier 1,Credit Card,Delivered,31939.75,7,7.0,False,2025-10-11,2025-10
296,600,2026-04-30,2026-04-30 10:09:00,Kolkata,Tier 1,Cash on Delivery,Returned,31331.25,7,,,,2026-04
297,12,2025-05-04,2025-05-04 02:09:00,Delhi,Tier 1,Debit Card,Delivered,968.05,2,5.0,True,2025-05-09,2025-05
298,135,2025-11-11,2025-11-11 13:19:00,Bhopal,Tier 2,UPI,RTO,1555.2,2,,,,2025-11
299,464,2025-07-06,2025-07-06 22:13:00,Bhopal,Tier 2,Credit Card,RTO,41172.05,4,,,,2025-07
300,575,2025-11-18,2025-11-18 22:30:00,Indore,Tier 2,Credit Card,Delivered,1270.0,5,5.0,False,2025-11-23,2025-11
301,954,2024-09-14,2024-09-14 05:33:00,Surat,Tier 2,UPI,RTO,1118.0,2,,,,2024-09
302,717,2026-02-09,2026-02-09 15:10:00,Bhopal,Tier 2,Net Banking,Returned,447.2,5,,,,2026-02
303,909,2026-02-27,2026-02-27 09:07:00,Vadodara,Tier 2,Cash on Delivery,Delivered,3680.0,7,7.0,False,2026-03-06,2026-02
304,346,2025-06-16,2025-06-16 09:33:00,Pune,Tier 1,UPI,Returned,38887.1,4,,,,2025-06
305,95,2024-11-14,2024-11-14 05:33:00,Indore,Tier 2,Cash on Delivery,RTO,2247.0,5,,,,2024-11
306,706,2025-03-03,2025-03-03 00:19:00,Hyderabad,Tier 1,UPI,Returned,3154.55,7,,,,2025-03
307,304,2024-07-16,2024-07-16 02:22:00,Chennai,Tier 1,Credit Card,Returned,528.2,4,,,,2024-07
308,725,2026-05-14,2026-05-14 13:37:00,Vadodara,Tier 2,UPI,RTO,20991.5,2,,,,2026-05
309,1003,2025-04-24,2025-04-24 03:46:00,Lucknow,Tier 2,UPI,Delivered,3080.0,4,5.0,True,2025-04-29,2025-04
310,726,2026-05-17,2026-05-17 19:42:00,Surat,Tier 2,UPI,Delivered,194.75,2,2.0,False,2026-05-19,2026-05
311,981,2026-04-16,2026-04-16 05:30:00,Ahmedabad,Tier 2,UPI,Delivered,8217.75,3,5.0,True,2026-04-21,2026-04
312,707,2025-12-19,2025-12-19 12:45:00,Kanpur,Tier 2,UPI,Delivered,3757.4,3,5.0,True,2025-12-24,2025-12
313,956,2026-05-13,2026-05-13 14:31:00,Ahmedabad,Tier 2,Net Banking,Returned,4110.2,2,,,,2026-05
314,248,2026-01-03,2026-01-03 14:49:00,Bhopal,Tier 2,UPI,Returned,2603.95,5,,,,2026-01
315,1177,2026-02-14,2026-02-14 05:59:00,Guwahati,Tier 3,Cash on Delivery,RTO,968.05,2,,,,2026-02
316,657,2026-02-03,2026-02-03 09:21:00,Lucknow,Tier 2,Cash on Delivery,Delivered,44125.0,5,4.0,False,2026-02-07,2026-02
317,717,2026-06-28,2026-06-28 22:16:00,Bhopal,Tier 2,Debit Card,Delivered,5484.5,2,3.0,True,2026-07-01,2026-06
318,514,2025-12-07,2025-12-07 19:57:00,Bengaluru,Tier 1,UPI,RTO,4104.0,2,,,,2025-12
319,135,2026-02-17,2026-02-17 20:45:00,Bhopal,Tier 2,UPI,Delivered,3999.05,3,4.0,True,2026-02-21,2026-02
320,396,2026-06-06,2026-06-06 00:42:00,Mumbai,Tier 1,UPI,Delivered,2339.4,4,4.0,False,2026-06-10,2026-06
321,927,2024-11-12,2024-11-12 14:02:00,Vadodara,Tier 2,Debit Card,Delivered,38782.25,2,3.0,True,2024-11-15,2024-11
322,806,2026-05-14,2026-05-14 18:53:00,Nagpur,Tier 2,UPI,Returned,5143.0,3,,,,2026-05
323,472,2026-05-23,2026-05-23 00:13:00,Mumbai,Tier 1,UPI,Returned,12774.65,4,,,,2026-05
324,837,2026-06-27,2026-06-27 21:41:00,Delhi,Tier 1,Net Banking,Delivered,1481.0,4,4.0,False,2026-07-01,2026-06
325,416,2025-12-17,2025-12-17 10:26:00,Hyderabad,Tier 1,Cash on Delivery,Delivered,997.2,4,7.0,True,2025-12-24,2025-12
326,262,2025-02-05,2025-02-05 02:31:00,Kanpur,Tier 2,Credit Card,Delivered,879.0,3,2.0,False,2025-02-07,2025-02
327,1198,2026-06-09,2026-06-09 18:24:00,Bengaluru,Tier 1,Credit Card,Delivered,3372.8,4,4.0,False,2026-06-13,2026-06
328,696,2025-11-14,2025-11-14 22:32:00,Hyderabad,Tier 1,Cash on Delivery,Delivered,63414.7,4,3.0,False,2025-11-17,2025-11
329,891,2025-07-09,2025-07-09 16:42:00,Pune,Tier 1,UPI,Returned,832.15,7,,,,2025-07
330,892,2026-03-13,2026-03-13 21:37:00,Ahmedabad,Tier 2,UPI,Delivered,2822.0,3,5.0,True,2026-03-18,2026-03
331,944,2025-12-09,2025-12-09 10:21:00,Guwahati,Tier 3,Cash on Delivery,Returned,995.0,5,,,,2025-12
332,533,2026-06-13,2026-06-13 05:48:00,Chennai,Tier 1,Credit Card,Delivered,4080.3,3,4.0,True,2026-06-17,2026-06
333,893,2026-04-18,2026-04-18 19:21:00,Bhopal,Tier 2,Debit Card,Delivered,1154.25,7,7.0,False,2026-04-25,2026-04
334,273,2025-11-15,2025-11-15 13:49:00,Bhopal,Tier 2,Cash on Delivery,Delivered,413.0,4,4.0,False,2025-11-19,2025-11
335,1055,2026-06-26,2026-06-26 04:08:00,Indore,Tier 2,UPI,Returned,3300.8,2,,,,2026-06
336,766,2026-02-27,2026-02-27 06:56:00,Kolkata,Tier 1,UPI,Delivered,3141.65,5,5.0,False,2026-03-04,2026-02
337,661,2026-03-11,2026-03-11 07:09:00,Ghaziabad,Tier 3,Credit Card,Returned,3320.25,7,,,,2026-03
338,438,2026-06-21,2026-06-21 12:44:00,Nagpur,Tier 2,Cash on Delivery,Delivered,19339.3,5,5.0,False,2026-06-26,2026-06
339,717,2025-12-16,2025-12-16 04:25:00,Bhopal,Tier 2,UPI,RTO,3475.2,7,,,,2025-12
340,1025,2025-08-28,2025-08-28 17:04:00,Ahmedabad,Tier 2,Credit Card,Delivered,8792.7,3,4.0,True,2025-09-01,2025-08
341,642,2025-05-28,2025-05-28 10:32:00,Ghaziabad,Tier 3,Debit Card,Delivered,9037.35,2,2.0,False,2025-05-30,2025-05
342,701,2026-05-13,2026-05-13 13:05:00,Patna,Tier 3,UPI,Delivered,3465.0,5,8.0,True,2026-05-21,2026-05
343,249,2024-04-21,2024-04-21 08:26:00,Delhi,Tier 1,UPI,Delivered,10800.5,2,4.0,True,2024-04-25,2024-04
344,1085,2026-03-23,2026-03-23 05:20:00,Indore,Tier 2,Credit Card,Delivered,218.25,5,7.0,True,2026-03-30,2026-03
345,554,2026-04-29,2026-04-29 09:27:00,Bengaluru,Tier 1,Net Banking,Delivered,57223.5,7,8.0,True,2026-05-07,2026-04
346,1012,2026-06-30,2026-06-30 15:45:00,Delhi,Tier 1,Cash on Delivery,Delivered,52377.85,7,8.0,True,2026-07-08,2026-06
347,368,2025-06-10,2025-06-10 16:52:00,Nagpur,Tier 2,Debit Card,Cancelled,396.9,2,,,,2025-06
348,268,2025-05-03,2025-05-03 15:29:00,Coimbatore,Tier 2,UPI,Delivered,1917.6,2,3.0,True,2025-05-06,2025-05
349,532,2025-12-13,2025-12-13 09:22:00,Jaipur,Tier 2,UPI,Delivered,803.0,4,3.0,False,2025-12-16,2025-12
350,770,2026-05-20,2026-05-20 23:25:00,Delhi,Tier 1,UPI,Delivered,541.0,5,7.0,True,2026-05-27,2026-05
351,377,2026-06-26,2026-06-26 08:22:00,Lucknow,Tier 2,Debit Card,Delivered,1468.5,2,2.0,False,2026-06-28,2026-06
352,1093,2025-10-16,2025-10-16 11:02:00,Hyderabad,Tier 1,Debit Card,Delivered,5819.0,4,5.0,True,2025-10-21,2025-10
353,419,2025-09-20,2025-09-20 12:01:00,Bengaluru,Tier 1,Cash on Delivery,Delivered,556.0,5,5.0,False,2025-09-25,2025-09
354,780,2025-03-20,2025-03-20 18:16:00,Delhi,Tier 1,Debit Card,Delivered,1118.0,4,7.0,True,2025-03-27,2025-03
355,1141,2026-03-25,2026-03-25 13:17:00,Kanpur,Tier 2,Debit Card,RTO,821.0,7,,,,2026-03
356,507,2025-08-20,2025-08-20 05:43:00,Nagpur,Tier 2,UPI,Delivered,1108.8,3,4.0,True,2025-08-24,2025-08
357,309,2026-06-12,2026-06-12 14:38:00,Guwahati,Tier 3,UPI,Returned,1652.4,3,,,,2026-06
358,965,2025-03-17,2025-03-17 19:18:00,Guwahati,Tier 3,Debit Card,RTO,3411.2,7,,,,2025-03
359,634,2024-09-21,2024-09-21 10:21:00,Lucknow,Tier 2,UPI,Delivered,96.0,3,3.0,False,2024-09-24,2024-09
360,256,2026-03-17,2026-03-17 12:16:00,Bengaluru,Tier 1,UPI,Delivered,34943.1,4,5.0,True,2026-03-22,2026-03
361,121,2025-08-01,2025-08-01 14:43:00,Guwahati,Tier 3,UPI,Delivered,5178.9,2,3.0,True,2025-08-04,2025-08
362,385,2026-05-30,2026-05-30 23:31:00,Delhi,Tier 1,UPI,Delivered,3738.0,2,4.0,True,2026-06-03,2026-05
363,402,2024-12-08,2024-12-08 06:07:00,Surat,Tier 2,UPI,Cancelled,8531.4,7,,,,2024-12
364,865,2026-01-22,2026-01-22 10:49:00,Coimbatore,Tier 2,Debit Card,Delivered,1416.25,3,5.0,True,2026-01-27,2026-01
365,79,2026-04-24,2026-04-24 14:18:00,Indore,Tier 2,UPI,Delivered,10907.55,2,4.0,True,2026-04-28,2026-04
366,533,2026-04-09,2026-04-09 13:26:00,Chennai,Tier 1,Debit Card,Delivered,4244.2,2,3.0,True,2026-04-12,2026-04
367,1191,2026-05-28,2026-05-28 07:10:00,Bhopal,Tier 2,Debit Card,Cancelled,1855.8,7,,,,2026-05
368,924,2026-06-24,2026-06-24 06:54:00,Surat,Tier 2,Credit Card,Delivered,7963.75,4,4.0,False,2026-06-28,2026-06
369,13,2025-12-31,2025-12-31 02:57:00,Kolkata,Tier 1,UPI,Delivered,1520.25,3,3.0,False,2026-01-03,2025-12
370,421,2026-06-24,2026-06-24 14:32:00,Vadodara,Tier 2,UPI,Returned,4714.0,2,,,,2026-06
371,63,2026-04-17,2026-04-17 01:43:00,Indore,Tier 2,UPI,Returned,692.0,2,,,,2026-04
372,790,2025-12-27,2025-12-27 08:56:00,Pune,Tier 1,Credit Card,RTO,38660.0,4,,,,2025-12
373,246,2026-06-11,2026-06-11 23:49:00,Guwahati,Tier 3,UPI,Delivered,32855.0,2,2.0,False,2026-06-13,2026-06
374,56,2026-05-04,2026-05-04 18:48:00,Indore,Tier 2,Debit Card,Delivered,3039.0,3,6.0,True,2026-05-10,2026-05
375,781,2025-06-11,2025-06-11 08:06:00,Hyderabad,Tier 1,Debit Card,Delivered,2916.0,3,4.0,True,2025-06-15,2025-06
376,523,2025-10-19,2025-10-19 09:44:00,Ahmedabad,Tier 2,UPI,Delivered,722.7,7,6.0,False,2025-10-25,2025-10
377,999,2026-03-07,2026-03-07 04:09:00,Coimbatore,Tier 2,UPI,Delivered,763.3,4,5.0,True,2026-03-12,2026-03
378,1089,2025-12-02,2025-12-02 18:40:00,Kanpur,Tier 2,Credit Card,Delivered,1386.0,3,4.0,True,2025-12-06,2025-12
379,382,2026-05-15,2026-05-15 08:40:00,Bhopal,Tier 2,UPI,Delivered,798.0,4,5.0,True,2026-05-20,2026-05
380,1155,2026-06-18,2026-06-18 16:47:00,Guwahati,Tier 3,UPI,Delivered,30839.7,7,8.0,True,2026-06-26,2026-06
381,281,2025-08-19,2025-08-19 15:41:00,Hyderabad,Tier 1,Cash on Delivery,Delivered,1621.6,2,2.0,False,2025-08-21,2025-08
382,918,2026-04-19,2026-04-19 07:19:00,Bhopal,Tier 2,UPI,Delivered,2982.0,3,4.0,True,2026-04-23,2026-04
383,271,2026-05-12,2026-05-12 14:36:00,Lucknow,Tier 2,Cash on Delivery,Returned,11305.95,2,,,,2026-05
384,1084,2026-02-21,2026-02-21 16:04:00,Kolkata,Tier 1,Credit Card,Delivered,291.0,2,5.0,True,2026-02-26,2026-02
385,1084,2026-06-23,2026-06-23 16:15:00,Kolkata,Tier 1,UPI,Delivered,4942.2,3,2.0,False,2026-06-25,2026-06
386,929,2026-01-30,2026-01-30 08:35:00,Chennai,Tier 1,UPI,Delivered,2216.0,3,4.0,True,2026-02-03,2026-01
387,271,2026-01-20,2026-01-20 06:14:00,Lucknow,Tier 2,Credit Card,Delivered,732.0,3,6.0,True,2026-01-26,2026-01
388,314,2025-05-10,2025-05-10 14:05:00,Surat,Tier 2,UPI,Delivered,27918.0,4,3.0,False,2025-05-13,2025-05
389,523,2026-06-21,2026-06-21 13:55:00,Ahmedabad,Tier 2,Debit Card,Delivered,1780.5,2,3.0,True,2026-06-24,2026-06
390,1142,2026-05-28,2026-05-28 13:38:00,Guwahati,Tier 3,Credit Card,Delivered,414.9,4,5.0,True,2026-06-02,2026-05
391,1161,2026-06-27,2026-06-27 17:15:00,Mumbai,Tier 1,UPI,Delivered,1936.25,5,4.0,False,2026-07-01,2026-06
392,231,2026-05-19,2026-05-19 16:30:00,Surat,Tier 2,UPI,Delivered,2735.1,2,5.0,True,2026-05-24,2026-05
393,821,2025-02-04,2025-02-04 20:43:00,Kolkata,Tier 1,Cash on Delivery,Delivered,1670.1,3,4.0,True,2025-02-08,2025-02
394,119,2025-12-06,2025-12-06 09:20:00,Surat,Tier 2,Credit Card,RTO,356.25,7,,,,2025-12
395,1050,2025-05-28,2025-05-28 10:10:00,Kolkata,Tier 1,Net Banking,Delivered,3786.0,7,9.0,True,2025-06-06,2025-05
396,438,2026-06-24,2026-06-24 23:17:00,Nagpur,Tier 2,Cash on Delivery,Delivered,1485.0,4,4.0,False,2026-06-28,2026-06
397,268,2025-08-05,2025-08-05 10:46:00,Coimbatore,Tier 2,Cash on Delivery,Delivered,102.4,5,4.0,False,2025-08-09,2025-08
398,1091,2026-03-11,2026-03-11 01:26:00,Delhi,Tier 1,Debit Card,Delivered,808.2,2,2.0,False,2026-03-13,2026-03
399,45,2024-12-14,2024-12-14 21:45:00,Jaipur,Tier 2,UPI,Delivered,676.8,4,4.0,False,2024-12-18,2024-12
400,426,2026-03-24,2026-03-24 06:39:00,Delhi,Tier 1,Credit Card,Delivered,1070.0,4,7.0,True,2026-03-31,2026-03
401,1181,2026-01-27,2026-01-27 18:30:00,Ghaziabad,Tier 3,Net Banking,Delivered,9636.75,3,4.0,True,2026-01-31,2026-01
402,1124,2026-06-29,2026-06-29 12:03:00,Hyderabad,Tier 1,UPI,Delivered,27918.0,4,4.0,False,2026-07-03,2026-06
403,786,2026-02-23,2026-02-23 04:56:00,Surat,Tier 2,UPI,RTO,3113.6,7,,,,2026-02
404,770,2026-06-04,2026-06-04 21:16:00,Delhi,Tier 1,Credit Card,Delivered,1172.0,4,5.0,True,2026-06-09,2026-06
405,342,2026-02-10,2026-02-10 23:56:00,Kanpur,Tier 2,UPI,Delivered,174.25,3,4.0,True,2026-02-14,2026-02
406,732,2026-05-18,2026-05-18 19:47:00,Jaipur,Tier 2,UPI,Delivered,1198.0,7,8.0,True,2026-05-26,2026-05
407,720,2024-10-09,2024-10-09 18:27:00,Indore,Tier 2,Cash on Delivery,Delivered,39028.1,7,7.0,False,2024-10-16,2024-10
408,623,2025-05-20,2025-05-20 17:10:00,Bhopal,Tier 2,Cash on Delivery,Delivered,1037.4,2,4.0,True,2025-05-24,2025-05
409,186,2026-06-08,2026-06-08 08:29:00,Vadodara,Tier 2,Cash on Delivery,Delivered,104446.65,7,8.0,True,2026-06-16,2026-06
410,404,2025-07-25,2025-07-25 19:53:00,Chennai,Tier 1,UPI,Delivered,2466.9,3,4.0,True,2025-07-29,2025-07
411,1151,2025-11-14,2025-11-14 14:41:00,Lucknow,Tier 2,UPI,Returned,3925.0,3,,,,2025-11
412,221,2025-12-01,2025-12-01 05:06:00,Guwahati,Tier 3,Credit Card,Delivered,7809.25,3,3.0,False,2025-12-04,2025-12
413,892,2025-12-13,2025-12-13 09:10:00,Ahmedabad,Tier 2,Cash on Delivery,Delivered,702.1,2,2.0,False,2025-12-15,2025-12
414,247,2026-06-19,2026-06-19 14:07:00,Lucknow,Tier 2,UPI,Delivered,7129.5,3,5.0,True,2026-06-24,2026-06
415,384,2025-11-06,2025-11-06 02:11:00,Bhopal,Tier 2,Cash on Delivery,Delivered,35144.2,7,8.0,True,2025-11-14,2025-11
416,803,2026-05-13,2026-05-13 13:12:00,Indore,Tier 2,Cash on Delivery,Delivered,644.25,2,1.0,False,2026-05-14,2026-05
417,420,2026-02-28,2026-02-28 13:25:00,Lucknow,Tier 2,UPI,Delivered,42571.2,5,8.0,True,2026-03-08,2026-02
418,367,2026-01-04,2026-01-04 08:46:00,Pune,Tier 1,Cash on Delivery,Returned,848.0,7,,,,2026-01
419,204,2024-07-30,2024-07-30 04:33:00,Jaipur,Tier 2,UPI,Delivered,121.6,4,5.0,True,2024-08-04,2024-07
420,706,2026-02-22,2026-02-22 05:26:00,Hyderabad,Tier 1,UPI,Delivered,3321.0,4,4.0,False,2026-02-26,2026-02
421,811,2026-01-23,2026-01-23 00:31:00,Coimbatore,Tier 2,UPI,Delivered,1224.2,2,3.0,True,2026-01-26,2026-01
422,1124,2026-04-18,2026-04-18 15:02:00,Hyderabad,Tier 1,Cash on Delivery,RTO,43094.8,4,,,,2026-04
423,892,2025-12-24,2025-12-24 02:26:00,Ahmedabad,Tier 2,UPI,Delivered,91161.0,3,2.0,False,2025-12-26,2025-12
424,151,2026-03-06,2026-03-06 15:30:00,Surat,Tier 2,UPI,Delivered,4739.8,3,3.0,False,2026-03-09,2026-03
425,367,2026-05-11,2026-05-11 04:51:00,Pune,Tier 1,UPI,Delivered,2257.6,4,4.0,False,2026-05-15,2026-05
426,706,2025-09-06,2025-09-06 07:16:00,Hyderabad,Tier 1,Debit Card,Delivered,7172.25,7,8.0,True,2025-09-14,2025-09
427,1062,2025-10-13,2025-10-13 10:27:00,Hyderabad,Tier 1,Debit Card,Delivered,73728.0,2,2.0,False,2025-10-15,2025-10
428,252,2025-07-19,2025-07-19 00:09:00,Bhopal,Tier 2,UPI,Returned,2633.65,5,,,,2025-07
429,18,2026-05-06,2026-05-06 06:40:00,Vadodara,Tier 2,UPI,Cancelled,40243.15,4,,,,2026-05
430,576,2026-04-08,2026-04-08 15:49:00,Coimbatore,Tier 2,Credit Card,Delivered,4924.8,2,3.0,True,2026-04-11,2026-04
431,837,2026-06-01,2026-06-01 20:01:00,Delhi,Tier 1,UPI,Delivered,825.0,2,3.0,True,2026-06-04,2026-06
432,986,2025-03-30,2025-03-30 11:19:00,Patna,Tier 3,Credit Card,Delivered,66490.9,4,4.0,False,2025-04-03,2025-03
433,1146,2025-12-02,2025-12-02 16:33:00,Ahmedabad,Tier 2,Net Banking,Delivered,803.0,4,4.0,False,2025-12-06,2025-12
434,637,2025-01-06,2025-01-06 21:10:00,Kolkata,Tier 1,Debit Card,Returned,5263.2,3,,,,2025-01
435,698,2025-07-25,2025-07-25 01:25:00,Kolkata,Tier 1,UPI,Delivered,1326.75,5,6.0,True,2025-07-31,2025-07
436,1025,2025-04-18,2025-04-18 23:19:00,Ahmedabad,Tier 2,UPI,Delivered,44127.2,2,4.0,True,2025-04-22,2025-04
437,485,2024-06-30,2024-06-30 04:30:00,Patna,Tier 3,Net Banking,Delivered,127883.15,5,7.0,True,2024-07-07,2024-06
438,180,2026-01-09,2026-01-09 06:15:00,Lucknow,Tier 2,UPI,Delivered,37133.6,2,2.0,False,2026-01-11,2026-01
439,23,2025-09-05,2025-09-05 09:33:00,Coimbatore,Tier 2,Net Banking,Delivered,17587.75,7,10.0,True,2025-09-15,2025-09
440,505,2024-07-02,2024-07-02 02:56:00,Hyderabad,Tier 1,Cash on Delivery,RTO,205.0,5,,,,2024-07
441,523,2025-07-22,2025-07-22 03:40:00,Ahmedabad,Tier 2,Credit Card,Delivered,228.0,4,4.0,False,2025-07-26,2025-07
442,74,2026-04-19,2026-04-19 03:05:00,Ghaziabad,Tier 3,Debit Card,RTO,32226.1,5,,,,2026-04
443,1024,2025-12-03,2025-12-03 20:06:00,Patna,Tier 3,UPI,RTO,1388.8,5,,,,2025-12
444,1164,2026-04-12,2026-04-12 08:22:00,Hyderabad,Tier 1,UPI,Delivered,59088.55,4,4.0,False,2026-04-16,2026-04
445,853,2026-06-26,2026-06-26 22:31:00,Delhi,Tier 1,Debit Card,Delivered,2651.4,7,7.0,False,2026-07-03,2026-06
446,1027,2026-06-08,2026-06-08 03:07:00,Indore,Tier 2,UPI,RTO,35443.2,4,,,,2026-06
447,1075,2026-05-18,2026-05-18 14:36:00,Kolkata,Tier 1,UPI,Delivered,705.6,2,2.0,False,2026-05-20,2026-05
448,3,2026-03-18,2026-03-18 05:01:00,Pune,Tier 1,Cash on Delivery,Returned,410.0,5,,,,2026-03
449,788,2026-06-28,2026-06-28 08:22:00,Mumbai,Tier 1,UPI,Returned,6215.05,3,,,,2026-06
450,262,2025-12-03,2025-12-03 17:41:00,Kanpur,Tier 2,Net Banking,Delivered,17422.0,4,5.0,True,2025-12-08,2025-12
451,394,2026-04-23,2026-04-23 17:47:00,Pune,Tier 1,UPI,Delivered,2140.0,5,6.0,True,2026-04-29,2026-04
452,628,2026-03-11,2026-03-11 15:40:00,Ahmedabad,Tier 2,Net Banking,Delivered,852.0,4,5.0,True,2026-03-16,2026-03
453,933,2025-09-18,2025-09-18 11:48:00,Pune,Tier 1,Cash on Delivery,Delivered,1077.3,7,8.0,True,2025-09-26,2025-09
454,812,2026-01-26,2026-01-26 17:11:00,Mumbai,Tier 1,Debit Card,Delivered,324.0,4,4.0,False,2026-01-30,2026-01
455,1015,2026-02-06,2026-02-06 17:22:00,Jaipur,Tier 2,UPI,Delivered,7819.2,7,7.0,False,2026-02-13,2026-02
456,1025,2025-07-23,2025-07-23 07:28:00,Ahmedabad,Tier 2,UPI,Delivered,7149.0,5,5.0,False,2025-07-28,2025-07
457,193,2026-04-04,2026-04-04 07:15:00,Indore,Tier 2,Credit Card,Delivered,748.5,7,10.0,True,2026-04-14,2026-04
458,566,2026-06-24,2026-06-24 14:26:00,Bengaluru,Tier 1,Credit Card,Delivered,2262.4,4,5.0,True,2026-06-29,2026-06
459,189,2026-04-11,2026-04-11 13:23:00,Bengaluru,Tier 1,Cash on Delivery,Delivered,3361.3,7,7.0,False,2026-04-18,2026-04
460,1168,2025-06-29,2025-06-29 16:45:00,Ahmedabad,Tier 2,Credit Card,Delivered,1415.5,4,4.0,False,2025-07-03,2025-06
461,135,2026-02-28,2026-02-28 08:36:00,Bhopal,Tier 2,Credit Card,Delivered,35726.0,3,2.0,False,2026-03-02,2026-02
462,1091,2026-05-30,2026-05-30 14:35:00,Delhi,Tier 1,UPI,Returned,26894.0,2,,,,2026-05
463,951,2026-04-10,2026-04-10 11:04:00,Delhi,Tier 1,UPI,RTO,74448.0,7,,,,2026-04
464,749,2026-06-26,2026-06-26 13:45:00,Indore,Tier 2,Cash on Delivery,RTO,7563.95,2,,,,2026-06
465,1036,2025-01-08,2025-01-08 22:48:00,Ahmedabad,Tier 2,Credit Card,Delivered,47648.0,3,3.0,False,2025-01-11,2025-01
466,1013,2025-10-21,2025-10-21 05:53:00,Jaipur,Tier 2,UPI,Delivered,3794.15,5,7.0,True,2025-10-28,2025-10
467,220,2026-06-18,2026-06-18 15:08:00,Vadodara,Tier 2,UPI,Delivered,30476.8,4,7.0,True,2026-06-25,2026-06
468,747,2024-12-02,2024-12-02 05:16:00,Guwahati,Tier 3,UPI,Delivered,2839.0,4,7.0,True,2024-12-09,2024-12
469,75,2024-09-15,2024-09-15 16:16:00,Bhopal,Tier 2,Cash on Delivery,Delivered,3640.55,2,2.0,False,2024-09-17,2024-09
470,893,2026-01-13,2026-01-13 16:00:00,Bhopal,Tier 2,UPI,Delivered,513.4,2,2.0,False,2026-01-15,2026-01
471,274,2024-12-22,2024-12-22 20:39:00,Pune,Tier 1,UPI,Delivered,22376.0,7,8.0,True,2024-12-30,2024-12
472,472,2025-10-15,2025-10-15 05:57:00,Mumbai,Tier 1,Debit Card,Delivered,30687.5,7,7.0,False,2025-10-22,2025-10
473,93,2025-11-05,2025-11-05 09:06:00,Delhi,Tier 1,Debit Card,Delivered,4648.0,7,8.0,True,2025-11-13,2025-11
474,1180,2025-10-24,2025-10-24 21:35:00,Bengaluru,Tier 1,Net Banking,Delivered,36730.65,3,5.0,True,2025-10-29,2025-10
475,1036,2024-12-27,2024-12-27 11:03:00,Ahmedabad,Tier 2,Net Banking,Delivered,46836.75,7,9.0,True,2025-01-05,2024-12
476,1105,2026-06-07,2026-06-07 20:12:00,Lucknow,Tier 2,UPI,Delivered,243.2,5,7.0,True,2026-06-14,2026-06
477,1013,2025-03-06,2025-03-06 02:31:00,Jaipur,Tier 2,Credit Card,Delivered,880.8,4,7.0,True,2025-03-13,2025-03
478,980,2025-09-25,2025-09-25 21:44:00,Ghaziabad,Tier 3,Credit Card,Delivered,5952.6,7,7.0,False,2025-10-02,2025-09
479,338,2026-05-03,2026-05-03 10:47:00,Nagpur,Tier 2,Credit Card,Delivered,968.05,4,3.0,False,2026-05-06,2026-05
480,1089,2026-04-22,2026-04-22 23:32:00,Kanpur,Tier 2,Cash on Delivery,Delivered,35726.0,3,3.0,False,2026-04-25,2026-04
481,711,2026-05-07,2026-05-07 05:57:00,Bhopal,Tier 2,Debit Card,Delivered,4289.25,7,6.0,False,2026-05-13,2026-05
482,391,2024-12-31,2024-12-31 12:13:00,Kanpur,Tier 2,UPI,Returned,1042.1,3,,,,2024-12
483,749,2026-05-05,2026-05-05 07:23:00,Indore,Tier 2,UPI,Delivered,1582.2,5,6.0,True,2026-05-11,2026-05
484,282,2025-12-21,2025-12-21 20:47:00,Kolkata,Tier 1,UPI,Delivered,66851.2,4,4.0,False,2025-12-25,2025-12
485,1048,2026-06-03,2026-06-03 15:16:00,Jaipur,Tier 2,UPI,Cancelled,2130.45,2,,,,2026-06
486,216,2025-10-29,2025-10-29 03:10:00,Ahmedabad,Tier 2,UPI,Delivered,12102.3,5,6.0,True,2025-11-04,2025-10
487,1043,2026-04-05,2026-04-05 09:18:00,Mumbai,Tier 1,UPI,Cancelled,10420.0,3,,,,2026-04
488,1068,2025-01-24,2025-01-24 16:02:00,Pune,Tier 1,Credit Card,Delivered,1004.8,3,3.0,False,2025-01-27,2025-01
489,170,2026-04-23,2026-04-23 02:15:00,Ahmedabad,Tier 2,Debit Card,Delivered,1386.0,7,7.0,False,2026-04-30,2026-04
490,63,2026-05-07,2026-05-07 06:46:00,Indore,Tier 2,UPI,Delivered,1749.6,3,4.0,True,2026-05-11,2026-05
491,116,2026-04-21,2026-04-21 06:57:00,Surat,Tier 2,UPI,Returned,2216.0,3,,,,2026-04
492,192,2025-12-16,2025-12-16 20:12:00,Patna,Tier 3,Debit Card,Delivered,2038.0,3,4.0,True,2025-12-20,2025-12
493,504,2025-06-17,2025-06-17 04:35:00,Delhi,Tier 1,UPI,Delivered,47683.0,4,5.0,True,2025-06-22,2025-06
494,345,2025-09-04,2025-09-04 04:57:00,Coimbatore,Tier 2,Debit Card,Delivered,4996.0,5,5.0,False,2025-09-09,2025-09
495,253,2026-04-25,2026-04-25 07:48:00,Kanpur,Tier 2,UPI,Returned,26794.5,7,,,,2026-04
496,552,2025-12-25,2025-12-25 09:43:00,Mumbai,Tier 1,UPI,Cancelled,68592.7,5,,,,2025-12
497,1012,2026-04-11,2026-04-11 14:34:00,Delhi,Tier 1,UPI,Delivered,869.6,4,4.0,False,2026-04-15,2026-04
498,242,2026-05-31,2026-05-31 23:01:00,Nagpur,Tier 2,Net Banking,Delivered,1193.2,5,5.0,False,2026-06-05,2026-05
499,1192,2025-09-28,2025-09-28 06:25:00,Mumbai,Tier 1,Cash on Delivery,Delivered,1108.8,5,6.0,True,2025-10-04,2025-09
500,808,2026-01-11,2026-01-11 10:42:00,Vadodara,Tier 2,UPI,Delivered,437.95,7,7.0,False,2026-01-18,2026-01
501,454,2026-05-25,2026-05-25 21:50:00,Ghaziabad,Tier 3,UPI,Cancelled,486.4,4,,,,2026-05
502,1166,2026-01-29,2026-01-29 06:25:00,Nagpur,Tier 2,Credit Card,Delivered,2271.2,2,2.0,False,2026-01-31,2026-01
503,186,2026-03-23,2026-03-23 10:35:00,Vadodara,Tier 2,Debit Card,Delivered,61832.3,4,4.0,False,2026-03-27,2026-03
504,412,2026-02-06,2026-02-06 18:50:00,Jaipur,Tier 2,UPI,Delivered,43339.0,5,6.0,True,2026-02-12,2026-02
505,426,2025-12-18,2025-12-18 19:33:00,Delhi,Tier 1,Debit Card,RTO,424.0,2,,,,2025-12
506,662,2026-03-21,2026-03-21 00:58:00,Patna,Tier 3,UPI,Delivered,945.2,3,3.0,False,2026-03-24,2026-03
507,559,2025-07-17,2025-07-17 09:53:00,Indore,Tier 2,UPI,Delivered,33286.0,7,7.0,False,2025-07-24,2025-07
508,1164,2024-11-01,2024-11-01 05:26:00,Hyderabad,Tier 1,Credit Card,Delivered,5064.9,3,3.0,False,2024-11-04,2024-11
509,36,2026-01-09,2026-01-09 04:58:00,Nagpur,Tier 2,UPI,Delivered,1884.0,5,8.0,True,2026-01-17,2026-01
510,610,2025-09-28,2025-09-28 00:37:00,Vadodara,Tier 2,Cash on Delivery,Returned,1172.0,5,,,,2025-09
511,404,2025-08-01,2025-08-01 15:42:00,Chennai,Tier 1,UPI,Cancelled,318.75,2,,,,2025-08
512,472,2024-09-04,2024-09-04 04:39:00,Mumbai,Tier 1,Debit Card,Delivered,43903.9,4,7.0,True,2024-09-11,2024-09
513,417,2024-06-14,2024-06-14 19:57:00,Pune,Tier 1,UPI,Cancelled,1062.1,7,,,,2024-06
514,171,2025-10-14,2025-10-14 16:57:00,Mumbai,Tier 1,Credit Card,Delivered,4367.9,4,3.0,False,2025-10-17,2025-10
515,198,2025-08-01,2025-08-01 23:48:00,Coimbatore,Tier 2,Credit Card,Returned,898.0,7,,,,2025-08
516,468,2024-04-13,2024-04-13 23:36:00,Ahmedabad,Tier 2,UPI,Delivered,880.8,2,3.0,True,2024-04-16,2024-04
517,271,2026-04-11,2026-04-11 10:23:00,Lucknow,Tier 2,Cash on Delivery,Delivered,1765.45,4,4.0,False,2026-04-15,2026-04
518,184,2026-04-21,2026-04-21 09:17:00,Hyderabad,Tier 1,Cash on Delivery,Delivered,6928.5,2,2.0,False,2026-04-23,2026-04
519,797,2026-05-13,2026-05-13 05:23:00,Lucknow,Tier 2,UPI,Delivered,77144.0,4,4.0,False,2026-05-17,2026-05
520,280,2025-08-18,2025-08-18 18:40:00,Nagpur,Tier 2,Debit Card,Delivered,413.0,2,2.0,False,2025-08-20,2025-08
521,34,2024-10-08,2024-10-08 23:59:00,Pune,Tier 1,UPI,Delivered,2395.3,3,2.0,False,2024-10-10,2024-10
522,1102,2026-01-30,2026-01-30 02:24:00,Lucknow,Tier 2,Debit Card,Delivered,65008.5,7,7.0,False,2026-02-06,2026-01
523,510,2026-06-13,2026-06-13 09:46:00,Indore,Tier 2,Credit Card,Returned,6924.1,2,,,,2026-06
524,347,2026-01-29,2026-01-29 06:11:00,Patna,Tier 3,Net Banking,Delivered,2462.4,7,9.0,True,2026-02-07,2026-01
525,997,2025-08-09,2025-08-09 20:18:00,Patna,Tier 3,Credit Card,Delivered,3236.9,4,4.0,False,2025-08-13,2025-08
526,222,2025-03-29,2025-03-29 01:04:00,Delhi,Tier 1,UPI,Delivered,4092.1,2,2.0,False,2025-03-31,2025-03
527,530,2026-05-27,2026-05-27 18:49:00,Chennai,Tier 1,Debit Card,Delivered,76948.15,5,6.0,True,2026-06-02,2026-05
528,382,2026-06-30,2026-06-30 15:23:00,Bhopal,Tier 2,UPI,Delivered,35945.15,3,3.0,False,2026-07-03,2026-06
529,236,2025-07-11,2025-07-11 22:22:00,Bengaluru,Tier 1,Credit Card,Delivered,1630.4,5,8.0,True,2025-07-19,2025-07
530,413,2026-06-14,2026-06-14 04:09:00,Kanpur,Tier 2,Net Banking,RTO,2462.0,4,,,,2026-06
531,500,2026-01-06,2026-01-06 20:09:00,Bengaluru,Tier 1,UPI,Delivered,750.0,3,3.0,False,2026-01-09,2026-01
532,1,2024-09-04,2024-09-04 03:01:00,Hyderabad,Tier 1,Credit Card,Delivered,226.5,5,5.0,False,2024-09-09,2024-09
533,980,2025-10-11,2025-10-11 17:17:00,Ghaziabad,Tier 3,UPI,Delivered,6159.2,5,4.0,False,2025-10-15,2025-10
534,227,2025-10-02,2025-10-02 03:04:00,Chennai,Tier 1,Debit Card,Delivered,1319.75,5,4.0,False,2025-10-06,2025-10
535,759,2025-12-21,2025-12-21 20:10:00,Lucknow,Tier 2,Debit Card,Delivered,20702.4,4,5.0,True,2025-12-26,2025-12
536,532,2026-05-23,2026-05-23 22:55:00,Jaipur,Tier 2,UPI,Delivered,42748.35,5,6.0,True,2026-05-29,2026-05
537,917,2026-05-24,2026-05-24 10:36:00,Kolkata,Tier 1,Debit Card,Delivered,98621.4,5,8.0,True,2026-06-01,2026-05
538,501,2026-06-18,2026-06-18 00:20:00,Guwahati,Tier 3,Cash on Delivery,Delivered,2398.7,2,5.0,True,2026-06-23,2026-06
539,152,2026-05-06,2026-05-06 19:57:00,Delhi,Tier 1,UPI,RTO,7142.4,3,,,,2026-05
540,662,2026-05-04,2026-05-04 01:30:00,Patna,Tier 3,UPI,Delivered,31331.25,7,7.0,False,2026-05-11,2026-05
541,97,2026-05-12,2026-05-12 08:20:00,Jaipur,Tier 2,Cash on Delivery,Delivered,3032.95,4,3.0,False,2026-05-15,2026-05
542,263,2026-03-20,2026-03-20 06:33:00,Ghaziabad,Tier 3,UPI,Delivered,9375.85,3,4.0,True,2026-03-24,2026-03
543,319,2025-05-27,2025-05-27 00:41:00,Coimbatore,Tier 2,Net Banking,Returned,441.0,5,,,,2025-05
544,413,2026-06-20,2026-06-20 12:35:00,Kanpur,Tier 2,Credit Card,Delivered,2227.1,7,10.0,True,2026-06-30,2026-06
545,906,2025-07-08,2025-07-08 05:37:00,Lucknow,Tier 2,UPI,Delivered,247.35,7,10.0,True,2025-07-18,2025-07
546,542,2025-07-16,2025-07-16 04:20:00,Vadodara,Tier 2,UPI,RTO,4246.6,5,,,,2025-07
547,799,2025-01-06,2025-01-06 10:39:00,Ahmedabad,Tier 2,UPI,RTO,44912.0,7,,,,2025-01
548,671,2025-10-18,2025-10-18 23:45:00,Vadodara,Tier 2,UPI,RTO,22376.0,2,,,,2025-10
549,347,2026-05-23,2026-05-23 05:45:00,Patna,Tier 3,UPI,Delivered,1172.0,5,6.0,True,2026-05-29,2026-05
550,758,2026-03-06,2026-03-06 02:31:00,Vadodara,Tier 2,Credit Card,Delivered,3996.8,3,3.0,False,2026-03-09,2026-03
551,128,2025-02-24,2025-02-24 14:10:00,Delhi,Tier 1,Net Banking,Delivered,25724.05,5,4.0,False,2025-02-28,2025-02
552,566,2026-03-14,2026-03-14 07:48:00,Bengaluru,Tier 1,Cash on Delivery,Delivered,38806.15,7,7.0,False,2026-03-21,2026-03
553,507,2024-08-18,2024-08-18 06:37:00,Nagpur,Tier 2,UPI,Delivered,41148.8,7,7.0,False,2024-08-25,2024-08
554,923,2025-03-28,2025-03-28 06:09:00,Guwahati,Tier 3,UPI,Delivered,30748.6,3,3.0,False,2025-03-31,2025-03
555,797,2026-06-26,2026-06-26 19:16:00,Lucknow,Tier 2,UPI,Delivered,3784.85,3,3.0,False,2026-06-29,2026-06
556,872,2024-04-25,2024-04-25 01:24:00,Delhi,Tier 1,Net Banking,Delivered,80647.6,4,7.0,True,2024-05-02,2024-04
557,1054,2025-03-04,2025-03-04 20:40:00,Kolkata,Tier 1,Credit Card,Delivered,17358.55,3,6.0,True,2025-03-10,2025-03
558,2,2026-04-06,2026-04-06 12:46:00,Vadodara,Tier 2,Credit Card,Delivered,8281.5,5,6.0,True,2026-04-12,2026-04
559,373,2026-05-06,2026-05-06 07:04:00,Ghaziabad,Tier 3,UPI,Cancelled,768.0,2,,,,2026-05
560,447,2025-02-13,2025-02-13 00:19:00,Kanpur,Tier 2,UPI,Delivered,4804.95,5,6.0,True,2025-02-19,2025-02
561,1062,2025-09-14,2025-09-14 08:26:00,Hyderabad,Tier 1,UPI,Returned,39379.8,3,,,,2025-09
562,951,2025-06-26,2025-06-26 20:47:00,Delhi,Tier 1,Net Banking,Returned,11400.75,7,,,,2025-06
563,229,2026-05-19,2026-05-19 17:17:00,Nagpur,Tier 2,UPI,Delivered,4845.4,5,4.0,False,2026-05-23,2026-05
564,736,2025-11-22,2025-11-22 15:27:00,Delhi,Tier 1,UPI,Delivered,75787.55,2,3.0,True,2025-11-25,2025-11
565,428,2026-06-20,2026-06-20 06:15:00,Bhopal,Tier 2,Credit Card,Returned,35929.6,7,,,,2026-06
566,924,2026-06-21,2026-06-21 07:45:00,Surat,Tier 2,UPI,RTO,598.5,5,,,,2026-06
567,1193,2025-11-25,2025-11-25 05:23:00,Coimbatore,Tier 2,Cash on Delivery,Returned,3026.85,5,,,,2025-11
568,582,2024-08-02,2024-08-02 18:25:00,Indore,Tier 2,Credit Card,Delivered,3275.25,7,9.0,True,2024-08-11,2024-08
569,969,2026-04-27,2026-04-27 13:05:00,Bhopal,Tier 2,UPI,Cancelled,5775.0,5,,,,2026-04
570,1197,2026-06-27,2026-06-27 17:55:00,Coimbatore,Tier 2,UPI,Returned,302.0,7,,,,2026-06
571,496,2025-02-02,2025-02-02 17:40:00,Mumbai,Tier 1,UPI,RTO,5602.85,2,,,,2025-02
572,1015,2026-03-18,2026-03-18 03:32:00,Jaipur,Tier 2,UPI,Delivered,2839.0,3,4.0,True,2026-03-22,2026-03
573,122,2025-06-25,2025-06-25 03:20:00,Coimbatore,Tier 2,Cash on Delivery,RTO,1630.4,3,,,,2025-06
574,177,2026-05-26,2026-05-26 11:47:00,Vadodara,Tier 2,Debit Card,Delivered,47139.5,4,4.0,False,2026-05-30,2026-05
575,500,2026-01-31,2026-01-31 09:52:00,Bengaluru,Tier 1,Credit Card,Delivered,83564.0,2,1.0,False,2026-02-01,2026-01
576,253,2025-07-12,2025-07-12 03:13:00,Kanpur,Tier 2,Cash on Delivery,Delivered,92757.15,4,6.0,True,2025-07-18,2025-07
577,142,2025-10-13,2025-10-13 22:38:00,Pune,Tier 1,UPI,Delivered,634.5,7,6.0,False,2025-10-19,2025-10
578,987,2026-06-25,2026-06-25 15:02:00,Ahmedabad,Tier 2,UPI,Delivered,300.0,7,7.0,False,2026-07-02,2026-06
579,933,2025-09-02,2025-09-02 22:37:00,Pune,Tier 1,Cash on Delivery,Cancelled,14077.25,5,,,,2025-09
580,753,2025-08-31,2025-08-31 17:05:00,Bengaluru,Tier 1,UPI,Delivered,35651.7,2,3.0,True,2025-09-03,2025-08
581,823,2025-03-04,2025-03-04 17:49:00,Delhi,Tier 1,Cash on Delivery,RTO,1944.0,3,,,,2025-03
582,1027,2026-06-12,2026-06-12 21:49:00,Indore,Tier 2,Cash on Delivery,Delivered,31336.5,4,6.0,True,2026-06-18,2026-06
583,1198,2026-03-25,2026-03-25 17:41:00,Bengaluru,Tier 1,UPI,RTO,42589.5,4,,,,2026-03
584,242,2026-05-04,2026-05-04 01:18:00,Nagpur,Tier 2,UPI,Cancelled,556.0,3,,,,2026-05
585,794,2025-12-05,2025-12-05 15:15:00,Ahmedabad,Tier 2,UPI,Delivered,78056.0,4,4.0,False,2025-12-09,2025-12
586,432,2025-06-19,2025-06-19 10:55:00,Ahmedabad,Tier 2,Credit Card,Returned,2741.0,2,,,,2025-06
587,537,2024-08-21,2024-08-21 04:08:00,Patna,Tier 3,Cash on Delivery,RTO,7582.25,2,,,,2024-08
588,341,2026-04-13,2026-04-13 22:23:00,Pune,Tier 1,Credit Card,Returned,241.6,7,,,,2026-04
589,248,2026-03-02,2026-03-02 02:04:00,Bhopal,Tier 2,UPI,Delivered,34924.9,2,1.0,False,2026-03-03,2026-03
590,559,2025-06-20,2025-06-20 02:36:00,Indore,Tier 2,Debit Card,Delivered,6076.65,7,8.0,True,2025-06-28,2025-06
591,141,2026-05-28,2026-05-28 02:50:00,Vadodara,Tier 2,UPI,Returned,1045.95,3,,,,2026-05
592,63,2024-08-09,2024-08-09 09:08:00,Indore,Tier 2,Debit Card,RTO,825.0,2,,,,2024-08
593,1141,2026-05-04,2026-05-04 21:17:00,Kanpur,Tier 2,Credit Card,Cancelled,1819.0,3,,,,2026-05
594,158,2026-06-14,2026-06-14 15:51:00,Nagpur,Tier 2,UPI,Delivered,680.0,3,5.0,True,2026-06-19,2026-06
595,736,2026-04-03,2026-04-03 20:40:00,Delhi,Tier 1,Cash on Delivery,Delivered,291.0,2,5.0,True,2026-04-08,2026-04
596,305,2026-04-10,2026-04-10 02:36:00,Mumbai,Tier 1,UPI,Delivered,61740.4,5,4.0,False,2026-04-14,2026-04
597,275,2026-01-18,2026-01-18 01:55:00,Patna,Tier 3,Net Banking,Delivered,391.85,5,8.0,True,2026-01-26,2026-01
598,521,2025-07-23,2025-07-23 23:58:00,Nagpur,Tier 2,Credit Card,Delivered,75537.7,5,5.0,False,2025-07-28,2025-07
599,826,2025-07-21,2025-07-21 19:01:00,Ahmedabad,Tier 2,UPI,Delivered,2772.0,2,3.0,True,2025-07-24,2025-07
600,561,2025-07-14,2025-07-14 12:17:00,Ghaziabad,Tier 3,Debit Card,Delivered,77894.2,5,6.0,True,2025-07-20,2025-07
601,244,2025-03-31,2025-03-31 22:31:00,Indore,Tier 2,Credit Card,Delivered,34782.3,7,7.0,False,2025-04-07,2025-03
602,738,2026-01-25,2026-01-25 10:58:00,Delhi,Tier 1,Credit Card,Delivered,678.3,7,9.0,True,2026-02-03,2026-01
603,542,2025-04-15,2025-04-15 08:38:00,Vadodara,Tier 2,Debit Card,Delivered,979.0,4,4.0,False,2025-04-19,2025-04
604,1146,2026-04-08,2026-04-08 21:23:00,Ahmedabad,Tier 2,Credit Card,RTO,74448.0,2,,,,2026-04
605,1111,2026-02-02,2026-02-02 20:15:00,Coimbatore,Tier 2,Credit Card,Delivered,30266.05,5,6.0,True,2026-02-08,2026-02
606,500,2026-03-27,2026-03-27 17:21:00,Bengaluru,Tier 1,UPI,Delivered,3493.6,7,9.0,True,2026-04-05,2026-03
607,164,2026-05-03,2026-05-03 02:12:00,Hyderabad,Tier 1,Cash on Delivery,Delivered,1093.5,7,9.0,True,2026-05-12,2026-05
608,476,2025-06-06,2025-06-06 08:03:00,Patna,Tier 3,Debit Card,Delivered,656.8,5,6.0,True,2025-06-12,2025-06
609,392,2024-08-09,2024-08-09 04:11:00,Patna,Tier 3,UPI,Delivered,3809.9,3,3.0,False,2024-08-12,2024-08
610,1124,2026-06-08,2026-06-08 06:02:00,Hyderabad,Tier 1,Credit Card,Returned,997.2,4,,,,2026-06
611,842,2025-09-11,2025-09-11 07:14:00,Surat,Tier 2,Debit Card,Delivered,13159.95,2,3.0,True,2025-09-14,2025-09
612,317,2026-05-09,2026-05-09 07:10:00,Kanpur,Tier 2,UPI,Delivered,8736.9,5,5.0,False,2026-05-14,2026-05
613,1021,2024-06-30,2024-06-30 07:54:00,Delhi,Tier 1,UPI,Delivered,37224.0,3,4.0,True,2024-07-04,2024-06
614,332,2024-12-01,2024-12-01 00:15:00,Ghaziabad,Tier 3,UPI,Returned,40697.7,2,,,,2024-12
615,1159,2026-02-02,2026-02-02 13:45:00,Surat,Tier 2,Credit Card,Delivered,2440.2,3,6.0,True,2026-02-08,2026-02
616,536,2026-03-08,2026-03-08 16:21:00,Kanpur,Tier 2,UPI,Delivered,281.25,7,7.0,False,2026-03-15,2026-03
617,4,2026-03-04,2026-03-04 04:45:00,Bhopal,Tier 2,Debit Card,Delivered,2502.25,4,6.0,True,2026-03-10,2026-03
618,852,2025-09-18,2025-09-18 07:45:00,Guwahati,Tier 3,Cash on Delivery,Delivered,5482.0,7,7.0,False,2025-09-25,2025-09
619,878,2026-05-01,2026-05-01 22:04:00,Bhopal,Tier 2,Debit Card,Delivered,1693.2,5,4.0,False,2026-05-05,2026-05
620,590,2026-02-06,2026-02-06 13:46:00,Coimbatore,Tier 2,Cash on Delivery,Delivered,3657.5,4,5.0,True,2026-02-11,2026-02
621,365,2026-02-21,2026-02-21 15:10:00,Mumbai,Tier 1,UPI,Delivered,62454.85,4,3.0,False,2026-02-24,2026-02
622,935,2025-04-20,2025-04-20 02:45:00,Vadodara,Tier 2,UPI,Delivered,41084.9,5,5.0,False,2025-04-25,2025-04
623,321,2025-07-09,2025-07-09 04:54:00,Mumbai,Tier 1,UPI,Delivered,3184.6,7,6.0,False,2025-07-15,2025-07
624,895,2026-02-19,2026-02-19 20:50:00,Surat,Tier 2,UPI,RTO,5378.0,3,,,,2026-02
625,81,2025-01-12,2025-01-12 06:38:00,Mumbai,Tier 1,UPI,RTO,31433.75,7,,,,2025-01
626,212,2025-12-24,2025-12-24 23:11:00,Ghaziabad,Tier 3,Credit Card,Delivered,965.6,3,4.0,True,2025-12-28,2025-12
627,162,2025-10-05,2025-10-05 00:32:00,Patna,Tier 3,Cash on Delivery,Delivered,2055.75,3,3.0,False,2025-10-08,2025-10
628,1155,2026-04-17,2026-04-17 19:53:00,Guwahati,Tier 3,Credit Card,Delivered,1992.0,2,2.0,False,2026-04-19,2026-04
629,386,2025-12-15,2025-12-15 20:38:00,Pune,Tier 1,UPI,RTO,2870.95,7,,,,2025-12
630,1118,2025-10-22,2025-10-22 20:33:00,Bhopal,Tier 2,Net Banking,Delivered,115184.0,3,6.0,True,2025-10-28,2025-10
631,114,2024-10-16,2024-10-16 01:13:00,Bengaluru,Tier 1,Credit Card,Delivered,3996.8,5,7.0,True,2024-10-23,2024-10
632,619,2025-12-25,2025-12-25 11:01:00,Jaipur,Tier 2,Credit Card,Delivered,30273.0,4,6.0,True,2025-12-31,2025-12
633,229,2025-10-01,2025-10-01 04:01:00,Nagpur,Tier 2,Cash on Delivery,Delivered,281.25,4,4.0,False,2025-10-05,2025-10
634,707,2026-03-17,2026-03-17 04:26:00,Kanpur,Tier 2,UPI,Delivered,635.0,4,5.0,True,2026-03-22,2026-03
635,329,2025-10-01,2025-10-01 11:29:00,Bhopal,Tier 2,Cash on Delivery,Delivered,39673.8,2,3.0,True,2025-10-04,2025-10
636,80,2026-04-10,2026-04-10 06:19:00,Nagpur,Tier 2,UPI,Delivered,6793.0,4,7.0,True,2026-04-17,2026-04
637,419,2025-08-12,2025-08-12 19:20:00,Bengaluru,Tier 1,UPI,Delivered,102246.2,7,6.0,False,2025-08-18,2025-08
638,574,2025-12-12,2025-12-12 17:46:00,Guwahati,Tier 3,Credit Card,RTO,3578.4,4,,,,2025-12
639,924,2026-06-15,2026-06-15 23:46:00,Surat,Tier 2,UPI,Returned,6642.0,7,,,,2026-06
640,62,2025-08-10,2025-08-10 08:25:00,Coimbatore,Tier 2,UPI,Delivered,6765.9,5,5.0,False,2025-08-15,2025-08
641,266,2026-03-30,2026-03-30 04:27:00,Chennai,Tier 1,Credit Card,Delivered,10090.55,5,5.0,False,2026-04-04,2026-03
642,248,2026-05-14,2026-05-14 03:05:00,Bhopal,Tier 2,Credit Card,Returned,70253.7,4,,,,2026-05
643,708,2026-04-12,2026-04-12 04:42:00,Guwahati,Tier 3,Cash on Delivery,Returned,1356.05,5,,,,2026-04
644,992,2025-11-02,2025-11-02 08:21:00,Jaipur,Tier 2,UPI,Delivered,9796.7,7,7.0,False,2025-11-09,2025-11
645,1055,2025-07-04,2025-07-04 07:29:00,Indore,Tier 2,Cash on Delivery,Delivered,33903.2,7,8.0,True,2025-07-12,2025-07
646,1145,2026-05-06,2026-05-06 02:15:00,Bhopal,Tier 2,Debit Card,Delivered,6584.1,3,5.0,True,2026-05-11,2026-05
647,1045,2026-03-25,2026-03-25 00:21:00,Nagpur,Tier 2,UPI,Delivered,4558.5,5,5.0,False,2026-03-30,2026-03
648,725,2026-05-29,2026-05-29 13:54:00,Vadodara,Tier 2,UPI,Delivered,37703.0,2,2.0,False,2026-05-31,2026-05
649,526,2025-09-16,2025-09-16 02:50:00,Ghaziabad,Tier 3,UPI,RTO,1758.0,3,,,,2025-09
650,725,2026-04-14,2026-04-14 00:30:00,Vadodara,Tier 2,UPI,Delivered,919.7,7,7.0,False,2026-04-21,2026-04
651,827,2025-12-23,2025-12-23 05:57:00,Kolkata,Tier 1,UPI,Delivered,2027.0,7,6.0,False,2025-12-29,2025-12
652,444,2025-03-22,2025-03-22 05:57:00,Delhi,Tier 1,Cash on Delivery,Delivered,1749.6,7,7.0,False,2025-03-29,2025-03
653,117,2026-06-08,2026-06-08 19:18:00,Coimbatore,Tier 2,UPI,Delivered,5110.25,4,3.0,False,2026-06-11,2026-06
654,46,2025-10-11,2025-10-11 10:42:00,Chennai,Tier 1,Debit Card,Delivered,3258.2,5,5.0,False,2025-10-16,2025-10
655,1059,2026-04-22,2026-04-22 09:42:00,Ahmedabad,Tier 2,UPI,Delivered,205.0,2,1.0,False,2026-04-23,2026-04
656,94,2026-05-07,2026-05-07 04:06:00,Indore,Tier 2,UPI,Delivered,5311.35,5,7.0,True,2026-05-14,2026-05
657,257,2026-02-11,2026-02-11 03:59:00,Bengaluru,Tier 1,Debit Card,Returned,10052.1,5,,,,2026-02
658,760,2024-10-07,2024-10-07 11:10:00,Guwahati,Tier 3,UPI,Delivered,742.5,5,5.0,False,2024-10-12,2024-10
659,362,2026-04-11,2026-04-11 14:42:00,Chennai,Tier 1,Net Banking,Delivered,5657.0,2,2.0,False,2026-04-13,2026-04
660,759,2025-11-22,2025-11-22 13:05:00,Lucknow,Tier 2,Cash on Delivery,Delivered,1256.0,3,6.0,True,2025-11-28,2025-11
661,485,2024-11-18,2024-11-18 06:46:00,Patna,Tier 3,UPI,Delivered,6984.45,4,3.0,False,2024-11-21,2024-11
662,891,2025-07-03,2025-07-03 15:49:00,Pune,Tier 1,UPI,Delivered,39005.1,7,9.0,True,2025-07-12,2025-07
663,476,2026-05-26,2026-05-26 16:37:00,Patna,Tier 3,Cash on Delivery,Cancelled,1642.0,5,,,,2026-05
664,277,2026-06-12,2026-06-12 17:18:00,Delhi,Tier 1,Cash on Delivery,Delivered,38096.0,5,5.0,False,2026-06-17,2026-06
665,52,2025-06-05,2025-06-05 13:59:00,Vadodara,Tier 2,Cash on Delivery,Delivered,4603.1,5,6.0,True,2025-06-11,2025-06
666,21,2026-05-06,2026-05-06 20:54:00,Kanpur,Tier 2,Net Banking,Delivered,4453.75,2,2.0,False,2026-05-08,2026-05
667,109,2026-06-12,2026-06-12 14:15:00,Chennai,Tier 1,UPI,Delivered,1592.1,7,9.0,True,2026-06-21,2026-06
668,133,2024-03-28,2024-03-28 16:55:00,Ahmedabad,Tier 2,Net Banking,RTO,2882.4,7,,,,2024-03
669,923,2025-12-24,2025-12-24 17:18:00,Guwahati,Tier 3,UPI,RTO,88653.3,3,,,,2025-12
670,89,2026-02-02,2026-02-02 20:12:00,Ahmedabad,Tier 2,Debit Card,Delivered,153.75,2,2.0,False,2026-02-04,2026-02
671,184,2025-10-19,2025-10-19 23:46:00,Hyderabad,Tier 1,UPI,Delivered,1101.0,5,5.0,False,2025-10-24,2025-10
672,199,2025-05-14,2025-05-14 11:06:00,Mumbai,Tier 1,Cash on Delivery,RTO,1386.0,2,,,,2025-05
673,994,2025-04-15,2025-04-15 03:54:00,Coimbatore,Tier 2,Cash on Delivery,Delivered,3585.6,3,3.0,False,2025-04-18,2025-04
674,157,2025-08-29,2025-08-29 10:07:00,Bengaluru,Tier 1,Net Banking,Delivered,6671.3,2,3.0,True,2025-09-01,2025-08
675,1080,2024-10-24,2024-10-24 11:11:00,Bhopal,Tier 2,Net Banking,Delivered,3738.0,7,7.0,False,2024-10-31,2024-10
676,578,2025-07-03,2025-07-03 05:09:00,Chennai,Tier 1,UPI,Delivered,13973.25,2,3.0,True,2025-07-06,2025-07
677,754,2026-06-11,2026-06-11 13:06:00,Delhi,Tier 1,Net Banking,Delivered,309.75,7,7.0,False,2026-06-18,2026-06
678,544,2026-03-22,2026-03-22 07:53:00,Surat,Tier 2,Cash on Delivery,Returned,39955.7,3,,,,2026-03
679,352,2025-07-19,2025-07-19 01:28:00,Mumbai,Tier 1,UPI,Delivered,12739.8,4,6.0,True,2025-07-25,2025-07
680,166,2026-04-09,2026-04-09 00:20:00,Kanpur,Tier 2,UPI,Delivered,4229.9,2,1.0,False,2026-04-10,2026-04
681,52,2026-04-21,2026-04-21 20:20:00,Vadodara,Tier 2,UPI,Delivered,4938.5,3,4.0,True,2026-04-25,2026-04
682,994,2025-11-30,2025-11-30 04:17:00,Coimbatore,Tier 2,Cash on Delivery,Delivered,15025.55,4,4.0,False,2025-12-04,2025-11
683,413,2026-06-22,2026-06-22 02:55:00,Kanpur,Tier 2,Cash on Delivery,Delivered,3730.0,4,5.0,True,2026-06-27,2026-06
684,746,2026-06-26,2026-06-26 03:11:00,Mumbai,Tier 1,UPI,Cancelled,9585.7,7,,,,2026-06
685,854,2026-06-20,2026-06-20 22:34:00,Guwahati,Tier 3,Cash on Delivery,Delivered,7269.6,4,6.0,True,2026-06-26,2026-06
686,1196,2025-06-24,2025-06-24 21:21:00,Delhi,Tier 1,Net Banking,Delivered,35726.0,2,5.0,True,2025-06-29,2025-06
687,470,2024-05-27,2024-05-27 15:51:00,Bhopal,Tier 2,UPI,Delivered,1113.4,2,3.0,True,2024-05-30,2024-05
688,1189,2025-01-14,2025-01-14 05:41:00,Delhi,Tier 1,Debit Card,Cancelled,6237.0,3,,,,2025-01
689,578,2026-06-09,2026-06-09 22:08:00,Chennai,Tier 1,Debit Card,Delivered,10891.6,7,8.0,True,2026-06-17,2026-06
690,87,2026-03-26,2026-03-26 15:35:00,Mumbai,Tier 1,UPI,Delivered,35945.15,7,8.0,True,2026-04-03,2026-03
691,646,2026-01-03,2026-01-03 04:25:00,Coimbatore,Tier 2,UPI,Cancelled,2549.6,7,,,,2026-01
692,1066,2026-03-23,2026-03-23 00:07:00,Lucknow,Tier 2,Credit Card,Delivered,1468.0,3,3.0,False,2026-03-26,2026-03
693,676,2026-06-05,2026-06-05 01:14:00,Guwahati,Tier 3,Net Banking,Delivered,109126.9,2,1.0,False,2026-06-06,2026-06
694,229,2026-04-27,2026-04-27 06:45:00,Nagpur,Tier 2,Cash on Delivery,Delivered,42666.4,5,5.0,False,2026-05-02,2026-04
695,194,2025-04-24,2025-04-24 23:41:00,Pune,Tier 1,Cash on Delivery,Delivered,722.7,5,5.0,False,2025-04-29,2025-04
696,1190,2026-03-18,2026-03-18 06:24:00,Ghaziabad,Tier 3,UPI,Delivered,10473.1,5,4.0,False,2026-03-22,2026-03
697,897,2026-01-28,2026-01-28 00:27:00,Nagpur,Tier 2,UPI,Delivered,63190.7,5,5.0,False,2026-02-02,2026-01
698,1063,2025-06-21,2025-06-21 04:18:00,Bengaluru,Tier 1,UPI,Delivered,2548.25,4,4.0,False,2025-06-25,2025-06
699,1057,2025-10-18,2025-10-18 06:44:00,Ahmedabad,Tier 2,Cash on Delivery,Delivered,5455.2,3,3.0,False,2025-10-21,2025-10
700,217,2025-12-15,2025-12-15 08:46:00,Ahmedabad,Tier 2,Credit Card,Delivered,36877.4,2,2.0,False,2025-12-17,2025-12
701,613,2025-09-29,2025-09-29 09:16:00,Lucknow,Tier 2,Net Banking,Delivered,5774.0,3,2.0,False,2025-10-01,2025-09
702,29,2025-09-12,2025-09-12 22:49:00,Pune,Tier 1,UPI,Delivered,613.0,2,3.0,True,2025-09-15,2025-09
703,907,2026-02-14,2026-02-14 08:44:00,Nagpur,Tier 2,Credit Card,Delivered,2583.45,7,7.0,False,2026-02-21,2026-02
704,837,2026-06-30,2026-06-30 07:20:00,Delhi,Tier 1,Cash on Delivery,Delivered,749.7,5,5.0,False,2026-07-05,2026-06
705,44,2025-11-20,2025-11-20 17:01:00,Mumbai,Tier 1,UPI,Returned,9018.5,5,,,,2025-11
706,1150,2025-07-25,2025-07-25 17:47:00,Bhopal,Tier 2,UPI,Delivered,48682.75,7,9.0,True,2025-08-03,2025-07
707,140,2026-03-26,2026-03-26 08:41:00,Patna,Tier 3,Cash on Delivery,Cancelled,10062.85,2,,,,2026-03
708,30,2025-12-28,2025-12-28 22:17:00,Coimbatore,Tier 2,UPI,Delivered,8939.7,5,6.0,True,2026-01-03,2025-12
709,379,2026-02-16,2026-02-16 02:32:00,Surat,Tier 2,UPI,Cancelled,2331.75,7,,,,2026-02
710,733,2025-02-25,2025-02-25 00:47:00,Bhopal,Tier 2,Cash on Delivery,Delivered,40810.25,3,2.0,False,2025-02-27,2025-02
711,339,2025-02-09,2025-02-09 06:52:00,Vadodara,Tier 2,UPI,Delivered,218.25,3,3.0,False,2025-02-12,2025-02
712,398,2025-02-10,2025-02-10 03:46:00,Chennai,Tier 1,UPI,RTO,65816.2,3,,,,2025-02
713,1108,2025-04-06,2025-04-06 05:30:00,Chennai,Tier 1,UPI,Delivered,17900.8,2,2.0,False,2025-04-08,2025-04
714,382,2026-04-16,2026-04-16 06:04:00,Bhopal,Tier 2,UPI,Delivered,291.0,4,5.0,True,2026-04-21,2026-04
715,359,2025-11-29,2025-11-29 05:53:00,Delhi,Tier 1,Credit Card,Cancelled,2661.15,4,,,,2025-11
716,327,2025-09-24,2025-09-24 08:38:00,Pune,Tier 1,Cash on Delivery,Delivered,6800.5,7,10.0,True,2025-10-04,2025-09
717,711,2026-03-21,2026-03-21 18:07:00,Bhopal,Tier 2,UPI,Returned,2839.0,7,,,,2026-03
718,113,2025-07-05,2025-07-05 12:58:00,Guwahati,Tier 3,Credit Card,Returned,2055.9,3,,,,2025-07
719,969,2026-03-27,2026-03-27 01:32:00,Bhopal,Tier 2,Credit Card,Cancelled,3307.0,4,,,,2026-03
720,924,2026-06-26,2026-06-26 17:05:00,Surat,Tier 2,UPI,Delivered,1082.0,5,8.0,True,2026-07-04,2026-06
721,923,2026-06-23,2026-06-23 06:08:00,Guwahati,Tier 3,Debit Card,Delivered,21246.75,2,4.0,True,2026-06-27,2026-06
722,396,2026-06-13,2026-06-13 02:47:00,Mumbai,Tier 1,UPI,RTO,1494.3,2,,,,2026-06
723,1085,2026-03-26,2026-03-26 00:49:00,Indore,Tier 2,Net Banking,Delivered,1820.0,7,7.0,False,2026-04-02,2026-03
724,1025,2025-03-22,2025-03-22 22:12:00,Ahmedabad,Tier 2,Cash on Delivery,Delivered,1664.3,2,1.0,False,2025-03-23,2025-03
725,537,2026-03-12,2026-03-12 04:22:00,Patna,Tier 3,UPI,Delivered,1224.0,4,5.0,True,2026-03-17,2026-03
726,668,2025-07-29,2025-07-29 02:34:00,Vadodara,Tier 2,Debit Card,Delivered,42898.25,3,3.0,False,2025-08-01,2025-07
727,509,2025-03-25,2025-03-25 16:39:00,Delhi,Tier 1,UPI,Delivered,4140.75,2,1.0,False,2025-03-26,2025-03
728,610,2026-05-05,2026-05-05 01:00:00,Vadodara,Tier 2,UPI,Returned,1652.4,2,,,,2026-05
729,826,2025-05-09,2025-05-09 23:33:00,Ahmedabad,Tier 2,Credit Card,Delivered,418.95,5,5.0,False,2025-05-14,2025-05
730,698,2026-04-17,2026-04-17 08:32:00,Kolkata,Tier 1,Cash on Delivery,Delivered,31289.4,3,5.0,True,2026-04-22,2026-04
731,1143,2026-06-12,2026-06-12 01:35:00,Hyderabad,Tier 1,UPI,RTO,402.8,5,,,,2026-06
732,179,2026-04-29,2026-04-29 19:35:00,Bhopal,Tier 2,Debit Card,Delivered,7465.0,4,3.0,False,2026-05-02,2026-04
733,771,2025-12-21,2025-12-21 12:16:00,Delhi,Tier 1,UPI,Delivered,4567.2,3,6.0,True,2025-12-27,2025-12
734,1006,2026-02-09,2026-02-09 07:33:00,Ahmedabad,Tier 2,UPI,Delivered,2226.55,3,3.0,False,2026-02-12,2026-02
735,255,2024-12-29,2024-12-29 22:25:00,Bhopal,Tier 2,Debit Card,Cancelled,4939.2,2,,,,2024-12
736,885,2025-07-09,2025-07-09 13:48:00,Lucknow,Tier 2,UPI,RTO,18755.1,4,,,,2025-07
737,873,2025-04-29,2025-04-29 14:55:00,Pune,Tier 1,Cash on Delivery,Delivered,1310.4,3,4.0,True,2025-05-03,2025-04
738,519,2026-02-13,2026-02-13 09:55:00,Jaipur,Tier 2,UPI,Delivered,2436.3,4,4.0,False,2026-02-17,2026-02
739,1112,2026-04-21,2026-04-21 00:42:00,Indore,Tier 2,Credit Card,Delivered,230.4,7,6.0,False,2026-04-27,2026-04
740,954,2025-04-20,2025-04-20 23:06:00,Surat,Tier 2,UPI,Delivered,38560.3,5,4.0,False,2025-04-24,2025-04
741,253,2026-01-21,2026-01-21 22:21:00,Kanpur,Tier 2,UPI,Delivered,103108.75,3,4.0,True,2026-01-25,2026-01
742,511,2025-10-09,2025-10-09 16:16:00,Indore,Tier 2,UPI,Cancelled,41582.05,2,,,,2025-10
743,356,2026-01-07,2026-01-07 22:38:00,Pune,Tier 1,Credit Card,Delivered,2276.9,3,3.0,False,2026-01-10,2026-01
744,70,2026-03-20,2026-03-20 21:12:00,Pune,Tier 1,UPI,Delivered,21257.2,2,4.0,True,2026-03-24,2026-03
745,1104,2025-10-22,2025-10-22 23:04:00,Bhopal,Tier 2,Cash on Delivery,Delivered,42347.65,5,7.0,True,2025-10-29,2025-10
746,448,2026-04-23,2026-04-23 23:55:00,Indore,Tier 2,Cash on Delivery,Delivered,37837.0,2,2.0,False,2026-04-25,2026-04
747,20,2026-03-22,2026-03-22 13:07:00,Hyderabad,Tier 1,UPI,Delivered,11185.6,5,8.0,True,2026-03-30,2026-03
748,61,2026-03-24,2026-03-24 23:18:00,Kanpur,Tier 2,UPI,Cancelled,76766.1,5,,,,2026-03
749,109,2025-03-04,2025-03-04 19:50:00,Chennai,Tier 1,UPI,Delivered,38096.0,2,3.0,True,2025-03-07,2025-03
750,612,2024-08-16,2024-08-16 17:18:00,Mumbai,Tier 1,UPI,Delivered,2741.0,7,7.0,False,2024-08-23,2024-08
751,1022,2026-05-07,2026-05-07 06:10:00,Guwahati,Tier 3,UPI,RTO,37837.0,2,,,,2026-05
752,489,2025-07-29,2025-07-29 14:17:00,Surat,Tier 2,UPI,Delivered,43339.0,4,4.0,False,2025-08-02,2025-07
753,701,2026-06-10,2026-06-10 17:26:00,Patna,Tier 3,UPI,RTO,652.8,3,,,,2026-06
754,1161,2025-12-17,2025-12-17 12:27:00,Mumbai,Tier 1,Cash on Delivery,Delivered,3235.0,5,4.0,False,2025-12-21,2025-12
755,749,2025-11-08,2025-11-08 06:55:00,Indore,Tier 2,Credit Card,Delivered,680.0,2,4.0,True,2025-11-12,2025-11
756,273,2025-02-14,2025-02-14 21:29:00,Bhopal,Tier 2,UPI,Delivered,3465.0,4,5.0,True,2025-02-19,2025-02
757,643,2024-04-04,2024-04-04 13:32:00,Kanpur,Tier 2,UPI,Delivered,4898.75,7,7.0,False,2024-04-11,2024-04
758,640,2026-02-04,2026-02-04 08:18:00,Nagpur,Tier 2,Cash on Delivery,RTO,1992.0,7,,,,2026-02
759,212,2026-02-03,2026-02-03 06:21:00,Ghaziabad,Tier 3,UPI,Delivered,1764.35,7,7.0,False,2026-02-10,2026-02
760,306,2025-07-17,2025-07-17 03:42:00,Vadodara,Tier 2,Credit Card,Delivered,42777.0,4,5.0,True,2025-07-22,2025-07
761,1124,2026-06-27,2026-06-27 05:59:00,Hyderabad,Tier 1,Debit Card,Delivered,41782.0,5,7.0,True,2026-07-04,2026-06
762,447,2026-02-07,2026-02-07 18:51:00,Kanpur,Tier 2,Cash on Delivery,Delivered,3084.6,3,4.0,True,2026-02-11,2026-02
763,576,2026-06-08,2026-06-08 12:40:00,Coimbatore,Tier 2,UPI,Cancelled,1108.0,7,,,,2026-06
764,445,2026-06-28,2026-06-28 09:36:00,Surat,Tier 2,Net Banking,Cancelled,77381.35,5,,,,2026-06
765,56,2026-05-22,2026-05-22 18:35:00,Indore,Tier 2,UPI,Delivered,2727.0,5,7.0,True,2026-05-29,2026-05
766,1005,2025-02-16,2025-02-16 20:28:00,Surat,Tier 2,Net Banking,Delivered,2105.2,7,7.0,False,2025-02-23,2025-02
767,428,2024-12-08,2024-12-08 21:42:00,Bhopal,Tier 2,Cash on Delivery,Cancelled,8955.0,4,,,,2024-12
768,796,2024-06-13,2024-06-13 11:26:00,Coimbatore,Tier 2,UPI,Returned,33425.6,4,,,,2024-06
769,85,2024-03-22,2024-03-22 17:51:00,Chennai,Tier 1,UPI,Delivered,2272.7,2,4.0,True,2024-03-26,2024-03
770,687,2026-01-19,2026-01-19 11:26:00,Lucknow,Tier 2,UPI,Returned,84589.5,3,,,,2026-01
771,1089,2025-12-18,2025-12-18 16:20:00,Kanpur,Tier 2,UPI,Cancelled,3657.95,7,,,,2025-12
772,1003,2025-10-03,2025-10-03 16:17:00,Lucknow,Tier 2,Cash on Delivery,Returned,37829.75,7,,,,2025-10
773,1045,2025-12-31,2025-12-31 12:04:00,Nagpur,Tier 2,UPI,Delivered,46082.15,2,2.0,False,2026-01-02,2025-12
774,148,2025-11-09,2025-11-09 16:03:00,Bhopal,Tier 2,Debit Card,Cancelled,4996.0,4,,,,2025-11
775,1051,2025-01-10,2025-01-10 14:26:00,Vadodara,Tier 2,UPI,RTO,3167.75,2,,,,2025-01
776,1105,2026-04-23,2026-04-23 07:40:00,Lucknow,Tier 2,UPI,Delivered,61687.8,3,5.0,True,2026-04-28,2026-04
777,648,2026-06-07,2026-06-07 13:42:00,Kanpur,Tier 2,Credit Card,Delivered,559.0,5,8.0,True,2026-06-15,2026-06
778,1025,2026-05-26,2026-05-26 12:59:00,Ahmedabad,Tier 2,Cash on Delivery,Delivered,81755.0,2,4.0,True,2026-05-30,2026-05
779,844,2026-06-03,2026-06-03 21:34:00,Patna,Tier 3,UPI,Delivered,1045.95,2,2.0,False,2026-06-05,2026-06
780,940,2025-10-18,2025-10-18 11:45:00,Mumbai,Tier 1,UPI,Delivered,48411.9,3,3.0,False,2025-10-21,2025-10
781,736,2025-12-03,2025-12-03 19:10:00,Delhi,Tier 1,UPI,Delivered,2398.7,3,6.0,True,2025-12-09,2025-12
782,468,2025-08-23,2025-08-23 17:36:00,Ahmedabad,Tier 2,UPI,Delivered,1824.3,4,5.0,True,2025-08-28,2025-08
783,948,2026-05-30,2026-05-30 23:10:00,Indore,Tier 2,UPI,Cancelled,13447.0,2,,,,2026-05
784,1139,2025-09-11,2025-09-11 08:18:00,Chennai,Tier 1,UPI,Delivered,34766.0,5,8.0,True,2025-09-19,2025-09
785,1011,2025-07-20,2025-07-20 03:59:00,Bengaluru,Tier 1,Cash on Delivery,Delivered,8915.0,2,2.0,False,2025-07-22,2025-07
786,837,2026-06-14,2026-06-14 02:56:00,Delhi,Tier 1,Cash on Delivery,Delivered,111872.8,7,9.0,True,2026-06-23,2026-06
787,212,2025-09-14,2025-09-14 18:34:00,Ghaziabad,Tier 3,Debit Card,Delivered,226.5,3,5.0,True,2025-09-19,2025-09
788,1137,2025-02-01,2025-02-01 17:15:00,Kolkata,Tier 1,Cash on Delivery,Delivered,351.05,5,4.0,False,2025-02-05,2025-02
789,201,2025-08-01,2025-08-01 07:36:00,Bengaluru,Tier 1,Credit Card,RTO,4185.2,5,,,,2025-08
790,1024,2026-03-21,2026-03-21 22:03:00,Patna,Tier 3,Cash on Delivery,Delivered,1128.0,2,3.0,True,2026-03-24,2026-03
791,1053,2024-10-03,2024-10-03 12:34:00,Bhopal,Tier 2,UPI,Delivered,6798.75,4,3.0,False,2024-10-06,2024-10
792,740,2026-05-08,2026-05-08 10:34:00,Kanpur,Tier 2,Cash on Delivery,Delivered,16754.0,2,2.0,False,2026-05-10,2026-05
793,805,2025-08-10,2025-08-10 18:25:00,Bhopal,Tier 2,Net Banking,Delivered,15389.8,2,3.0,True,2025-08-13,2025-08
794,578,2025-06-18,2025-06-18 19:44:00,Chennai,Tier 1,UPI,RTO,81000.9,7,,,,2025-06
795,29,2025-09-22,2025-09-22 23:39:00,Pune,Tier 1,Credit Card,Delivered,24079.65,5,8.0,True,2025-09-30,2025-09
796,1180,2024-08-21,2024-08-21 22:41:00,Bengaluru,Tier 1,UPI,Delivered,35610.2,2,5.0,True,2024-08-26,2024-08
797,470,2025-01-20,2025-01-20 12:49:00,Bhopal,Tier 2,Cash on Delivery,Delivered,1787.25,5,8.0,True,2025-01-28,2025-01
798,1049,2026-03-13,2026-03-13 17:09:00,Hyderabad,Tier 1,Credit Card,Cancelled,9563.0,3,,,,2026-03
799,706,2025-11-17,2025-11-17 16:36:00,Hyderabad,Tier 1,Credit Card,Delivered,3037.5,5,5.0,False,2025-11-22,2025-11
800,768,2026-05-26,2026-05-26 20:50:00,Delhi,Tier 1,UPI,Delivered,65759.7,5,6.0,True,2026-06-01,2026-05
801,1031,2026-05-02,2026-05-02 18:02:00,Nagpur,Tier 2,Debit Card,Delivered,44752.0,4,5.0,True,2026-05-07,2026-05
802,1080,2025-04-22,2025-04-22 08:11:00,Bhopal,Tier 2,UPI,Delivered,78729.3,3,3.0,False,2025-04-25,2025-04
803,837,2026-06-14,2026-06-14 04:43:00,Delhi,Tier 1,Debit Card,Delivered,29425.7,4,6.0,True,2026-06-20,2026-06
804,887,2024-12-07,2024-12-07 08:05:00,Coimbatore,Tier 2,Debit Card,Returned,1503.65,5,,,,2024-12
805,1088,2024-10-06,2024-10-06 10:24:00,Bengaluru,Tier 1,Cash on Delivery,Delivered,5207.9,3,4.0,True,2024-10-10,2024-10
806,120,2026-02-15,2026-02-15 19:50:00,Vadodara,Tier 2,UPI,Returned,9963.0,7,,,,2026-02
807,200,2026-06-28,2026-06-28 12:23:00,Indore,Tier 2,UPI,Delivered,4927.9,2,3.0,True,2026-07-01,2026-06
808,676,2026-06-28,2026-06-28 15:49:00,Guwahati,Tier 3,UPI,Returned,507.6,7,,,,2026-06
809,293,2025-06-15,2025-06-15 21:57:00,Chennai,Tier 1,Cash on Delivery,Delivered,1662.0,7,10.0,True,2025-06-25,2025-06
810,870,2025-06-13,2025-06-13 01:12:00,Surat,Tier 2,Cash on Delivery,Delivered,34766.0,2,3.0,True,2025-06-16,2025-06
811,476,2025-06-12,2025-06-12 12:19:00,Patna,Tier 3,UPI,Delivered,1722.95,3,3.0,False,2025-06-15,2025-06
812,1142,2026-01-10,2026-01-10 23:11:00,Guwahati,Tier 3,Debit Card,Delivered,2383.0,3,5.0,True,2026-01-15,2026-01
813,1086,2026-04-16,2026-04-16 10:02:00,Pune,Tier 1,Cash on Delivery,Delivered,4748.0,4,4.0,False,2026-04-20,2026-04
814,235,2025-04-02,2025-04-02 11:11:00,Surat,Tier 2,UPI,Delivered,1257.75,7,6.0,False,2025-04-08,2025-04
815,265,2025-12-18,2025-12-18 15:00:00,Kolkata,Tier 1,UPI,Delivered,3837.75,5,5.0,False,2025-12-23,2025-12
816,530,2026-05-15,2026-05-15 10:35:00,Chennai,Tier 1,Credit Card,RTO,856.0,5,,,,2026-05
817,500,2026-06-16,2026-06-16 14:17:00,Bengaluru,Tier 1,Cash on Delivery,Delivered,1693.2,4,5.0,True,2026-06-21,2026-06
818,171,2026-03-09,2026-03-09 11:50:00,Mumbai,Tier 1,Net Banking,Delivered,86377.6,4,3.0,False,2026-03-12,2026-03
819,141,2025-06-12,2025-06-12 00:56:00,Vadodara,Tier 2,UPI,Delivered,11971.9,2,2.0,False,2025-06-14,2025-06
820,1104,2025-12-11,2025-12-11 20:56:00,Bhopal,Tier 2,Net Banking,Delivered,4928.65,5,5.0,False,2025-12-16,2025-12
821,873,2026-03-02,2026-03-02 03:18:00,Pune,Tier 1,UPI,Delivered,32412.8,7,10.0,True,2026-03-12,2026-03
822,367,2026-02-05,2026-02-05 15:54:00,Pune,Tier 1,Cash on Delivery,Returned,746.25,4,,,,2026-02
823,746,2026-05-26,2026-05-26 13:09:00,Mumbai,Tier 1,UPI,RTO,405.0,4,,,,2026-05
824,476,2025-07-22,2025-07-22 06:04:00,Patna,Tier 3,UPI,Delivered,39212.8,2,2.0,False,2025-07-24,2025-07
825,507,2025-01-28,2025-01-28 19:09:00,Nagpur,Tier 2,UPI,Returned,1906.4,2,,,,2025-01
826,140,2026-03-22,2026-03-22 16:15:00,Patna,Tier 3,UPI,Delivered,510.0,4,3.0,False,2026-03-25,2026-03
827,228,2026-06-23,2026-06-23 05:49:00,Pune,Tier 1,UPI,Delivered,5215.1,5,8.0,True,2026-07-01,2026-06
828,631,2025-10-28,2025-10-28 08:47:00,Patna,Tier 3,Credit Card,Delivered,1256.0,7,6.0,False,2025-11-03,2025-10
829,905,2025-08-15,2025-08-15 04:39:00,Chennai,Tier 1,Credit Card,Delivered,1434.25,2,4.0,True,2025-08-19,2025-08
830,741,2025-01-13,2025-01-13 17:55:00,Pune,Tier 1,Debit Card,Delivered,5039.9,2,3.0,True,2025-01-16,2025-01
831,790,2025-08-29,2025-08-29 05:09:00,Pune,Tier 1,Cash on Delivery,Cancelled,38827.05,7,,,,2025-08
832,885,2025-04-14,2025-04-14 20:19:00,Lucknow,Tier 2,Credit Card,Delivered,637.5,4,4.0,False,2025-04-18,2025-04
833,913,2026-06-12,2026-06-12 18:54:00,Patna,Tier 3,UPI,Delivered,5042.55,5,5.0,False,2026-06-17,2026-06
834,476,2025-05-18,2025-05-18 12:18:00,Patna,Tier 3,Cash on Delivery,Delivered,2180.7,7,7.0,False,2025-05-25,2025-05
835,316,2026-04-06,2026-04-06 14:38:00,Kolkata,Tier 1,Credit Card,Cancelled,613.0,3,,,,2026-04
836,548,2024-07-21,2024-07-21 10:15:00,Bhopal,Tier 2,Cash on Delivery,Returned,27918.0,2,,,,2024-07
837,102,2026-01-03,2026-01-03 15:45:00,Surat,Tier 2,UPI,Delivered,74946.85,5,4.0,False,2026-01-07,2026-01
838,747,2026-03-16,2026-03-16 06:11:00,Guwahati,Tier 3,Cash on Delivery,Delivered,2052.0,7,10.0,True,2026-03-26,2026-03
839,196,2025-06-20,2025-06-20 21:13:00,Indore,Tier 2,Debit Card,Returned,2159.75,2,,,,2025-06
840,1075,2025-10-25,2025-10-25 06:01:00,Kolkata,Tier 1,Cash on Delivery,Delivered,375.0,7,8.0,True,2025-11-02,2025-10
841,282,2025-11-03,2025-11-03 14:04:00,Kolkata,Tier 1,Cash on Delivery,Delivered,3039.0,2,2.0,False,2025-11-05,2025-11
842,509,2026-03-23,2026-03-23 18:10:00,Delhi,Tier 1,Cash on Delivery,RTO,5319.3,2,,,,2026-03
843,537,2025-11-22,2025-11-22 06:58:00,Patna,Tier 3,Credit Card,Delivered,3346.25,2,2.0,False,2025-11-24,2025-11
844,678,2025-12-26,2025-12-26 03:55:00,Kanpur,Tier 2,Cash on Delivery,Returned,25541.8,3,,,,2025-12
845,82,2024-11-17,2024-11-17 03:39:00,Pune,Tier 1,UPI,RTO,423.0,3,,,,2024-11
846,185,2026-05-27,2026-05-27 19:47:00,Kanpur,Tier 2,UPI,RTO,3493.6,4,,,,2026-05
847,767,2026-05-15,2026-05-15 17:00:00,Coimbatore,Tier 2,UPI,Returned,3243.9,3,,,,2026-05
848,1006,2026-06-25,2026-06-25 09:11:00,Ahmedabad,Tier 2,UPI,Delivered,451.2,7,7.0,False,2026-07-02,2026-06
849,728,2025-09-25,2025-09-25 00:36:00,Hyderabad,Tier 1,UPI,Returned,1406.4,3,,,,2025-09
850,968,2025-12-03,2025-12-03 18:12:00,Indore,Tier 2,Cash on Delivery,Returned,57390.5,7,,,,2025-12
851,1168,2026-03-12,2026-03-12 11:08:00,Ahmedabad,Tier 2,Debit Card,RTO,4996.0,3,,,,2026-03
852,1179,2026-03-28,2026-03-28 03:09:00,Mumbai,Tier 1,UPI,Delivered,25873.6,4,4.0,False,2026-04-01,2026-03
853,685,2026-04-18,2026-04-18 00:09:00,Pune,Tier 1,Cash on Delivery,Delivered,2027.0,5,5.0,False,2026-04-23,2026-04
854,246,2026-06-24,2026-06-24 08:03:00,Guwahati,Tier 3,Credit Card,Delivered,613.0,5,7.0,True,2026-07-01,2026-06
855,519,2025-02-18,2025-02-18 13:14:00,Jaipur,Tier 2,UPI,Delivered,568.0,4,5.0,True,2025-02-23,2025-02
856,1049,2026-01-09,2026-01-09 05:52:00,Hyderabad,Tier 1,Debit Card,Returned,1130.4,2,,,,2026-01
857,1104,2026-02-09,2026-02-09 01:07:00,Bhopal,Tier 2,Debit Card,Delivered,31261.2,7,7.0,False,2026-02-16,2026-02
858,137,2025-12-05,2025-12-05 14:37:00,Delhi,Tier 1,Net Banking,Returned,304.0,3,,,,2025-12
859,532,2026-01-01,2026-01-01 15:53:00,Jaipur,Tier 2,UPI,Delivered,3580.0,2,2.0,False,2026-01-03,2026-01
860,1081,2024-11-01,2024-11-01 06:01:00,Guwahati,Tier 3,Net Banking,RTO,6651.4,5,,,,2024-11
861,825,2026-03-28,2026-03-28 13:33:00,Bengaluru,Tier 1,Credit Card,Delivered,1883.6,5,5.0,False,2026-04-02,2026-03
862,654,2025-05-05,2025-05-05 18:01:00,Ghaziabad,Tier 3,UPI,RTO,2247.0,3,,,,2025-05
863,468,2025-09-05,2025-09-05 01:26:00,Ahmedabad,Tier 2,UPI,Delivered,832.15,2,1.0,False,2025-09-06,2025-09
864,253,2026-04-03,2026-04-03 09:23:00,Kanpur,Tier 2,Cash on Delivery,Delivered,28580.8,3,3.0,False,2026-04-06,2026-04
865,293,2026-04-10,2026-04-10 06:01:00,Chennai,Tier 1,Credit Card,Delivered,3837.75,5,7.0,True,2026-04-17,2026-04
866,519,2026-04-11,2026-04-11 19:16:00,Jaipur,Tier 2,UPI,Delivered,3657.5,3,5.0,True,2026-04-16,2026-04
867,413,2026-06-05,2026-06-05 14:59:00,Kanpur,Tier 2,Cash on Delivery,Delivered,52425.0,5,4.0,False,2026-06-09,2026-06
868,670,2026-03-16,2026-03-16 01:17:00,Bhopal,Tier 2,UPI,Delivered,114447.0,2,2.0,False,2026-03-18,2026-03
869,993,2026-05-05,2026-05-05 14:37:00,Chennai,Tier 1,Debit Card,Delivered,1019.0,4,4.0,False,2026-05-09,2026-05
870,536,2026-05-02,2026-05-02 17:04:00,Kanpur,Tier 2,Credit Card,RTO,38076.4,3,,,,2026-05
871,147,2026-04-09,2026-04-09 22:04:00,Coimbatore,Tier 2,Net Banking,Delivered,1019.0,7,8.0,True,2026-04-17,2026-04
872,452,2026-04-25,2026-04-25 19:52:00,Ahmedabad,Tier 2,Cash on Delivery,Delivered,602.25,3,3.0,False,2026-04-28,2026-04
873,472,2024-09-26,2024-09-26 14:37:00,Mumbai,Tier 1,Debit Card,Delivered,4375.1,2,2.0,False,2024-09-28,2024-09
874,1013,2024-09-22,2024-09-22 15:18:00,Jaipur,Tier 2,Credit Card,Delivered,4209.4,3,3.0,False,2024-09-25,2024-09
875,1080,2026-06-27,2026-06-27 16:42:00,Bhopal,Tier 2,Credit Card,Cancelled,5004.0,4,,,,2026-06
876,858,2026-01-28,2026-01-28 13:54:00,Chennai,Tier 1,UPI,Returned,2279.25,7,,,,2026-01
877,1079,2026-06-04,2026-06-04 05:06:00,Pune,Tier 1,UPI,Delivered,39578.6,3,4.0,True,2026-06-08,2026-06
878,582,2026-01-06,2026-01-06 22:48:00,Indore,Tier 2,Credit Card,Cancelled,13130.0,2,,,,2026-01
879,788,2025-05-10,2025-05-10 00:46:00,Mumbai,Tier 1,Credit Card,Delivered,11873.0,7,9.0,True,2025-05-19,2025-05
880,762,2025-07-29,2025-07-29 09:34:00,Ahmedabad,Tier 2,UPI,Delivered,1691.5,7,7.0,False,2025-08-05,2025-07
881,144,2025-09-23,2025-09-23 14:32:00,Mumbai,Tier 1,Credit Card,Delivered,43339.0,4,3.0,False,2025-09-26,2025-09
882,151,2026-04-03,2026-04-03 15:20:00,Surat,Tier 2,Debit Card,Delivered,43455.55,4,6.0,True,2026-04-09,2026-04
883,171,2025-04-04,2025-04-04 20:42:00,Mumbai,Tier 1,Cash on Delivery,Delivered,549.0,3,5.0,True,2025-04-09,2025-04
884,409,2026-06-22,2026-06-22 16:09:00,Coimbatore,Tier 2,Debit Card,Delivered,834.0,2,3.0,True,2026-06-25,2026-06
885,433,2026-02-20,2026-02-20 18:22:00,Ahmedabad,Tier 2,Debit Card,Delivered,4515.2,2,3.0,True,2026-02-23,2026-02
886,243,2026-05-03,2026-05-03 01:31:00,Kanpur,Tier 2,Debit Card,Delivered,3769.6,4,6.0,True,2026-05-09,2026-05
887,848,2025-07-21,2025-07-21 03:49:00,Lucknow,Tier 2,Credit Card,Delivered,49540.0,4,6.0,True,2025-07-27,2025-07
888,870,2025-10-03,2025-10-03 17:15:00,Surat,Tier 2,UPI,RTO,35151.25,2,,,,2025-10
889,921,2025-11-01,2025-11-01 00:09:00,Hyderabad,Tier 1,UPI,Delivered,374.85,7,7.0,False,2025-11-08,2025-11
890,362,2026-06-18,2026-06-18 13:17:00,Chennai,Tier 1,Credit Card,Delivered,9424.95,4,6.0,True,2026-06-24,2026-06
891,1025,2025-11-07,2025-11-07 22:32:00,Ahmedabad,Tier 2,Debit Card,Delivered,7264.9,7,7.0,False,2025-11-14,2025-11
892,253,2025-09-16,2025-09-16 00:39:00,Kanpur,Tier 2,UPI,Delivered,67128.0,7,7.0,False,2025-09-23,2025-09
893,749,2026-04-19,2026-04-19 21:48:00,Indore,Tier 2,Debit Card,Cancelled,25549.3,5,,,,2026-04
894,297,2025-02-11,2025-02-11 07:13:00,Ahmedabad,Tier 2,Debit Card,Delivered,2029.85,5,6.0,True,2025-02-17,2025-02
895,908,2024-08-15,2024-08-15 05:23:00,Patna,Tier 3,Net Banking,Delivered,9563.0,5,6.0,True,2024-08-21,2024-08
896,463,2026-06-26,2026-06-26 01:55:00,Ahmedabad,Tier 2,Debit Card,Delivered,6987.2,5,5.0,False,2026-07-01,2026-06
897,162,2025-08-22,2025-08-22 23:30:00,Patna,Tier 3,UPI,RTO,38149.0,7,,,,2025-08
898,12,2026-02-27,2026-02-27 23:00:00,Delhi,Tier 1,Credit Card,Delivered,1415.8,7,7.0,False,2026-03-06,2026-02
899,1171,2025-01-22,2025-01-22 10:39:00,Ghaziabad,Tier 3,Cash on Delivery,Delivered,9410.05,7,9.0,True,2025-01-31,2025-01
900,869,2026-06-26,2026-06-26 17:28:00,Guwahati,Tier 3,Cash on Delivery,Delivered,291.0,4,5.0,True,2026-07-01,2026-06
901,938,2025-10-19,2025-10-19 08:20:00,Delhi,Tier 1,UPI,Returned,5245.0,2,,,,2025-10
902,509,2026-05-07,2026-05-07 15:23:00,Delhi,Tier 1,Debit Card,Delivered,36838.15,2,2.0,False,2026-05-09,2026-05
903,933,2025-10-25,2025-10-25 02:27:00,Pune,Tier 1,Debit Card,Returned,937.6,3,,,,2025-10
904,26,2026-01-14,2026-01-14 10:15:00,Bhopal,Tier 2,Cash on Delivery,Delivered,2682.9,5,8.0,True,2026-01-22,2026-01
905,521,2024-12-12,2024-12-12 01:01:00,Nagpur,Tier 2,Debit Card,Cancelled,3931.2,3,,,,2024-12
906,448,2024-11-22,2024-11-22 09:58:00,Indore,Tier 2,Cash on Delivery,Delivered,6189.6,2,3.0,True,2024-11-25,2024-11
907,283,2026-04-21,2026-04-21 08:10:00,Ahmedabad,Tier 2,Cash on Delivery,Delivered,6065.5,7,10.0,True,2026-05-01,2026-04
908,706,2025-11-05,2025-11-05 10:14:00,Hyderabad,Tier 1,Net Banking,Delivered,1198.8,4,6.0,True,2025-11-11,2025-11
909,44,2025-10-26,2025-10-26 04:54:00,Mumbai,Tier 1,UPI,Returned,375.0,2,,,,2025-10
910,442,2025-12-24,2025-12-24 20:21:00,Bengaluru,Tier 1,Debit Card,Cancelled,1899.2,3,,,,2025-12
911,470,2024-10-22,2024-10-22 03:11:00,Bhopal,Tier 2,UPI,Delivered,43233.1,4,4.0,False,2024-10-26,2024-10
912,595,2025-08-27,2025-08-27 00:06:00,Kolkata,Tier 1,UPI,Delivered,3796.65,7,9.0,True,2025-09-05,2025-08
913,227,2024-12-06,2024-12-06 00:48:00,Chennai,Tier 1,UPI,Delivered,7650.4,5,8.0,True,2024-12-14,2024-12
914,523,2026-05-29,2026-05-29 04:12:00,Ahmedabad,Tier 2,UPI,Delivered,20580.5,4,7.0,True,2026-06-05,2026-05
915,1019,2024-12-23,2024-12-23 22:26:00,Indore,Tier 2,Cash on Delivery,Delivered,8846.0,2,2.0,False,2024-12-25,2024-12
916,1166,2026-05-22,2026-05-22 08:14:00,Nagpur,Tier 2,Net Banking,RTO,682.55,7,,,,2026-05
917,870,2026-03-29,2026-03-29 12:55:00,Surat,Tier 2,Credit Card,RTO,34766.0,4,,,,2026-03
918,413,2026-06-08,2026-06-08 16:11:00,Kanpur,Tier 2,UPI,Delivered,40101.15,4,5.0,True,2026-06-13,2026-06
919,51,2026-01-04,2026-01-04 01:43:00,Vadodara,Tier 2,UPI,Delivered,1189.75,3,3.0,False,2026-01-07,2026-01
920,982,2024-09-13,2024-09-13 04:12:00,Delhi,Tier 1,Cash on Delivery,Delivered,53081.05,4,4.0,False,2024-09-17,2024-09
921,177,2026-05-04,2026-05-04 05:01:00,Vadodara,Tier 2,Cash on Delivery,Delivered,41411.5,4,3.0,False,2026-05-07,2026-05
922,834,2026-05-19,2026-05-19 17:03:00,Hyderabad,Tier 1,Debit Card,Delivered,405.0,4,5.0,True,2026-05-24,2026-05
923,61,2026-06-27,2026-06-27 06:02:00,Kanpur,Tier 2,Debit Card,Delivered,6031.5,4,4.0,False,2026-07-01,2026-06
924,299,2026-02-25,2026-02-25 00:02:00,Hyderabad,Tier 1,Net Banking,Returned,2470.7,7,,,,2026-02
925,532,2026-06-17,2026-06-17 02:53:00,Jaipur,Tier 2,UPI,Delivered,2822.85,4,5.0,True,2026-06-22,2026-06
926,476,2025-10-01,2025-10-01 01:52:00,Patna,Tier 3,UPI,Delivered,1386.0,5,5.0,False,2025-10-06,2025-10
927,837,2026-06-02,2026-06-02 22:50:00,Delhi,Tier 1,UPI,Delivered,667.8,3,6.0,True,2026-06-08,2026-06
928,392,2025-09-05,2025-09-05 16:42:00,Patna,Tier 3,Cash on Delivery,Delivered,4412.0,7,6.0,False,2025-09-11,2025-09
929,999,2024-11-26,2024-11-26 10:30:00,Coimbatore,Tier 2,Debit Card,Cancelled,40011.55,2,,,,2024-11
930,46,2026-06-08,2026-06-08 23:38:00,Chennai,Tier 1,Net Banking,Delivered,3909.6,3,3.0,False,2026-06-11,2026-06
931,721,2026-06-24,2026-06-24 17:41:00,Surat,Tier 2,Credit Card,Delivered,846.0,3,3.0,False,2026-06-27,2026-06
932,89,2026-03-25,2026-03-25 21:35:00,Ahmedabad,Tier 2,UPI,Delivered,41331.85,3,3.0,False,2026-03-28,2026-03
933,1007,2024-07-21,2024-07-21 01:52:00,Bhopal,Tier 2,UPI,Delivered,2140.0,2,4.0,True,2024-07-25,2024-07
934,877,2025-07-12,2025-07-12 13:24:00,Ahmedabad,Tier 2,UPI,Delivered,42493.5,5,5.0,False,2025-07-17,2025-07
935,266,2025-09-03,2025-09-03 17:05:00,Chennai,Tier 1,UPI,Delivered,441.0,3,4.0,True,2025-09-07,2025-09
936,956,2026-03-12,2026-03-12 20:15:00,Ahmedabad,Tier 2,Cash on Delivery,Returned,36930.5,3,,,,2026-03
937,179,2025-07-09,2025-07-09 09:26:00,Bhopal,Tier 2,UPI,Cancelled,1291.0,5,,,,2025-07
938,451,2026-06-19,2026-06-19 12:58:00,Mumbai,Tier 1,UPI,Delivered,1959.6,5,5.0,False,2026-06-24,2026-06
939,862,2025-08-15,2025-08-15 00:57:00,Coimbatore,Tier 2,UPI,Returned,4302.4,5,,,,2025-08
940,479,2025-04-04,2025-04-04 02:04:00,Jaipur,Tier 2,Cash on Delivery,Delivered,43339.0,2,2.0,False,2025-04-06,2025-04
941,345,2026-01-07,2026-01-07 00:51:00,Coimbatore,Tier 2,Credit Card,Delivered,364.5,7,10.0,True,2026-01-17,2026-01
942,531,2024-07-27,2024-07-27 16:39:00,Delhi,Tier 1,UPI,Delivered,1399.5,7,7.0,False,2024-08-03,2024-07
943,820,2026-03-19,2026-03-19 17:46:00,Bengaluru,Tier 1,Credit Card,Cancelled,2116.5,2,,,,2026-03
944,486,2026-01-29,2026-01-29 07:34:00,Ghaziabad,Tier 3,Credit Card,Delivered,1769.0,5,8.0,True,2026-02-06,2026-01
945,712,2026-03-28,2026-03-28 02:23:00,Chennai,Tier 1,UPI,Delivered,29846.25,5,4.0,False,2026-04-01,2026-03
946,1053,2026-06-01,2026-06-01 07:08:00,Bhopal,Tier 2,Cash on Delivery,Delivered,6745.6,5,5.0,False,2026-06-06,2026-06
947,634,2025-10-03,2025-10-03 00:19:00,Lucknow,Tier 2,Credit Card,Delivered,1871.7,3,3.0,False,2025-10-06,2025-10
948,302,2026-05-16,2026-05-16 14:23:00,Patna,Tier 3,Credit Card,Delivered,6984.9,7,7.0,False,2026-05-23,2026-05
949,253,2026-03-19,2026-03-19 02:06:00,Kanpur,Tier 2,Debit Card,Delivered,48448.8,4,4.0,False,2026-03-23,2026-03
950,523,2025-04-18,2025-04-18 04:38:00,Ahmedabad,Tier 2,UPI,Delivered,1231.55,4,4.0,False,2025-04-22,2025-04
951,1161,2025-06-01,2025-06-01 17:22:00,Mumbai,Tier 1,UPI,Returned,1438.2,5,,,,2025-06
952,193,2026-06-30,2026-06-30 16:08:00,Indore,Tier 2,Cash on Delivery,Delivered,3007.3,5,4.0,False,2026-07-04,2026-06
953,1197,2026-06-24,2026-06-24 18:01:00,Coimbatore,Tier 2,UPI,RTO,812.7,5,,,,2026-06
954,500,2025-06-05,2025-06-05 06:52:00,Bengaluru,Tier 1,UPI,Delivered,15943.1,2,1.0,False,2025-06-06,2025-06
955,53,2025-02-10,2025-02-10 15:33:00,Delhi,Tier 1,Cash on Delivery,Returned,1301.75,2,,,,2025-02
956,766,2026-02-24,2026-02-24 13:04:00,Kolkata,Tier 1,Cash on Delivery,Delivered,1037.0,2,5.0,True,2026-03-01,2026-02
957,778,2025-03-01,2025-03-01 01:50:00,Chennai,Tier 1,Cash on Delivery,Delivered,2986.2,2,2.0,False,2025-03-03,2025-03
958,421,2026-04-19,2026-04-19 14:56:00,Vadodara,Tier 2,Cash on Delivery,Delivered,30943.2,4,4.0,False,2026-04-23,2026-04
959,933,2025-09-21,2025-09-21 01:52:00,Pune,Tier 1,UPI,Cancelled,490.4,7,,,,2025-09
960,688,2026-04-14,2026-04-14 21:00:00,Patna,Tier 3,Cash on Delivery,Delivered,1992.0,7,8.0,True,2026-04-22,2026-04
961,807,2026-01-19,2026-01-19 22:20:00,Hyderabad,Tier 1,UPI,Returned,44148.05,5,,,,2026-01
962,462,2025-11-24,2025-11-24 04:38:00,Hyderabad,Tier 1,UPI,Delivered,4344.0,7,7.0,False,2025-12-01,2025-11
963,374,2026-01-16,2026-01-16 06:51:00,Jaipur,Tier 2,Net Banking,Delivered,1796.0,2,3.0,True,2026-01-19,2026-01
964,960,2026-03-14,2026-03-14 01:09:00,Bhopal,Tier 2,Net Banking,Delivered,74560.4,3,4.0,True,2026-03-18,2026-03
965,811,2026-04-04,2026-04-04 08:33:00,Coimbatore,Tier 2,Cash on Delivery,RTO,2202.0,5,,,,2026-04
966,152,2026-06-10,2026-06-10 01:25:00,Delhi,Tier 1,Cash on Delivery,Delivered,746.25,3,3.0,False,2026-06-13,2026-06
967,1051,2025-07-31,2025-07-31 09:59:00,Vadodara,Tier 2,Credit Card,Delivered,8432.85,3,5.0,True,2025-08-05,2025-07
968,532,2026-06-21,2026-06-21 20:54:00,Jaipur,Tier 2,UPI,Delivered,30367.1,2,5.0,True,2026-06-26,2026-06
969,72,2026-05-31,2026-05-31 08:45:00,Mumbai,Tier 1,UPI,Delivered,979.0,4,6.0,True,2026-06-06,2026-05
970,231,2026-05-09,2026-05-09 06:36:00,Surat,Tier 2,Debit Card,Delivered,464.1,4,4.0,False,2026-05-13,2026-05
971,442,2024-12-26,2024-12-26 15:40:00,Bengaluru,Tier 1,UPI,Returned,8067.0,3,,,,2024-12
972,1005,2025-04-28,2025-04-28 02:06:00,Surat,Tier 2,Net Banking,Delivered,2244.05,5,4.0,False,2025-05-02,2025-04
973,396,2026-03-11,2026-03-11 05:40:00,Mumbai,Tier 1,UPI,Delivered,6673.4,2,2.0,False,2026-03-13,2026-03
974,90,2024-06-20,2024-06-20 02:42:00,Kanpur,Tier 2,UPI,Delivered,42928.2,2,2.0,False,2024-06-22,2024-06
975,1122,2026-02-28,2026-02-28 03:21:00,Bhopal,Tier 2,Cash on Delivery,Delivered,9948.45,2,5.0,True,2026-03-05,2026-02
976,1084,2026-01-28,2026-01-28 01:53:00,Kolkata,Tier 1,UPI,Delivered,559.0,5,4.0,False,2026-02-01,2026-01
977,397,2026-03-22,2026-03-22 22:47:00,Mumbai,Tier 1,Debit Card,Cancelled,113833.6,4,,,,2026-03
978,911,2026-04-25,2026-04-25 19:13:00,Patna,Tier 3,Net Banking,Delivered,825.0,2,3.0,True,2026-04-28,2026-04
979,678,2026-02-13,2026-02-13 04:02:00,Kanpur,Tier 2,Credit Card,Delivered,742.5,2,2.0,False,2026-02-15,2026-02
980,933,2026-01-03,2026-01-03 09:40:00,Pune,Tier 1,Cash on Delivery,Cancelled,124764.3,4,,,,2026-01
981,36,2026-02-01,2026-02-01 18:21:00,Nagpur,Tier 2,UPI,Delivered,2990.4,5,4.0,False,2026-02-05,2026-02
982,1156,2026-01-15,2026-01-15 00:25:00,Surat,Tier 2,Credit Card,Cancelled,10848.05,4,,,,2026-01
983,128,2024-09-10,2024-09-10 22:57:00,Delhi,Tier 1,Cash on Delivery,Delivered,2839.0,3,3.0,False,2024-09-13,2024-09
984,583,2026-03-05,2026-03-05 09:19:00,Vadodara,Tier 2,Debit Card,Cancelled,2639.0,3,,,,2026-03
985,141,2025-07-07,2025-07-07 20:22:00,Vadodara,Tier 2,UPI,Delivered,881.1,3,5.0,True,2025-07-12,2025-07
986,3,2025-09-03,2025-09-03 09:06:00,Pune,Tier 1,Credit Card,Delivered,2839.0,7,7.0,False,2025-09-10,2025-09
987,774,2025-07-10,2025-07-10 07:19:00,Ghaziabad,Tier 3,Cash on Delivery,Delivered,1758.0,7,6.0,False,2025-07-16,2025-07
988,569,2026-06-17,2026-06-17 21:02:00,Mumbai,Tier 1,UPI,Delivered,42398.75,2,2.0,False,2026-06-19,2026-06
989,1181,2024-05-18,2024-05-18 02:24:00,Ghaziabad,Tier 3,Credit Card,Delivered,34477.95,5,6.0,True,2024-05-24,2024-05
990,1186,2026-06-01,2026-06-01 18:35:00,Jaipur,Tier 2,Credit Card,Delivered,1715.2,2,2.0,False,2026-06-03,2026-06
991,978,2025-11-06,2025-11-06 13:42:00,Bhopal,Tier 2,Net Banking,Delivered,7365.65,5,4.0,False,2025-11-10,2025-11
992,991,2026-02-17,2026-02-17 19:08:00,Lucknow,Tier 2,Cash on Delivery,Delivered,1730.0,3,2.0,False,2026-02-19,2026-02
993,990,2025-12-05,2025-12-05 06:27:00,Coimbatore,Tier 2,Cash on Delivery,Returned,1220.0,2,,,,2025-12
994,70,2025-10-28,2025-10-28 16:50:00,Pune,Tier 1,Credit Card,Delivered,41427.35,7,9.0,True,2025-11-06,2025-10
995,51,2026-02-15,2026-02-15 17:23:00,Vadodara,Tier 2,Credit Card,Delivered,832.15,7,10.0,True,2026-02-25,2026-02
996,1175,2026-04-06,2026-04-06 05:45:00,Bhopal,Tier 2,UPI,Returned,63890.8,3,,,,2026-04
997,1196,2026-01-08,2026-01-08 17:48:00,Delhi,Tier 1,Debit Card,Returned,10757.6,7,,,,2026-01
998,586,2025-10-01,2025-10-01 16:58:00,Surat,Tier 2,Credit Card,Cancelled,941.8,4,,,,2025-10
999,1030,2024-06-04,2024-06-04 21:06:00,Mumbai,Tier 1,UPI,Delivered,1189.75,7,8.0,True,2024-06-12,2024-06
1000,428,2025-07-12,2025-07-12 04:40:00,Bhopal,Tier 2,UPI,Delivered,4084.1,3,3.0,False,2025-07-15,2025-07
1001,747,2024-11-07,2024-11-07 13:23:00,Guwahati,Tier 3,Debit Card,Cancelled,1172.0,2,,,,2024-11
1002,976,2025-03-30,2025-03-30 01:40:00,Delhi,Tier 1,Cash on Delivery,Delivered,635.0,3,3.0,False,2025-04-02,2025-03
1003,452,2024-11-12,2024-11-12 22:28:00,Ahmedabad,Tier 2,UPI,Delivered,1494.85,7,7.0,False,2024-11-19,2024-11
1004,933,2025-08-28,2025-08-28 10:56:00,Pune,Tier 1,UPI,Delivered,2374.0,4,4.0,False,2025-09-01,2025-08
1005,151,2026-04-08,2026-04-08 14:29:00,Surat,Tier 2,UPI,Delivered,2516.1,2,2.0,False,2026-04-10,2026-04
1006,415,2025-02-26,2025-02-26 13:43:00,Chennai,Tier 1,Cash on Delivery,Returned,568.0,3,,,,2025-02
1007,1198,2025-12-03,2025-12-03 23:33:00,Bengaluru,Tier 1,UPI,Delivered,1410.2,5,5.0,False,2025-12-08,2025-12
1008,1123,2026-04-22,2026-04-22 18:05:00,Nagpur,Tier 2,Cash on Delivery,Delivered,128.0,4,6.0,True,2026-04-28,2026-04
1009,541,2026-04-24,2026-04-24 11:53:00,Pune,Tier 1,Cash on Delivery,Delivered,6125.0,7,9.0,True,2026-05-03,2026-04
1010,578,2025-12-03,2025-12-03 11:03:00,Chennai,Tier 1,Credit Card,Delivered,6911.4,5,7.0,True,2025-12-10,2025-12
1011,534,2025-08-09,2025-08-09 21:19:00,Indore,Tier 2,Net Banking,Cancelled,36060.2,3,,,,2025-08
1012,523,2026-02-10,2026-02-10 06:08:00,Ahmedabad,Tier 2,UPI,Delivered,1536.0,4,4.0,False,2026-02-14,2026-02
1013,909,2026-03-30,2026-03-30 06:50:00,Vadodara,Tier 2,Debit Card,Delivered,42699.4,7,10.0,True,2026-04-09,2026-03
1014,861,2026-05-23,2026-05-23 21:39:00,Lucknow,Tier 2,Debit Card,Delivered,4865.5,4,4.0,False,2026-05-27,2026-05
1015,200,2026-05-26,2026-05-26 17:21:00,Indore,Tier 2,Cash on Delivery,Delivered,6023.6,4,3.0,False,2026-05-29,2026-05
1016,113,2025-03-10,2025-03-10 17:15:00,Guwahati,Tier 3,UPI,Delivered,77379.65,7,10.0,True,2025-03-20,2025-03
1017,447,2025-06-28,2025-06-28 00:23:00,Kanpur,Tier 2,UPI,RTO,11138.05,5,,,,2025-06
1018,198,2026-01-09,2026-01-09 22:57:00,Coimbatore,Tier 2,Net Banking,RTO,71017.5,3,,,,2026-01
1019,954,2025-09-05,2025-09-05 07:27:00,Surat,Tier 2,Credit Card,Delivered,59573.6,3,3.0,False,2025-09-08,2025-09
1020,528,2025-08-30,2025-08-30 10:18:00,Bhopal,Tier 2,UPI,Delivered,26574.45,7,7.0,False,2025-09-06,2025-08
1021,1184,2025-06-17,2025-06-17 05:48:00,Indore,Tier 2,Credit Card,Delivered,6950.4,5,6.0,True,2025-06-23,2025-06
1022,664,2025-12-21,2025-12-21 05:07:00,Indore,Tier 2,UPI,Delivered,34653.4,2,3.0,True,2025-12-24,2025-12
1023,1004,2025-09-11,2025-09-11 21:16:00,Vadodara,Tier 2,Credit Card,Returned,1650.0,5,,,,2025-09
1024,659,2024-08-05,2024-08-05 09:49:00,Guwahati,Tier 3,Cash on Delivery,Delivered,1204.5,7,9.0,True,2024-08-14,2024-08
1025,630,2025-06-06,2025-06-06 21:49:00,Bengaluru,Tier 1,UPI,Delivered,43881.45,2,2.0,False,2025-06-08,2025-06
1026,610,2026-01-07,2026-01-07 23:35:00,Vadodara,Tier 2,UPI,Delivered,11457.6,5,8.0,True,2026-01-15,2026-01
1027,1196,2025-09-17,2025-09-17 08:54:00,Delhi,Tier 1,Debit Card,Returned,3841.5,2,,,,2025-09
1028,402,2026-04-07,2026-04-07 16:26:00,Surat,Tier 2,Cash on Delivery,Delivered,3144.25,7,9.0,True,2026-04-16,2026-04
1029,550,2026-03-05,2026-03-05 21:20:00,Chennai,Tier 1,UPI,Delivered,3850.0,2,3.0,True,2026-03-08,2026-03
1030,566,2026-06-21,2026-06-21 04:52:00,Bengaluru,Tier 1,Cash on Delivery,Delivered,945.2,4,3.0,False,2026-06-24,2026-06
1031,476,2025-03-15,2025-03-15 00:58:00,Patna,Tier 3,Credit Card,Delivered,3608.95,5,5.0,False,2025-03-20,2025-03
1032,82,2025-02-05,2025-02-05 13:01:00,Pune,Tier 1,UPI,Cancelled,4945.7,2,,,,2025-02
1033,1055,2025-06-13,2025-06-13 03:12:00,Indore,Tier 2,Debit Card,Delivered,1415.2,3,2.0,False,2025-06-15,2025-06
1034,54,2025-07-06,2025-07-06 18:46:00,Hyderabad,Tier 1,Cash on Delivery,Returned,5633.8,3,,,,2025-07
1035,1190,2026-04-10,2026-04-10 04:10:00,Ghaziabad,Tier 3,Debit Card,Delivered,40581.7,2,3.0,True,2026-04-13,2026-04
1036,1025,2025-08-13,2025-08-13 15:44:00,Ahmedabad,Tier 2,Cash on Delivery,Returned,577.05,5,,,,2025-08
1037,119,2025-10-29,2025-10-29 02:32:00,Surat,Tier 2,Cash on Delivery,Delivered,40516.0,7,10.0,True,2025-11-08,2025-10
1038,957,2025-12-19,2025-12-19 16:11:00,Nagpur,Tier 2,Debit Card,Delivered,10873.7,5,4.0,False,2025-12-23,2025-12
1039,1044,2026-01-07,2026-01-07 00:31:00,Mumbai,Tier 1,UPI,Delivered,1052.6,7,7.0,False,2026-01-14,2026-01
1040,684,2026-01-21,2026-01-21 02:54:00,Coimbatore,Tier 2,Debit Card,Delivered,42095.7,3,4.0,True,2026-01-25,2026-01
1041,476,2025-10-09,2025-10-09 08:08:00,Patna,Tier 3,UPI,Delivered,81096.4,4,4.0,False,2025-10-13,2025-10
1042,595,2025-07-13,2025-07-13 17:42:00,Kolkata,Tier 1,Credit Card,RTO,1918.95,5,,,,2025-07
1043,105,2026-02-09,2026-02-09 12:11:00,Kolkata,Tier 1,Cash on Delivery,Cancelled,461.0,5,,,,2026-02
1044,34,2024-11-21,2024-11-21 20:50:00,Pune,Tier 1,Credit Card,RTO,1449.7,5,,,,2024-11
1045,88,2026-01-26,2026-01-26 08:06:00,Mumbai,Tier 1,UPI,Delivered,2104.0,3,2.0,False,2026-01-28,2026-01
1046,759,2026-06-19,2026-06-19 02:14:00,Lucknow,Tier 2,UPI,RTO,500.4,5,,,,2026-06
1047,672,2026-05-22,2026-05-22 18:53:00,Bengaluru,Tier 1,Credit Card,RTO,612.0,5,,,,2026-05
1048,202,2025-06-29,2025-06-29 11:20:00,Bengaluru,Tier 1,Credit Card,Delivered,4701.2,4,4.0,False,2025-07-03,2025-06
1049,507,2024-09-25,2024-09-25 18:49:00,Nagpur,Tier 2,UPI,Returned,4367.0,7,,,,2024-09
1050,177,2026-04-05,2026-04-05 18:13:00,Vadodara,Tier 2,UPI,Cancelled,4996.0,2,,,,2026-04
1051,536,2026-03-29,2026-03-29 00:51:00,Kanpur,Tier 2,UPI,Delivered,5274.0,2,5.0,True,2026-04-03,2026-03
1052,367,2026-01-24,2026-01-24 04:46:00,Pune,Tier 1,UPI,Returned,1071.6,5,,,,2026-01
1053,364,2026-06-29,2026-06-29 19:25:00,Hyderabad,Tier 1,Credit Card,Delivered,1227.75,5,8.0,True,2026-07-07,2026-06
1054,242,2026-06-14,2026-06-14 07:05:00,Nagpur,Tier 2,Cash on Delivery,Cancelled,243.2,2,,,,2026-06
1055,177,2026-04-26,2026-04-26 10:44:00,Vadodara,Tier 2,Cash on Delivery,Cancelled,324.0,4,,,,2026-04
1056,777,2025-09-08,2025-09-08 20:59:00,Indore,Tier 2,Cash on Delivery,Delivered,3795.8,5,6.0,True,2025-09-14,2025-09
1057,168,2026-04-24,2026-04-24 06:01:00,Ahmedabad,Tier 2,Debit Card,Delivered,38982.0,2,2.0,False,2026-04-26,2026-04
1058,250,2026-05-26,2026-05-26 18:04:00,Ahmedabad,Tier 2,Cash on Delivery,Delivered,2941.7,7,10.0,True,2026-06-05,2026-05
1059,532,2026-05-21,2026-05-21 09:30:00,Jaipur,Tier 2,Debit Card,Delivered,3386.25,5,6.0,True,2026-05-27,2026-05
1060,790,2025-11-02,2025-11-02 17:42:00,Pune,Tier 1,Credit Card,RTO,409.5,4,,,,2025-11
1061,1182,2024-12-08,2024-12-08 13:52:00,Kolkata,Tier 1,UPI,Delivered,556.0,4,5.0,True,2024-12-13,2024-12
1062,442,2024-12-16,2024-12-16 00:26:00,Bengaluru,Tier 1,UPI,Delivered,75181.6,4,6.0,True,2024-12-22,2024-12
1063,578,2026-04-12,2026-04-12 05:29:00,Chennai,Tier 1,UPI,Delivered,67109.35,2,3.0,True,2026-04-15,2026-04
1064,684,2025-09-27,2025-09-27 14:46:00,Coimbatore,Tier 2,UPI,Delivered,28329.0,5,7.0,True,2025-10-04,2025-09
1065,2,2026-02-18,2026-02-18 06:27:00,Vadodara,Tier 2,UPI,Delivered,33501.6,7,8.0,True,2026-02-26,2026-02
1066,519,2026-03-05,2026-03-05 11:59:00,Jaipur,Tier 2,UPI,Delivered,30367.1,4,5.0,True,2026-03-10,2026-03
1067,1060,2026-06-15,2026-06-15 07:19:00,Patna,Tier 3,UPI,RTO,1092.0,5,,,,2026-06
1068,1046,2026-03-16,2026-03-16 19:37:00,Patna,Tier 3,Net Banking,Delivered,1247.4,4,7.0,True,2026-03-23,2026-03
1069,1062,2025-12-30,2025-12-30 07:36:00,Hyderabad,Tier 1,Cash on Delivery,Delivered,291.0,3,3.0,False,2026-01-02,2025-12
1070,618,2026-01-16,2026-01-16 18:21:00,Bhopal,Tier 2,Credit Card,Delivered,3812.15,2,2.0,False,2026-01-18,2026-01
1071,1186,2026-03-17,2026-03-17 03:00:00,Jaipur,Tier 2,Credit Card,RTO,1070.0,5,,,,2026-03
1072,1091,2025-09-08,2025-09-08 15:20:00,Delhi,Tier 1,Cash on Delivery,Delivered,324.0,4,5.0,True,2025-09-13,2025-09
1073,316,2026-06-19,2026-06-19 18:08:00,Kolkata,Tier 1,UPI,RTO,500.4,7,,,,2026-06
1074,413,2026-06-13,2026-06-13 09:24:00,Kanpur,Tier 2,UPI,Delivered,41496.2,2,2.0,False,2026-06-15,2026-06
1075,743,2025-02-22,2025-02-22 06:46:00,Vadodara,Tier 2,UPI,Delivered,1555.2,3,4.0,True,2025-02-26,2025-02
1076,474,2025-09-18,2025-09-18 10:40:00,Patna,Tier 3,Cash on Delivery,Returned,9080.7,4,,,,2025-09
1077,203,2026-06-04,2026-06-04 09:12:00,Kanpur,Tier 2,Debit Card,Delivered,3968.0,3,4.0,True,2026-06-08,2026-06
1078,1062,2025-08-31,2025-08-31 06:18:00,Hyderabad,Tier 1,UPI,Delivered,882.0,2,2.0,False,2025-09-02,2025-08
1079,246,2026-05-16,2026-05-16 09:29:00,Guwahati,Tier 3,UPI,Delivered,461.0,4,4.0,False,2026-05-20,2026-05
1080,1102,2025-12-06,2025-12-06 14:45:00,Lucknow,Tier 2,UPI,Cancelled,4501.2,2,,,,2025-12
1081,409,2026-06-20,2026-06-20 20:20:00,Coimbatore,Tier 2,Debit Card,RTO,3798.4,7,,,,2026-06
1082,397,2026-01-03,2026-01-03 04:56:00,Mumbai,Tier 1,UPI,Returned,848.7,3,,,,2026-01
1083,218,2024-02-26,2024-02-26 09:13:00,Kanpur,Tier 2,UPI,Delivered,1847.9,2,2.0,False,2024-02-28,2024-02
1084,257,2025-10-07,2025-10-07 17:39:00,Bengaluru,Tier 1,Credit Card,Delivered,678.3,3,3.0,False,2025-10-10,2025-10
1085,1087,2025-06-20,2025-06-20 04:33:00,Ahmedabad,Tier 2,Debit Card,Delivered,846.0,4,6.0,True,2025-06-26,2025-06
1086,324,2025-05-11,2025-05-11 06:13:00,Bhopal,Tier 2,UPI,Delivered,226.5,5,5.0,False,2025-05-16,2025-05
1087,74,2025-09-26,2025-09-26 21:57:00,Ghaziabad,Tier 3,Net Banking,Delivered,6516.0,5,5.0,False,2025-10-01,2025-09
1088,346,2026-05-27,2026-05-27 19:39:00,Pune,Tier 1,Net Banking,Delivered,4748.0,3,4.0,True,2026-05-31,2026-05
1089,472,2025-12-24,2025-12-24 11:13:00,Mumbai,Tier 1,UPI,Delivered,98440.25,4,4.0,False,2025-12-28,2025-12
1090,1105,2026-01-30,2026-01-30 04:34:00,Lucknow,Tier 2,Credit Card,Delivered,97796.0,4,3.0,False,2026-02-02,2026-01
1091,932,2025-08-16,2025-08-16 01:28:00,Ahmedabad,Tier 2,UPI,RTO,30795.0,5,,,,2025-08
1092,413,2026-06-10,2026-06-10 08:26:00,Kanpur,Tier 2,Debit Card,Delivered,8130.95,7,10.0,True,2026-06-20,2026-06
1093,895,2025-07-19,2025-07-19 21:30:00,Surat,Tier 2,UPI,Returned,8688.0,3,,,,2025-07
1094,304,2024-12-27,2024-12-27 19:02:00,Chennai,Tier 1,Net Banking,Cancelled,990.9,4,,,,2024-12
1095,428,2025-06-12,2025-06-12 23:47:00,Bhopal,Tier 2,Cash on Delivery,Delivered,831.0,7,7.0,False,2025-06-19,2025-06
1096,51,2026-02-08,2026-02-08 03:08:00,Vadodara,Tier 2,UPI,Delivered,564.0,3,4.0,True,2026-02-12,2026-02
1097,681,2026-02-07,2026-02-07 17:26:00,Chennai,Tier 1,Debit Card,RTO,41849.0,5,,,,2026-02
1098,44,2025-09-10,2025-09-10 22:02:00,Mumbai,Tier 1,Cash on Delivery,Returned,3546.6,7,,,,2025-09
1099,261,2025-02-04,2025-02-04 23:56:00,Coimbatore,Tier 2,UPI,RTO,615.75,5,,,,2025-02
1100,247,2026-05-17,2026-05-17 08:15:00,Lucknow,Tier 2,Credit Card,Delivered,551.7,3,3.0,False,2026-05-20,2026-05
1101,752,2024-12-07,2024-12-07 12:11:00,Kanpur,Tier 2,Debit Card,Delivered,4961.8,3,2.0,False,2024-12-09,2024-12
1102,1181,2025-12-28,2025-12-28 17:52:00,Ghaziabad,Tier 3,UPI,Delivered,405.0,4,7.0,True,2026-01-04,2025-12
1103,559,2025-12-15,2025-12-15 19:37:00,Indore,Tier 2,UPI,Delivered,6614.0,4,6.0,True,2025-12-21,2025-12
1104,1102,2026-03-21,2026-03-21 16:43:00,Lucknow,Tier 2,UPI,Delivered,7461.75,5,7.0,True,2026-03-28,2026-03
1105,806,2026-01-03,2026-01-03 05:56:00,Nagpur,Tier 2,Net Banking,Cancelled,618.75,5,,,,2026-01
1106,1042,2025-07-25,2025-07-25 10:50:00,Coimbatore,Tier 2,UPI,Delivered,2271.2,2,4.0,True,2025-07-29,2025-07
1107,472,2025-02-27,2025-02-27 17:05:00,Mumbai,Tier 1,Net Banking,Delivered,635.0,3,4.0,True,2025-03-03,2025-02
1108,277,2025-02-11,2025-02-11 02:20:00,Delhi,Tier 1,UPI,RTO,482.8,7,,,,2025-02
1109,559,2025-10-21,2025-10-21 07:27:00,Indore,Tier 2,Credit Card,Delivered,5059.7,3,2.0,False,2025-10-23,2025-10
1110,628,2025-08-28,2025-08-28 12:04:00,Ahmedabad,Tier 2,Debit Card,Delivered,30769.9,2,2.0,False,2025-08-30,2025-08
1111,988,2026-06-29,2026-06-29 01:02:00,Kanpur,Tier 2,Credit Card,Delivered,7168.0,2,2.0,False,2026-07-01,2026-06
1112,1129,2026-05-22,2026-05-22 11:47:00,Indore,Tier 2,Credit Card,Delivered,5206.0,5,6.0,True,2026-05-28,2026-05
1113,1067,2026-01-04,2026-01-04 03:48:00,Patna,Tier 3,UPI,Cancelled,413.0,5,,,,2026-01
1114,1123,2026-05-12,2026-05-12 09:48:00,Nagpur,Tier 2,Cash on Delivery,Delivered,18410.8,5,8.0,True,2026-05-20,2026-05
1115,596,2025-11-11,2025-11-11 10:33:00,Ghaziabad,Tier 3,Net Banking,Delivered,44669.9,3,4.0,True,2025-11-15,2025-11
1116,648,2026-04-15,2026-04-15 05:07:00,Kanpur,Tier 2,UPI,Cancelled,3948.0,2,,,,2026-04
1117,19,2025-09-01,2025-09-01 05:39:00,Chennai,Tier 1,Credit Card,Delivered,13623.25,2,5.0,True,2025-09-06,2025-09
1118,552,2026-02-25,2026-02-25 04:52:00,Mumbai,Tier 1,UPI,RTO,78246.3,3,,,,2026-02
1119,397,2026-05-02,2026-05-02 22:12:00,Mumbai,Tier 1,Debit Card,Delivered,1797.6,5,7.0,True,2026-05-09,2026-05
1120,924,2026-04-22,2026-04-22 23:44:00,Surat,Tier 2,UPI,RTO,2554.55,3,,,,2026-04
1121,615,2026-03-16,2026-03-16 10:12:00,Surat,Tier 2,UPI,Delivered,2056.95,7,6.0,False,2026-03-22,2026-03
1122,248,2025-12-23,2025-12-23 17:44:00,Bhopal,Tier 2,Cash on Delivery,Delivered,62126.2,3,6.0,True,2025-12-29,2025-12
1123,1109,2026-05-14,2026-05-14 07:54:00,Indore,Tier 2,UPI,Delivered,60342.15,3,6.0,True,2026-05-20,2026-05
1124,735,2026-01-11,2026-01-11 23:05:00,Vadodara,Tier 2,UPI,Delivered,102.4,3,5.0,True,2026-01-16,2026-01
1125,1186,2026-04-24,2026-04-24 03:15:00,Jaipur,Tier 2,Credit Card,Delivered,2970.05,2,2.0,False,2026-04-26,2026-04
1126,68,2026-05-06,2026-05-06 05:29:00,Patna,Tier 3,Debit Card,RTO,7245.25,5,,,,2026-05
1127,1008,2026-03-16,2026-03-16 03:41:00,Surat,Tier 2,Credit Card,Delivered,43744.0,4,4.0,False,2026-03-20,2026-03
1128,623,2025-04-11,2025-04-11 19:08:00,Bhopal,Tier 2,Debit Card,Delivered,44416.75,4,7.0,True,2025-04-18,2025-04
1129,1026,2025-01-20,2025-01-20 23:43:00,Kanpur,Tier 2,Cash on Delivery,Delivered,2864.0,7,9.0,True,2025-01-29,2025-01
1130,183,2026-05-26,2026-05-26 05:39:00,Kanpur,Tier 2,Credit Card,Delivered,646.0,4,4.0,False,2026-05-30,2026-05
1131,462,2025-11-23,2025-11-23 10:14:00,Hyderabad,Tier 1,UPI,Cancelled,746.25,4,,,,2025-11
1132,504,2025-05-23,2025-05-23 18:55:00,Delhi,Tier 1,UPI,Cancelled,1621.6,5,,,,2025-05
1133,447,2026-01-03,2026-01-03 09:04:00,Kanpur,Tier 2,Credit Card,RTO,38668.0,4,,,,2026-01
1134,929,2026-03-11,2026-03-11 21:31:00,Chennai,Tier 1,Credit Card,Delivered,8998.2,7,7.0,False,2026-03-18,2026-03
1135,954,2026-05-16,2026-05-16 16:54:00,Surat,Tier 2,UPI,Delivered,831.0,7,8.0,True,2026-05-24,2026-05
1136,615,2025-12-20,2025-12-20 12:46:00,Surat,Tier 2,Credit Card,Cancelled,121262.4,7,,,,2025-12
1137,115,2026-01-04,2026-01-04 00:16:00,Indore,Tier 2,UPI,Delivered,7072.7,3,3.0,False,2026-01-07,2026-01
1138,243,2026-06-24,2026-06-24 01:10:00,Kanpur,Tier 2,UPI,Delivered,978.3,7,6.0,False,2026-06-30,2026-06
1139,1089,2025-09-21,2025-09-21 17:11:00,Kanpur,Tier 2,Credit Card,Delivered,1016.5,2,2.0,False,2025-09-23,2025-09
1140,559,2026-06-20,2026-06-20 21:51:00,Indore,Tier 2,UPI,Delivered,4527.7,7,10.0,True,2026-06-30,2026-06
1141,546,2025-10-08,2025-10-08 23:06:00,Kolkata,Tier 1,UPI,Delivered,25035.7,2,3.0,True,2025-10-11,2025-10
1142,552,2025-12-29,2025-12-29 21:25:00,Mumbai,Tier 1,Credit Card,Delivered,4157.5,7,8.0,True,2026-01-06,2025-12
1143,365,2026-01-17,2026-01-17 14:34:00,Mumbai,Tier 1,Cash on Delivery,Returned,3553.5,3,,,,2026-01
1144,1087,2026-01-25,2026-01-25 20:51:00,Ahmedabad,Tier 2,UPI,Delivered,8676.85,2,2.0,False,2026-01-27,2026-01
1145,351,2026-02-09,2026-02-09 09:19:00,Delhi,Tier 1,UPI,Delivered,22939.95,5,7.0,True,2026-02-16,2026-02
1146,649,2025-09-10,2025-09-10 05:19:00,Chennai,Tier 1,UPI,Delivered,30832.7,5,5.0,False,2025-09-15,2025-09
1147,582,2024-12-24,2024-12-24 13:49:00,Indore,Tier 2,UPI,Delivered,5751.55,5,4.0,False,2024-12-28,2024-12
1148,513,2025-03-17,2025-03-17 15:19:00,Bhopal,Tier 2,Cash on Delivery,Delivered,1503.65,4,4.0,False,2025-03-21,2025-03
1149,1006,2026-04-02,2026-04-02 13:20:00,Ahmedabad,Tier 2,UPI,Delivered,13184.15,2,2.0,False,2026-04-04,2026-04
1150,885,2025-08-01,2025-08-01 10:46:00,Lucknow,Tier 2,UPI,Delivered,4494.0,2,2.0,False,2025-08-03,2025-08
1151,1126,2025-07-08,2025-07-08 04:42:00,Bhopal,Tier 2,Cash on Delivery,Delivered,6801.5,5,5.0,False,2025-07-13,2025-07
1152,46,2025-10-27,2025-10-27 08:34:00,Chennai,Tier 1,Credit Card,Returned,34175.95,4,,,,2025-10
1153,888,2025-10-13,2025-10-13 10:10:00,Patna,Tier 3,Credit Card,Delivered,1503.65,3,4.0,True,2025-10-17,2025-10
1154,489,2025-03-09,2025-03-09 12:07:00,Surat,Tier 2,UPI,Delivered,128.0,2,3.0,True,2025-03-12,2025-03
1155,346,2025-03-17,2025-03-17 16:54:00,Pune,Tier 1,UPI,Returned,2055.75,5,,,,2025-03
1156,432,2025-08-01,2025-08-01 08:30:00,Ahmedabad,Tier 2,Net Banking,Delivered,12526.3,2,5.0,True,2025-08-06,2025-08
1157,878,2025-08-04,2025-08-04 11:37:00,Bhopal,Tier 2,Debit Card,Delivered,5889.05,3,3.0,False,2025-08-07,2025-08
1158,948,2026-06-03,2026-06-03 16:13:00,Indore,Tier 2,UPI,Delivered,2278.1,5,4.0,False,2026-06-07,2026-06
1159,980,2026-05-14,2026-05-14 15:32:00,Ghaziabad,Tier 3,Cash on Delivery,Delivered,4050.2,7,10.0,True,2026-05-24,2026-05
1160,222,2025-06-04,2025-06-04 00:18:00,Delhi,Tier 1,Credit Card,Delivered,3738.0,2,5.0,True,2025-06-09,2025-06
1161,428,2025-12-18,2025-12-18 09:26:00,Bhopal,Tier 2,Cash on Delivery,Delivered,579.5,5,4.0,False,2025-12-22,2025-12
1162,127,2025-04-19,2025-04-19 16:36:00,Bhopal,Tier 2,UPI,Delivered,8295.0,2,5.0,True,2025-04-24,2025-04
1163,924,2026-06-15,2026-06-15 23:24:00,Surat,Tier 2,Credit Card,Delivered,7142.4,3,3.0,False,2026-06-18,2026-06
1164,274,2025-07-22,2025-07-22 04:37:00,Pune,Tier 1,Credit Card,Cancelled,38210.55,2,,,,2025-07
1165,68,2026-04-06,2026-04-06 01:34:00,Patna,Tier 3,Credit Card,Cancelled,1113.4,4,,,,2026-04
1166,1003,2025-05-05,2025-05-05 03:45:00,Lucknow,Tier 2,Credit Card,Delivered,273.6,3,4.0,True,2025-05-09,2025-05
1167,306,2026-01-05,2026-01-05 08:47:00,Vadodara,Tier 2,Net Banking,Delivered,2236.5,7,8.0,True,2026-01-13,2026-01
1168,89,2025-12-09,2025-12-09 05:35:00,Ahmedabad,Tier 2,Cash on Delivery,Delivered,106035.6,7,6.0,False,2025-12-15,2025-12
1169,1148,2026-01-05,2026-01-05 04:04:00,Kanpur,Tier 2,Net Banking,Delivered,2374.0,3,4.0,True,2026-01-09,2026-01
1170,262,2025-11-03,2025-11-03 17:12:00,Kanpur,Tier 2,Debit Card,Returned,13488.6,4,,,,2025-11
1171,121,2025-08-15,2025-08-15 03:50:00,Guwahati,Tier 3,Net Banking,Delivered,34766.0,7,9.0,True,2025-08-24,2025-08
1172,246,2026-06-27,2026-06-27 03:05:00,Guwahati,Tier 3,Debit Card,Delivered,5393.3,2,2.0,False,2026-06-29,2026-06
1173,541,2026-05-08,2026-05-08 15:53:00,Pune,Tier 1,UPI,Delivered,6053.0,2,5.0,True,2026-05-13,2026-05
1174,366,2026-05-13,2026-05-13 18:03:00,Vadodara,Tier 2,UPI,Delivered,41916.6,4,4.0,False,2026-05-17,2026-05
1175,625,2025-10-16,2025-10-16 21:20:00,Kanpur,Tier 2,Credit Card,RTO,23380.5,4,,,,2025-10
1176,505,2024-08-13,2024-08-13 04:43:00,Hyderabad,Tier 1,UPI,Delivered,92648.85,2,2.0,False,2024-08-15,2024-08
1177,1172,2026-06-25,2026-06-25 17:08:00,Patna,Tier 3,Cash on Delivery,Cancelled,719.1,4,,,,2026-06
1178,183,2025-12-13,2025-12-13 07:46:00,Kanpur,Tier 2,UPI,Delivered,375.0,7,7.0,False,2025-12-20,2025-12
1179,485,2024-03-22,2024-03-22 09:20:00,Patna,Tier 3,Cash on Delivery,Delivered,1193.2,5,5.0,False,2024-03-27,2024-03
1180,712,2025-06-23,2025-06-23 22:50:00,Chennai,Tier 1,Credit Card,Delivered,576.0,2,2.0,False,2025-06-25,2025-06
1181,1103,2026-06-20,2026-06-20 11:32:00,Hyderabad,Tier 1,Credit Card,RTO,109224.9,2,,,,2026-06
1182,769,2025-10-14,2025-10-14 10:34:00,Guwahati,Tier 3,Cash on Delivery,Delivered,6523.55,5,7.0,True,2025-10-21,2025-10
1183,764,2025-08-16,2025-08-16 18:31:00,Delhi,Tier 1,UPI,Cancelled,1112.0,5,,,,2025-08
1184,384,2026-01-30,2026-01-30 07:25:00,Bhopal,Tier 2,Debit Card,Returned,3086.5,5,,,,2026-01
1185,698,2025-03-19,2025-03-19 05:34:00,Kolkata,Tier 1,Credit Card,Cancelled,3283.95,4,,,,2025-03
1186,767,2026-05-11,2026-05-11 16:05:00,Coimbatore,Tier 2,Net Banking,Delivered,1761.6,2,1.0,False,2026-05-12,2026-05
1187,439,2024-05-04,2024-05-04 19:44:00,Bengaluru,Tier 1,Cash on Delivery,Delivered,63280.8,7,8.0,True,2024-05-12,2024-05
1188,1089,2026-04-09,2026-04-09 08:02:00,Kanpur,Tier 2,Cash on Delivery,Delivered,1197.0,3,6.0,True,2026-04-15,2026-04
1189,81,2025-08-02,2025-08-02 00:16:00,Mumbai,Tier 1,Credit Card,Delivered,405.0,4,5.0,True,2025-08-07,2025-08
1190,821,2026-01-12,2026-01-12 08:29:00,Kolkata,Tier 1,Credit Card,Delivered,59765.55,7,6.0,False,2026-01-18,2026-01
1191,273,2025-11-12,2025-11-12 15:25:00,Bhopal,Tier 2,Debit Card,Delivered,35146.3,7,10.0,True,2025-11-22,2025-11
1192,359,2025-05-26,2025-05-26 10:48:00,Delhi,Tier 1,UPI,Delivered,2825.6,3,6.0,True,2025-06-01,2025-05
1193,602,2025-06-06,2025-06-06 14:17:00,Nagpur,Tier 2,UPI,Delivered,7982.8,3,4.0,True,2025-06-10,2025-06
1194,693,2024-12-10,2024-12-10 18:32:00,Coimbatore,Tier 2,Credit Card,RTO,330.75,5,,,,2024-12
1195,736,2026-04-28,2026-04-28 23:22:00,Delhi,Tier 1,UPI,Delivered,419.25,5,4.0,False,2026-05-02,2026-04
1196,183,2026-06-12,2026-06-12 08:06:00,Kanpur,Tier 2,Debit Card,Delivered,3103.9,3,5.0,True,2026-06-17,2026-06
1197,472,2024-03-30,2024-03-30 05:34:00,Mumbai,Tier 1,UPI,Delivered,1990.0,4,4.0,False,2024-04-03,2024-03
1198,706,2025-06-17,2025-06-17 07:57:00,Hyderabad,Tier 1,Debit Card,Delivered,34892.85,4,4.0,False,2025-06-21,2025-06
1199,616,2025-07-10,2025-07-10 01:45:00,Vadodara,Tier 2,Credit Card,Returned,6367.0,4,,,,2025-07
1200,716,2026-05-31,2026-05-31 07:53:00,Ghaziabad,Tier 3,Debit Card,Delivered,997.2,2,2.0,False,2026-06-02,2026-05
1201,394,2025-08-24,2025-08-24 08:34:00,Pune,Tier 1,UPI,Delivered,1142.2,7,9.0,True,2025-09-02,2025-08
1202,923,2024-09-12,2024-09-12 05:11:00,Guwahati,Tier 3,UPI,Delivered,4996.0,3,4.0,True,2024-09-16,2024-09
1203,1198,2025-02-15,2025-02-15 08:53:00,Bengaluru,Tier 1,Debit Card,Returned,3968.0,7,,,,2025-02
1204,531,2026-03-13,2026-03-13 01:02:00,Delhi,Tier 1,UPI,Delivered,35929.6,3,2.0,False,2026-03-15,2026-03
1205,721,2025-12-24,2025-12-24 00:09:00,Surat,Tier 2,UPI,Delivered,11466.0,7,8.0,True,2026-01-01,2025-12
1206,1013,2026-04-22,2026-04-22 07:25:00,Jaipur,Tier 2,Debit Card,Delivered,2271.2,7,6.0,False,2026-04-28,2026-04
1207,1027,2026-01-14,2026-01-14 10:29:00,Indore,Tier 2,Debit Card,Delivered,2603.95,3,4.0,True,2026-01-18,2026-01
1208,784,2026-05-16,2026-05-16 00:01:00,Delhi,Tier 1,UPI,Delivered,564.0,5,5.0,False,2026-05-21,2026-05
1209,1045,2025-05-09,2025-05-09 02:06:00,Nagpur,Tier 2,Credit Card,Delivered,281.25,2,4.0,True,2025-05-13,2025-05
1210,922,2025-08-03,2025-08-03 04:11:00,Pune,Tier 1,UPI,Delivered,3589.3,5,5.0,False,2025-08-08,2025-08
1211,1099,2025-06-12,2025-06-12 17:51:00,Hyderabad,Tier 1,Credit Card,Delivered,41172.05,5,4.0,False,2025-06-16,2025-06
1212,391,2025-04-12,2025-04-12 07:48:00,Kanpur,Tier 2,UPI,Delivered,4412.0,5,4.0,False,2025-04-16,2025-04
1213,561,2025-02-27,2025-02-27 10:11:00,Ghaziabad,Tier 3,Cash on Delivery,Delivered,979.0,7,8.0,True,2025-03-07,2025-02
1214,922,2025-01-20,2025-01-20 23:52:00,Pune,Tier 1,Net Banking,Delivered,979.0,3,3.0,False,2025-01-23,2025-01
1215,374,2025-12-20,2025-12-20 20:40:00,Jaipur,Tier 2,UPI,Delivered,241.6,2,5.0,True,2025-12-25,2025-12
1216,391,2025-09-18,2025-09-18 23:35:00,Kanpur,Tier 2,Cash on Delivery,Delivered,66103.65,7,8.0,True,2025-09-26,2025-09
1217,113,2024-06-24,2024-06-24 12:02:00,Guwahati,Tier 3,UPI,Delivered,4679.0,7,9.0,True,2024-07-03,2024-06
1218,68,2026-06-27,2026-06-27 22:18:00,Patna,Tier 3,Debit Card,RTO,2803.5,7,,,,2026-06
1219,1089,2026-04-19,2026-04-19 16:43:00,Kanpur,Tier 2,UPI,Delivered,125325.0,7,8.0,True,2026-04-27,2026-04
1220,680,2025-07-04,2025-07-04 14:16:00,Jaipur,Tier 2,Credit Card,Delivered,80414.0,7,7.0,False,2025-07-11,2025-07
1221,1100,2026-05-18,2026-05-18 01:31:00,Jaipur,Tier 2,Debit Card,Delivered,1518.7,7,7.0,False,2026-05-25,2026-05
1222,519,2026-03-05,2026-03-05 19:46:00,Jaipur,Tier 2,UPI,Returned,392.35,4,,,,2026-03
1223,2,2025-10-04,2025-10-04 08:32:00,Vadodara,Tier 2,UPI,Delivered,8894.0,3,3.0,False,2025-10-07,2025-10
1224,803,2026-02-23,2026-02-23 05:04:00,Indore,Tier 2,UPI,Delivered,4570.8,4,3.0,False,2026-02-26,2026-02
1225,676,2025-09-20,2025-09-20 06:00:00,Guwahati,Tier 3,UPI,Delivered,1054.8,5,8.0,True,2025-09-28,2025-09
1226,511,2025-11-01,2025-11-01 18:07:00,Indore,Tier 2,UPI,Cancelled,1992.0,2,,,,2025-11
1227,523,2025-07-19,2025-07-19 03:25:00,Ahmedabad,Tier 2,UPI,Delivered,8740.6,5,8.0,True,2025-07-27,2025-07
1228,331,2025-01-06,2025-01-06 12:00:00,Coimbatore,Tier 2,Net Banking,Delivered,375.0,7,9.0,True,2025-01-15,2025-01
1229,971,2026-05-02,2026-05-02 08:24:00,Patna,Tier 3,UPI,Delivered,511.2,3,3.0,False,2026-05-05,2026-05
1230,234,2025-07-11,2025-07-11 03:56:00,Bengaluru,Tier 1,Debit Card,Delivered,2027.0,7,7.0,False,2025-07-18,2025-07
1231,1063,2025-07-22,2025-07-22 02:42:00,Bengaluru,Tier 1,Credit Card,Cancelled,40207.0,7,,,,2025-07
1232,539,2026-03-28,2026-03-28 04:01:00,Ahmedabad,Tier 2,Debit Card,Delivered,6129.85,3,4.0,True,2026-04-01,2026-03
1233,249,2025-05-13,2025-05-13 13:01:00,Delhi,Tier 1,UPI,Delivered,9322.0,5,5.0,False,2025-05-18,2025-05
1234,1062,2025-09-03,2025-09-03 03:03:00,Hyderabad,Tier 1,UPI,Delivered,43140.0,3,3.0,False,2025-09-06,2025-09
1235,923,2025-07-25,2025-07-25 14:38:00,Guwahati,Tier 3,UPI,RTO,5908.8,3,,,,2025-07
1236,1167,2025-12-14,2025-12-14 16:22:00,Bhopal,Tier 2,Cash on Delivery,Delivered,413.0,5,5.0,False,2025-12-19,2025-12
1237,716,2026-06-27,2026-06-27 11:40:00,Ghaziabad,Tier 3,UPI,Delivered,6354.6,5,4.0,False,2026-07-01,2026-06
1238,465,2024-06-25,2024-06-25 09:05:00,Hyderabad,Tier 1,Debit Card,Delivered,13837.95,3,4.0,True,2024-06-29,2024-06
1239,815,2026-01-13,2026-01-13 18:01:00,Vadodara,Tier 2,Debit Card,Delivered,57221.4,5,7.0,True,2026-01-20,2026-01
1240,919,2025-05-27,2025-05-27 01:05:00,Pune,Tier 1,Credit Card,Delivered,405.0,2,2.0,False,2025-05-29,2025-05
1241,220,2026-05-17,2026-05-17 04:36:00,Vadodara,Tier 2,Cash on Delivery,RTO,3807.4,7,,,,2026-05
1242,811,2026-06-14,2026-06-14 11:00:00,Coimbatore,Tier 2,Debit Card,Delivered,34053.3,4,6.0,True,2026-06-20,2026-06
1243,452,2024-08-18,2024-08-18 09:41:00,Ahmedabad,Tier 2,Cash on Delivery,Delivered,6403.7,4,4.0,False,2024-08-22,2024-08
1244,253,2025-02-14,2025-02-14 11:31:00,Kanpur,Tier 2,Net Banking,RTO,874.9,4,,,,2025-02
1245,718,2025-08-10,2025-08-10 11:35:00,Guwahati,Tier 3,UPI,Delivered,54407.0,5,8.0,True,2025-08-18,2025-08
1246,582,2024-02-09,2024-02-09 16:25:00,Indore,Tier 2,Debit Card,Delivered,339.2,3,3.0,False,2024-02-12,2024-02
1247,1090,2026-02-14,2026-02-14 02:59:00,Ghaziabad,Tier 3,Cash on Delivery,Cancelled,8552.55,5,,,,2026-02
1248,1102,2025-05-19,2025-05-19 02:42:00,Lucknow,Tier 2,Credit Card,Delivered,1399.0,7,8.0,True,2025-05-27,2025-05
1249,1131,2026-03-07,2026-03-07 18:30:00,Delhi,Tier 1,Cash on Delivery,Delivered,1247.4,3,4.0,True,2026-03-11,2026-03
1250,565,2024-03-08,2024-03-08 09:46:00,Mumbai,Tier 1,Cash on Delivery,Delivered,2319.9,5,6.0,True,2024-03-14,2024-03
1251,71,2026-06-08,2026-06-08 23:48:00,Kolkata,Tier 1,UPI,Delivered,1642.0,5,6.0,True,2026-06-14,2026-06
1252,1164,2025-03-15,2025-03-15 20:52:00,Hyderabad,Tier 1,Net Banking,Delivered,3258.0,3,3.0,False,2025-03-18,2025-03
1253,1089,2026-06-10,2026-06-10 04:29:00,Kanpur,Tier 2,UPI,Delivered,1963.05,7,7.0,False,2026-06-17,2026-06
1254,489,2025-01-31,2025-01-31 16:33:00,Surat,Tier 2,Credit Card,Delivered,330.4,5,6.0,True,2025-02-06,2025-01
1255,807,2026-06-24,2026-06-24 00:22:00,Hyderabad,Tier 1,Net Banking,Delivered,4716.3,3,2.0,False,2026-06-26,2026-06
1256,148,2025-02-19,2025-02-19 22:25:00,Bhopal,Tier 2,UPI,Delivered,2713.5,5,5.0,False,2025-02-24,2025-02
1257,585,2024-08-06,2024-08-06 22:46:00,Bhopal,Tier 2,Cash on Delivery,Returned,107835.45,3,,,,2024-08
1258,183,2025-11-27,2025-11-27 22:12:00,Kanpur,Tier 2,Credit Card,Delivered,1346.5,2,1.0,False,2025-11-28,2025-11
1259,192,2025-12-29,2025-12-29 09:58:00,Patna,Tier 3,Net Banking,Delivered,852.0,2,5.0,True,2026-01-03,2025-12
1260,141,2026-03-24,2026-03-24 01:49:00,Vadodara,Tier 2,UPI,RTO,5793.8,7,,,,2026-03
1261,166,2026-04-11,2026-04-11 01:46:00,Kanpur,Tier 2,UPI,Delivered,4683.45,4,3.0,False,2026-04-14,2026-04
1262,714,2026-05-07,2026-05-07 03:04:00,Nagpur,Tier 2,Cash on Delivery,Delivered,3039.0,2,1.0,False,2026-05-08,2026-05
1263,672,2026-06-22,2026-06-22 05:35:00,Bengaluru,Tier 1,Debit Card,Delivered,7475.25,3,6.0,True,2026-06-28,2026-06
1264,659,2024-07-31,2024-07-31 13:06:00,Guwahati,Tier 3,UPI,Delivered,71268.75,3,3.0,False,2024-08-03,2024-07
1265,472,2026-01-29,2026-01-29 19:56:00,Mumbai,Tier 1,Credit Card,RTO,6215.2,7,,,,2026-01
1266,140,2026-06-29,2026-06-29 03:57:00,Patna,Tier 3,UPI,Delivered,2398.7,4,7.0,True,2026-07-06,2026-06
1267,23,2025-08-15,2025-08-15 01:00:00,Coimbatore,Tier 2,Debit Card,Delivered,2428.6,3,3.0,False,2025-08-18,2025-08
1268,114,2024-10-11,2024-10-11 12:37:00,Bengaluru,Tier 1,Net Banking,Delivered,3080.0,7,8.0,True,2024-10-19,2024-10
1269,1055,2026-03-03,2026-03-03 08:25:00,Indore,Tier 2,Credit Card,Returned,2398.7,2,,,,2026-03
1270,1147,2026-01-10,2026-01-10 19:44:00,Lucknow,Tier 2,UPI,Delivered,48892.3,2,4.0,True,2026-01-14,2026-01
1271,402,2025-02-28,2025-02-28 04:24:00,Surat,Tier 2,UPI,Delivered,5327.3,4,4.0,False,2025-03-04,2025-02
1272,140,2026-06-08,2026-06-08 23:44:00,Patna,Tier 3,Debit Card,Delivered,75830.15,2,1.0,False,2026-06-09,2026-06
1273,479,2025-05-07,2025-05-07 03:47:00,Jaipur,Tier 2,Debit Card,Delivered,9586.8,3,3.0,False,2025-05-10,2025-05
1274,104,2025-05-15,2025-05-15 02:24:00,Pune,Tier 1,Debit Card,Delivered,3008.0,3,3.0,False,2025-05-18,2025-05
1275,472,2026-01-19,2026-01-19 19:55:00,Mumbai,Tier 1,UPI,Delivered,1494.3,2,2.0,False,2026-01-21,2026-01
1276,969,2026-04-05,2026-04-05 15:26:00,Bhopal,Tier 2,Net Banking,Delivered,30476.8,2,3.0,True,2026-04-08,2026-04
1277,928,2025-08-29,2025-08-29 07:35:00,Bengaluru,Tier 1,UPI,Delivered,3566.0,5,8.0,True,2025-09-06,2025-08
1278,815,2025-12-27,2025-12-27 03:08:00,Vadodara,Tier 2,Credit Card,Delivered,41966.5,3,5.0,True,2026-01-01,2025-12
1279,726,2026-02-06,2026-02-06 01:48:00,Surat,Tier 2,Net Banking,Returned,4196.0,2,,,,2026-02
1280,25,2026-03-23,2026-03-23 09:50:00,Vadodara,Tier 2,Credit Card,Delivered,4309.2,5,5.0,False,2026-03-28,2026-03
1281,577,2025-05-26,2025-05-26 11:04:00,Pune,Tier 1,UPI,Delivered,281.25,2,3.0,True,2025-05-29,2025-05
1282,89,2025-11-11,2025-11-11 08:48:00,Ahmedabad,Tier 2,Credit Card,Returned,94743.45,7,,,,2025-11
1283,406,2026-04-16,2026-04-16 05:56:00,Kolkata,Tier 1,UPI,Delivered,344.25,5,5.0,False,2026-04-21,2026-04
1284,942,2025-05-07,2025-05-07 01:10:00,Pune,Tier 1,UPI,Cancelled,1016.0,3,,,,2025-05
1285,262,2025-08-15,2025-08-15 05:35:00,Kanpur,Tier 2,Cash on Delivery,Delivered,33649.0,5,5.0,False,2025-08-20,2025-08
1286,749,2026-01-31,2026-01-31 10:13:00,Indore,Tier 2,Credit Card,RTO,34094.6,7,,,,2026-01
1287,736,2026-06-14,2026-06-14 15:38:00,Delhi,Tier 1,UPI,Delivered,38066.2,7,7.0,False,2026-06-21,2026-06
1288,218,2024-07-17,2024-07-17 01:44:00,Kanpur,Tier 2,Net Banking,Delivered,3241.6,5,5.0,False,2024-07-22,2024-07
1289,272,2026-05-20,2026-05-20 13:47:00,Ghaziabad,Tier 3,Cash on Delivery,Delivered,8392.0,4,3.0,False,2026-05-23,2026-05
1290,533,2026-02-14,2026-02-14 06:43:00,Chennai,Tier 1,Debit Card,Returned,419.25,7,,,,2026-02
1291,344,2026-05-30,2026-05-30 14:31:00,Delhi,Tier 1,UPI,RTO,5521.0,7,,,,2026-05
1292,1149,2026-06-30,2026-06-30 00:15:00,Ahmedabad,Tier 2,UPI,Delivered,7458.05,3,2.0,False,2026-07-02,2026-06
1293,1009,2026-01-22,2026-01-22 05:11:00,Surat,Tier 2,UPI,Returned,6237.0,4,,,,2026-01
1294,1186,2026-05-19,2026-05-19 15:27:00,Jaipur,Tier 2,UPI,Cancelled,846.0,4,,,,2026-05
1295,960,2025-12-14,2025-12-14 19:56:00,Bhopal,Tier 2,UPI,Delivered,1630.4,7,7.0,False,2025-12-21,2025-12
1296,242,2026-04-18,2026-04-18 11:11:00,Nagpur,Tier 2,Cash on Delivery,Delivered,21403.8,3,5.0,True,2026-04-23,2026-04
1297,1060,2026-04-15,2026-04-15 15:53:00,Patna,Tier 3,UPI,Delivered,42493.5,5,4.0,False,2026-04-19,2026-04
1298,526,2025-11-23,2025-11-23 02:25:00,Ghaziabad,Tier 3,Credit Card,Delivered,3317.0,7,7.0,False,2025-11-30,2025-11
1299,492,2026-06-03,2026-06-03 05:26:00,Nagpur,Tier 2,UPI,Delivered,5980.75,5,7.0,True,2026-06-10,2026-06
1300,1166,2025-12-26,2025-12-26 17:00:00,Nagpur,Tier 2,UPI,Delivered,23299.95,4,5.0,True,2025-12-31,2025-12
1301,231,2026-05-05,2026-05-05 22:38:00,Surat,Tier 2,Debit Card,Delivered,40516.0,5,5.0,False,2026-05-10,2026-05
1302,581,2026-01-03,2026-01-03 02:10:00,Patna,Tier 3,UPI,Cancelled,3968.0,4,,,,2026-01
1303,192,2026-06-28,2026-06-28 13:03:00,Patna,Tier 3,Cash on Delivery,Delivered,10765.55,3,4.0,True,2026-07-02,2026-06
1304,913,2025-11-02,2025-11-02 06:37:00,Patna,Tier 3,UPI,Delivered,2558.0,7,9.0,True,2025-11-11,2025-11
1305,1052,2024-11-23,2024-11-23 00:26:00,Chennai,Tier 1,Credit Card,RTO,865.0,3,,,,2024-11
1306,1085,2026-03-27,2026-03-27 17:00:00,Indore,Tier 2,Debit Card,Returned,2694.0,7,,,,2026-03
1307,160,2025-08-20,2025-08-20 05:11:00,Guwahati,Tier 3,UPI,RTO,64306.8,3,,,,2025-08
1308,1016,2025-12-04,2025-12-04 01:17:00,Coimbatore,Tier 2,Credit Card,Delivered,7783.35,3,3.0,False,2025-12-07,2025-12
1309,630,2024-10-30,2024-10-30 05:15:00,Bengaluru,Tier 1,UPI,Delivered,2398.7,4,3.0,False,2024-11-02,2024-10
1310,189,2026-03-04,2026-03-04 19:56:00,Bengaluru,Tier 1,UPI,RTO,2383.0,3,,,,2026-03
1311,479,2025-08-21,2025-08-21 18:32:00,Jaipur,Tier 2,Net Banking,Delivered,573.8,3,3.0,False,2025-08-24,2025-08
1312,775,2026-06-10,2026-06-10 05:18:00,Nagpur,Tier 2,UPI,Delivered,2247.0,7,6.0,False,2026-06-16,2026-06
1313,837,2026-05-27,2026-05-27 18:47:00,Delhi,Tier 1,Credit Card,RTO,1720.4,3,,,,2026-05
1314,55,2026-06-12,2026-06-12 01:28:00,Chennai,Tier 1,UPI,RTO,43934.0,3,,,,2026-06
1315,1146,2025-01-08,2025-01-08 15:25:00,Ahmedabad,Tier 2,UPI,Delivered,8606.7,3,3.0,False,2025-01-11,2025-01
1316,1109,2026-01-26,2026-01-26 12:11:00,Indore,Tier 2,Net Banking,Cancelled,2603.95,5,,,,2026-01
1317,892,2026-02-23,2026-02-23 19:50:00,Ahmedabad,Tier 2,Credit Card,Delivered,2599.2,2,5.0,True,2026-02-28,2026-02
1318,952,2025-11-11,2025-11-11 07:46:00,Nagpur,Tier 2,UPI,Delivered,97512.75,4,4.0,False,2025-11-15,2025-11
1319,396,2026-06-04,2026-06-04 20:58:00,Mumbai,Tier 1,UPI,Delivered,1642.0,7,9.0,True,2026-06-13,2026-06
1320,200,2026-05-21,2026-05-21 14:51:00,Indore,Tier 2,UPI,RTO,32153.4,4,,,,2026-05
1321,507,2024-11-25,2024-11-25 08:03:00,Nagpur,Tier 2,UPI,Delivered,36241.55,4,5.0,True,2024-11-30,2024-11
1322,524,2025-04-02,2025-04-02 10:06:00,Kolkata,Tier 1,UPI,Delivered,3150.0,7,10.0,True,2025-04-12,2025-04
1323,801,2025-09-25,2025-09-25 18:29:00,Patna,Tier 3,UPI,Returned,2205.75,4,,,,2025-09
1324,476,2026-05-11,2026-05-11 04:09:00,Patna,Tier 3,Credit Card,Delivered,1819.0,7,7.0,False,2026-05-18,2026-05
1325,869,2026-06-12,2026-06-12 05:47:00,Guwahati,Tier 3,UPI,Delivered,432.8,5,7.0,True,2026-06-19,2026-06
1326,327,2026-06-14,2026-06-14 18:12:00,Pune,Tier 1,Cash on Delivery,Delivered,31253.5,7,6.0,False,2026-06-20,2026-06
1327,442,2025-05-01,2025-05-01 10:29:00,Bengaluru,Tier 1,Credit Card,RTO,35726.0,7,,,,2025-05
1328,311,2025-08-31,2025-08-31 20:32:00,Mumbai,Tier 1,Debit Card,Delivered,10490.0,4,6.0,True,2025-09-06,2025-08
1329,1180,2025-11-17,2025-11-17 04:25:00,Bengaluru,Tier 1,UPI,Delivered,846.0,7,7.0,False,2025-11-24,2025-11
1330,1062,2026-02-08,2026-02-08 09:59:00,Hyderabad,Tier 1,Cash on Delivery,Delivered,4895.05,3,3.0,False,2026-02-11,2026-02
1331,1003,2025-05-14,2025-05-14 05:55:00,Lucknow,Tier 2,UPI,Delivered,1969.6,3,4.0,True,2025-05-18,2025-05
1332,280,2026-01-14,2026-01-14 05:35:00,Nagpur,Tier 2,UPI,Delivered,38719.0,3,3.0,False,2026-01-17,2026-01
1333,53,2025-08-18,2025-08-18 02:18:00,Delhi,Tier 1,Credit Card,Cancelled,6403.8,2,,,,2025-08
1334,1126,2024-10-15,2024-10-15 13:25:00,Bhopal,Tier 2,UPI,Delivered,40209.55,2,5.0,True,2024-10-20,2024-10
1335,2,2025-01-15,2025-01-15 20:02:00,Vadodara,Tier 2,Debit Card,Delivered,3886.65,4,4.0,False,2025-01-19,2025-01
1336,116,2026-05-10,2026-05-10 19:11:00,Surat,Tier 2,UPI,Delivered,5908.15,2,2.0,False,2026-05-12,2026-05
1337,390,2025-12-31,2025-12-31 15:42:00,Mumbai,Tier 1,UPI,Delivered,660.0,2,5.0,True,2026-01-05,2025-12
1338,412,2026-03-13,2026-03-13 04:25:00,Jaipur,Tier 2,UPI,Delivered,2202.0,2,3.0,True,2026-03-16,2026-03
1339,583,2025-03-20,2025-03-20 14:11:00,Vadodara,Tier 2,UPI,Delivered,76192.0,3,3.0,False,2025-03-23,2025-03
1340,239,2025-07-24,2025-07-24 06:50:00,Delhi,Tier 1,UPI,Delivered,998.8,5,6.0,True,2025-07-30,2025-07
1341,718,2025-06-21,2025-06-21 06:45:00,Guwahati,Tier 3,UPI,Delivered,2216.0,3,6.0,True,2025-06-27,2025-06
1342,1114,2024-09-20,2024-09-20 14:30:00,Indore,Tier 2,Cash on Delivery,Returned,1593.6,2,,,,2024-09
1343,513,2025-09-01,2025-09-01 22:13:00,Bhopal,Tier 2,Debit Card,Delivered,553.5,5,5.0,False,2025-09-06,2025-09
1344,400,2026-04-20,2026-04-20 10:54:00,Hyderabad,Tier 1,UPI,Delivered,6367.0,7,7.0,False,2026-04-27,2026-04
1345,1004,2025-11-12,2025-11-12 09:44:00,Vadodara,Tier 2,UPI,Delivered,32504.25,4,5.0,True,2025-11-17,2025-11
1346,679,2025-11-29,2025-11-29 02:49:00,Bengaluru,Tier 1,UPI,Delivered,2325.6,3,5.0,True,2025-12-04,2025-11
1347,732,2026-06-28,2026-06-28 08:28:00,Jaipur,Tier 2,Net Banking,Cancelled,722.7,7,,,,2026-06
1348,907,2025-12-19,2025-12-19 23:14:00,Nagpur,Tier 2,Cash on Delivery,Delivered,2462.0,4,7.0,True,2025-12-26,2025-12
1349,139,2025-07-09,2025-07-09 06:33:00,Ghaziabad,Tier 3,Debit Card,Delivered,205.0,7,8.0,True,2025-07-17,2025-07
1350,432,2025-06-21,2025-06-21 16:55:00,Ahmedabad,Tier 2,Debit Card,Delivered,722.7,3,3.0,False,2025-06-24,2025-06
1351,442,2025-12-18,2025-12-18 23:17:00,Bengaluru,Tier 1,UPI,Delivered,9648.85,5,5.0,False,2025-12-23,2025-12
1352,701,2026-05-08,2026-05-08 21:27:00,Patna,Tier 3,UPI,Delivered,7594.4,4,4.0,False,2026-05-12,2026-05
1353,518,2026-05-06,2026-05-06 01:25:00,Coimbatore,Tier 2,UPI,RTO,2822.85,5,,,,2026-05
1354,634,2025-05-29,2025-05-29 13:54:00,Lucknow,Tier 2,UPI,Delivered,9884.1,2,3.0,True,2025-06-01,2025-05
1355,482,2026-06-18,2026-06-18 23:38:00,Coimbatore,Tier 2,UPI,Cancelled,635.0,7,,,,2026-06
1356,200,2026-05-21,2026-05-21 00:49:00,Indore,Tier 2,UPI,Delivered,656.8,2,3.0,True,2026-05-24,2026-05
1357,676,2025-10-04,2025-10-04 11:26:00,Guwahati,Tier 3,Cash on Delivery,RTO,5207.9,3,,,,2025-10
1358,1006,2026-01-12,2026-01-12 08:58:00,Ahmedabad,Tier 2,Credit Card,Delivered,510.0,5,5.0,False,2026-01-17,2026-01
1359,632,2024-12-13,2024-12-13 12:30:00,Kolkata,Tier 1,Net Banking,Returned,4546.0,7,,,,2024-12
1360,893,2026-06-26,2026-06-26 08:49:00,Bhopal,Tier 2,Debit Card,Delivered,2329.2,7,6.0,False,2026-07-02,2026-06
1361,411,2026-05-02,2026-05-02 15:48:00,Hyderabad,Tier 1,Credit Card,Delivered,128.0,7,10.0,True,2026-05-12,2026-05
1362,1105,2026-05-01,2026-05-01 00:47:00,Lucknow,Tier 2,Net Banking,Delivered,39690.8,2,5.0,True,2026-05-06,2026-05
1363,825,2026-03-02,2026-03-02 08:41:00,Bengaluru,Tier 1,Credit Card,Delivered,1079.3,2,4.0,True,2026-03-06,2026-03
1364,203,2026-04-24,2026-04-24 06:11:00,Kanpur,Tier 2,Net Banking,Delivered,541.0,5,5.0,False,2026-04-29,2026-04
1365,1186,2026-06-25,2026-06-25 18:37:00,Jaipur,Tier 2,Net Banking,Delivered,1172.0,5,5.0,False,2026-06-30,2026-06
1366,13,2026-05-17,2026-05-17 04:26:00,Kolkata,Tier 1,UPI,Returned,45880.15,7,,,,2026-05
1367,768,2026-04-23,2026-04-23 09:39:00,Delhi,Tier 1,UPI,Delivered,4056.5,2,2.0,False,2026-04-25,2026-04
1368,1118,2025-06-01,2025-06-01 09:43:00,Bhopal,Tier 2,Debit Card,Returned,1593.6,5,,,,2025-06
1369,556,2024-09-13,2024-09-13 12:38:00,Pune,Tier 1,UPI,Delivered,2263.85,2,3.0,True,2024-09-16,2024-09
1370,417,2025-02-17,2025-02-17 19:33:00,Pune,Tier 1,Cash on Delivery,Delivered,2462.4,3,2.0,False,2025-02-19,2025-02
1371,119,2026-03-17,2026-03-17 04:50:00,Surat,Tier 2,Debit Card,Returned,42199.0,5,,,,2026-03
1372,569,2026-06-15,2026-06-15 20:17:00,Mumbai,Tier 1,UPI,Returned,5482.0,2,,,,2026-06
1373,1091,2026-02-27,2026-02-27 20:54:00,Delhi,Tier 1,Cash on Delivery,Delivered,4533.0,4,3.0,False,2026-03-02,2026-02
1374,1045,2025-06-18,2025-06-18 14:49:00,Nagpur,Tier 2,UPI,Delivered,375.0,5,6.0,True,2025-06-24,2025-06
1375,859,2025-05-22,2025-05-22 14:56:00,Bengaluru,Tier 1,UPI,Delivered,898.0,5,5.0,False,2025-05-27,2025-05
1376,693,2025-06-26,2025-06-26 04:33:00,Coimbatore,Tier 2,Debit Card,Delivered,486.9,4,5.0,True,2025-07-01,2025-06
1377,179,2024-09-20,2024-09-20 21:54:00,Bhopal,Tier 2,Credit Card,Delivered,360.4,7,7.0,False,2024-09-27,2024-09
1378,256,2026-03-01,2026-03-01 20:29:00,Bengaluru,Tier 1,UPI,Returned,444.8,7,,,,2026-03
1379,36,2026-01-31,2026-01-31 03:46:00,Nagpur,Tier 2,Cash on Delivery,Cancelled,634.5,5,,,,2026-01
1380,52,2025-03-13,2025-03-13 04:00:00,Vadodara,Tier 2,UPI,Delivered,745.0,5,4.0,False,2025-03-17,2025-03
1381,241,2026-06-10,2026-06-10 05:59:00,Delhi,Tier 1,UPI,Delivered,45122.7,4,5.0,True,2026-06-15,2026-06
1382,741,2026-05-08,2026-05-08 21:52:00,Pune,Tier 1,Cash on Delivery,Delivered,2976.3,3,4.0,True,2026-05-12,2026-05
1383,533,2025-11-29,2025-11-29 21:56:00,Chennai,Tier 1,UPI,Delivered,11717.5,4,4.0,False,2025-12-03,2025-11
1384,1181,2024-01-29,2024-01-29 05:35:00,Ghaziabad,Tier 3,Credit Card,Delivered,2982.0,3,5.0,True,2024-02-03,2024-01
1385,221,2026-04-24,2026-04-24 00:08:00,Guwahati,Tier 3,UPI,RTO,612.0,2,,,,2026-04
1386,689,2026-05-26,2026-05-26 11:14:00,Kolkata,Tier 1,Net Banking,Returned,607.5,4,,,,2026-05
1387,1063,2025-06-12,2025-06-12 21:01:00,Bengaluru,Tier 1,Cash on Delivery,Delivered,5225.0,5,5.0,False,2025-06-17,2025-06
1388,844,2026-06-01,2026-06-01 11:17:00,Patna,Tier 3,UPI,RTO,5245.0,3,,,,2026-06
1389,360,2026-03-20,2026-03-20 01:24:00,Bengaluru,Tier 1,Net Banking,Delivered,737.0,3,4.0,True,2026-03-24,2026-03
1390,1091,2026-06-10,2026-06-10 09:36:00,Delhi,Tier 1,Cash on Delivery,Delivered,46839.0,7,9.0,True,2026-06-19,2026-06
1391,948,2026-06-07,2026-06-07 05:26:00,Indore,Tier 2,Debit Card,Cancelled,37224.0,5,,,,2026-06
1392,932,2026-03-04,2026-03-04 18:26:00,Ahmedabad,Tier 2,UPI,Delivered,44912.0,7,7.0,False,2026-03-11,2026-03
1393,746,2026-04-01,2026-04-01 10:48:00,Mumbai,Tier 1,Debit Card,Delivered,4967.35,5,4.0,False,2026-04-05,2026-04
1394,510,2026-05-01,2026-05-01 03:15:00,Indore,Tier 2,Credit Card,Delivered,3648.6,7,7.0,False,2026-05-08,2026-05
1395,555,2025-03-23,2025-03-23 10:12:00,Ahmedabad,Tier 2,Credit Card,Cancelled,4054.0,3,,,,2025-03
1396,811,2026-01-14,2026-01-14 12:00:00,Coimbatore,Tier 2,UPI,Delivered,2055.75,5,5.0,False,2026-01-19,2026-01
1397,1141,2026-06-13,2026-06-13 19:46:00,Kanpur,Tier 2,Cash on Delivery,RTO,47983.6,2,,,,2026-06
1398,932,2025-02-24,2025-02-24 16:51:00,Ahmedabad,Tier 2,Credit Card,Cancelled,226.5,3,,,,2025-02
1399,266,2025-09-14,2025-09-14 18:39:00,Chennai,Tier 1,Credit Card,Delivered,3465.0,3,3.0,False,2025-09-17,2025-09
1400,13,2026-01-01,2026-01-01 00:21:00,Kolkata,Tier 1,Cash on Delivery,Cancelled,7047.9,2,,,,2026-01
1401,559,2026-01-15,2026-01-15 15:27:00,Indore,Tier 2,Debit Card,Delivered,2170.6,3,2.0,False,2026-01-17,2026-01
1402,428,2025-11-04,2025-11-04 11:25:00,Bhopal,Tier 2,UPI,Delivered,34175.95,3,2.0,False,2025-11-06,2025-11
1403,208,2026-04-16,2026-04-16 19:26:00,Delhi,Tier 1,UPI,Delivered,417.0,3,4.0,True,2026-04-20,2026-04
1404,760,2024-09-09,2024-09-09 09:15:00,Guwahati,Tier 3,Credit Card,Delivered,1137.15,2,2.0,False,2024-09-11,2024-09
1405,827,2026-04-15,2026-04-15 21:39:00,Kolkata,Tier 1,Cash on Delivery,Delivered,228.0,5,5.0,False,2026-04-20,2026-04
1406,676,2026-04-30,2026-04-30 05:04:00,Guwahati,Tier 3,Cash on Delivery,Delivered,1087.0,7,7.0,False,2026-05-07,2026-04
1407,100,2024-05-13,2024-05-13 04:44:00,Kolkata,Tier 1,Cash on Delivery,Delivered,1702.75,3,3.0,False,2024-05-16,2024-05
1408,1024,2026-03-16,2026-03-16 01:12:00,Patna,Tier 3,Debit Card,Delivered,45825.15,4,3.0,False,2026-03-19,2026-03
1409,353,2026-03-26,2026-03-26 08:31:00,Surat,Tier 2,UPI,Delivered,2301.5,2,1.0,False,2026-03-27,2026-03
1410,619,2026-03-22,2026-03-22 13:20:00,Jaipur,Tier 2,Net Banking,Delivered,9239.45,2,5.0,True,2026-03-27,2026-03
1411,365,2026-02-10,2026-02-10 21:10:00,Mumbai,Tier 1,Credit Card,Delivered,2255.3,4,3.0,False,2026-02-13,2026-02
1412,676,2026-04-11,2026-04-11 02:35:00,Guwahati,Tier 3,Credit Card,Delivered,413.0,2,3.0,True,2026-04-14,2026-04
1413,906,2025-12-26,2025-12-26 08:17:00,Lucknow,Tier 2,Net Banking,RTO,37837.0,5,,,,2025-12
1414,1167,2025-12-18,2025-12-18 20:31:00,Bhopal,Tier 2,UPI,Delivered,745.0,4,5.0,True,2025-12-23,2025-12
1415,1025,2026-05-11,2026-05-11 09:07:00,Ahmedabad,Tier 2,UPI,Delivered,2772.0,3,3.0,False,2026-05-14,2026-05
1416,1005,2025-02-09,2025-02-09 21:13:00,Surat,Tier 2,UPI,Cancelled,40822.15,7,,,,2025-02
1417,1179,2026-05-18,2026-05-18 12:43:00,Mumbai,Tier 1,Debit Card,Delivered,3665.25,3,5.0,True,2026-05-23,2026-05
1418,746,2026-04-15,2026-04-15 05:38:00,Mumbai,Tier 1,UPI,Returned,71112.65,3,,,,2026-04
1419,470,2024-11-04,2024-11-04 01:59:00,Bhopal,Tier 2,Debit Card,Delivered,291.0,7,6.0,False,2024-11-10,2024-11
1420,786,2026-05-09,2026-05-09 13:31:00,Surat,Tier 2,Credit Card,Delivered,15277.0,7,8.0,True,2026-05-17,2026-05
1421,266,2025-12-20,2025-12-20 02:05:00,Chennai,Tier 1,Debit Card,Delivered,64096.55,7,6.0,False,2025-12-26,2025-12
1422,1132,2025-10-21,2025-10-21 05:51:00,Indore,Tier 2,UPI,Delivered,1873.2,3,3.0,False,2025-10-24,2025-10
1423,194,2025-02-17,2025-02-17 10:14:00,Pune,Tier 1,Cash on Delivery,Cancelled,1849.5,4,,,,2025-02
1424,412,2026-04-27,2026-04-27 23:44:00,Jaipur,Tier 2,Cash on Delivery,Delivered,5073.7,2,5.0,True,2026-05-02,2026-04
1425,401,2025-09-28,2025-09-28 09:24:00,Guwahati,Tier 3,UPI,RTO,2372.55,5,,,,2025-09
1426,1075,2026-04-21,2026-04-21 13:08:00,Kolkata,Tier 1,UPI,Delivered,8833.6,2,3.0,True,2026-04-24,2026-04
1427,1019,2025-04-01,2025-04-01 00:08:00,Indore,Tier 2,UPI,RTO,6602.75,2,,,,2025-04
1428,231,2026-05-12,2026-05-12 12:33:00,Surat,Tier 2,UPI,Delivered,5308.05,4,3.0,False,2026-05-15,2026-05
1429,1057,2024-11-24,2024-11-24 23:33:00,Ahmedabad,Tier 2,UPI,Returned,3660.0,2,,,,2024-11
1430,259,2025-11-08,2025-11-08 18:02:00,Kanpur,Tier 2,UPI,Cancelled,66055.4,2,,,,2025-11
1431,1055,2025-04-17,2025-04-17 11:08:00,Indore,Tier 2,Debit Card,Delivered,576.0,4,7.0,True,2025-04-24,2025-04
1432,1186,2026-05-25,2026-05-25 19:23:00,Jaipur,Tier 2,Cash on Delivery,Delivered,65212.0,2,2.0,False,2026-05-27,2026-05
1433,1168,2026-01-03,2026-01-03 11:58:00,Ahmedabad,Tier 2,Cash on Delivery,Delivered,115425.3,2,3.0,True,2026-01-06,2026-01
1434,548,2025-03-14,2025-03-14 23:35:00,Bhopal,Tier 2,UPI,Cancelled,610.0,2,,,,2025-03
1435,507,2026-01-29,2026-01-29 00:40:00,Nagpur,Tier 2,UPI,Delivered,30367.1,7,7.0,False,2026-02-05,2026-01
1436,933,2025-04-13,2025-04-13 09:48:00,Pune,Tier 1,UPI,Delivered,1526.6,3,3.0,False,2025-04-16,2025-04
1437,717,2026-03-16,2026-03-16 19:31:00,Bhopal,Tier 2,UPI,Delivered,34671.2,2,4.0,True,2026-03-20,2026-03
1438,1149,2026-04-18,2026-04-18 09:34:00,Ahmedabad,Tier 2,UPI,Delivered,35726.0,5,7.0,True,2026-04-25,2026-04
1439,476,2025-03-05,2025-03-05 04:12:00,Patna,Tier 3,Net Banking,Delivered,424.0,2,3.0,True,2025-03-08,2025-03
1440,519,2025-08-18,2025-08-18 21:00:00,Jaipur,Tier 2,Credit Card,Delivered,5809.0,4,6.0,True,2025-08-24,2025-08
1441,36,2024-04-25,2024-04-25 11:33:00,Nagpur,Tier 2,Credit Card,Delivered,2988.9,2,2.0,False,2024-04-27,2024-04
1442,262,2025-01-17,2025-01-17 18:20:00,Kanpur,Tier 2,Credit Card,Delivered,36186.3,4,4.0,False,2025-01-21,2025-01
1443,582,2024-05-15,2024-05-15 21:51:00,Indore,Tier 2,Debit Card,Delivered,38473.8,5,6.0,True,2024-05-21,2024-05
1444,1027,2026-04-25,2026-04-25 18:13:00,Indore,Tier 2,UPI,Delivered,5920.2,5,4.0,False,2026-04-29,2026-04
1445,215,2025-04-11,2025-04-11 21:29:00,Lucknow,Tier 2,Net Banking,Delivered,5375.05,7,7.0,False,2025-04-18,2025-04
1446,314,2025-06-27,2025-06-27 00:38:00,Surat,Tier 2,Credit Card,Delivered,1992.0,7,10.0,True,2025-07-07,2025-06
1447,1033,2025-09-16,2025-09-16 21:08:00,Patna,Tier 3,Credit Card,Delivered,5964.0,5,8.0,True,2025-09-24,2025-09
1448,262,2025-05-31,2025-05-31 19:55:00,Kanpur,Tier 2,Debit Card,Cancelled,42666.4,7,,,,2025-05
1449,753,2026-04-22,2026-04-22 05:14:00,Bengaluru,Tier 1,Credit Card,RTO,2822.0,3,,,,2026-04
1450,1085,2026-06-17,2026-06-17 05:01:00,Indore,Tier 2,UPI,Cancelled,45323.2,3,,,,2026-06
1451,383,2026-02-14,2026-02-14 08:18:00,Surat,Tier 2,UPI,Delivered,979.0,7,6.0,False,2026-02-20,2026-02
1452,397,2026-06-12,2026-06-12 15:21:00,Mumbai,Tier 1,Cash on Delivery,Delivered,845.75,3,5.0,True,2026-06-17,2026-06
1453,1199,2025-10-16,2025-10-16 14:20:00,Kolkata,Tier 1,Credit Card,Delivered,43667.4,5,6.0,True,2025-10-22,2025-10
1454,179,2025-04-29,2025-04-29 06:43:00,Bhopal,Tier 2,UPI,Delivered,5331.0,5,8.0,True,2025-05-07,2025-04
1455,1091,2026-04-13,2026-04-13 06:13:00,Delhi,Tier 1,UPI,Delivered,3557.8,4,7.0,True,2026-04-20,2026-04
1456,537,2024-04-03,2024-04-03 14:00:00,Patna,Tier 3,Credit Card,Delivered,5521.0,4,5.0,True,2024-04-08,2024-04
1457,1123,2026-04-24,2026-04-24 19:32:00,Nagpur,Tier 2,UPI,Delivered,1758.0,5,6.0,True,2026-04-30,2026-04
1458,1124,2026-04-21,2026-04-21 04:57:00,Hyderabad,Tier 1,UPI,Delivered,6222.8,7,7.0,False,2026-04-28,2026-04
1459,116,2026-04-12,2026-04-12 14:26:00,Surat,Tier 2,UPI,Delivered,84066.5,5,5.0,False,2026-04-17,2026-04
1460,796,2025-11-12,2025-11-12 21:22:00,Coimbatore,Tier 2,Cash on Delivery,Returned,2445.8,4,,,,2025-11
1461,1155,2026-05-30,2026-05-30 14:17:00,Guwahati,Tier 3,Credit Card,Delivered,2374.0,7,8.0,True,2026-06-07,2026-05
1462,530,2026-06-29,2026-06-29 19:50:00,Chennai,Tier 1,UPI,Delivered,43546.55,4,4.0,False,2026-07-03,2026-06
1463,179,2025-01-14,2025-01-14 13:49:00,Bhopal,Tier 2,UPI,Delivered,503.1,5,5.0,False,2025-01-19,2025-01
1464,671,2025-11-25,2025-11-25 03:10:00,Vadodara,Tier 2,Credit Card,RTO,5574.0,4,,,,2025-11
1465,88,2026-06-02,2026-06-02 09:35:00,Mumbai,Tier 1,UPI,Delivered,13447.0,5,7.0,True,2026-06-09,2026-06
1466,632,2025-05-07,2025-05-07 04:58:00,Kolkata,Tier 1,Net Banking,Delivered,16200.7,7,10.0,True,2025-05-17,2025-05
1467,316,2026-03-07,2026-03-07 16:49:00,Kolkata,Tier 1,Credit Card,Delivered,34539.6,2,4.0,True,2026-03-11,2026-03
1468,315,2026-06-17,2026-06-17 01:24:00,Bhopal,Tier 2,UPI,Returned,30051.5,5,,,,2026-06
1469,108,2024-11-21,2024-11-21 14:47:00,Hyderabad,Tier 1,Credit Card,Cancelled,46224.55,3,,,,2024-11
1470,412,2026-06-29,2026-06-29 07:00:00,Jaipur,Tier 2,Cash on Delivery,Cancelled,3738.0,2,,,,2026-06
1471,718,2026-06-15,2026-06-15 17:03:00,Guwahati,Tier 3,Cash on Delivery,Cancelled,979.0,2,,,,2026-06
1472,716,2026-05-14,2026-05-14 13:20:00,Ghaziabad,Tier 3,Cash on Delivery,Delivered,8756.85,5,7.0,True,2026-05-21,2026-05
1473,950,2025-07-11,2025-07-11 10:48:00,Coimbatore,Tier 2,UPI,RTO,2822.0,4,,,,2025-07
1474,1194,2025-10-15,2025-10-15 13:17:00,Vadodara,Tier 2,UPI,Delivered,330.4,7,7.0,False,2025-10-22,2025-10
1475,826,2025-02-26,2025-02-26 21:03:00,Ahmedabad,Tier 2,UPI,Delivered,22376.0,3,3.0,False,2025-03-01,2025-02
1476,280,2025-10-09,2025-10-09 09:16:00,Nagpur,Tier 2,Net Banking,Delivered,12389.2,3,5.0,True,2025-10-14,2025-10
1477,1122,2026-04-24,2026-04-24 13:01:00,Bhopal,Tier 2,Net Banking,Delivered,2620.45,5,5.0,False,2026-04-29,2026-04
1478,646,2025-08-03,2025-08-03 19:19:00,Coimbatore,Tier 2,UPI,Delivered,424.0,3,2.0,False,2025-08-05,2025-08
1479,1032,2026-06-06,2026-06-06 22:21:00,Ghaziabad,Tier 3,UPI,RTO,3062.7,2,,,,2026-06
1480,1197,2026-05-23,2026-05-23 08:42:00,Coimbatore,Tier 2,UPI,Cancelled,1234.5,3,,,,2026-05
1481,414,2026-05-08,2026-05-08 10:09:00,Kolkata,Tier 1,UPI,Delivered,895.5,7,6.0,False,2026-05-14,2026-05
1482,402,2025-02-28,2025-02-28 10:58:00,Surat,Tier 2,Credit Card,Delivered,52149.0,4,3.0,False,2025-03-03,2025-02
1483,921,2026-03-13,2026-03-13 10:31:00,Hyderabad,Tier 1,Debit Card,Returned,38096.0,4,,,,2026-03
1484,1091,2026-06-12,2026-06-12 20:48:00,Delhi,Tier 1,UPI,Delivered,42592.4,4,4.0,False,2026-06-16,2026-06
1485,685,2026-06-21,2026-06-21 01:51:00,Pune,Tier 1,Cash on Delivery,Delivered,821.0,4,5.0,True,2026-06-26,2026-06
1486,870,2026-01-27,2026-01-27 00:29:00,Surat,Tier 2,Cash on Delivery,Delivered,615.75,5,8.0,True,2026-02-04,2026-01
1487,489,2025-09-14,2025-09-14 17:27:00,Surat,Tier 2,UPI,Delivered,3184.2,2,4.0,True,2025-09-18,2025-09
1488,230,2025-08-22,2025-08-22 21:33:00,Mumbai,Tier 1,UPI,RTO,4515.0,7,,,,2025-08
1489,1137,2025-05-02,2025-05-02 20:33:00,Kolkata,Tier 1,Debit Card,Delivered,3518.6,3,5.0,True,2025-05-07,2025-05
1490,672,2026-04-26,2026-04-26 23:41:00,Bengaluru,Tier 1,Debit Card,Delivered,917.1,3,6.0,True,2026-05-02,2026-04
1491,1062,2026-03-10,2026-03-10 15:18:00,Hyderabad,Tier 1,UPI,Delivered,7654.3,2,3.0,True,2026-03-13,2026-03
1492,141,2025-04-28,2025-04-28 16:59:00,Vadodara,Tier 2,UPI,RTO,128.0,5,,,,2025-04
1493,1197,2026-06-02,2026-06-02 10:36:00,Coimbatore,Tier 2,UPI,Delivered,64331.2,3,3.0,False,2026-06-05,2026-06
1494,770,2025-04-07,2025-04-07 14:46:00,Delhi,Tier 1,UPI,Delivered,898.0,3,3.0,False,2025-04-10,2025-04
1495,559,2025-07-24,2025-07-24 15:43:00,Indore,Tier 2,UPI,Cancelled,57576.5,7,,,,2025-07
1496,384,2026-04-21,2026-04-21 01:42:00,Bhopal,Tier 2,UPI,Delivered,174.25,4,4.0,False,2026-04-25,2026-04
1497,575,2026-02-11,2026-02-11 14:26:00,Indore,Tier 2,UPI,Delivered,1386.0,5,5.0,False,2026-02-16,2026-02
1498,1013,2025-06-01,2025-06-01 16:04:00,Jaipur,Tier 2,Credit Card,Delivered,808.2,4,6.0,True,2025-06-07,2025-06
1499,507,2024-12-26,2024-12-26 12:52:00,Nagpur,Tier 2,UPI,Delivered,1797.6,3,2.0,False,2024-12-28,2024-12
1500,1181,2026-06-19,2026-06-19 04:01:00,Ghaziabad,Tier 3,Credit Card,Returned,2990.4,2,,,,2026-06
1501,1025,2025-05-11,2025-05-11 03:59:00,Ahmedabad,Tier 2,Net Banking,Returned,5279.85,3,,,,2025-05
1502,687,2026-06-16,2026-06-16 20:24:00,Lucknow,Tier 2,Net Banking,Returned,7476.0,5,,,,2026-06
1503,12,2024-08-29,2024-08-29 12:24:00,Delhi,Tier 1,Net Banking,RTO,46100.0,5,,,,2024-08
1504,749,2026-02-13,2026-02-13 07:17:00,Indore,Tier 2,Credit Card,RTO,11145.95,4,,,,2026-02
1505,476,2025-03-19,2025-03-19 13:31:00,Patna,Tier 3,Credit Card,Delivered,5431.15,4,5.0,True,2025-03-24,2025-03
1506,1080,2026-06-29,2026-06-29 14:00:00,Bhopal,Tier 2,Credit Card,Delivered,2598.85,4,3.0,False,2026-07-02,2026-06
1507,108,2025-12-10,2025-12-10 10:28:00,Hyderabad,Tier 1,Cash on Delivery,Returned,802.5,7,,,,2025-12
1508,553,2025-06-30,2025-06-30 16:17:00,Kanpur,Tier 2,Cash on Delivery,RTO,528.2,2,,,,2025-06
1509,1150,2024-08-15,2024-08-15 09:04:00,Bhopal,Tier 2,Cash on Delivery,Delivered,24077.65,5,8.0,True,2024-08-23,2024-08
1510,509,2024-09-27,2024-09-27 10:40:00,Delhi,Tier 1,UPI,RTO,84213.5,7,,,,2024-09
1511,663,2025-12-18,2025-12-18 17:03:00,Ahmedabad,Tier 2,UPI,Delivered,22556.85,2,2.0,False,2025-12-20,2025-12
1512,107,2025-12-14,2025-12-14 23:54:00,Ahmedabad,Tier 2,Cash on Delivery,Delivered,3064.9,5,5.0,False,2025-12-19,2025-12
1513,117,2026-05-21,2026-05-21 15:32:00,Coimbatore,Tier 2,UPI,Returned,1846.5,4,,,,2026-05
1514,500,2026-03-20,2026-03-20 22:58:00,Bengaluru,Tier 1,Debit Card,Delivered,1360.6,7,7.0,False,2026-03-27,2026-03
1515,127,2026-02-25,2026-02-25 01:08:00,Bhopal,Tier 2,Cash on Delivery,Cancelled,34334.1,3,,,,2026-02
1516,366,2025-09-08,2025-09-08 07:11:00,Vadodara,Tier 2,UPI,Delivered,35367.8,5,4.0,False,2025-09-12,2025-09
1517,808,2026-05-23,2026-05-23 06:19:00,Vadodara,Tier 2,Net Banking,Delivered,27100.6,7,8.0,True,2026-05-31,2026-05
1518,462,2026-04-29,2026-04-29 02:58:00,Hyderabad,Tier 1,Credit Card,Returned,3098.75,2,,,,2026-04
1519,280,2025-11-19,2025-11-19 00:10:00,Nagpur,Tier 2,UPI,Delivered,37845.6,2,2.0,False,2025-11-21,2025-11
1520,1187,2025-10-02,2025-10-02 08:42:00,Guwahati,Tier 3,UPI,Delivered,39236.55,4,3.0,False,2025-10-05,2025-10
1521,127,2026-03-10,2026-03-10 04:37:00,Bhopal,Tier 2,Cash on Delivery,RTO,729.6,3,,,,2026-03
1522,1109,2026-01-30,2026-01-30 04:27:00,Indore,Tier 2,UPI,Returned,38444.35,5,,,,2026-01
1523,1012,2026-05-10,2026-05-10 14:29:00,Delhi,Tier 1,Credit Card,Delivered,30269.6,2,1.0,False,2026-05-11,2026-05
1524,716,2026-05-16,2026-05-16 10:47:00,Ghaziabad,Tier 3,Cash on Delivery,Delivered,8566.0,3,3.0,False,2026-05-19,2026-05
1525,738,2025-10-25,2025-10-25 21:44:00,Delhi,Tier 1,UPI,Delivered,43603.25,7,7.0,False,2025-11-01,2025-10
1526,1190,2026-05-27,2026-05-27 15:22:00,Ghaziabad,Tier 3,Net Banking,Cancelled,2140.0,4,,,,2026-05
1527,918,2026-03-01,2026-03-01 20:19:00,Bhopal,Tier 2,Net Banking,Delivered,1769.0,3,3.0,False,2026-03-04,2026-03
1528,490,2026-06-27,2026-06-27 11:04:00,Vadodara,Tier 2,UPI,Delivered,8606.7,3,5.0,True,2026-07-02,2026-06
1529,24,2025-08-11,2025-08-11 03:35:00,Patna,Tier 3,UPI,Delivered,1334.35,5,6.0,True,2025-08-17,2025-08
1530,158,2025-01-13,2025-01-13 18:48:00,Nagpur,Tier 2,Debit Card,Delivered,8606.7,2,3.0,True,2025-01-16,2025-01
1531,479,2026-03-17,2026-03-17 01:01:00,Jaipur,Tier 2,Cash on Delivery,Delivered,11528.0,4,5.0,True,2026-03-22,2026-03
1532,1121,2025-12-18,2025-12-18 08:56:00,Vadodara,Tier 2,UPI,Delivered,402.8,7,6.0,False,2025-12-24,2025-12
1533,971,2026-01-30,2026-01-30 15:48:00,Patna,Tier 3,Cash on Delivery,Delivered,1834.2,5,5.0,False,2026-02-04,2026-01
1534,205,2026-05-17,2026-05-17 21:30:00,Bhopal,Tier 2,Credit Card,Delivered,2741.0,4,7.0,True,2026-05-24,2026-05
1535,911,2025-11-21,2025-11-21 16:29:00,Patna,Tier 3,Cash on Delivery,Cancelled,821.0,4,,,,2025-11
1536,757,2025-01-15,2025-01-15 18:20:00,Coimbatore,Tier 2,UPI,Delivered,22376.0,7,7.0,False,2025-01-22,2025-01
1537,870,2025-04-16,2025-04-16 22:33:00,Surat,Tier 2,Credit Card,Delivered,2887.5,3,3.0,False,2025-04-19,2025-04
1538,394,2025-11-18,2025-11-18 06:37:00,Pune,Tier 1,UPI,Delivered,2581.2,2,5.0,True,2025-11-23,2025-11
1539,830,2026-02-23,2026-02-23 02:35:00,Patna,Tier 3,UPI,Delivered,4964.2,4,7.0,True,2026-03-02,2026-02
1540,686,2024-12-14,2024-12-14 13:41:00,Pune,Tier 1,Debit Card,Delivered,85332.8,3,3.0,False,2024-12-17,2024-12
1541,344,2026-02-05,2026-02-05 08:11:00,Delhi,Tier 1,Net Banking,RTO,1386.0,3,,,,2026-02
1542,1023,2024-09-05,2024-09-05 05:32:00,Indore,Tier 2,Cash on Delivery,Delivered,122321.05,2,3.0,True,2024-09-08,2024-09
1543,1091,2025-11-03,2025-11-03 00:25:00,Delhi,Tier 1,Credit Card,Delivered,482.8,7,7.0,False,2025-11-10,2025-11
1544,532,2025-11-02,2025-11-02 03:55:00,Jaipur,Tier 2,Credit Card,Delivered,882.0,3,3.0,False,2025-11-05,2025-11
1545,155,2024-11-14,2024-11-14 08:02:00,Indore,Tier 2,Cash on Delivery,Delivered,3768.0,3,3.0,False,2024-11-17,2024-11
1546,521,2025-01-22,2025-01-22 11:24:00,Nagpur,Tier 2,Debit Card,Delivered,35726.0,2,2.0,False,2025-01-24,2025-01
1547,919,2026-06-07,2026-06-07 06:16:00,Pune,Tier 1,UPI,Delivered,39686.25,3,4.0,True,2026-06-11,2026-06
1548,87,2026-03-24,2026-03-24 16:24:00,Mumbai,Tier 1,Net Banking,Delivered,8606.7,4,6.0,True,2026-03-30,2026-03
1549,913,2026-04-16,2026-04-16 09:21:00,Patna,Tier 3,UPI,Delivered,39005.1,7,10.0,True,2026-04-26,2026-04
1550,1030,2025-06-23,2025-06-23 00:11:00,Mumbai,Tier 1,Credit Card,Delivered,304.0,2,3.0,True,2025-06-26,2025-06
1551,1051,2025-07-27,2025-07-27 13:48:00,Vadodara,Tier 2,Debit Card,Delivered,85332.8,4,5.0,True,2025-08-01,2025-07
1552,1089,2025-12-11,2025-12-11 19:30:00,Kanpur,Tier 2,UPI,Delivered,1776.85,7,7.0,False,2025-12-18,2025-12
1553,1075,2026-02-18,2026-02-18 15:48:00,Kolkata,Tier 1,Cash on Delivery,Delivered,4996.0,7,9.0,True,2026-02-27,2026-02
1554,870,2025-10-20,2025-10-20 09:06:00,Surat,Tier 2,Credit Card,Delivered,101387.7,5,7.0,True,2025-10-27,2025-10
1555,241,2026-06-21,2026-06-21 10:42:00,Delhi,Tier 1,UPI,Delivered,22194.0,3,3.0,False,2026-06-24,2026-06
1556,574,2024-11-21,2024-11-21 06:56:00,Guwahati,Tier 3,Net Banking,RTO,80414.0,4,,,,2024-11
1557,990,2025-10-26,2025-10-26 10:30:00,Coimbatore,Tier 2,UPI,Delivered,164.0,3,3.0,False,2025-10-29,2025-10
1558,499,2025-11-12,2025-11-12 08:13:00,Bengaluru,Tier 1,UPI,Returned,1906.4,3,,,,2025-11
1559,185,2026-06-26,2026-06-26 18:01:00,Kanpur,Tier 2,Net Banking,Delivered,261.9,7,10.0,True,2026-07-06,2026-06
1560,972,2026-06-01,2026-06-01 20:15:00,Surat,Tier 2,Debit Card,Cancelled,49717.55,2,,,,2026-06
1561,489,2026-01-03,2026-01-03 16:41:00,Surat,Tier 2,Debit Card,Delivered,476.25,3,6.0,True,2026-01-09,2026-01
1562,1150,2024-10-09,2024-10-09 12:03:00,Bhopal,Tier 2,Debit Card,Delivered,1266.0,5,4.0,False,2024-10-13,2024-10
1563,844,2026-06-11,2026-06-11 04:24:00,Patna,Tier 3,UPI,RTO,37224.0,4,,,,2026-06
1564,218,2025-03-01,2025-03-01 06:37:00,Kanpur,Tier 2,UPI,RTO,5543.2,7,,,,2025-03
1565,941,2025-05-16,2025-05-16 12:53:00,Coimbatore,Tier 2,UPI,Returned,16521.65,3,,,,2025-05
1566,859,2026-05-19,2026-05-19 18:55:00,Bengaluru,Tier 1,Debit Card,Cancelled,738.9,7,,,,2026-05
1567,804,2026-01-17,2026-01-17 02:42:00,Kolkata,Tier 1,UPI,Delivered,68106.6,7,10.0,True,2026-01-27,2026-01
1568,326,2025-06-03,2025-06-03 19:26:00,Surat,Tier 2,Cash on Delivery,Delivered,35945.15,3,4.0,True,2025-06-07,2025-06
1569,179,2025-04-03,2025-04-03 19:07:00,Bhopal,Tier 2,UPI,Delivered,35726.0,2,4.0,True,2025-04-07,2025-04
1570,314,2025-09-20,2025-09-20 18:38:00,Surat,Tier 2,Debit Card,Delivered,5109.1,3,3.0,False,2025-09-23,2025-09
1571,1175,2025-09-15,2025-09-15 08:13:00,Bhopal,Tier 2,Cash on Delivery,Delivered,2697.05,4,4.0,False,2025-09-19,2025-09
1572,531,2025-03-30,2025-03-30 01:52:00,Delhi,Tier 1,Credit Card,Cancelled,13118.2,5,,,,2025-03
1573,501,2026-01-21,2026-01-21 06:02:00,Guwahati,Tier 3,Cash on Delivery,Delivered,38136.0,2,1.0,False,2026-01-22,2026-01
1574,960,2026-03-03,2026-03-03 20:57:00,Bhopal,Tier 2,Cash on Delivery,Delivered,1555.2,5,5.0,False,2026-03-08,2026-03
1575,486,2025-11-26,2025-11-26 17:02:00,Ghaziabad,Tier 3,Cash on Delivery,RTO,5651.3,4,,,,2025-11
1576,244,2025-10-27,2025-10-27 23:59:00,Indore,Tier 2,UPI,Delivered,1101.0,3,4.0,True,2025-10-31,2025-10
1577,121,2025-04-03,2025-04-03 02:27:00,Guwahati,Tier 3,Debit Card,Delivered,474.25,3,5.0,True,2025-04-08,2025-04
1578,923,2024-04-16,2024-04-16 02:20:00,Guwahati,Tier 3,UPI,Delivered,29208.0,2,3.0,True,2024-04-19,2024-04
1579,821,2026-06-05,2026-06-05 00:08:00,Kolkata,Tier 1,Cash on Delivery,Delivered,29150.0,3,6.0,True,2026-06-11,2026-06
1580,842,2026-04-06,2026-04-06 09:20:00,Surat,Tier 2,Cash on Delivery,Delivered,72979.4,5,7.0,True,2026-04-13,2026-04
1581,738,2026-01-15,2026-01-15 13:12:00,Delhi,Tier 1,UPI,Cancelled,23269.5,4,,,,2026-01
1582,1062,2026-06-17,2026-06-17 03:42:00,Hyderabad,Tier 1,UPI,Delivered,36350.15,4,5.0,True,2026-06-22,2026-06
1583,1044,2025-12-25,2025-12-25 02:45:00,Mumbai,Tier 1,UPI,Delivered,2431.2,7,9.0,True,2026-01-03,2025-12
1584,536,2025-10-30,2025-10-30 12:04:00,Kanpur,Tier 2,Credit Card,Delivered,52691.4,4,4.0,False,2025-11-03,2025-10
1585,379,2026-01-22,2026-01-22 04:40:00,Surat,Tier 2,UPI,Delivered,9437.7,7,8.0,True,2026-01-30,2026-01
1586,1149,2026-05-25,2026-05-25 12:38:00,Ahmedabad,Tier 2,Credit Card,Delivered,25059.4,5,5.0,False,2026-05-30,2026-05
1587,928,2025-05-12,2025-05-12 11:49:00,Bengaluru,Tier 1,UPI,Delivered,90465.75,2,5.0,True,2025-05-17,2025-05
1588,187,2025-03-14,2025-03-14 12:25:00,Chennai,Tier 1,Net Banking,Delivered,511.2,5,4.0,False,2025-03-18,2025-03
1589,521,2026-04-06,2026-04-06 00:42:00,Nagpur,Tier 2,UPI,Delivered,4313.25,7,9.0,True,2026-04-15,2026-04
1590,44,2026-06-28,2026-06-28 05:16:00,Mumbai,Tier 1,Net Banking,Delivered,922.0,2,1.0,False,2026-06-29,2026-06
1591,481,2026-06-25,2026-06-25 13:26:00,Hyderabad,Tier 1,Credit Card,Delivered,125905.0,2,5.0,True,2026-06-30,2026-06
1592,1123,2026-05-25,2026-05-25 05:12:00,Nagpur,Tier 2,Debit Card,Delivered,76192.0,3,3.0,False,2026-05-28,2026-05
1593,303,2025-12-04,2025-12-04 17:09:00,Bengaluru,Tier 1,UPI,Delivered,808.2,5,6.0,True,2025-12-10,2025-12
1594,492,2026-05-30,2026-05-30 16:12:00,Nagpur,Tier 2,Cash on Delivery,Delivered,3595.0,7,8.0,True,2026-06-07,2026-05
1595,971,2026-04-18,2026-04-18 19:51:00,Patna,Tier 3,UPI,Delivered,44954.65,3,4.0,True,2026-04-22,2026-04
1596,71,2026-04-28,2026-04-28 04:10:00,Kolkata,Tier 1,Debit Card,RTO,46344.0,4,,,,2026-04
1597,685,2026-04-14,2026-04-14 20:44:00,Pune,Tier 1,UPI,Returned,5361.75,7,,,,2026-04
1598,107,2025-06-10,2025-06-10 00:08:00,Ahmedabad,Tier 2,UPI,Delivered,4766.0,7,8.0,True,2025-06-18,2025-06
1599,923,2026-02-14,2026-02-14 10:15:00,Guwahati,Tier 3,UPI,Delivered,5472.0,4,5.0,True,2026-02-19,2026-02
1600,523,2026-02-26,2026-02-26 17:26:00,Ahmedabad,Tier 2,UPI,Delivered,43356.15,4,7.0,True,2026-03-05,2026-02
1601,891,2026-02-21,2026-02-21 20:45:00,Pune,Tier 1,Debit Card,Delivered,1197.0,3,3.0,False,2026-02-24,2026-02
1602,595,2025-03-08,2025-03-08 21:39:00,Kolkata,Tier 1,Cash on Delivery,RTO,2091.9,5,,,,2025-03
1603,750,2026-03-03,2026-03-03 18:00:00,Ahmedabad,Tier 2,Net Banking,Delivered,81213.3,2,3.0,True,2026-03-06,2026-03
1604,4,2025-11-29,2025-11-29 18:57:00,Bhopal,Tier 2,UPI,RTO,1215.0,4,,,,2025-11
1605,585,2025-04-28,2025-04-28 04:33:00,Bhopal,Tier 2,Net Banking,Cancelled,2383.0,5,,,,2025-04
1606,522,2025-11-15,2025-11-15 13:29:00,Mumbai,Tier 1,UPI,Delivered,2844.8,3,6.0,True,2025-11-21,2025-11
1607,814,2026-05-11,2026-05-11 02:59:00,Bhopal,Tier 2,UPI,Delivered,1640.6,2,3.0,True,2026-05-14,2026-05
1608,56,2026-04-25,2026-04-25 15:46:00,Indore,Tier 2,Debit Card,Delivered,642.4,4,5.0,True,2026-04-30,2026-04
1609,582,2024-12-10,2024-12-10 14:49:00,Indore,Tier 2,Cash on Delivery,Delivered,10490.0,7,8.0,True,2024-12-18,2024-12
1610,265,2026-01-14,2026-01-14 07:47:00,Kolkata,Tier 1,Cash on Delivery,Delivered,2247.0,2,3.0,True,2026-01-17,2026-01
1611,270,2025-05-05,2025-05-05 14:45:00,Chennai,Tier 1,UPI,Delivered,4798.9,7,8.0,True,2025-05-13,2025-05
1612,184,2026-01-22,2026-01-22 14:18:00,Hyderabad,Tier 1,Cash on Delivery,Cancelled,5980.8,2,,,,2026-01
1613,507,2024-12-21,2024-12-21 08:10:00,Nagpur,Tier 2,Credit Card,Delivered,5109.1,3,4.0,True,2024-12-25,2024-12
1614,127,2026-02-07,2026-02-07 19:18:00,Bhopal,Tier 2,UPI,Delivered,865.0,7,9.0,True,2026-02-16,2026-02
1615,509,2025-01-20,2025-01-20 01:17:00,Delhi,Tier 1,Cash on Delivery,Delivered,2383.0,7,7.0,False,2025-01-27,2025-01
1616,960,2026-05-09,2026-05-09 05:06:00,Bhopal,Tier 2,UPI,Delivered,568.0,2,3.0,True,2026-05-12,2026-05
1617,873,2025-05-01,2025-05-01 13:29:00,Pune,Tier 1,Cash on Delivery,Delivered,35945.15,7,7.0,False,2025-05-08,2025-05
1618,848,2025-09-12,2025-09-12 12:38:00,Lucknow,Tier 2,Credit Card,Delivered,120607.5,7,7.0,False,2025-09-19,2025-09
1619,952,2026-01-16,2026-01-16 01:19:00,Nagpur,Tier 2,Net Banking,Delivered,2886.0,7,6.0,False,2026-01-22,2026-01
1620,105,2026-02-22,2026-02-22 18:15:00,Kolkata,Tier 1,UPI,Returned,2279.25,2,,,,2026-02
1621,742,2025-03-05,2025-03-05 00:03:00,Nagpur,Tier 2,UPI,Returned,2541.4,3,,,,2025-03
1622,400,2025-12-05,2025-12-05 12:45:00,Hyderabad,Tier 1,Debit Card,RTO,2315.0,2,,,,2025-12
1623,1105,2026-05-14,2026-05-14 18:39:00,Lucknow,Tier 2,UPI,Delivered,1037.4,3,3.0,False,2026-05-17,2026-05
1624,844,2026-02-10,2026-02-10 12:41:00,Patna,Tier 3,Credit Card,Returned,70785.9,3,,,,2026-02
1625,576,2026-05-04,2026-05-04 00:50:00,Coimbatore,Tier 2,UPI,RTO,577.6,7,,,,2026-05
1626,837,2026-06-18,2026-06-18 03:58:00,Delhi,Tier 1,Debit Card,Delivered,6715.15,2,2.0,False,2026-06-20,2026-06
1627,334,2024-06-28,2024-06-28 18:10:00,Indore,Tier 2,UPI,Delivered,45513.0,7,6.0,False,2024-07-04,2024-06
1628,735,2025-09-04,2025-09-04 04:15:00,Vadodara,Tier 2,Debit Card,Delivered,897.75,2,4.0,True,2025-09-08,2025-09
1629,70,2026-03-19,2026-03-19 15:40:00,Pune,Tier 1,UPI,Delivered,7172.25,2,3.0,True,2026-03-22,2026-03
1630,585,2025-12-16,2025-12-16 04:04:00,Bhopal,Tier 2,UPI,Delivered,3244.15,2,2.0,False,2025-12-18,2025-12
1631,566,2026-04-14,2026-04-14 04:38:00,Bengaluru,Tier 1,UPI,Delivered,8297.3,5,6.0,True,2026-04-20,2026-04
1632,409,2026-04-02,2026-04-02 18:48:00,Coimbatore,Tier 2,Credit Card,Delivered,1499.6,5,6.0,True,2026-04-08,2026-04
1633,406,2026-06-29,2026-06-29 21:40:00,Kolkata,Tier 1,Cash on Delivery,Delivered,634.5,7,8.0,True,2026-07-07,2026-06
1634,794,2024-11-12,2024-11-12 15:42:00,Ahmedabad,Tier 2,UPI,Delivered,2958.6,3,3.0,False,2024-11-15,2024-11
1635,972,2025-08-24,2025-08-24 03:06:00,Surat,Tier 2,UPI,RTO,45115.0,5,,,,2025-08
1636,999,2025-04-17,2025-04-17 07:55:00,Coimbatore,Tier 2,UPI,Delivered,4063.5,4,5.0,True,2025-04-22,2025-04
1637,442,2025-06-26,2025-06-26 07:31:00,Bengaluru,Tier 1,Debit Card,Delivered,53589.0,5,6.0,True,2025-07-02,2025-06
1638,396,2026-06-09,2026-06-09 14:32:00,Mumbai,Tier 1,Credit Card,Delivered,722.7,4,4.0,False,2026-06-13,2026-06
1639,1028,2025-05-13,2025-05-13 09:26:00,Kanpur,Tier 2,UPI,Returned,22376.0,7,,,,2025-05
1640,166,2025-05-05,2025-05-05 10:24:00,Kanpur,Tier 2,Cash on Delivery,Delivered,6405.4,5,5.0,False,2025-05-10,2025-05
1641,913,2026-03-05,2026-03-05 07:47:00,Patna,Tier 3,Debit Card,Delivered,6284.65,3,3.0,False,2026-03-08,2026-03
1642,627,2026-03-10,2026-03-10 18:07:00,Kolkata,Tier 1,Credit Card,Delivered,3143.8,4,7.0,True,2026-03-17,2026-03
1643,1061,2026-04-24,2026-04-24 17:54:00,Indore,Tier 2,Cash on Delivery,Returned,81514.2,5,,,,2026-04
1644,374,2026-05-24,2026-05-24 18:29:00,Jaipur,Tier 2,UPI,Delivered,45101.9,2,3.0,True,2026-05-27,2026-05
1645,633,2026-03-21,2026-03-21 17:43:00,Ahmedabad,Tier 2,Net Banking,Delivered,821.0,2,3.0,True,2026-03-24,2026-03
1646,1105,2026-04-10,2026-04-10 02:45:00,Lucknow,Tier 2,Credit Card,Delivered,40346.25,3,5.0,True,2026-04-15,2026-04
1647,1075,2026-01-15,2026-01-15 00:07:00,Kolkata,Tier 1,Cash on Delivery,Delivered,3749.4,7,8.0,True,2026-01-23,2026-01
1648,338,2025-12-22,2025-12-22 12:52:00,Nagpur,Tier 2,Net Banking,Delivered,14512.05,2,2.0,False,2025-12-24,2025-12
1649,248,2026-02-13,2026-02-13 15:46:00,Bhopal,Tier 2,Debit Card,RTO,2454.6,7,,,,2026-02
1650,964,2025-10-05,2025-10-05 13:56:00,Bhopal,Tier 2,UPI,Cancelled,16002.6,2,,,,2025-10
1651,944,2026-06-27,2026-06-27 06:09:00,Guwahati,Tier 3,Debit Card,Delivered,28450.6,2,2.0,False,2026-06-29,2026-06
1652,1066,2025-12-28,2025-12-28 09:25:00,Lucknow,Tier 2,Credit Card,Delivered,815.0,3,2.0,False,2025-12-30,2025-12
1653,332,2025-06-02,2025-06-02 08:40:00,Ghaziabad,Tier 3,UPI,Delivered,935.85,5,7.0,True,2025-06-09,2025-06
1654,35,2025-09-08,2025-09-08 10:04:00,Mumbai,Tier 1,UPI,Returned,2462.0,4,,,,2025-09
1655,364,2025-12-11,2025-12-11 20:13:00,Hyderabad,Tier 1,UPI,Delivered,1316.7,2,1.0,False,2025-12-12,2025-12
1656,280,2025-07-22,2025-07-22 12:33:00,Nagpur,Tier 2,UPI,Delivered,2116.5,7,8.0,True,2025-07-30,2025-07
1657,1075,2025-10-23,2025-10-23 02:59:00,Kolkata,Tier 1,UPI,Cancelled,86799.65,5,,,,2025-10
1658,541,2025-12-26,2025-12-26 03:23:00,Pune,Tier 1,Cash on Delivery,Delivered,61038.4,2,2.0,False,2025-12-28,2025-12
1659,891,2026-02-26,2026-02-26 18:30:00,Pune,Tier 1,Credit Card,Delivered,55403.7,5,5.0,False,2026-03-03,2026-02
1660,877,2025-07-27,2025-07-27 01:46:00,Ahmedabad,Tier 2,Cash on Delivery,Delivered,1607.4,4,4.0,False,2025-07-31,2025-07
1661,290,2026-02-21,2026-02-21 11:41:00,Coimbatore,Tier 2,UPI,Delivered,128.0,7,8.0,True,2026-03-01,2026-02
1662,28,2025-05-01,2025-05-01 11:15:00,Delhi,Tier 1,Credit Card,Delivered,7500.4,5,5.0,False,2025-05-06,2025-05
1663,247,2025-12-01,2025-12-01 14:57:00,Lucknow,Tier 2,Debit Card,RTO,256.7,7,,,,2025-12
1664,68,2026-04-26,2026-04-26 13:27:00,Patna,Tier 3,Credit Card,Delivered,38531.0,3,6.0,True,2026-05-02,2026-04
1665,253,2026-03-04,2026-03-04 12:27:00,Kanpur,Tier 2,Credit Card,Cancelled,2503.0,3,,,,2026-03
1666,257,2025-12-27,2025-12-27 04:55:00,Bengaluru,Tier 1,UPI,Delivered,392.35,2,5.0,True,2026-01-01,2025-12
1667,622,2025-09-03,2025-09-03 00:34:00,Kanpur,Tier 2,Cash on Delivery,Cancelled,5521.0,5,,,,2025-09
1668,119,2026-04-20,2026-04-20 07:35:00,Surat,Tier 2,Cash on Delivery,RTO,42540.0,5,,,,2026-04
1669,248,2026-05-25,2026-05-25 12:12:00,Bhopal,Tier 2,Net Banking,Delivered,41782.0,3,3.0,False,2026-05-28,2026-05
1670,1062,2025-08-31,2025-08-31 04:45:00,Hyderabad,Tier 1,UPI,Delivered,3657.5,2,3.0,True,2025-09-03,2025-08
1671,122,2026-03-08,2026-03-08 21:30:00,Coimbatore,Tier 2,Debit Card,Returned,60952.65,4,,,,2026-03
1672,759,2026-02-06,2026-02-06 12:49:00,Lucknow,Tier 2,UPI,Delivered,2656.8,7,7.0,False,2026-02-13,2026-02
1673,157,2024-12-09,2024-12-09 09:49:00,Bengaluru,Tier 1,UPI,Delivered,3752.4,3,5.0,True,2024-12-14,2024-12
1674,236,2026-06-04,2026-06-04 22:23:00,Bengaluru,Tier 1,Net Banking,Delivered,4726.0,7,7.0,False,2026-06-11,2026-06
1675,413,2026-06-24,2026-06-24 08:15:00,Kanpur,Tier 2,Debit Card,Cancelled,261.9,5,,,,2026-06
1676,121,2025-05-20,2025-05-20 13:03:00,Guwahati,Tier 3,UPI,RTO,302.0,2,,,,2025-05
1677,199,2025-10-30,2025-10-30 01:47:00,Mumbai,Tier 1,UPI,Returned,564.0,5,,,,2025-10
1678,117,2025-11-10,2025-11-10 00:32:00,Coimbatore,Tier 2,UPI,Delivered,121.6,4,7.0,True,2025-11-17,2025-11
1679,787,2026-02-22,2026-02-22 19:29:00,Patna,Tier 3,Cash on Delivery,Delivered,2255.3,4,7.0,True,2026-03-01,2026-02
1680,608,2024-05-23,2024-05-23 19:11:00,Guwahati,Tier 3,UPI,Delivered,381.6,5,5.0,False,2024-05-28,2024-05
1681,653,2026-02-06,2026-02-06 16:59:00,Ghaziabad,Tier 3,Cash on Delivery,Delivered,4126.8,3,2.0,False,2026-02-08,2026-02
1682,249,2024-10-15,2024-10-15 02:31:00,Delhi,Tier 1,UPI,Returned,3649.0,4,,,,2024-10
1683,307,2026-05-28,2026-05-28 17:21:00,Kolkata,Tier 1,Cash on Delivery,Delivered,4994.4,2,1.0,False,2026-05-29,2026-05
1684,1146,2024-06-09,2024-06-09 22:56:00,Ahmedabad,Tier 2,Debit Card,RTO,424.0,2,,,,2024-06
1685,257,2025-12-19,2025-12-19 21:47:00,Bengaluru,Tier 1,Net Banking,Delivered,38175.2,4,4.0,False,2025-12-23,2025-12
1686,1173,2025-01-01,2025-01-01 15:56:00,Surat,Tier 2,UPI,Delivered,4316.2,5,5.0,False,2025-01-06,2025-01
1687,1029,2025-05-15,2025-05-15 19:45:00,Bhopal,Tier 2,Cash on Delivery,RTO,22376.0,2,,,,2025-05
1688,953,2025-08-13,2025-08-13 18:03:00,Bengaluru,Tier 1,Cash on Delivery,Delivered,3058.75,4,3.0,False,2025-08-16,2025-08
1689,322,2025-06-13,2025-06-13 16:41:00,Indore,Tier 2,UPI,Delivered,46393.05,3,6.0,True,2025-06-19,2025-06
1690,961,2025-07-22,2025-07-22 13:05:00,Kolkata,Tier 1,Net Banking,Delivered,461.0,7,7.0,False,2025-07-29,2025-07
1691,407,2026-02-01,2026-02-01 04:43:00,Indore,Tier 2,Credit Card,Returned,982.8,5,,,,2026-02
1692,1012,2026-06-20,2026-06-20 08:49:00,Delhi,Tier 1,Cash on Delivery,Delivered,3899.45,7,7.0,False,2026-06-27,2026-06
1693,35,2026-02-24,2026-02-24 23:15:00,Mumbai,Tier 1,Cash on Delivery,Delivered,607.5,7,8.0,True,2026-03-04,2026-02
1694,987,2026-02-07,2026-02-07 03:35:00,Ahmedabad,Tier 2,Cash on Delivery,Cancelled,30636.55,5,,,,2026-02
1695,396,2026-04-26,2026-04-26 20:01:00,Mumbai,Tier 1,Debit Card,RTO,1318.5,2,,,,2026-04
1696,933,2025-11-30,2025-11-30 15:30:00,Pune,Tier 1,Cash on Delivery,Delivered,392.35,5,5.0,False,2025-12-05,2025-11
1697,754,2026-06-17,2026-06-17 17:33:00,Delhi,Tier 1,Debit Card,Returned,3326.4,3,,,,2026-06
1698,273,2025-12-24,2025-12-24 12:11:00,Bhopal,Tier 2,UPI,Cancelled,413.0,7,,,,2025-12
1699,1089,2025-12-20,2025-12-20 14:41:00,Kanpur,Tier 2,UPI,Delivered,1220.0,3,2.0,False,2025-12-22,2025-12
1700,1053,2026-01-18,2026-01-18 09:37:00,Bhopal,Tier 2,UPI,Cancelled,34766.0,4,,,,2026-01
1701,332,2025-07-29,2025-07-29 19:30:00,Ghaziabad,Tier 3,Credit Card,Delivered,4560.75,5,6.0,True,2025-08-04,2025-07
1702,214,2024-05-01,2024-05-01 17:53:00,Lucknow,Tier 2,Cash on Delivery,Delivered,798.0,4,3.0,False,2024-05-04,2024-05
1703,894,2026-03-02,2026-03-02 22:59:00,Jaipur,Tier 2,UPI,Delivered,1915.2,4,7.0,True,2026-03-09,2026-03
1704,826,2025-11-19,2025-11-19 18:12:00,Ahmedabad,Tier 2,UPI,Cancelled,4714.1,2,,,,2025-11
1705,1146,2025-11-03,2025-11-03 17:28:00,Ahmedabad,Tier 2,Debit Card,Delivered,9883.35,7,7.0,False,2025-11-10,2025-11
1706,797,2026-05-25,2026-05-25 08:38:00,Lucknow,Tier 2,Debit Card,RTO,2052.0,4,,,,2026-05
1707,507,2026-04-23,2026-04-23 14:03:00,Nagpur,Tier 2,UPI,Returned,3141.65,2,,,,2026-04
1708,147,2024-09-29,2024-09-29 03:46:00,Coimbatore,Tier 2,UPI,Delivered,243.2,2,5.0,True,2024-10-04,2024-09
1709,1147,2025-07-28,2025-07-28 05:36:00,Lucknow,Tier 2,Cash on Delivery,RTO,24079.65,3,,,,2025-07
1710,898,2025-12-14,2025-12-14 05:14:00,Guwahati,Tier 3,UPI,Delivered,1087.0,5,5.0,False,2025-12-19,2025-12
1711,568,2026-04-05,2026-04-05 00:50:00,Kanpur,Tier 2,Debit Card,Delivered,3571.2,3,5.0,True,2026-04-10,2026-04
1712,853,2026-02-13,2026-02-13 22:27:00,Delhi,Tier 1,UPI,Delivered,35723.4,2,3.0,True,2026-02-16,2026-02
1713,582,2025-06-26,2025-06-26 22:05:00,Indore,Tier 2,Net Banking,Returned,945.2,5,,,,2025-06
1714,218,2025-12-13,2025-12-13 15:16:00,Kanpur,Tier 2,Debit Card,Delivered,1016.5,4,5.0,True,2025-12-18,2025-12
1715,399,2026-02-22,2026-02-22 11:14:00,Ghaziabad,Tier 3,UPI,Delivered,3080.0,7,9.0,True,2026-03-03,2026-02
1716,318,2025-05-30,2025-05-30 16:12:00,Vadodara,Tier 2,Net Banking,Returned,4720.5,7,,,,2025-05
1717,1003,2025-07-11,2025-07-11 21:59:00,Lucknow,Tier 2,Debit Card,Delivered,83241.3,4,5.0,True,2025-07-16,2025-07
1718,517,2025-02-03,2025-02-03 04:01:00,Indore,Tier 2,Net Banking,Returned,3321.0,7,,,,2025-02
1719,1061,2025-10-31,2025-10-31 07:10:00,Indore,Tier 2,Cash on Delivery,RTO,2033.0,4,,,,2025-10
1720,517,2025-04-05,2025-04-05 07:55:00,Indore,Tier 2,Credit Card,RTO,6304.3,4,,,,2025-04
1721,991,2026-06-04,2026-06-04 01:23:00,Lucknow,Tier 2,UPI,RTO,1846.5,3,,,,2026-06
1722,872,2026-01-20,2026-01-20 00:03:00,Delhi,Tier 1,UPI,Delivered,38323.95,7,6.0,False,2026-01-26,2026-01
1723,1018,2026-06-21,2026-06-21 14:28:00,Coimbatore,Tier 2,Cash on Delivery,Delivered,482.8,4,5.0,True,2026-06-26,2026-06
1724,921,2026-06-17,2026-06-17 20:43:00,Hyderabad,Tier 1,UPI,Delivered,3559.55,3,2.0,False,2026-06-19,2026-06
1725,361,2024-11-19,2024-11-19 10:01:00,Lucknow,Tier 2,UPI,Returned,5674.3,3,,,,2024-11
1726,710,2026-03-07,2026-03-07 19:16:00,Pune,Tier 1,Debit Card,RTO,2527.55,3,,,,2026-03
1727,597,2025-09-28,2025-09-28 23:46:00,Patna,Tier 3,UPI,Delivered,1758.0,4,4.0,False,2025-10-02,2025-09
1728,688,2026-05-06,2026-05-06 11:11:00,Patna,Tier 3,Net Banking,Delivered,232.8,3,4.0,True,2026-05-10,2026-05
1729,1141,2026-03-12,2026-03-12 22:03:00,Kanpur,Tier 2,UPI,Delivered,678.3,4,5.0,True,2026-03-17,2026-03
1730,377,2025-09-17,2025-09-17 02:16:00,Lucknow,Tier 2,Net Banking,Returned,4599.5,4,,,,2025-09
1731,1071,2026-05-03,2026-05-03 10:48:00,Indore,Tier 2,UPI,Returned,243.2,3,,,,2026-05
1732,1013,2025-06-13,2025-06-13 05:34:00,Jaipur,Tier 2,UPI,Delivered,2188.8,2,2.0,False,2025-06-15,2025-06
1733,390,2025-06-22,2025-06-22 21:20:00,Mumbai,Tier 1,UPI,Delivered,4283.0,5,6.0,True,2025-06-28,2025-06
1734,680,2024-11-30,2024-11-30 05:48:00,Jaipur,Tier 2,UPI,Delivered,26794.5,5,5.0,False,2024-12-05,2024-11
1735,314,2025-01-25,2025-01-25 18:39:00,Surat,Tier 2,Credit Card,Delivered,10757.6,3,2.0,False,2025-01-27,2025-01
1736,848,2025-03-21,2025-03-21 19:38:00,Lucknow,Tier 2,Cash on Delivery,Delivered,1491.0,4,5.0,True,2025-03-26,2025-03
1737,386,2025-11-12,2025-11-12 22:21:00,Pune,Tier 1,Debit Card,RTO,8097.2,5,,,,2025-11
1738,821,2024-10-10,2024-10-10 21:51:00,Kolkata,Tier 1,Cash on Delivery,Delivered,3592.45,4,4.0,False,2024-10-14,2024-10
1739,465,2024-08-14,2024-08-14 04:23:00,Hyderabad,Tier 1,Net Banking,Cancelled,3738.0,7,,,,2024-08
1740,825,2026-03-31,2026-03-31 23:15:00,Bengaluru,Tier 1,UPI,Delivered,682.55,5,7.0,True,2026-04-07,2026-03
1741,500,2026-04-03,2026-04-03 05:38:00,Bengaluru,Tier 1,UPI,Cancelled,5400.6,3,,,,2026-04
1742,850,2024-07-10,2024-07-10 16:54:00,Ghaziabad,Tier 3,UPI,RTO,4458.25,3,,,,2024-07
1743,346,2025-04-19,2025-04-19 01:43:00,Pune,Tier 1,Cash on Delivery,Returned,3152.75,4,,,,2025-04
1744,285,2026-01-31,2026-01-31 13:09:00,Guwahati,Tier 3,Credit Card,Returned,14250.4,3,,,,2026-01
1745,262,2024-10-23,2024-10-23 16:07:00,Kanpur,Tier 2,UPI,Delivered,1903.5,3,3.0,False,2024-10-26,2024-10
1746,402,2025-12-27,2025-12-27 17:15:00,Surat,Tier 2,Credit Card,Delivered,35945.15,5,7.0,True,2026-01-03,2025-12
1747,637,2026-02-03,2026-02-03 03:49:00,Kolkata,Tier 1,UPI,Delivered,2123.55,4,4.0,False,2026-02-07,2026-02
1748,92,2026-03-13,2026-03-13 06:03:00,Coimbatore,Tier 2,UPI,Delivered,1082.0,2,2.0,False,2026-03-15,2026-03
1749,1166,2026-03-06,2026-03-06 23:51:00,Nagpur,Tier 2,UPI,Delivered,758.1,4,5.0,True,2026-03-11,2026-03
1750,511,2025-07-30,2025-07-30 05:38:00,Indore,Tier 2,Credit Card,Delivered,392.35,2,3.0,True,2025-08-02,2025-07
1751,29,2024-10-20,2024-10-20 19:49:00,Pune,Tier 1,Net Banking,RTO,330.75,4,,,,2024-10
1752,1154,2026-02-16,2026-02-16 20:04:00,Ghaziabad,Tier 3,Debit Card,Delivered,2038.0,2,2.0,False,2026-02-18,2026-02
1753,352,2025-10-30,2025-10-30 17:42:00,Mumbai,Tier 1,Credit Card,Delivered,1691.5,2,2.0,False,2025-11-01,2025-10
1754,250,2026-06-03,2026-06-03 08:24:00,Ahmedabad,Tier 2,UPI,Delivered,424.0,3,3.0,False,2026-06-06,2026-06
1755,1058,2025-09-09,2025-09-09 07:11:00,Indore,Tier 2,Net Banking,Delivered,3411.0,7,7.0,False,2025-09-16,2025-09
1756,249,2026-03-28,2026-03-28 20:26:00,Delhi,Tier 1,UPI,Delivered,825.0,5,5.0,False,2026-04-02,2026-03
1757,1041,2026-03-09,2026-03-09 12:38:00,Kanpur,Tier 2,Credit Card,Delivered,615.75,5,8.0,True,2026-03-17,2026-03
1758,273,2025-03-17,2025-03-17 01:02:00,Bhopal,Tier 2,UPI,Delivered,38149.0,2,5.0,True,2025-03-22,2025-03
1759,578,2025-06-05,2025-06-05 14:07:00,Chennai,Tier 1,UPI,Delivered,66052.9,2,2.0,False,2025-06-07,2025-06
1760,575,2025-07-15,2025-07-15 14:00:00,Indore,Tier 2,UPI,Delivered,14784.2,4,5.0,True,2025-07-20,2025-07
1761,763,2026-01-22,2026-01-22 13:38:00,Jaipur,Tier 2,UPI,Delivered,4158.0,7,7.0,False,2026-01-29,2026-01
1762,476,2025-10-15,2025-10-15 13:31:00,Patna,Tier 3,UPI,Delivered,2027.0,7,9.0,True,2025-10-24,2025-10
1763,1181,2026-02-26,2026-02-26 04:54:00,Ghaziabad,Tier 3,UPI,Delivered,35929.6,5,8.0,True,2026-03-06,2026-02
1764,127,2025-12-02,2025-12-02 07:01:00,Bhopal,Tier 2,UPI,Delivered,634.5,4,3.0,False,2025-12-05,2025-12
1765,1012,2026-04-13,2026-04-13 23:08:00,Delhi,Tier 1,Debit Card,Delivered,7896.0,5,5.0,False,2026-04-18,2026-04
1766,613,2026-06-15,2026-06-15 13:13:00,Lucknow,Tier 2,UPI,RTO,613.0,5,,,,2026-06
1767,1036,2026-01-15,2026-01-15 03:43:00,Ahmedabad,Tier 2,UPI,Delivered,79246.1,7,9.0,True,2026-01-24,2026-01
1768,352,2026-03-27,2026-03-27 23:26:00,Mumbai,Tier 1,Cash on Delivery,Delivered,2988.9,5,6.0,True,2026-04-02,2026-03
1769,716,2026-06-01,2026-06-01 17:36:00,Ghaziabad,Tier 3,Credit Card,Delivered,71744.55,7,7.0,False,2026-06-08,2026-06
1770,744,2026-04-09,2026-04-09 21:38:00,Kanpur,Tier 2,UPI,Returned,7440.0,3,,,,2026-04
1771,218,2026-03-27,2026-03-27 22:38:00,Kanpur,Tier 2,Debit Card,Delivered,71859.2,4,4.0,False,2026-03-31,2026-03
1772,355,2026-04-29,2026-04-29 02:02:00,Jaipur,Tier 2,UPI,Delivered,4157.5,3,3.0,False,2026-05-02,2026-04
1773,55,2026-06-03,2026-06-03 05:17:00,Chennai,Tier 1,UPI,Delivered,1386.0,5,7.0,True,2026-06-10,2026-06
1774,739,2026-04-08,2026-04-08 01:54:00,Pune,Tier 1,UPI,Delivered,990.9,7,10.0,True,2026-04-18,2026-04
1775,113,2024-12-18,2024-12-18 18:39:00,Guwahati,Tier 3,Debit Card,Delivered,4996.0,2,5.0,True,2024-12-23,2024-12
1776,419,2025-04-20,2025-04-20 03:17:00,Bengaluru,Tier 1,Cash on Delivery,Delivered,107329.25,7,7.0,False,2025-04-27,2025-04
1777,4,2025-08-30,2025-08-30 13:04:00,Bhopal,Tier 2,UPI,Delivered,83804.05,2,4.0,True,2025-09-03,2025-08
1778,196,2025-01-18,2025-01-18 03:10:00,Indore,Tier 2,Credit Card,Cancelled,29339.2,5,,,,2025-01
1779,833,2026-05-30,2026-05-30 16:04:00,Jaipur,Tier 2,Credit Card,Delivered,2055.0,3,2.0,False,2026-06-01,2026-05
1780,797,2026-06-09,2026-06-09 02:27:00,Lucknow,Tier 2,UPI,Delivered,8024.5,5,5.0,False,2026-06-14,2026-06
1781,194,2026-03-25,2026-03-25 07:04:00,Pune,Tier 1,Debit Card,Delivered,2822.0,2,3.0,True,2026-03-28,2026-03
1782,522,2025-02-06,2025-02-06 07:30:00,Mumbai,Tier 1,UPI,Returned,479.4,7,,,,2025-02
1783,690,2024-11-06,2024-11-06 10:44:00,Hyderabad,Tier 1,Cash on Delivery,Delivered,3235.1,3,3.0,False,2024-11-09,2024-11
1784,1055,2025-04-19,2025-04-19 10:49:00,Indore,Tier 2,UPI,Delivered,3837.0,4,7.0,True,2025-04-26,2025-04
1785,365,2026-05-14,2026-05-14 05:57:00,Mumbai,Tier 1,Net Banking,Delivered,2991.8,4,5.0,True,2026-05-19,2026-05
1786,122,2024-05-21,2024-05-21 06:46:00,Coimbatore,Tier 2,Credit Card,RTO,2192.8,3,,,,2024-05
1787,777,2025-03-03,2025-03-03 19:15:00,Indore,Tier 2,Cash on Delivery,Delivered,4587.75,7,9.0,True,2025-03-12,2025-03
1788,848,2026-06-01,2026-06-01 09:23:00,Lucknow,Tier 2,Credit Card,Cancelled,375.0,7,,,,2026-06
1789,54,2025-06-26,2025-06-26 22:06:00,Hyderabad,Tier 1,Credit Card,Delivered,1697.0,2,2.0,False,2025-06-28,2025-06
1790,531,2025-01-21,2025-01-21 19:30:00,Delhi,Tier 1,Cash on Delivery,Delivered,846.0,2,5.0,True,2025-01-26,2025-01
1791,465,2026-04-20,2026-04-20 07:45:00,Hyderabad,Tier 1,Cash on Delivery,Delivered,1399.0,4,4.0,False,2026-04-24,2026-04
1792,1015,2026-06-27,2026-06-27 16:56:00,Jaipur,Tier 2,UPI,RTO,36484.75,5,,,,2026-06
1793,1,2024-12-11,2024-12-11 09:57:00,Hyderabad,Tier 1,UPI,Delivered,3742.2,4,5.0,True,2024-12-16,2024-12
1794,163,2025-12-30,2025-12-30 09:48:00,Kanpur,Tier 2,Cash on Delivery,Delivered,375.0,3,4.0,True,2026-01-03,2025-12
1795,354,2025-02-06,2025-02-06 11:00:00,Ghaziabad,Tier 3,Debit Card,Returned,1087.0,2,,,,2025-02
1796,1123,2026-06-27,2026-06-27 23:32:00,Nagpur,Tier 2,Debit Card,Delivered,37876.65,3,6.0,True,2026-07-03,2026-06
1797,193,2024-06-01,2024-06-01 10:19:00,Indore,Tier 2,UPI,Returned,6788.0,2,,,,2024-06
1798,954,2024-09-28,2024-09-28 20:12:00,Surat,Tier 2,UPI,Delivered,1740.0,3,6.0,True,2024-10-04,2024-09
1799,500,2026-01-07,2026-01-07 22:24:00,Bengaluru,Tier 1,Credit Card,Delivered,6415.9,2,3.0,True,2026-01-10,2026-01
1800,1179,2025-09-24,2025-09-24 02:40:00,Mumbai,Tier 1,Net Banking,Delivered,803.7,4,4.0,False,2025-09-28,2025-09
1801,338,2026-01-30,2026-01-30 20:40:00,Nagpur,Tier 2,UPI,Delivered,4289.25,4,6.0,True,2026-02-05,2026-01
1802,472,2024-09-18,2024-09-18 06:51:00,Mumbai,Tier 1,Debit Card,Delivered,356.25,4,4.0,False,2024-09-22,2024-09
1803,519,2026-05-25,2026-05-25 11:06:00,Jaipur,Tier 2,Credit Card,RTO,2689.0,7,,,,2026-05
1804,394,2026-01-20,2026-01-20 11:51:00,Pune,Tier 1,UPI,Delivered,660.0,7,7.0,False,2026-01-27,2026-01
1805,250,2026-06-23,2026-06-23 10:21:00,Ahmedabad,Tier 2,Credit Card,Delivered,4054.0,7,8.0,True,2026-07-01,2026-06
1806,1161,2025-07-01,2025-07-01 17:40:00,Mumbai,Tier 1,Net Banking,Delivered,4753.25,4,5.0,True,2025-07-06,2025-07
1807,412,2025-07-24,2025-07-24 10:38:00,Jaipur,Tier 2,Cash on Delivery,Delivered,670.5,5,5.0,False,2025-07-29,2025-07
1808,582,2026-05-07,2026-05-07 17:33:00,Indore,Tier 2,UPI,Delivered,4339.15,3,4.0,True,2026-05-11,2026-05
1809,721,2025-09-17,2025-09-17 23:46:00,Surat,Tier 2,Debit Card,Cancelled,32537.3,5,,,,2025-09
1810,250,2026-05-20,2026-05-20 13:44:00,Ahmedabad,Tier 2,Credit Card,Delivered,5566.4,2,2.0,False,2026-05-22,2026-05
1811,1054,2025-02-03,2025-02-03 06:51:00,Kolkata,Tier 1,UPI,Delivered,78042.2,2,3.0,True,2025-02-06,2025-02
1812,1156,2024-06-13,2024-06-13 17:46:00,Surat,Tier 2,Credit Card,Delivered,2116.5,4,5.0,True,2024-06-18,2024-06
1813,332,2026-03-13,2026-03-13 23:43:00,Ghaziabad,Tier 3,UPI,Delivered,10662.4,7,8.0,True,2026-03-21,2026-03
1814,305,2024-11-20,2024-11-20 08:20:00,Mumbai,Tier 1,Cash on Delivery,RTO,16314.3,5,,,,2024-11
1815,597,2026-02-10,2026-02-10 09:02:00,Patna,Tier 3,Cash on Delivery,Delivered,69098.2,2,5.0,True,2026-02-15,2026-02
1816,578,2026-05-26,2026-05-26 17:37:00,Chennai,Tier 1,Cash on Delivery,Delivered,44866.7,2,2.0,False,2026-05-28,2026-05
1817,957,2026-04-24,2026-04-24 10:55:00,Nagpur,Tier 2,Cash on Delivery,RTO,1899.2,4,,,,2026-04
1818,252,2026-06-24,2026-06-24 02:40:00,Bhopal,Tier 2,Net Banking,Delivered,42666.4,5,4.0,False,2026-06-28,2026-06
1819,273,2025-10-09,2025-10-09 06:20:00,Bhopal,Tier 2,UPI,Delivered,2216.0,2,2.0,False,2025-10-11,2025-10
1820,495,2025-10-25,2025-10-25 17:36:00,Jaipur,Tier 2,Debit Card,Delivered,1607.4,2,3.0,True,2025-10-28,2025-10
1821,196,2026-04-17,2026-04-17 16:55:00,Indore,Tier 2,UPI,Delivered,4314.65,3,5.0,True,2026-04-22,2026-04
1822,662,2026-04-29,2026-04-29 13:09:00,Patna,Tier 3,Cash on Delivery,Delivered,3485.8,7,8.0,True,2026-05-07,2026-04
1823,1143,2026-05-01,2026-05-01 16:49:00,Hyderabad,Tier 1,UPI,Cancelled,41075.0,3,,,,2026-05
1824,943,2025-08-18,2025-08-18 11:28:00,Bengaluru,Tier 1,Credit Card,Returned,810.0,5,,,,2025-08
1825,658,2024-12-02,2024-12-02 03:56:00,Ahmedabad,Tier 2,UPI,Delivered,3412.8,3,5.0,True,2024-12-07,2024-12
1826,412,2026-03-22,2026-03-22 17:20:00,Jaipur,Tier 2,UPI,Returned,2534.7,5,,,,2026-03
1827,404,2026-01-29,2026-01-29 19:17:00,Chennai,Tier 1,UPI,Returned,719.1,3,,,,2026-01
1828,13,2026-05-30,2026-05-30 11:54:00,Kolkata,Tier 1,Credit Card,Delivered,2822.0,3,6.0,True,2026-06-05,2026-05
1829,680,2025-09-21,2025-09-21 14:26:00,Jaipur,Tier 2,Credit Card,Delivered,83564.0,5,7.0,True,2025-09-28,2025-09
1830,913,2025-12-29,2025-12-29 11:05:00,Patna,Tier 3,Credit Card,Delivered,3968.0,4,7.0,True,2026-01-05,2025-12
1831,518,2026-06-15,2026-06-15 06:41:00,Coimbatore,Tier 2,UPI,RTO,44142.0,7,,,,2026-06
1832,1199,2026-02-06,2026-02-06 23:02:00,Kolkata,Tier 1,UPI,Delivered,4126.8,4,5.0,True,2026-02-11,2026-02
1833,1198,2025-08-02,2025-08-02 07:33:00,Bengaluru,Tier 1,Debit Card,Delivered,2839.0,3,3.0,False,2025-08-05,2025-08
1834,2,2025-05-25,2025-05-25 13:02:00,Vadodara,Tier 2,Debit Card,Returned,84663.0,2,,,,2025-05
1835,389,2025-04-06,2025-04-06 23:15:00,Kanpur,Tier 2,Credit Card,Delivered,838.4,4,4.0,False,2025-04-10,2025-04
1836,280,2025-07-14,2025-07-14 17:06:00,Nagpur,Tier 2,Cash on Delivery,Returned,153.75,4,,,,2025-07
1837,141,2026-03-11,2026-03-11 13:04:00,Vadodara,Tier 2,Debit Card,Delivered,461.0,7,9.0,True,2026-03-20,2026-03
1838,681,2025-11-08,2025-11-08 15:42:00,Chennai,Tier 1,UPI,Delivered,886.4,5,5.0,False,2025-11-13,2025-11
1839,821,2026-02-14,2026-02-14 19:01:00,Kolkata,Tier 1,UPI,RTO,35514.7,2,,,,2026-02
1840,1081,2026-03-16,2026-03-16 20:39:00,Guwahati,Tier 3,UPI,Delivered,384.75,2,2.0,False,2026-03-18,2026-03
1841,498,2025-10-25,2025-10-25 22:11:00,Bhopal,Tier 2,Credit Card,Delivered,2735.1,5,5.0,False,2025-10-30,2025-10
1842,1125,2026-04-04,2026-04-04 17:27:00,Ahmedabad,Tier 2,Cash on Delivery,Delivered,1070.0,3,3.0,False,2026-04-07,2026-04
1843,595,2026-01-19,2026-01-19 12:24:00,Kolkata,Tier 1,UPI,Delivered,82344.1,7,7.0,False,2026-01-26,2026-01
1844,452,2025-03-18,2025-03-18 14:46:00,Ahmedabad,Tier 2,Credit Card,RTO,2555.1,3,,,,2025-03
1845,55,2026-03-30,2026-03-30 06:20:00,Chennai,Tier 1,UPI,Cancelled,1092.0,3,,,,2026-03
1846,595,2025-12-22,2025-12-22 15:41:00,Kolkata,Tier 1,Cash on Delivery,Delivered,65927.9,4,4.0,False,2025-12-26,2025-12
1847,306,2026-03-05,2026-03-05 21:12:00,Vadodara,Tier 2,UPI,Delivered,660.0,4,4.0,False,2026-03-09,2026-03
1848,1075,2026-04-01,2026-04-01 06:39:00,Kolkata,Tier 1,Net Banking,Delivered,128.0,5,6.0,True,2026-04-07,2026-04
1849,1124,2026-05-28,2026-05-28 19:51:00,Hyderabad,Tier 1,UPI,Cancelled,60000.6,4,,,,2026-05
1850,1135,2026-04-12,2026-04-12 16:53:00,Surat,Tier 2,UPI,Delivered,3154.95,7,7.0,False,2026-04-19,2026-04
1851,944,2026-06-21,2026-06-21 03:37:00,Guwahati,Tier 3,UPI,Delivered,8294.1,7,7.0,False,2026-06-28,2026-06
1852,796,2025-03-01,2025-03-01 12:12:00,Coimbatore,Tier 2,UPI,Delivered,2679.0,7,8.0,True,2025-03-09,2025-03
1853,309,2026-06-24,2026-06-24 23:53:00,Guwahati,Tier 3,Cash on Delivery,Delivered,2818.5,4,4.0,False,2026-06-28,2026-06
1854,511,2025-08-15,2025-08-15 09:46:00,Indore,Tier 2,UPI,Delivered,1652.4,4,4.0,False,2025-08-19,2025-08
1855,398,2025-03-05,2025-03-05 02:20:00,Chennai,Tier 1,UPI,Delivered,610.0,5,8.0,True,2025-03-13,2025-03
1856,717,2026-04-05,2026-04-05 02:42:00,Bhopal,Tier 2,UPI,RTO,724.8,4,,,,2026-04
1857,297,2026-05-09,2026-05-09 09:42:00,Ahmedabad,Tier 2,UPI,RTO,4416.8,3,,,,2026-05
1858,1196,2026-05-26,2026-05-26 09:20:00,Delhi,Tier 1,UPI,Delivered,135009.6,4,4.0,False,2026-05-30,2026-05
1859,199,2025-01-23,2025-01-23 13:19:00,Mumbai,Tier 1,UPI,Returned,40070.0,5,,,,2025-01
1860,1025,2026-06-25,2026-06-25 20:24:00,Ahmedabad,Tier 2,Debit Card,Returned,3888.0,3,,,,2026-06
1861,579,2025-05-17,2025-05-17 04:51:00,Lucknow,Tier 2,UPI,RTO,2839.0,3,,,,2025-05
1862,222,2026-02-10,2026-02-10 02:40:00,Delhi,Tier 1,UPI,Delivered,1637.6,3,2.0,False,2026-02-12,2026-02
1863,412,2026-06-16,2026-06-16 06:40:00,Jaipur,Tier 2,Credit Card,Delivered,5576.05,3,4.0,True,2026-06-20,2026-06
1864,398,2026-05-28,2026-05-28 04:48:00,Chennai,Tier 1,Credit Card,Delivered,1758.0,3,2.0,False,2026-05-30,2026-05
1865,166,2024-04-19,2024-04-19 20:42:00,Kanpur,Tier 2,Cash on Delivery,Delivered,28611.75,3,4.0,True,2024-04-23,2024-04
1866,976,2025-06-03,2025-06-03 17:29:00,Delhi,Tier 1,UPI,Delivered,821.0,2,3.0,True,2025-06-06,2025-06
1867,982,2026-04-15,2026-04-15 16:56:00,Delhi,Tier 1,UPI,Returned,68562.2,3,,,,2026-04
1868,1183,2025-05-29,2025-05-29 08:00:00,Guwahati,Tier 3,Net Banking,Delivered,4322.15,2,1.0,False,2025-05-30,2025-05
1869,52,2024-10-26,2024-10-26 02:40:00,Vadodara,Tier 2,Cash on Delivery,Delivered,96799.4,3,2.0,False,2024-10-28,2024-10
1870,71,2026-01-29,2026-01-29 12:21:00,Kolkata,Tier 1,Cash on Delivery,Returned,31331.25,7,,,,2026-01
1871,365,2026-06-28,2026-06-28 16:28:00,Mumbai,Tier 1,Cash on Delivery,RTO,2599.2,2,,,,2026-06
1872,1164,2024-12-26,2024-12-26 12:42:00,Hyderabad,Tier 1,UPI,Delivered,8734.0,2,2.0,False,2024-12-28,2024-12
1873,1183,2025-06-10,2025-06-10 17:24:00,Guwahati,Tier 3,Cash on Delivery,Delivered,3933.75,2,1.0,False,2025-06-11,2025-06
1874,273,2025-04-17,2025-04-17 16:01:00,Bhopal,Tier 2,UPI,Delivered,3385.95,7,8.0,True,2025-04-25,2025-04
1875,803,2026-05-10,2026-05-10 02:37:00,Indore,Tier 2,Net Banking,RTO,76298.0,4,,,,2026-05
1876,137,2025-07-17,2025-07-17 09:28:00,Delhi,Tier 1,Credit Card,Delivered,2492.0,7,8.0,True,2025-07-25,2025-07
1877,990,2025-12-26,2025-12-26 04:42:00,Coimbatore,Tier 2,UPI,RTO,676.8,7,,,,2025-12
1878,706,2026-02-21,2026-02-21 10:24:00,Hyderabad,Tier 1,Debit Card,Returned,13231.0,7,,,,2026-02
1879,560,2026-01-23,2026-01-23 22:34:00,Kolkata,Tier 1,Net Banking,Delivered,35945.15,4,4.0,False,2026-01-27,2026-01
1880,898,2025-11-08,2025-11-08 13:57:00,Guwahati,Tier 3,Credit Card,Delivered,937.6,5,7.0,True,2025-11-15,2025-11
1881,8,2026-06-03,2026-06-03 15:32:00,Kolkata,Tier 1,Debit Card,Delivered,2338.9,5,6.0,True,2026-06-09,2026-06
1882,53,2025-08-25,2025-08-25 18:20:00,Delhi,Tier 1,Credit Card,Cancelled,646.0,2,,,,2025-08
1883,475,2026-02-09,2026-02-09 10:57:00,Chennai,Tier 1,Debit Card,Delivered,1889.0,4,7.0,True,2026-02-16,2026-02
1884,1066,2025-11-30,2025-11-30 02:43:00,Lucknow,Tier 2,Debit Card,Delivered,745.0,5,8.0,True,2025-12-08,2025-11
1885,250,2026-06-08,2026-06-08 03:53:00,Ahmedabad,Tier 2,Debit Card,RTO,5292.85,4,,,,2026-06
1886,158,2025-10-03,2025-10-03 13:22:00,Nagpur,Tier 2,UPI,Delivered,963.0,2,4.0,True,2025-10-07,2025-10
1887,1181,2025-04-15,2025-04-15 16:38:00,Ghaziabad,Tier 3,UPI,Delivered,84322.1,4,4.0,False,2025-04-19,2025-04
1888,680,2024-10-20,2024-10-20 03:25:00,Jaipur,Tier 2,Cash on Delivery,Delivered,3933.75,3,3.0,False,2024-10-23,2024-10
1889,77,2025-06-11,2025-06-11 04:08:00,Surat,Tier 2,UPI,Delivered,1341.9,7,7.0,False,2025-06-18,2025-06
1890,489,2026-04-01,2026-04-01 12:26:00,Surat,Tier 2,UPI,Delivered,5287.4,2,1.0,False,2026-04-02,2026-04
1891,51,2026-03-03,2026-03-03 00:50:00,Vadodara,Tier 2,UPI,Delivered,2413.15,3,6.0,True,2026-03-09,2026-03
1892,848,2025-03-28,2025-03-28 11:50:00,Lucknow,Tier 2,UPI,Delivered,41995.55,5,4.0,False,2025-04-01,2025-03
1893,446,2026-03-07,2026-03-07 13:31:00,Mumbai,Tier 1,Cash on Delivery,Delivered,1177.0,4,4.0,False,2026-03-11,2026-03
1894,1179,2026-02-26,2026-02-26 22:54:00,Mumbai,Tier 1,Debit Card,Delivered,803.0,7,8.0,True,2026-03-06,2026-02
1895,213,2026-04-25,2026-04-25 14:47:00,Indore,Tier 2,Cash on Delivery,Returned,461.0,3,,,,2026-04
1896,391,2025-02-10,2025-02-10 11:20:00,Kanpur,Tier 2,Cash on Delivery,RTO,67999.4,5,,,,2025-02
1897,619,2026-03-14,2026-03-14 10:55:00,Jaipur,Tier 2,Credit Card,Delivered,865.0,5,6.0,True,2026-03-20,2026-03
1898,555,2025-07-26,2025-07-26 19:23:00,Ahmedabad,Tier 2,Credit Card,Delivered,1621.6,2,5.0,True,2025-07-31,2025-07
1899,882,2026-05-30,2026-05-30 15:53:00,Ghaziabad,Tier 3,UPI,Delivered,5737.0,5,8.0,True,2026-06-07,2026-05
1900,929,2025-10-02,2025-10-02 11:04:00,Chennai,Tier 1,Credit Card,Delivered,4853.9,4,4.0,False,2025-10-06,2025-10
1901,718,2026-03-22,2026-03-22 03:27:00,Guwahati,Tier 3,Debit Card,Delivered,2065.3,7,8.0,True,2026-03-30,2026-03
1902,246,2026-06-21,2026-06-21 08:28:00,Guwahati,Tier 3,Credit Card,Delivered,38149.0,5,4.0,False,2026-06-25,2026-06
1903,1181,2025-01-24,2025-01-24 10:19:00,Ghaziabad,Tier 3,Debit Card,RTO,32809.4,7,,,,2025-01
1904,1081,2026-01-18,2026-01-18 21:31:00,Guwahati,Tier 3,UPI,Delivered,2736.0,2,3.0,True,2026-01-21,2026-01
1905,1137,2026-02-26,2026-02-26 01:31:00,Kolkata,Tier 1,Cash on Delivery,Delivered,1240.6,7,10.0,True,2026-03-08,2026-02
1906,1012,2026-05-21,2026-05-21 03:03:00,Delhi,Tier 1,UPI,Returned,990.9,5,,,,2026-05
1907,1164,2025-09-07,2025-09-07 07:49:00,Hyderabad,Tier 1,Debit Card,Delivered,881.1,7,10.0,True,2025-09-17,2025-09
1908,1054,2025-05-24,2025-05-24 05:22:00,Kolkata,Tier 1,Credit Card,Delivered,4158.0,3,4.0,True,2025-05-28,2025-05
1909,1080,2025-04-24,2025-04-24 20:46:00,Bhopal,Tier 2,Credit Card,Returned,34175.95,5,,,,2025-04
1910,386,2025-12-28,2025-12-28 19:42:00,Pune,Tier 1,UPI,Delivered,2603.7,5,6.0,True,2026-01-03,2025-12
1911,1143,2026-06-25,2026-06-25 15:23:00,Hyderabad,Tier 1,UPI,Delivered,511.2,2,2.0,False,2026-06-27,2026-06
1912,131,2025-12-21,2025-12-21 05:15:00,Ahmedabad,Tier 2,Net Banking,Delivered,43944.3,2,5.0,True,2025-12-26,2025-12
1913,1080,2024-11-03,2024-11-03 08:25:00,Bhopal,Tier 2,Cash on Delivery,Cancelled,4063.5,5,,,,2024-11
1914,521,2026-04-19,2026-04-19 23:51:00,Nagpur,Tier 2,UPI,Returned,923.95,7,,,,2026-04
1915,781,2025-10-22,2025-10-22 01:33:00,Hyderabad,Tier 1,UPI,RTO,5263.8,2,,,,2025-10
1916,733,2024-09-29,2024-09-29 02:29:00,Bhopal,Tier 2,Debit Card,Delivered,83550.0,5,4.0,False,2024-10-03,2024-09
1917,676,2025-12-19,2025-12-19 14:36:00,Guwahati,Tier 3,UPI,Returned,2741.0,7,,,,2025-12
1918,566,2026-04-18,2026-04-18 10:43:00,Bengaluru,Tier 1,UPI,Delivered,2189.4,7,9.0,True,2026-04-27,2026-04
1919,647,2026-01-26,2026-01-26 12:43:00,Bengaluru,Tier 1,UPI,Delivered,4126.8,4,5.0,True,2026-01-31,2026-01
1920,306,2026-06-15,2026-06-15 16:38:00,Vadodara,Tier 2,UPI,Delivered,1670.1,4,4.0,False,2026-06-19,2026-06
1921,891,2025-08-28,2025-08-28 07:51:00,Pune,Tier 1,Cash on Delivery,Delivered,4979.0,7,10.0,True,2025-09-07,2025-08
1922,826,2025-03-17,2025-03-17 05:31:00,Ahmedabad,Tier 2,UPI,Returned,5889.2,5,,,,2025-03
1923,1053,2024-12-04,2024-12-04 22:17:00,Bhopal,Tier 2,Cash on Delivery,Delivered,1606.0,2,5.0,True,2024-12-09,2024-12
1924,489,2025-07-17,2025-07-17 11:49:00,Surat,Tier 2,Credit Card,Returned,737.6,2,,,,2025-07
1925,1059,2025-07-08,2025-07-08 05:54:00,Ahmedabad,Tier 2,UPI,Delivered,4458.7,5,5.0,False,2025-07-13,2025-07
1926,405,2025-11-10,2025-11-10 04:43:00,Bhopal,Tier 2,Cash on Delivery,Delivered,2016.2,4,4.0,False,2025-11-14,2025-11
1927,732,2026-06-03,2026-06-03 02:59:00,Jaipur,Tier 2,Credit Card,Delivered,9516.4,5,6.0,True,2026-06-09,2026-06
1928,391,2026-02-20,2026-02-20 08:40:00,Kanpur,Tier 2,UPI,Returned,9027.75,2,,,,2026-02
1929,531,2025-11-30,2025-11-30 03:51:00,Delhi,Tier 1,Debit Card,RTO,1151.8,5,,,,2025-11
1930,714,2025-09-24,2025-09-24 16:01:00,Nagpur,Tier 2,UPI,Returned,613.0,7,,,,2025-09
1931,753,2025-08-12,2025-08-12 14:53:00,Bengaluru,Tier 1,Credit Card,RTO,36186.3,5,,,,2025-08
1932,322,2025-03-10,2025-03-10 08:24:00,Indore,Tier 2,UPI,Returned,4068.85,3,,,,2025-03
1933,1028,2025-09-03,2025-09-03 10:17:00,Kanpur,Tier 2,Cash on Delivery,Delivered,582.35,5,4.0,False,2025-09-07,2025-09
1934,555,2025-07-04,2025-07-04 00:32:00,Ahmedabad,Tier 2,Cash on Delivery,Delivered,2055.75,2,1.0,False,2025-07-05,2025-07
1935,724,2025-12-01,2025-12-01 21:42:00,Pune,Tier 1,Credit Card,Delivered,5626.15,5,5.0,False,2025-12-06,2025-12
1936,869,2025-10-01,2025-10-01 15:09:00,Guwahati,Tier 3,UPI,Delivered,37224.0,4,4.0,False,2025-10-05,2025-10
1937,44,2025-12-26,2025-12-26 12:52:00,Mumbai,Tier 1,UPI,Cancelled,5472.0,5,,,,2025-12
1938,854,2026-01-28,2026-01-28 20:21:00,Guwahati,Tier 3,UPI,Delivered,1087.0,5,4.0,False,2026-02-01,2026-01
1939,952,2025-10-17,2025-10-17 22:57:00,Nagpur,Tier 2,Net Banking,Returned,1631.8,7,,,,2025-10
1940,597,2026-04-25,2026-04-25 20:00:00,Patna,Tier 3,UPI,Delivered,43339.0,7,10.0,True,2026-05-05,2026-04
1941,418,2025-11-05,2025-11-05 03:35:00,Coimbatore,Tier 2,Debit Card,Delivered,579.5,5,5.0,False,2025-11-10,2025-11
1942,775,2026-03-26,2026-03-26 12:29:00,Nagpur,Tier 2,Credit Card,Delivered,1177.05,2,2.0,False,2026-03-28,2026-03
1943,1172,2025-11-11,2025-11-11 12:46:00,Patna,Tier 3,Net Banking,Delivered,745.0,3,3.0,False,2025-11-14,2025-11
1944,1158,2026-03-14,2026-03-14 13:36:00,Lucknow,Tier 2,Cash on Delivery,RTO,419.25,4,,,,2026-03
1945,1078,2026-06-16,2026-06-16 08:32:00,Kolkata,Tier 1,UPI,Delivered,4763.75,3,3.0,False,2026-06-19,2026-06
1946,1172,2024-02-02,2024-02-02 13:23:00,Patna,Tier 3,UPI,Delivered,2328.6,5,5.0,False,2024-02-07,2024-02
1947,660,2026-05-08,2026-05-08 03:01:00,Ghaziabad,Tier 3,Debit Card,Delivered,882.0,3,3.0,False,2026-05-11,2026-05
1948,660,2026-03-29,2026-03-29 02:36:00,Ghaziabad,Tier 3,UPI,Delivered,59918.0,2,5.0,True,2026-04-03,2026-03
1949,532,2026-06-23,2026-06-23 15:05:00,Jaipur,Tier 2,Debit Card,Delivered,1520.25,2,3.0,True,2026-06-26,2026-06
1950,1094,2024-12-10,2024-12-10 04:16:00,Surat,Tier 2,UPI,Returned,2168.1,7,,,,2024-12
1951,509,2025-01-26,2025-01-26 20:40:00,Delhi,Tier 1,Credit Card,Delivered,261.9,2,5.0,True,2025-01-31,2025-01
1952,736,2026-05-27,2026-05-27 12:29:00,Delhi,Tier 1,Cash on Delivery,Delivered,2271.2,4,4.0,False,2026-05-31,2026-05
1953,54,2025-11-10,2025-11-10 10:41:00,Hyderabad,Tier 1,Cash on Delivery,RTO,4072.45,3,,,,2025-11
1954,2,2024-05-14,2024-05-14 07:14:00,Vadodara,Tier 2,UPI,Delivered,3099.0,4,5.0,True,2024-05-19,2024-05
1955,1037,2025-10-06,2025-10-06 00:19:00,Vadodara,Tier 2,UPI,Delivered,549.0,5,5.0,False,2025-10-11,2025-10
1956,513,2024-10-23,2024-10-23 17:05:00,Bhopal,Tier 2,UPI,Delivered,2914.65,7,8.0,True,2024-10-31,2024-10
1957,537,2026-06-06,2026-06-06 15:26:00,Patna,Tier 3,UPI,Delivered,1903.5,5,6.0,True,2026-06-12,2026-06
1958,620,2026-05-25,2026-05-25 11:18:00,Bhopal,Tier 2,Net Banking,Returned,28377.75,3,,,,2026-05
1959,513,2024-12-13,2024-12-13 12:43:00,Bhopal,Tier 2,UPI,Cancelled,2736.0,3,,,,2024-12
1960,35,2025-11-19,2025-11-19 00:38:00,Mumbai,Tier 1,UPI,Delivered,40759.7,5,7.0,True,2025-11-26,2025-11
1961,191,2026-06-20,2026-06-20 18:46:00,Ahmedabad,Tier 2,UPI,Cancelled,3508.8,2,,,,2026-06
1962,52,2025-11-06,2025-11-06 14:56:00,Vadodara,Tier 2,Cash on Delivery,Delivered,846.0,3,5.0,True,2025-11-11,2025-11
1963,158,2024-06-10,2024-06-10 12:14:00,Nagpur,Tier 2,Credit Card,Delivered,27918.0,2,2.0,False,2024-06-12,2024-06
1964,685,2026-04-06,2026-04-06 14:48:00,Pune,Tier 1,Cash on Delivery,Delivered,660.0,3,3.0,False,2026-04-09,2026-04
1965,490,2026-05-29,2026-05-29 01:26:00,Vadodara,Tier 2,Cash on Delivery,Delivered,3035.25,3,2.0,False,2026-05-31,2026-05
1966,306,2025-09-01,2025-09-01 06:39:00,Vadodara,Tier 2,Cash on Delivery,Cancelled,1004.8,2,,,,2025-09
1967,662,2026-05-06,2026-05-06 18:16:00,Patna,Tier 3,UPI,RTO,36916.4,4,,,,2026-05
1968,322,2025-05-10,2025-05-10 19:19:00,Indore,Tier 2,UPI,Delivered,2027.0,2,4.0,True,2025-05-14,2025-05
1969,1013,2024-11-11,2024-11-11 08:33:00,Jaipur,Tier 2,UPI,Delivered,68351.9,3,3.0,False,2024-11-14,2024-11
1970,1062,2025-10-05,2025-10-05 18:40:00,Hyderabad,Tier 1,Net Banking,RTO,613.0,4,,,,2025-10
1971,407,2026-03-27,2026-03-27 09:57:00,Indore,Tier 2,Credit Card,Delivered,31331.25,5,6.0,True,2026-04-02,2026-03
1972,1111,2025-11-12,2025-11-12 11:21:00,Coimbatore,Tier 2,Credit Card,Delivered,4618.75,3,3.0,False,2025-11-15,2025-11
1973,71,2026-02-17,2026-02-17 03:15:00,Kolkata,Tier 1,Cash on Delivery,Delivered,6545.0,7,9.0,True,2026-02-26,2026-02
1974,128,2025-09-24,2025-09-24 06:37:00,Delhi,Tier 1,Credit Card,RTO,453.0,3,,,,2025-09
1975,980,2026-05-20,2026-05-20 15:12:00,Ghaziabad,Tier 3,UPI,Returned,12889.9,7,,,,2026-05
1976,500,2025-04-06,2025-04-06 15:58:00,Bengaluru,Tier 1,Credit Card,Returned,461.0,3,,,,2025-04
1977,248,2025-07-12,2025-07-12 05:34:00,Bhopal,Tier 2,Credit Card,Delivered,610.0,2,2.0,False,2025-07-14,2025-07
1978,267,2026-06-26,2026-06-26 09:21:00,Delhi,Tier 1,UPI,Returned,6858.75,4,,,,2026-06
1979,317,2025-01-18,2025-01-18 11:17:00,Kanpur,Tier 2,UPI,Delivered,441.0,2,3.0,True,2025-01-21,2025-01
1980,924,2026-06-10,2026-06-10 13:08:00,Surat,Tier 2,UPI,Delivered,1674.45,4,5.0,True,2026-06-15,2026-06
1981,250,2026-05-29,2026-05-29 01:14:00,Ahmedabad,Tier 2,UPI,RTO,1691.5,4,,,,2026-05
1982,1155,2026-06-20,2026-06-20 17:59:00,Guwahati,Tier 3,UPI,Delivered,3558.35,7,7.0,False,2026-06-27,2026-06
1983,1172,2025-03-11,2025-03-11 17:45:00,Patna,Tier 3,UPI,Returned,2539.8,4,,,,2025-03
1984,1061,2026-04-08,2026-04-08 19:09:00,Indore,Tier 2,UPI,Delivered,3711.95,7,7.0,False,2026-04-15,2026-04
1985,1173,2026-05-05,2026-05-05 20:29:00,Surat,Tier 2,UPI,Delivered,1415.2,5,8.0,True,2026-05-13,2026-05
1986,281,2026-01-15,2026-01-15 04:01:00,Hyderabad,Tier 1,UPI,Cancelled,1944.0,7,,,,2026-01
1987,1103,2026-05-16,2026-05-16 17:46:00,Hyderabad,Tier 1,UPI,RTO,4140.75,2,,,,2026-05
1988,217,2026-06-17,2026-06-17 08:36:00,Ahmedabad,Tier 2,Cash on Delivery,Returned,5580.0,4,,,,2026-06
1989,595,2026-01-23,2026-01-23 20:58:00,Kolkata,Tier 1,Cash on Delivery,Delivered,1699.1,2,3.0,True,2026-01-26,2026-01
1990,698,2026-01-06,2026-01-06 05:01:00,Kolkata,Tier 1,UPI,Delivered,71064.8,7,10.0,True,2026-01-16,2026-01
1991,36,2026-06-25,2026-06-25 07:37:00,Nagpur,Tier 2,UPI,Delivered,2680.9,2,2.0,False,2026-06-27,2026-06
1992,1159,2026-03-30,2026-03-30 20:36:00,Surat,Tier 2,Debit Card,Delivered,60539.2,5,8.0,True,2026-04-07,2026-03
1993,299,2025-12-18,2025-12-18 08:19:00,Hyderabad,Tier 1,Debit Card,Delivered,1616.4,7,10.0,True,2025-12-28,2025-12
1994,982,2025-11-04,2025-11-04 15:10:00,Delhi,Tier 1,Cash on Delivery,Cancelled,108.8,5,,,,2025-11
1995,500,2025-10-22,2025-10-22 07:57:00,Bengaluru,Tier 1,Cash on Delivery,Delivered,3383.4,4,3.0,False,2025-10-25,2025-10
1996,88,2026-06-28,2026-06-28 09:08:00,Mumbai,Tier 1,Credit Card,Delivered,47817.4,5,6.0,True,2026-07-04,2026-06
1997,194,2025-10-13,2025-10-13 07:30:00,Pune,Tier 1,UPI,Delivered,2603.9,3,5.0,True,2025-10-18,2025-10
1998,474,2026-04-10,2026-04-10 19:14:00,Patna,Tier 3,Credit Card,Delivered,2475.0,2,3.0,True,2026-04-13,2026-04
1999,1172,2024-06-28,2024-06-28 14:15:00,Patna,Tier 3,Cash on Delivery,Delivered,898.0,5,6.0,True,2024-07-04,2024-06
2000,567,2024-12-03,2024-12-03 08:31:00,Surat,Tier 2,Credit Card,Delivered,25418.6,7,8.0,True,2024-12-11,2024-12
2001,1149,2026-05-28,2026-05-28 09:10:00,Ahmedabad,Tier 2,Credit Card,Delivered,3064.1,5,8.0,True,2026-06-05,2026-05
2002,1057,2024-10-07,2024-10-07 11:15:00,Ahmedabad,Tier 2,UPI,Cancelled,568.0,4,,,,2024-10
2003,1054,2026-04-29,2026-04-29 23:49:00,Kolkata,Tier 1,UPI,Delivered,768.0,7,6.0,False,2026-05-05,2026-04
2004,1158,2026-02-23,2026-02-23 22:40:00,Lucknow,Tier 2,Credit Card,Delivered,75117.95,4,5.0,True,2026-02-28,2026-02
2005,150,2026-06-08,2026-06-08 21:03:00,Nagpur,Tier 2,Cash on Delivery,RTO,1906.4,7,,,,2026-06
2006,1053,2026-02-17,2026-02-17 19:09:00,Bhopal,Tier 2,Debit Card,RTO,4458.25,4,,,,2026-02
2007,552,2025-07-13,2025-07-13 19:12:00,Mumbai,Tier 1,Cash on Delivery,Delivered,3460.85,7,7.0,False,2025-07-20,2025-07
2008,379,2026-04-20,2026-04-20 05:32:00,Surat,Tier 2,Credit Card,Delivered,2263.85,7,7.0,False,2026-04-27,2026-04
2009,1042,2024-11-08,2024-11-08 07:01:00,Coimbatore,Tier 2,UPI,Delivered,2134.65,2,2.0,False,2024-11-10,2024-11
2010,205,2026-04-10,2026-04-10 13:19:00,Bhopal,Tier 2,Cash on Delivery,Delivered,3585.6,2,3.0,True,2026-04-13,2026-04
2011,861,2025-10-28,2025-10-28 22:52:00,Lucknow,Tier 2,UPI,Delivered,2583.15,2,4.0,True,2025-11-01,2025-10
2012,163,2025-11-29,2025-11-29 04:15:00,Kanpur,Tier 2,UPI,Delivered,3651.25,4,7.0,True,2025-12-06,2025-11
2013,949,2024-03-10,2024-03-10 18:17:00,Jaipur,Tier 2,Cash on Delivery,Returned,990.9,4,,,,2024-03
2014,647,2025-12-31,2025-12-31 09:04:00,Bengaluru,Tier 1,Credit Card,Delivered,3516.0,3,4.0,True,2026-01-04,2025-12
2015,1146,2024-12-29,2024-12-29 16:51:00,Ahmedabad,Tier 2,Cash on Delivery,Delivered,39932.3,2,3.0,True,2025-01-01,2024-12
2016,382,2026-06-26,2026-06-26 23:14:00,Bhopal,Tier 2,Debit Card,RTO,4831.75,2,,,,2026-06
2017,823,2025-03-28,2025-03-28 22:31:00,Delhi,Tier 1,UPI,RTO,656.8,5,,,,2025-03
2018,969,2026-03-25,2026-03-25 05:32:00,Bhopal,Tier 2,Debit Card,Returned,7962.8,7,,,,2026-03
2019,988,2026-01-02,2026-01-02 22:27:00,Kanpur,Tier 2,UPI,Delivered,192.0,5,5.0,False,2026-01-07,2026-01
2020,347,2026-03-31,2026-03-31 01:18:00,Patna,Tier 3,UPI,Delivered,33262.4,7,10.0,True,2026-04-10,2026-03
2021,679,2026-03-08,2026-03-08 02:19:00,Bengaluru,Tier 1,Debit Card,Delivered,5190.0,2,1.0,False,2026-03-09,2026-03
2022,845,2024-10-17,2024-10-17 09:48:00,Ahmedabad,Tier 2,UPI,RTO,1016.5,7,,,,2024-10
2023,631,2025-05-05,2025-05-05 15:53:00,Patna,Tier 3,Credit Card,Delivered,1645.15,2,4.0,True,2025-05-09,2025-05
2024,770,2025-07-28,2025-07-28 17:33:00,Delhi,Tier 1,UPI,Delivered,941.8,2,3.0,True,2025-07-31,2025-07
2025,854,2026-04-01,2026-04-01 19:02:00,Guwahati,Tier 3,Debit Card,Delivered,2948.8,5,8.0,True,2026-04-09,2026-04
2026,948,2026-06-07,2026-06-07 16:02:00,Indore,Tier 2,Credit Card,Delivered,825.0,7,7.0,False,2026-06-14,2026-06
2027,663,2025-07-11,2025-07-11 14:09:00,Ahmedabad,Tier 2,UPI,Returned,865.0,5,,,,2025-07
2028,281,2025-10-29,2025-10-29 07:46:00,Hyderabad,Tier 1,Debit Card,RTO,1386.0,5,,,,2025-10
2029,887,2026-03-02,2026-03-02 14:56:00,Coimbatore,Tier 2,Net Banking,Delivered,2652.75,4,5.0,True,2026-03-07,2026-03
2030,499,2026-06-30,2026-06-30 06:26:00,Bengaluru,Tier 1,Cash on Delivery,Delivered,1944.0,5,7.0,True,2026-07-07,2026-06
2031,308,2026-06-07,2026-06-07 16:46:00,Mumbai,Tier 1,Credit Card,Delivered,634.5,2,2.0,False,2026-06-09,2026-06
2032,421,2025-09-16,2025-09-16 09:22:00,Vadodara,Tier 2,UPI,Delivered,71820.1,3,3.0,False,2025-09-19,2025-09
2033,299,2026-06-06,2026-06-06 01:58:00,Hyderabad,Tier 1,Debit Card,Returned,1990.0,2,,,,2026-06
2034,367,2026-02-03,2026-02-03 11:33:00,Pune,Tier 1,Credit Card,Delivered,1110.0,3,2.0,False,2026-02-05,2026-02
2035,1003,2025-06-11,2025-06-11 03:24:00,Lucknow,Tier 2,Debit Card,Delivered,846.0,5,5.0,False,2025-06-16,2025-06
2036,193,2025-05-08,2025-05-08 09:35:00,Indore,Tier 2,Debit Card,Delivered,997.2,2,2.0,False,2025-05-10,2025-05
2037,811,2026-03-18,2026-03-18 09:21:00,Coimbatore,Tier 2,UPI,Delivered,556.0,7,6.0,False,2026-03-24,2026-03
2038,391,2026-06-15,2026-06-15 18:58:00,Kanpur,Tier 2,Cash on Delivery,Delivered,56229.75,3,4.0,True,2026-06-19,2026-06
2039,533,2026-03-19,2026-03-19 03:25:00,Chennai,Tier 1,UPI,Delivered,37586.1,2,1.0,False,2026-03-20,2026-03
2040,1025,2025-12-02,2025-12-02 02:18:00,Ahmedabad,Tier 2,UPI,Delivered,44652.05,4,4.0,False,2025-12-06,2025-12
2041,95,2025-09-20,2025-09-20 18:36:00,Indore,Tier 2,UPI,Returned,22658.9,3,,,,2025-09
2042,383,2025-01-30,2025-01-30 10:09:00,Surat,Tier 2,Net Banking,Delivered,7707.0,3,3.0,False,2025-02-02,2025-01
2043,549,2025-09-05,2025-09-05 01:23:00,Chennai,Tier 1,Net Banking,Delivered,5472.0,3,4.0,True,2025-09-09,2025-09
2044,306,2025-07-30,2025-07-30 21:23:00,Vadodara,Tier 2,Credit Card,Delivered,37837.0,7,6.0,False,2025-08-05,2025-07
2045,575,2025-09-15,2025-09-15 02:26:00,Indore,Tier 2,Credit Card,Delivered,1341.0,5,6.0,True,2025-09-21,2025-09
2046,1087,2025-09-05,2025-09-05 15:40:00,Ahmedabad,Tier 2,UPI,Cancelled,70147.0,5,,,,2025-09
2047,833,2026-05-09,2026-05-09 19:20:00,Jaipur,Tier 2,Net Banking,Delivered,7685.4,7,7.0,False,2026-05-16,2026-05
2048,1009,2024-10-13,2024-10-13 17:34:00,Surat,Tier 2,UPI,Delivered,805.6,5,5.0,False,2024-10-18,2024-10
2049,497,2025-10-28,2025-10-28 11:02:00,Nagpur,Tier 2,Cash on Delivery,Delivered,88646.6,4,4.0,False,2025-11-01,2025-10
2050,31,2026-04-08,2026-04-08 07:42:00,Hyderabad,Tier 1,UPI,Cancelled,419.25,2,,,,2026-04
2051,532,2026-06-09,2026-06-09 16:36:00,Jaipur,Tier 2,UPI,RTO,291.0,4,,,,2026-06
2052,261,2025-04-07,2025-04-07 21:43:00,Coimbatore,Tier 2,UPI,Cancelled,26912.55,4,,,,2025-04
2053,891,2025-06-12,2025-06-12 01:14:00,Pune,Tier 1,UPI,Delivered,83564.0,2,2.0,False,2025-06-14,2025-06
2054,982,2025-04-06,2025-04-06 00:21:00,Delhi,Tier 1,Debit Card,Delivered,1101.0,5,4.0,False,2025-04-10,2025-04
2055,721,2025-09-30,2025-09-30 09:28:00,Surat,Tier 2,Credit Card,Delivered,778.5,2,4.0,True,2025-10-04,2025-09
2056,472,2025-06-14,2025-06-14 03:18:00,Mumbai,Tier 1,Net Banking,Returned,35726.0,3,,,,2025-06
2057,424,2025-06-04,2025-06-04 08:51:00,Bhopal,Tier 2,Net Banking,Delivered,610.0,3,6.0,True,2025-06-10,2025-06
2058,406,2026-05-25,2026-05-25 21:30:00,Kolkata,Tier 1,UPI,Cancelled,3321.0,3,,,,2026-05
2059,870,2025-07-08,2025-07-08 14:16:00,Surat,Tier 2,Debit Card,Delivered,5601.6,3,3.0,False,2025-07-11,2025-07
2060,162,2026-04-23,2026-04-23 07:25:00,Patna,Tier 3,Cash on Delivery,RTO,4709.4,2,,,,2026-04
2061,463,2025-09-28,2025-09-28 00:14:00,Ahmedabad,Tier 2,Credit Card,Delivered,2667.0,4,7.0,True,2025-10-05,2025-09
2062,1148,2026-04-27,2026-04-27 07:05:00,Kanpur,Tier 2,Cash on Delivery,Returned,2642.4,4,,,,2026-04
2063,556,2025-06-15,2025-06-15 13:50:00,Pune,Tier 1,UPI,Delivered,571.5,2,1.0,False,2025-06-16,2025-06
2064,151,2026-02-26,2026-02-26 14:18:00,Surat,Tier 2,UPI,Delivered,76887.8,7,8.0,True,2026-03-06,2026-02
2065,246,2026-06-27,2026-06-27 02:29:00,Guwahati,Tier 3,Cash on Delivery,Delivered,6614.0,2,5.0,True,2026-07-02,2026-06
2066,1131,2026-02-18,2026-02-18 00:48:00,Delhi,Tier 1,Credit Card,Delivered,2529.25,7,7.0,False,2026-02-25,2026-02
2067,211,2025-09-11,2025-09-11 01:28:00,Bengaluru,Tier 1,UPI,Delivered,93464.2,4,3.0,False,2025-09-14,2025-09
2068,509,2024-11-24,2024-11-24 02:17:00,Delhi,Tier 1,UPI,Delivered,15227.15,3,3.0,False,2024-11-27,2024-11
2069,712,2026-05-19,2026-05-19 21:33:00,Chennai,Tier 1,Debit Card,Delivered,1798.15,3,3.0,False,2026-05-22,2026-05
2070,367,2026-05-02,2026-05-02 21:01:00,Pune,Tier 1,Debit Card,Delivered,750.0,4,4.0,False,2026-05-06,2026-05
2071,775,2026-02-04,2026-02-04 20:25:00,Nagpur,Tier 2,UPI,Delivered,419.25,5,5.0,False,2026-02-09,2026-02
2072,1198,2025-04-02,2025-04-02 14:13:00,Bengaluru,Tier 1,Cash on Delivery,Cancelled,16423.0,3,,,,2025-04
2073,1146,2024-11-21,2024-11-21 23:51:00,Ahmedabad,Tier 2,Cash on Delivery,Delivered,5909.25,5,7.0,True,2024-11-28,2024-11
2074,986,2026-06-10,2026-06-10 14:42:00,Patna,Tier 3,UPI,Delivered,1062.1,4,4.0,False,2026-06-14,2026-06
2075,836,2024-10-13,2024-10-13 15:58:00,Patna,Tier 3,UPI,Cancelled,3707.3,4,,,,2024-10
2076,189,2026-06-01,2026-06-01 19:08:00,Bengaluru,Tier 1,Cash on Delivery,Delivered,1256.0,5,5.0,False,2026-06-06,2026-06
2077,1025,2026-06-01,2026-06-01 11:48:00,Ahmedabad,Tier 2,UPI,Delivered,6772.5,2,2.0,False,2026-06-03,2026-06
2078,123,2025-08-20,2025-08-20 21:40:00,Coimbatore,Tier 2,UPI,Returned,1164.7,7,,,,2025-08
2079,56,2026-05-01,2026-05-01 08:42:00,Indore,Tier 2,Credit Card,Delivered,40193.6,7,6.0,False,2026-05-07,2026-05
2080,700,2026-01-06,2026-01-06 00:39:00,Pune,Tier 1,UPI,Delivered,1101.0,2,1.0,False,2026-01-07,2026-01
2081,198,2025-04-26,2025-04-26 10:27:00,Coimbatore,Tier 2,UPI,Delivered,4674.9,3,2.0,False,2025-04-28,2025-04
2082,499,2025-02-02,2025-02-02 21:47:00,Bengaluru,Tier 1,Credit Card,Delivered,4474.3,7,6.0,False,2025-02-08,2025-02
2083,948,2026-06-21,2026-06-21 15:08:00,Indore,Tier 2,Debit Card,Delivered,2420.1,7,7.0,False,2026-06-28,2026-06
2084,1008,2026-04-13,2026-04-13 21:56:00,Surat,Tier 2,Cash on Delivery,Delivered,4482.9,4,6.0,True,2026-04-19,2026-04
2085,470,2024-06-24,2024-06-24 19:08:00,Bhopal,Tier 2,Cash on Delivery,Delivered,3396.0,5,5.0,False,2024-06-29,2024-06
2086,1010,2025-02-01,2025-02-01 16:46:00,Pune,Tier 1,Cash on Delivery,Delivered,1680.55,2,2.0,False,2025-02-03,2025-02
2087,807,2025-07-13,2025-07-13 13:16:00,Hyderabad,Tier 1,UPI,RTO,30189.5,7,,,,2025-07
2088,306,2026-04-18,2026-04-18 02:26:00,Vadodara,Tier 2,Credit Card,Delivered,3950.1,7,7.0,False,2026-04-25,2026-04
2089,728,2026-05-23,2026-05-23 23:14:00,Hyderabad,Tier 1,UPI,Returned,3984.0,5,,,,2026-05
2090,1054,2026-04-18,2026-04-18 03:11:00,Kolkata,Tier 1,Cash on Delivery,Delivered,3177.3,3,3.0,False,2026-04-21,2026-04
2091,949,2024-11-30,2024-11-30 05:58:00,Jaipur,Tier 2,UPI,Cancelled,2136.6,3,,,,2024-11
2092,442,2026-01-26,2026-01-26 22:46:00,Bengaluru,Tier 1,Credit Card,Delivered,13101.0,2,3.0,True,2026-01-29,2026-01
2093,141,2025-09-08,2025-09-08 07:02:00,Vadodara,Tier 2,UPI,Delivered,1253.85,2,3.0,True,2025-09-11,2025-09
2094,898,2026-01-18,2026-01-18 22:22:00,Guwahati,Tier 3,Debit Card,Cancelled,591.0,5,,,,2026-01
2095,350,2025-09-04,2025-09-04 15:59:00,Pune,Tier 1,UPI,Cancelled,4083.35,5,,,,2025-09
2096,721,2025-07-20,2025-07-20 03:26:00,Surat,Tier 2,Cash on Delivery,Delivered,25162.05,3,4.0,True,2025-07-24,2025-07
2097,854,2026-02-21,2026-02-21 21:39:00,Guwahati,Tier 3,Credit Card,Cancelled,57144.0,7,,,,2026-02
2098,131,2025-09-02,2025-09-02 19:53:00,Ahmedabad,Tier 2,Cash on Delivery,Delivered,3870.1,4,4.0,False,2025-09-06,2025-09
2099,219,2024-11-02,2024-11-02 02:30:00,Kolkata,Tier 1,UPI,Returned,74448.0,3,,,,2024-11
2100,718,2026-04-10,2026-04-10 16:27:00,Guwahati,Tier 3,Cash on Delivery,Delivered,1906.4,2,2.0,False,2026-04-12,2026-04
2101,1026,2025-01-02,2025-01-02 11:35:00,Kanpur,Tier 2,Debit Card,Delivered,3850.0,7,6.0,False,2025-01-08,2025-01
2102,537,2025-03-11,2025-03-11 12:15:00,Patna,Tier 3,Net Banking,Delivered,564.0,4,4.0,False,2025-03-15,2025-03
2103,46,2025-12-10,2025-12-10 14:14:00,Chennai,Tier 1,Net Banking,Delivered,853.1,2,2.0,False,2025-12-12,2025-12
2104,612,2026-02-07,2026-02-07 14:14:00,Mumbai,Tier 1,Credit Card,RTO,68351.9,3,,,,2026-02
2105,533,2025-12-10,2025-12-10 00:30:00,Chennai,Tier 1,UPI,Delivered,102088.35,4,4.0,False,2025-12-14,2025-12
2106,147,2025-08-16,2025-08-16 21:45:00,Coimbatore,Tier 2,Credit Card,Delivered,13495.25,2,2.0,False,2025-08-18,2025-08
2107,233,2026-06-01,2026-06-01 23:46:00,Surat,Tier 2,UPI,Delivered,4344.0,4,4.0,False,2026-06-05,2026-06
2108,452,2024-08-04,2024-08-04 16:07:00,Ahmedabad,Tier 2,UPI,Cancelled,2736.0,3,,,,2024-08
2109,248,2026-03-09,2026-03-09 05:13:00,Bhopal,Tier 2,UPI,Returned,330.75,3,,,,2026-03
2110,712,2024-11-16,2024-11-16 07:20:00,Chennai,Tier 1,UPI,Delivered,4351.95,4,4.0,False,2024-11-20,2024-11
2111,1012,2026-05-20,2026-05-20 10:51:00,Delhi,Tier 1,Credit Card,Delivered,21370.4,3,3.0,False,2026-05-23,2026-05
2112,593,2026-03-28,2026-03-28 13:39:00,Guwahati,Tier 3,Cash on Delivery,Delivered,4996.0,3,3.0,False,2026-03-31,2026-03
2113,1085,2026-03-22,2026-03-22 08:23:00,Indore,Tier 2,Cash on Delivery,Delivered,2736.0,5,7.0,True,2026-03-29,2026-03
2114,1049,2026-01-11,2026-01-11 18:29:00,Hyderabad,Tier 1,UPI,Delivered,472.6,7,6.0,False,2026-01-17,2026-01
2115,31,2025-11-30,2025-11-30 10:46:00,Hyderabad,Tier 1,UPI,Returned,1555.2,3,,,,2025-11
2116,829,2026-05-02,2026-05-02 00:37:00,Ghaziabad,Tier 3,UPI,Delivered,304.0,7,9.0,True,2026-05-11,2026-05
2117,157,2026-02-13,2026-02-13 18:45:00,Bengaluru,Tier 1,UPI,Delivered,2635.0,4,4.0,False,2026-02-17,2026-02
2118,647,2026-06-05,2026-06-05 07:44:00,Bengaluru,Tier 1,UPI,Delivered,35369.25,5,8.0,True,2026-06-13,2026-06
2119,83,2026-06-19,2026-06-19 09:15:00,Chennai,Tier 1,Cash on Delivery,Delivered,62672.8,3,4.0,True,2026-06-23,2026-06
2120,1080,2026-06-14,2026-06-14 06:38:00,Bhopal,Tier 2,UPI,Delivered,2398.7,3,4.0,True,2026-06-18,2026-06
2121,1055,2025-10-15,2025-10-15 16:43:00,Indore,Tier 2,Cash on Delivery,Delivered,40516.0,5,4.0,False,2025-10-19,2025-10
2122,36,2024-10-13,2024-10-13 02:28:00,Nagpur,Tier 2,Credit Card,Delivered,1130.4,4,3.0,False,2024-10-16,2024-10
2123,848,2026-03-23,2026-03-23 15:07:00,Lucknow,Tier 2,Credit Card,Delivered,84319.0,3,3.0,False,2026-03-26,2026-03
2124,46,2025-09-28,2025-09-28 22:21:00,Chennai,Tier 1,Net Banking,Returned,12042.95,7,,,,2025-09
2125,873,2025-10-12,2025-10-12 14:20:00,Pune,Tier 1,Credit Card,Delivered,77017.75,7,7.0,False,2025-10-19,2025-10
2126,531,2024-07-03,2024-07-03 22:19:00,Delhi,Tier 1,UPI,RTO,2555.1,4,,,,2024-07
2127,1143,2026-06-17,2026-06-17 21:06:00,Hyderabad,Tier 1,Cash on Delivery,Delivered,35514.7,7,10.0,True,2026-06-27,2026-06
2128,720,2024-11-01,2024-11-01 03:56:00,Indore,Tier 2,Debit Card,Delivered,3251.15,2,2.0,False,2024-11-03,2024-11
2129,1016,2026-01-26,2026-01-26 16:40:00,Coimbatore,Tier 2,Cash on Delivery,Cancelled,45257.75,4,,,,2026-01
2130,229,2025-12-14,2025-12-14 03:47:00,Nagpur,Tier 2,Net Banking,Delivered,1381.75,5,5.0,False,2025-12-19,2025-12
2131,122,2025-11-20,2025-11-20 10:44:00,Coimbatore,Tier 2,Cash on Delivery,Delivered,35083.05,3,4.0,True,2025-11-24,2025-11
2132,1183,2026-06-21,2026-06-21 19:32:00,Guwahati,Tier 3,Credit Card,Delivered,40276.8,3,6.0,True,2026-06-27,2026-06
2133,119,2025-10-13,2025-10-13 22:15:00,Surat,Tier 2,Debit Card,Delivered,37347.1,4,5.0,True,2025-10-18,2025-10
2134,509,2025-09-19,2025-09-19 21:57:00,Delhi,Tier 1,Debit Card,Returned,91187.0,5,,,,2025-09
2135,36,2024-07-17,2024-07-17 12:40:00,Nagpur,Tier 2,Cash on Delivery,RTO,1039.5,4,,,,2024-07
2136,157,2025-12-26,2025-12-26 03:44:00,Bengaluru,Tier 1,UPI,Delivered,2860.1,7,8.0,True,2026-01-03,2025-12
2137,265,2025-11-08,2025-11-08 14:51:00,Kolkata,Tier 1,Debit Card,Cancelled,1730.5,5,,,,2025-11
2138,93,2025-11-23,2025-11-23 13:42:00,Delhi,Tier 1,UPI,Delivered,1925.65,4,3.0,False,2025-11-26,2025-11
2139,650,2026-05-20,2026-05-20 22:13:00,Chennai,Tier 1,Cash on Delivery,Delivered,1383.6,2,2.0,False,2026-05-22,2026-05
2140,424,2025-09-20,2025-09-20 21:01:00,Bhopal,Tier 2,Debit Card,Returned,4416.8,7,,,,2025-09
2141,325,2025-09-22,2025-09-22 04:12:00,Chennai,Tier 1,Debit Card,Delivered,729.6,3,5.0,True,2025-09-27,2025-09
2142,997,2025-10-25,2025-10-25 18:38:00,Patna,Tier 3,UPI,Delivered,41055.6,2,2.0,False,2025-10-27,2025-10
2143,933,2026-05-27,2026-05-27 12:20:00,Pune,Tier 1,UPI,Delivered,701.25,2,3.0,True,2026-05-30,2026-05
2144,243,2026-05-28,2026-05-28 14:09:00,Kanpur,Tier 2,Credit Card,Delivered,546.0,3,4.0,True,2026-06-01,2026-05
2145,325,2026-03-07,2026-03-07 15:04:00,Chennai,Tier 1,Credit Card,Delivered,4888.1,4,5.0,True,2026-03-12,2026-03
2146,367,2026-06-26,2026-06-26 14:02:00,Pune,Tier 1,UPI,Delivered,2383.0,3,5.0,True,2026-07-01,2026-06
2147,140,2026-04-19,2026-04-19 08:59:00,Patna,Tier 3,Credit Card,Delivered,84300.0,7,7.0,False,2026-04-26,2026-04
2148,468,2026-02-10,2026-02-10 19:05:00,Ahmedabad,Tier 2,UPI,Returned,5552.3,2,,,,2026-02
2149,1116,2025-07-12,2025-07-12 23:25:00,Ghaziabad,Tier 3,Cash on Delivery,Delivered,194.75,2,3.0,True,2025-07-15,2025-07
2150,1011,2025-02-18,2025-02-18 09:18:00,Bengaluru,Tier 1,Credit Card,Delivered,12102.3,4,5.0,True,2025-02-23,2025-02
2151,882,2026-06-18,2026-06-18 10:37:00,Ghaziabad,Tier 3,UPI,Delivered,70656.7,3,3.0,False,2026-06-21,2026-06
2152,775,2026-03-02,2026-03-02 13:54:00,Nagpur,Tier 2,Credit Card,Delivered,4228.4,3,5.0,True,2026-03-07,2026-03
2153,844,2026-06-13,2026-06-13 12:46:00,Patna,Tier 3,Cash on Delivery,Returned,121790.0,3,,,,2026-06
2154,328,2025-10-22,2025-10-22 18:28:00,Indore,Tier 2,Cash on Delivery,Delivered,29421.75,5,8.0,True,2025-10-30,2025-10
2155,811,2025-12-19,2025-12-19 23:04:00,Coimbatore,Tier 2,Debit Card,Delivered,418.95,4,5.0,True,2025-12-24,2025-12
2156,612,2026-01-13,2026-01-13 01:29:00,Mumbai,Tier 1,Credit Card,Delivered,8628.3,3,3.0,False,2026-01-16,2026-01
2157,217,2026-04-16,2026-04-16 23:40:00,Ahmedabad,Tier 2,Net Banking,Delivered,10490.0,2,1.0,False,2026-04-17,2026-04
2158,1184,2025-06-13,2025-06-13 07:01:00,Indore,Tier 2,UPI,Delivered,3307.0,7,7.0,False,2025-06-20,2025-06
2159,760,2025-01-29,2025-01-29 16:14:00,Guwahati,Tier 3,Credit Card,Returned,6927.15,5,,,,2025-01
2160,248,2026-06-26,2026-06-26 14:50:00,Bhopal,Tier 2,Cash on Delivery,Delivered,128624.6,5,4.0,False,2026-06-30,2026-06
2161,997,2025-01-01,2025-01-01 08:26:00,Patna,Tier 3,UPI,RTO,997.2,5,,,,2025-01
2162,877,2025-05-19,2025-05-19 00:54:00,Ahmedabad,Tier 2,UPI,Cancelled,72523.4,5,,,,2025-05
2163,1089,2025-11-30,2025-11-30 22:40:00,Kanpur,Tier 2,Cash on Delivery,Delivered,63444.15,2,5.0,True,2025-12-05,2025-11
2164,306,2025-06-21,2025-06-21 22:44:00,Vadodara,Tier 2,UPI,Cancelled,41775.0,5,,,,2025-06
2165,141,2025-04-22,2025-04-22 04:57:00,Vadodara,Tier 2,Credit Card,Cancelled,3391.0,5,,,,2025-04
2166,242,2026-06-19,2026-06-19 01:50:00,Nagpur,Tier 2,UPI,Cancelled,988.8,5,,,,2026-06
2167,198,2025-07-24,2025-07-24 03:28:00,Coimbatore,Tier 2,UPI,Delivered,30269.6,2,3.0,True,2025-07-27,2025-07
2168,1049,2026-03-15,2026-03-15 23:45:00,Hyderabad,Tier 1,Credit Card,Delivered,28580.8,5,6.0,True,2026-03-21,2026-03
2169,625,2025-05-09,2025-05-09 18:53:00,Kanpur,Tier 2,Debit Card,Delivered,21257.2,2,2.0,False,2025-05-11,2025-05
2170,808,2025-10-26,2025-10-26 04:35:00,Vadodara,Tier 2,UPI,Returned,16829.7,7,,,,2025-10
2171,962,2026-04-17,2026-04-17 17:01:00,Kolkata,Tier 1,Credit Card,Delivered,2500.4,4,4.0,False,2026-04-21,2026-04
2172,112,2025-04-26,2025-04-26 15:29:00,Nagpur,Tier 2,UPI,Returned,5935.5,5,,,,2025-04
2173,352,2026-04-29,2026-04-29 12:28:00,Mumbai,Tier 1,UPI,Returned,5125.0,2,,,,2026-04
2174,991,2026-01-29,2026-01-29 15:03:00,Lucknow,Tier 2,Credit Card,Delivered,42869.0,3,4.0,True,2026-02-02,2026-01
2175,1112,2026-02-15,2026-02-15 09:36:00,Indore,Tier 2,UPI,Delivered,8711.0,3,6.0,True,2026-02-21,2026-02
2176,639,2025-10-01,2025-10-01 19:50:00,Vadodara,Tier 2,Credit Card,Cancelled,30729.45,4,,,,2025-10
2177,698,2026-01-03,2026-01-03 23:28:00,Kolkata,Tier 1,UPI,RTO,3077.5,2,,,,2026-01
2178,609,2025-11-13,2025-11-13 02:25:00,Lucknow,Tier 2,UPI,Delivered,39999.5,2,2.0,False,2025-11-15,2025-11
2179,840,2024-12-29,2024-12-29 14:59:00,Guwahati,Tier 3,Cash on Delivery,RTO,1996.8,7,,,,2024-12
2180,1016,2026-05-08,2026-05-08 21:38:00,Coimbatore,Tier 2,UPI,Delivered,164.0,2,3.0,True,2026-05-11,2026-05
2181,179,2025-08-07,2025-08-07 15:49:00,Bhopal,Tier 2,Net Banking,Delivered,5521.0,4,5.0,True,2025-08-12,2025-08
2182,870,2026-01-30,2026-01-30 23:25:00,Surat,Tier 2,Credit Card,Delivered,40207.0,7,6.0,False,2026-02-05,2026-01
2183,44,2025-07-31,2025-07-31 10:32:00,Mumbai,Tier 1,UPI,Delivered,994.75,2,4.0,True,2025-08-04,2025-07
2184,736,2026-01-05,2026-01-05 05:16:00,Delhi,Tier 1,Net Banking,Delivered,121548.0,2,2.0,False,2026-01-07,2026-01
2185,1081,2024-12-24,2024-12-24 22:03:00,Guwahati,Tier 3,Credit Card,Returned,3564.6,7,,,,2024-12
2186,808,2025-12-26,2025-12-26 19:14:00,Vadodara,Tier 2,UPI,Delivered,40207.0,7,7.0,False,2026-01-02,2025-12
2187,8,2026-01-04,2026-01-04 21:29:00,Kolkata,Tier 1,Debit Card,RTO,3033.0,3,,,,2026-01
2188,764,2025-06-30,2025-06-30 21:54:00,Delhi,Tier 1,UPI,Delivered,2693.25,3,2.0,False,2025-07-02,2025-06
2189,811,2026-03-08,2026-03-08 10:18:00,Coimbatore,Tier 2,Cash on Delivery,Delivered,58152.0,7,7.0,False,2026-03-15,2026-03
2190,681,2026-06-30,2026-06-30 02:54:00,Chennai,Tier 1,Net Banking,RTO,1247.4,5,,,,2026-06
2191,297,2025-09-01,2025-09-01 12:00:00,Ahmedabad,Tier 2,UPI,Delivered,441.0,5,6.0,True,2025-09-07,2025-09
2192,1075,2026-06-04,2026-06-04 05:05:00,Kolkata,Tier 1,Credit Card,Delivered,413.0,4,5.0,True,2026-06-09,2026-06
2193,837,2026-06-25,2026-06-25 04:39:00,Delhi,Tier 1,Credit Card,Delivered,7300.75,4,5.0,True,2026-06-30,2026-06
2194,1003,2025-10-22,2025-10-22 16:16:00,Lucknow,Tier 2,Net Banking,Delivered,2152.75,4,6.0,True,2025-10-28,2025-10
2195,524,2025-06-29,2025-06-29 22:29:00,Kolkata,Tier 1,Debit Card,Delivered,3551.1,4,6.0,True,2025-07-05,2025-06
2196,815,2025-10-06,2025-10-06 16:38:00,Vadodara,Tier 2,UPI,Delivered,4056.9,4,6.0,True,2025-10-12,2025-10
2197,873,2025-05-17,2025-05-17 02:23:00,Pune,Tier 1,Credit Card,Delivered,729.6,2,5.0,True,2025-05-22,2025-05
2198,835,2025-01-01,2025-01-01 21:26:00,Kolkata,Tier 1,Debit Card,Delivered,389.5,2,4.0,True,2025-01-05,2025-01
2199,468,2024-05-08,2024-05-08 04:45:00,Ahmedabad,Tier 2,Credit Card,Delivered,134237.5,5,5.0,False,2024-05-13,2024-05
2200,1146,2025-11-05,2025-11-05 13:40:00,Ahmedabad,Tier 2,UPI,Returned,1079.5,5,,,,2025-11
2201,155,2025-01-06,2025-01-06 02:51:00,Indore,Tier 2,UPI,Delivered,2839.0,5,5.0,False,2025-01-11,2025-01
2202,243,2026-05-20,2026-05-20 15:34:00,Kanpur,Tier 2,Net Banking,RTO,69069.25,7,,,,2026-05
2203,892,2026-03-25,2026-03-25 12:14:00,Ahmedabad,Tier 2,Credit Card,Delivered,38938.0,4,4.0,False,2026-03-29,2026-03
2204,892,2025-10-09,2025-10-09 05:58:00,Ahmedabad,Tier 2,Credit Card,Returned,5245.0,4,,,,2025-10
2205,764,2026-06-17,2026-06-17 19:17:00,Delhi,Tier 1,Credit Card,Delivered,41891.2,7,8.0,True,2026-06-25,2026-06
2206,1105,2026-05-13,2026-05-13 01:21:00,Lucknow,Tier 2,UPI,Delivered,4158.0,7,10.0,True,2026-05-23,2026-05
2207,179,2024-11-22,2024-11-22 23:48:00,Bhopal,Tier 2,UPI,Delivered,656.8,5,7.0,True,2024-11-29,2024-11
2208,470,2025-02-08,2025-02-08 04:50:00,Bhopal,Tier 2,Cash on Delivery,Delivered,5693.85,3,6.0,True,2025-02-14,2025-02
2209,413,2026-06-04,2026-06-04 16:29:00,Kanpur,Tier 2,UPI,RTO,2822.0,7,,,,2026-06
2210,141,2026-06-02,2026-06-02 14:35:00,Vadodara,Tier 2,Cash on Delivery,Delivered,424.0,5,5.0,False,2026-06-07,2026-06
2211,76,2026-04-22,2026-04-22 07:17:00,Jaipur,Tier 2,Debit Card,Returned,10186.4,5,,,,2026-04
2212,51,2026-02-05,2026-02-05 06:41:00,Vadodara,Tier 2,Cash on Delivery,Delivered,4814.65,7,10.0,True,2026-02-15,2026-02
2213,448,2025-05-16,2025-05-16 01:08:00,Indore,Tier 2,Credit Card,RTO,3801.85,5,,,,2025-05
2214,399,2025-10-27,2025-10-27 09:45:00,Ghaziabad,Tier 3,Net Banking,Delivered,3039.0,4,5.0,True,2025-11-01,2025-10
2215,530,2026-05-28,2026-05-28 09:58:00,Chennai,Tier 1,Credit Card,Delivered,3248.7,5,4.0,False,2026-06-01,2026-05
2216,403,2025-03-17,2025-03-17 03:06:00,Guwahati,Tier 3,Credit Card,Delivered,1918.0,4,6.0,True,2025-03-23,2025-03
2217,83,2026-06-20,2026-06-20 14:14:00,Chennai,Tier 1,UPI,Delivered,61410.1,4,5.0,True,2026-06-25,2026-06
2218,1062,2026-03-15,2026-03-15 15:47:00,Hyderabad,Tier 1,UPI,Delivered,28944.0,4,5.0,True,2026-03-20,2026-03
2219,116,2026-03-24,2026-03-24 17:29:00,Surat,Tier 2,Credit Card,Returned,11042.0,3,,,,2026-03
2220,446,2026-05-10,2026-05-10 19:16:00,Mumbai,Tier 1,Credit Card,Delivered,7019.0,5,7.0,True,2026-05-17,2026-05
2221,412,2025-01-15,2025-01-15 20:35:00,Jaipur,Tier 2,UPI,Cancelled,28329.0,3,,,,2025-01
2222,1186,2026-06-15,2026-06-15 07:36:00,Jaipur,Tier 2,UPI,Delivered,764.25,2,4.0,True,2026-06-19,2026-06
2223,726,2024-09-17,2024-09-17 17:14:00,Surat,Tier 2,UPI,Delivered,610.0,2,1.0,False,2024-09-18,2024-09
2224,949,2024-05-13,2024-05-13 11:52:00,Jaipur,Tier 2,UPI,Delivered,1037.0,5,8.0,True,2024-05-21,2024-05
2225,1190,2026-02-14,2026-02-14 04:40:00,Ghaziabad,Tier 3,Credit Card,Returned,1112.0,4,,,,2026-02
2226,659,2025-05-03,2025-05-03 11:38:00,Guwahati,Tier 3,Debit Card,Delivered,486.9,4,7.0,True,2025-05-10,2025-05
2227,932,2025-07-13,2025-07-13 18:21:00,Ahmedabad,Tier 2,Credit Card,Cancelled,36293.4,5,,,,2025-07
2228,893,2026-02-11,2026-02-11 09:32:00,Bhopal,Tier 2,Cash on Delivery,Delivered,13584.15,3,2.0,False,2026-02-13,2026-02
2229,1167,2026-04-01,2026-04-01 21:49:00,Bhopal,Tier 2,Debit Card,Delivered,2174.0,5,6.0,True,2026-04-07,2026-04
2230,279,2024-05-30,2024-05-30 02:39:00,Nagpur,Tier 2,Debit Card,Returned,2135.2,5,,,,2024-05
2231,1113,2025-11-21,2025-11-21 22:18:00,Patna,Tier 3,UPI,Delivered,2578.4,7,8.0,True,2025-11-29,2025-11
2232,105,2026-05-24,2026-05-24 06:01:00,Kolkata,Tier 1,Debit Card,Delivered,4996.0,3,4.0,True,2026-05-28,2026-05
2233,384,2026-01-05,2026-01-05 05:46:00,Bhopal,Tier 2,Net Banking,Delivered,3598.9,7,7.0,False,2026-01-12,2026-01
2234,895,2026-06-01,2026-06-01 13:14:00,Surat,Tier 2,Debit Card,Delivered,3107.8,7,6.0,False,2026-06-07,2026-06
2235,596,2026-01-10,2026-01-10 22:53:00,Ghaziabad,Tier 3,UPI,Returned,1386.0,2,,,,2026-01
2236,1016,2024-12-24,2024-12-24 15:38:00,Coimbatore,Tier 2,UPI,Delivered,1751.4,2,2.0,False,2024-12-26,2024-12
2237,368,2026-06-09,2026-06-09 19:05:00,Nagpur,Tier 2,UPI,Delivered,14238.6,4,5.0,True,2026-06-14,2026-06
2238,1024,2026-03-20,2026-03-20 02:12:00,Patna,Tier 3,Debit Card,Delivered,66283.4,7,9.0,True,2026-03-29,2026-03
2239,374,2025-07-02,2025-07-02 05:31:00,Jaipur,Tier 2,UPI,Delivered,11042.0,2,2.0,False,2025-07-04,2025-07
2240,250,2026-06-27,2026-06-27 02:56:00,Ahmedabad,Tier 2,Debit Card,Returned,3210.0,2,,,,2026-06
2241,894,2026-04-27,2026-04-27 18:54:00,Jaipur,Tier 2,Credit Card,Delivered,43339.0,7,7.0,False,2026-05-04,2026-04
2242,135,2026-04-27,2026-04-27 12:43:00,Bhopal,Tier 2,UPI,Delivered,1087.0,7,6.0,False,2026-05-03,2026-04
2243,1025,2025-10-28,2025-10-28 04:04:00,Ahmedabad,Tier 2,UPI,Returned,10972.5,2,,,,2025-10
2244,204,2025-10-16,2025-10-16 04:14:00,Jaipur,Tier 2,Credit Card,RTO,81204.0,2,,,,2025-10
2245,741,2025-06-30,2025-06-30 22:35:00,Pune,Tier 1,UPI,Cancelled,345.75,4,,,,2025-06
2246,81,2025-01-31,2025-01-31 10:52:00,Mumbai,Tier 1,UPI,Delivered,2288.1,4,5.0,True,2025-02-05,2025-01
2247,693,2026-01-07,2026-01-07 11:27:00,Coimbatore,Tier 2,Cash on Delivery,Delivered,4111.5,5,6.0,True,2026-01-13,2026-01
2248,887,2024-08-20,2024-08-20 22:31:00,Coimbatore,Tier 2,UPI,Delivered,38830.25,5,5.0,False,2024-08-25,2024-08
2249,1010,2025-03-10,2025-03-10 12:01:00,Pune,Tier 1,Debit Card,Delivered,41899.0,3,5.0,True,2025-03-15,2025-03
2250,192,2025-12-27,2025-12-27 01:27:00,Patna,Tier 3,Cash on Delivery,Delivered,990.9,5,7.0,True,2026-01-03,2025-12
2251,239,2026-02-05,2026-02-05 21:38:00,Delhi,Tier 1,Cash on Delivery,Delivered,7900.2,5,4.0,False,2026-02-09,2026-02
2252,198,2025-03-29,2025-03-29 15:06:00,Coimbatore,Tier 2,Debit Card,RTO,803.0,7,,,,2025-03
2253,949,2025-06-05,2025-06-05 02:17:00,Jaipur,Tier 2,UPI,Returned,2134.65,4,,,,2025-06
2254,513,2025-02-01,2025-02-01 00:51:00,Bhopal,Tier 2,UPI,RTO,5148.2,3,,,,2025-02
2255,1028,2025-12-27,2025-12-27 10:38:00,Kanpur,Tier 2,UPI,RTO,76642.25,4,,,,2025-12
2256,716,2026-06-12,2026-06-12 10:47:00,Ghaziabad,Tier 3,UPI,Delivered,10403.1,3,5.0,True,2026-06-17,2026-06
2257,95,2025-11-18,2025-11-18 17:35:00,Indore,Tier 2,Credit Card,Delivered,4126.8,3,3.0,False,2025-11-21,2025-11
2258,536,2026-04-26,2026-04-26 00:02:00,Kanpur,Tier 2,Debit Card,Delivered,1054.8,5,7.0,True,2026-05-03,2026-04
2259,1038,2025-10-08,2025-10-08 16:27:00,Jaipur,Tier 2,Credit Card,RTO,5576.05,3,,,,2025-10
2260,247,2025-11-16,2025-11-16 12:14:00,Lucknow,Tier 2,Credit Card,Delivered,409.5,5,7.0,True,2025-11-23,2025-11
2261,848,2024-08-31,2024-08-31 03:16:00,Lucknow,Tier 2,Credit Card,Delivered,2539.8,4,4.0,False,2024-09-04,2024-08
2262,1105,2026-04-23,2026-04-23 14:11:00,Lucknow,Tier 2,UPI,Delivered,3080.0,2,2.0,False,2026-04-25,2026-04
2263,597,2026-03-19,2026-03-19 17:24:00,Patna,Tier 3,UPI,Delivered,1925.65,5,5.0,False,2026-03-24,2026-03
2264,1053,2024-12-31,2024-12-31 16:38:00,Bhopal,Tier 2,UPI,Delivered,23857.1,5,6.0,True,2025-01-06,2024-12
2265,287,2026-04-28,2026-04-28 05:47:00,Surat,Tier 2,Credit Card,Delivered,4968.9,3,6.0,True,2026-05-04,2026-04
2266,944,2025-11-27,2025-11-27 02:17:00,Guwahati,Tier 3,UPI,Delivered,5805.5,5,7.0,True,2025-12-04,2025-11
2267,454,2025-11-27,2025-11-27 00:14:00,Ghaziabad,Tier 3,Cash on Delivery,Delivered,13101.0,3,6.0,True,2025-12-03,2025-11
2268,991,2026-05-11,2026-05-11 04:14:00,Lucknow,Tier 2,UPI,Delivered,4703.25,3,5.0,True,2026-05-16,2026-05
2269,533,2026-06-05,2026-06-05 07:34:00,Chennai,Tier 1,Debit Card,Delivered,11160.6,4,3.0,False,2026-06-08,2026-06
2270,792,2026-06-18,2026-06-18 19:36:00,Nagpur,Tier 2,UPI,Delivered,98626.2,2,2.0,False,2026-06-20,2026-06
2271,416,2025-02-23,2025-02-23 16:40:00,Hyderabad,Tier 1,Credit Card,Delivered,417.0,5,4.0,False,2025-02-27,2025-02
2272,752,2024-08-29,2024-08-29 22:26:00,Kanpur,Tier 2,Net Banking,Delivered,10638.6,7,8.0,True,2024-09-06,2024-08
2273,279,2024-11-09,2024-11-09 09:39:00,Nagpur,Tier 2,UPI,RTO,3058.75,4,,,,2024-11
2274,610,2026-02-10,2026-02-10 04:30:00,Vadodara,Tier 2,UPI,Delivered,30269.6,2,5.0,True,2026-02-15,2026-02
2275,817,2026-01-15,2026-01-15 08:19:00,Surat,Tier 2,Credit Card,Delivered,39177.05,4,4.0,False,2026-01-19,2026-01
2276,406,2026-06-05,2026-06-05 22:13:00,Kolkata,Tier 1,UPI,Delivered,228.0,2,1.0,False,2026-06-06,2026-06
2277,745,2024-07-31,2024-07-31 02:28:00,Ghaziabad,Tier 3,Credit Card,Delivered,5957.15,2,3.0,True,2024-08-03,2024-07
2278,386,2026-06-15,2026-06-15 18:19:00,Pune,Tier 1,UPI,Delivered,1289.6,4,5.0,True,2026-06-20,2026-06
2279,612,2026-06-28,2026-06-28 04:50:00,Mumbai,Tier 1,UPI,Delivered,2052.0,4,6.0,True,2026-07-04,2026-06
2280,711,2026-06-02,2026-06-02 15:36:00,Bhopal,Tier 2,UPI,Delivered,8833.6,4,6.0,True,2026-06-08,2026-06
2281,992,2025-07-18,2025-07-18 20:29:00,Jaipur,Tier 2,Credit Card,RTO,19694.0,7,,,,2025-07
2282,921,2025-11-26,2025-11-26 01:43:00,Hyderabad,Tier 1,Net Banking,Delivered,83564.0,5,5.0,False,2025-12-01,2025-11
2283,12,2024-12-18,2024-12-18 13:07:00,Delhi,Tier 1,UPI,Delivered,41782.0,2,2.0,False,2024-12-20,2024-12
2284,572,2024-07-15,2024-07-15 18:29:00,Hyderabad,Tier 1,Net Banking,Delivered,819.0,3,4.0,True,2024-07-19,2024-07
2285,316,2026-04-07,2026-04-07 07:31:00,Kolkata,Tier 1,Debit Card,RTO,37991.7,3,,,,2026-04
2286,200,2026-05-25,2026-05-25 10:59:00,Indore,Tier 2,UPI,Delivered,1896.0,3,5.0,True,2026-05-30,2026-05
2287,82,2026-02-12,2026-02-12 18:37:00,Pune,Tier 1,Debit Card,Delivered,1547.6,4,4.0,False,2026-02-16,2026-02
2288,242,2026-06-23,2026-06-23 06:53:00,Nagpur,Tier 2,Debit Card,Cancelled,3930.3,5,,,,2026-06
2289,391,2026-05-11,2026-05-11 04:06:00,Kanpur,Tier 2,Debit Card,RTO,1256.25,5,,,,2026-05
2290,1144,2024-08-06,2024-08-06 07:31:00,Hyderabad,Tier 1,Net Banking,Delivered,614.4,5,5.0,False,2024-08-11,2024-08
2291,1086,2025-06-30,2025-06-30 01:31:00,Pune,Tier 1,Debit Card,RTO,2156.5,7,,,,2025-06
2292,402,2024-10-04,2024-10-04 21:44:00,Surat,Tier 2,Credit Card,Returned,1830.4,7,,,,2024-10
2293,811,2026-03-27,2026-03-27 11:03:00,Coimbatore,Tier 2,Net Banking,Delivered,32879.1,3,5.0,True,2026-04-01,2026-03
2294,1115,2025-11-09,2025-11-09 12:23:00,Ghaziabad,Tier 3,UPI,Returned,1395.0,5,,,,2025-11
2295,366,2026-05-22,2026-05-22 18:22:00,Vadodara,Tier 2,Cash on Delivery,Delivered,2514.85,2,2.0,False,2026-05-24,2026-05
2296,1105,2026-05-10,2026-05-10 05:25:00,Lucknow,Tier 2,Cash on Delivery,Cancelled,1621.6,4,,,,2026-05
2297,1003,2025-11-07,2025-11-07 05:59:00,Lucknow,Tier 2,Cash on Delivery,Delivered,1491.0,5,6.0,True,2025-11-13,2025-11
2298,21,2026-03-01,2026-03-01 23:24:00,Kanpur,Tier 2,UPI,Delivered,3738.0,4,7.0,True,2026-03-08,2026-03
2299,680,2025-10-02,2025-10-02 23:30:00,Jaipur,Tier 2,UPI,Delivered,31331.25,7,6.0,False,2025-10-08,2025-10
2300,1080,2024-09-23,2024-09-23 23:51:00,Bhopal,Tier 2,Cash on Delivery,Delivered,37221.55,5,5.0,False,2024-09-28,2024-09
2301,158,2024-08-24,2024-08-24 08:08:00,Nagpur,Tier 2,Credit Card,Delivered,36191.2,5,5.0,False,2024-08-29,2024-08
2302,1012,2026-04-20,2026-04-20 15:43:00,Delhi,Tier 1,UPI,Delivered,14080.85,5,4.0,False,2026-04-24,2026-04
2303,615,2025-10-30,2025-10-30 17:44:00,Surat,Tier 2,UPI,Cancelled,5423.25,2,,,,2025-10
2304,187,2025-07-06,2025-07-06 06:12:00,Chennai,Tier 1,Cash on Delivery,Delivered,579.5,7,8.0,True,2025-07-14,2025-07
2305,63,2025-03-22,2025-03-22 12:40:00,Indore,Tier 2,Cash on Delivery,RTO,304.0,4,,,,2025-03
2306,814,2026-06-05,2026-06-05 07:28:00,Bhopal,Tier 2,Credit Card,Delivered,900.75,5,7.0,True,2026-06-12,2026-06
2307,1019,2026-03-15,2026-03-15 21:24:00,Indore,Tier 2,UPI,Delivered,14467.1,7,7.0,False,2026-03-22,2026-03
2308,138,2025-08-26,2025-08-26 19:42:00,Delhi,Tier 1,Credit Card,Delivered,4515.0,5,5.0,False,2025-08-31,2025-08
2309,1150,2026-03-23,2026-03-23 19:27:00,Bhopal,Tier 2,Credit Card,Delivered,5847.75,7,6.0,False,2026-03-29,2026-03
2310,432,2025-06-18,2025-06-18 19:29:00,Ahmedabad,Tier 2,Cash on Delivery,Cancelled,25549.3,3,,,,2025-06
2311,732,2026-04-26,2026-04-26 22:23:00,Jaipur,Tier 2,UPI,Delivered,488.0,4,5.0,True,2026-05-01,2026-04
2312,1094,2024-12-17,2024-12-17 21:43:00,Surat,Tier 2,UPI,RTO,27812.8,7,,,,2024-12
2313,1089,2026-04-07,2026-04-07 20:42:00,Kanpur,Tier 2,UPI,RTO,37198.65,2,,,,2026-04
2314,1021,2025-01-23,2025-01-23 18:36:00,Delhi,Tier 1,Credit Card,Returned,108.8,7,,,,2025-01
2315,364,2025-05-07,2025-05-07 23:00:00,Hyderabad,Tier 1,Credit Card,Delivered,2976.0,5,5.0,False,2025-05-12,2025-05
2316,708,2025-03-25,2025-03-25 03:20:00,Guwahati,Tier 3,Credit Card,Delivered,562.5,4,4.0,False,2025-03-29,2025-03
2317,808,2026-03-31,2026-03-31 07:38:00,Vadodara,Tier 2,UPI,Cancelled,37837.0,3,,,,2026-03
2318,1087,2026-06-19,2026-06-19 18:22:00,Ahmedabad,Tier 2,Net Banking,Delivered,11429.95,3,3.0,False,2026-06-22,2026-06
2319,718,2025-12-08,2025-12-08 01:32:00,Guwahati,Tier 3,UPI,Delivered,846.0,2,2.0,False,2025-12-10,2025-12
2320,1025,2026-02-19,2026-02-19 14:13:00,Ahmedabad,Tier 2,Debit Card,Delivered,304.0,4,6.0,True,2026-02-25,2026-02
2321,179,2026-06-24,2026-06-24 14:13:00,Bhopal,Tier 2,Debit Card,RTO,3361.1,4,,,,2026-06
2322,272,2026-04-13,2026-04-13 14:17:00,Ghaziabad,Tier 3,UPI,Cancelled,39085.2,7,,,,2026-04
2323,429,2025-08-26,2025-08-26 13:25:00,Patna,Tier 3,Cash on Delivery,RTO,995.0,5,,,,2025-08
2324,358,2026-06-03,2026-06-03 09:59:00,Patna,Tier 3,Credit Card,RTO,42338.8,7,,,,2026-06
2325,138,2025-05-15,2025-05-15 20:17:00,Delhi,Tier 1,Credit Card,Delivered,4367.0,7,7.0,False,2025-05-22,2025-05
2326,1089,2026-05-23,2026-05-23 03:58:00,Kanpur,Tier 2,UPI,Delivered,1366.1,5,5.0,False,2026-05-28,2026-05
2327,712,2025-04-11,2025-04-11 13:27:00,Chennai,Tier 1,Cash on Delivery,Cancelled,39686.25,3,,,,2025-04
2328,807,2026-01-08,2026-01-08 14:49:00,Hyderabad,Tier 1,Cash on Delivery,Delivered,1906.1,4,6.0,True,2026-01-14,2026-01
2329,271,2026-04-26,2026-04-26 11:58:00,Lucknow,Tier 2,Credit Card,Delivered,7142.4,5,8.0,True,2026-05-04,2026-04
2330,34,2024-06-18,2024-06-18 18:33:00,Pune,Tier 1,Credit Card,RTO,2338.9,4,,,,2024-06
2331,954,2025-08-30,2025-08-30 01:38:00,Surat,Tier 2,Credit Card,Delivered,3123.75,2,2.0,False,2025-09-01,2025-08
2332,881,2026-02-21,2026-02-21 01:32:00,Patna,Tier 3,Debit Card,Cancelled,12209.2,4,,,,2026-02
2333,870,2025-07-12,2025-07-12 09:49:00,Surat,Tier 2,UPI,Delivered,424.0,2,2.0,False,2025-07-14,2025-07
2334,70,2026-06-24,2026-06-24 03:43:00,Pune,Tier 1,UPI,Delivered,1102.0,3,4.0,True,2026-06-28,2026-06
2335,1122,2026-02-26,2026-02-26 13:39:00,Bhopal,Tier 2,UPI,Delivered,4996.0,3,6.0,True,2026-03-04,2026-02
2336,229,2025-12-21,2025-12-21 08:28:00,Nagpur,Tier 2,Credit Card,Delivered,7706.0,3,3.0,False,2025-12-24,2025-12
2337,718,2026-06-01,2026-06-01 10:02:00,Guwahati,Tier 3,UPI,RTO,1989.45,7,,,,2026-06
2338,200,2026-06-28,2026-06-28 22:04:00,Indore,Tier 2,Credit Card,Returned,5347.25,3,,,,2026-06
2339,95,2025-02-05,2025-02-05 11:08:00,Indore,Tier 2,UPI,Delivered,67589.3,4,3.0,False,2025-02-08,2025-02
2340,476,2026-03-24,2026-03-24 00:10:00,Patna,Tier 3,UPI,Cancelled,4390.1,4,,,,2026-03
2341,980,2026-03-26,2026-03-26 03:34:00,Ghaziabad,Tier 3,Cash on Delivery,Delivered,43670.0,3,5.0,True,2026-03-31,2026-03
2342,923,2025-11-17,2025-11-17 23:23:00,Guwahati,Tier 3,Cash on Delivery,Delivered,4148.65,7,9.0,True,2025-11-26,2025-11
2343,960,2026-06-24,2026-06-24 14:05:00,Bhopal,Tier 2,Credit Card,Delivered,2921.6,7,7.0,False,2026-07-01,2026-06
2344,227,2026-06-09,2026-06-09 06:45:00,Chennai,Tier 1,Net Banking,Delivered,71625.2,3,3.0,False,2026-06-12,2026-06
2345,8,2026-02-13,2026-02-13 04:04:00,Kolkata,Tier 1,UPI,RTO,38162.8,2,,,,2026-02
2346,1141,2026-05-22,2026-05-22 01:52:00,Kanpur,Tier 2,Credit Card,Delivered,2005.35,5,5.0,False,2026-05-27,2026-05
2347,166,2026-03-06,2026-03-06 14:16:00,Kanpur,Tier 2,UPI,Delivered,4996.0,5,5.0,False,2026-03-11,2026-03
2348,484,2025-08-16,2025-08-16 20:14:00,Coimbatore,Tier 2,Cash on Delivery,Delivered,6378.75,2,2.0,False,2025-08-18,2025-08
2349,367,2026-01-28,2026-01-28 03:35:00,Pune,Tier 1,UPI,Delivered,4549.0,3,3.0,False,2026-01-31,2026-01
2350,742,2025-07-20,2025-07-20 01:11:00,Nagpur,Tier 2,UPI,Delivered,33175.0,3,3.0,False,2025-07-23,2025-07
2351,184,2026-01-06,2026-01-06 21:21:00,Hyderabad,Tier 1,Credit Card,Cancelled,2416.2,2,,,,2026-01
2352,663,2026-04-24,2026-04-24 12:55:00,Ahmedabad,Tier 2,UPI,Delivered,745.0,2,2.0,False,2026-04-26,2026-04
2353,1016,2024-08-01,2024-08-01 01:53:00,Coimbatore,Tier 2,Net Banking,Delivered,34286.4,2,1.0,False,2024-08-02,2024-08
2354,329,2026-01-11,2026-01-11 08:47:00,Bhopal,Tier 2,Cash on Delivery,Delivered,69171.15,4,6.0,True,2026-01-17,2026-01
2355,1105,2026-06-12,2026-06-12 10:16:00,Lucknow,Tier 2,Credit Card,Delivered,2394.0,7,8.0,True,2026-06-20,2026-06
2356,1170,2026-06-23,2026-06-23 01:26:00,Guwahati,Tier 3,Debit Card,Delivered,232.8,7,7.0,False,2026-06-30,2026-06
2357,272,2026-06-10,2026-06-10 20:34:00,Ghaziabad,Tier 3,Credit Card,Delivered,25496.1,2,3.0,True,2026-06-13,2026-06
2358,248,2025-05-20,2025-05-20 21:39:00,Bhopal,Tier 2,UPI,Returned,4748.25,4,,,,2025-05
2359,166,2024-09-14,2024-09-14 21:48:00,Kanpur,Tier 2,Credit Card,Returned,71452.0,7,,,,2024-09
2360,1055,2025-11-10,2025-11-10 06:02:00,Indore,Tier 2,UPI,Delivered,4312.3,5,6.0,True,2025-11-16,2025-11
2361,942,2025-11-27,2025-11-27 00:08:00,Pune,Tier 1,UPI,Returned,1545.6,5,,,,2025-11
2362,496,2024-07-08,2024-07-08 23:34:00,Mumbai,Tier 1,Credit Card,Delivered,6239.4,7,9.0,True,2024-07-17,2024-07
2363,74,2026-03-30,2026-03-30 20:02:00,Ghaziabad,Tier 3,UPI,Delivered,4111.5,4,3.0,False,2026-04-02,2026-03
2364,706,2025-06-04,2025-06-04 02:57:00,Hyderabad,Tier 1,Cash on Delivery,Delivered,41782.0,3,4.0,True,2025-06-08,2025-06
2365,406,2026-05-02,2026-05-02 08:11:00,Kolkata,Tier 1,UPI,Delivered,41775.0,2,3.0,True,2026-05-05,2026-05
2366,991,2026-04-10,2026-04-10 16:53:00,Lucknow,Tier 2,UPI,Cancelled,1108.0,2,,,,2026-04
2367,1027,2026-04-14,2026-04-14 01:21:00,Indore,Tier 2,UPI,RTO,5348.7,3,,,,2026-04
2368,483,2026-04-20,2026-04-20 16:17:00,Lucknow,Tier 2,Cash on Delivery,Delivered,3769.6,4,4.0,False,2026-04-24,2026-04
2369,447,2025-01-12,2025-01-12 04:08:00,Kanpur,Tier 2,Debit Card,RTO,803.0,7,,,,2025-01
2370,476,2025-07-13,2025-07-13 08:56:00,Patna,Tier 3,UPI,RTO,1642.0,4,,,,2025-07
2371,229,2025-06-13,2025-06-13 17:59:00,Nagpur,Tier 2,Credit Card,Delivered,6283.3,5,8.0,True,2025-06-21,2025-06
2372,921,2026-04-01,2026-04-01 17:09:00,Hyderabad,Tier 1,Cash on Delivery,Returned,3968.0,5,,,,2026-04
2373,198,2025-12-11,2025-12-11 04:14:00,Coimbatore,Tier 2,UPI,Delivered,38504.0,2,4.0,True,2025-12-15,2025-12
2374,655,2025-11-29,2025-11-29 09:10:00,Bhopal,Tier 2,UPI,Delivered,55625.6,3,4.0,True,2025-12-03,2025-11
2375,112,2025-10-08,2025-10-08 16:30:00,Nagpur,Tier 2,Cash on Delivery,Delivered,3634.7,7,7.0,False,2025-10-15,2025-10
2376,759,2025-10-25,2025-10-25 23:48:00,Lucknow,Tier 2,Cash on Delivery,Delivered,22376.0,3,4.0,True,2025-10-29,2025-10
2377,823,2024-11-14,2024-11-14 10:07:00,Delhi,Tier 1,Cash on Delivery,Delivered,10136.5,3,3.0,False,2024-11-17,2024-11
2378,848,2025-12-29,2025-12-29 15:10:00,Lucknow,Tier 2,Cash on Delivery,Delivered,1004.8,5,4.0,False,2026-01-02,2025-12
2379,662,2026-05-26,2026-05-26 04:34:00,Patna,Tier 3,Cash on Delivery,Delivered,31331.25,2,2.0,False,2026-05-28,2026-05
2380,133,2024-05-07,2024-05-07 20:30:00,Ahmedabad,Tier 2,UPI,Delivered,2088.5,2,3.0,True,2024-05-10,2024-05
2381,738,2025-10-26,2025-10-26 12:08:00,Delhi,Tier 1,Debit Card,Delivered,4494.0,4,5.0,True,2025-10-31,2025-10
2382,1105,2026-03-16,2026-03-16 00:40:00,Lucknow,Tier 2,UPI,Delivered,2988.9,4,4.0,False,2026-03-20,2026-03
2383,539,2026-06-08,2026-06-08 19:24:00,Ahmedabad,Tier 2,UPI,Delivered,2255.3,3,3.0,False,2026-06-11,2026-06
2384,807,2026-02-05,2026-02-05 19:54:00,Hyderabad,Tier 1,UPI,Delivered,2386.4,3,3.0,False,2026-02-08,2026-02
2385,1002,2026-05-04,2026-05-04 18:59:00,Kolkata,Tier 1,UPI,Delivered,2247.0,2,1.0,False,2026-05-05,2026-05
2386,281,2026-02-26,2026-02-26 01:47:00,Hyderabad,Tier 1,Net Banking,Delivered,618.75,4,5.0,True,2026-03-03,2026-02
2387,1095,2026-06-06,2026-06-06 22:26:00,Chennai,Tier 1,UPI,Returned,228.0,7,,,,2026-06
2388,1122,2026-03-22,2026-03-22 01:45:00,Bhopal,Tier 2,UPI,Delivered,2018.5,3,3.0,False,2026-03-25,2026-03
2389,1121,2025-06-04,2025-06-04 09:37:00,Vadodara,Tier 2,Cash on Delivery,Delivered,821.0,3,3.0,False,2025-06-07,2025-06
2390,397,2026-05-25,2026-05-25 10:16:00,Mumbai,Tier 1,UPI,Delivered,10166.4,5,8.0,True,2026-06-02,2026-05
2391,468,2025-02-14,2025-02-14 14:30:00,Ahmedabad,Tier 2,Cash on Delivery,RTO,3657.5,5,,,,2025-02
2392,1146,2025-06-03,2025-06-03 13:55:00,Ahmedabad,Tier 2,UPI,RTO,2052.0,5,,,,2025-06
2393,1122,2026-06-10,2026-06-10 04:10:00,Bhopal,Tier 2,Cash on Delivery,Delivered,13545.0,2,2.0,False,2026-06-12,2026-06
2394,504,2026-06-03,2026-06-03 13:55:00,Delhi,Tier 1,UPI,Delivered,3874.5,3,3.0,False,2026-06-06,2026-06
2395,597,2025-11-28,2025-11-28 00:58:00,Patna,Tier 3,Debit Card,Delivered,35929.6,7,7.0,False,2025-12-05,2025-11
2396,287,2026-06-18,2026-06-18 01:57:00,Surat,Tier 2,UPI,Delivered,47329.05,3,4.0,True,2026-06-22,2026-06
2397,34,2025-09-02,2025-09-02 23:17:00,Pune,Tier 1,Cash on Delivery,Cancelled,86157.3,4,,,,2025-09
2398,128,2024-11-04,2024-11-04 04:16:00,Delhi,Tier 1,UPI,Delivered,32979.25,4,4.0,False,2024-11-08,2024-11
2399,706,2026-01-14,2026-01-14 08:40:00,Hyderabad,Tier 1,UPI,Delivered,7531.85,7,8.0,True,2026-01-22,2026-01
2400,486,2025-07-28,2025-07-28 02:39:00,Ghaziabad,Tier 3,Credit Card,Delivered,8811.7,3,5.0,True,2025-08-02,2025-07
2401,474,2025-01-09,2025-01-09 18:31:00,Patna,Tier 3,Credit Card,Delivered,942.0,5,6.0,True,2025-01-15,2025-01
2402,718,2026-01-27,2026-01-27 06:23:00,Guwahati,Tier 3,Credit Card,Delivered,882.0,5,6.0,True,2026-02-02,2026-01
2403,825,2026-03-05,2026-03-05 18:22:00,Bengaluru,Tier 1,Net Banking,Delivered,3988.0,5,7.0,True,2026-03-12,2026-03
2404,53,2025-03-08,2025-03-08 11:55:00,Delhi,Tier 1,UPI,Delivered,4344.0,4,5.0,True,2025-03-13,2025-03
2405,13,2026-04-29,2026-04-29 00:19:00,Kolkata,Tier 1,UPI,Delivered,1806.75,7,7.0,False,2026-05-06,2026-04
2406,1146,2026-06-20,2026-06-20 02:16:00,Ahmedabad,Tier 2,Debit Card,Cancelled,8833.6,2,,,,2026-06
2407,193,2025-05-21,2025-05-21 08:52:00,Indore,Tier 2,Debit Card,Delivered,76298.0,4,7.0,True,2025-05-28,2025-05
2408,696,2025-07-16,2025-07-16 16:42:00,Hyderabad,Tier 1,UPI,Delivered,6812.65,5,5.0,False,2025-07-21,2025-07
2409,1040,2026-03-03,2026-03-03 18:43:00,Mumbai,Tier 1,UPI,Delivered,1666.5,3,3.0,False,2026-03-06,2026-03
2410,137,2025-01-18,2025-01-18 11:32:00,Delhi,Tier 1,Credit Card,Delivered,778.5,4,7.0,True,2025-01-25,2025-01
2411,771,2025-12-16,2025-12-16 21:54:00,Delhi,Tier 1,Debit Card,RTO,418.95,3,,,,2025-12
2412,1036,2026-03-30,2026-03-30 14:00:00,Ahmedabad,Tier 2,UPI,Delivered,34766.0,5,8.0,True,2026-04-07,2026-03
2413,190,2025-08-11,2025-08-11 20:51:00,Chennai,Tier 1,Debit Card,Delivered,4911.2,2,1.0,False,2025-08-12,2025-08
2414,662,2026-06-23,2026-06-23 16:21:00,Patna,Tier 3,Debit Card,Returned,300.0,5,,,,2026-06
2415,706,2025-10-21,2025-10-21 06:44:00,Hyderabad,Tier 1,Cash on Delivery,Delivered,228.0,2,2.0,False,2025-10-23,2025-10
2416,892,2026-03-15,2026-03-15 06:09:00,Ahmedabad,Tier 2,UPI,Delivered,923.95,7,9.0,True,2026-03-24,2026-03
2417,409,2026-04-07,2026-04-07 23:21:00,Coimbatore,Tier 2,Credit Card,Delivered,9862.2,5,5.0,False,2026-04-12,2026-04
2418,137,2025-11-13,2025-11-13 11:53:00,Delhi,Tier 1,Net Banking,Returned,1926.0,4,,,,2025-11
2419,1081,2024-10-29,2024-10-29 22:40:00,Guwahati,Tier 3,UPI,Delivered,6009.0,7,8.0,True,2024-11-06,2024-10
2420,523,2026-04-23,2026-04-23 19:25:00,Ahmedabad,Tier 2,Cash on Delivery,Delivered,2979.95,4,3.0,False,2026-04-26,2026-04
2421,1197,2026-06-28,2026-06-28 15:33:00,Coimbatore,Tier 2,UPI,Delivered,935.85,5,5.0,False,2026-07-03,2026-06
2422,1148,2026-01-09,2026-01-09 23:38:00,Kanpur,Tier 2,UPI,Delivered,1169.7,2,5.0,True,2026-01-14,2026-01
2423,610,2025-10-24,2025-10-24 14:13:00,Vadodara,Tier 2,Cash on Delivery,Delivered,37145.3,2,3.0,True,2025-10-27,2025-10
2424,221,2025-05-05,2025-05-05 01:51:00,Guwahati,Tier 3,Cash on Delivery,RTO,26794.5,7,,,,2025-05
2425,1152,2025-05-16,2025-05-16 06:12:00,Coimbatore,Tier 2,Cash on Delivery,Delivered,31289.4,5,7.0,True,2025-05-23,2025-05
2426,274,2024-07-20,2024-07-20 07:13:00,Pune,Tier 1,Cash on Delivery,Delivered,846.0,4,4.0,False,2024-07-24,2024-07
2427,356,2026-03-09,2026-03-09 19:09:00,Pune,Tier 1,Debit Card,Delivered,37792.0,2,2.0,False,2026-03-11,2026-03
2428,942,2026-01-13,2026-01-13 15:27:00,Pune,Tier 1,Credit Card,Delivered,36838.15,2,4.0,True,2026-01-17,2026-01
2429,819,2025-06-12,2025-06-12 16:16:00,Pune,Tier 1,Cash on Delivery,Cancelled,4126.8,7,,,,2025-06
2430,907,2025-06-25,2025-06-25 07:55:00,Nagpur,Tier 2,Credit Card,Delivered,578.0,5,6.0,True,2025-07-01,2025-06
2431,358,2026-06-01,2026-06-01 22:30:00,Patna,Tier 3,Credit Card,Delivered,1370.25,5,4.0,False,2026-06-05,2026-06
2432,1015,2026-03-10,2026-03-10 16:30:00,Jaipur,Tier 2,Credit Card,Delivered,745.0,3,3.0,False,2026-03-13,2026-03
2433,280,2025-09-30,2025-09-30 23:25:00,Nagpur,Tier 2,Cash on Delivery,Delivered,2171.65,7,8.0,True,2025-10-08,2025-09
2434,414,2026-06-29,2026-06-29 03:44:00,Kolkata,Tier 1,Cash on Delivery,RTO,4694.5,5,,,,2026-06
2435,476,2025-12-18,2025-12-18 02:48:00,Patna,Tier 3,Debit Card,Delivered,1319.8,5,6.0,True,2025-12-24,2025-12
2436,793,2025-04-01,2025-04-01 15:02:00,Ahmedabad,Tier 2,Credit Card,Delivered,1114.2,7,7.0,False,2025-04-08,2025-04
2437,1105,2026-01-21,2026-01-21 07:16:00,Lucknow,Tier 2,Cash on Delivery,Delivered,2822.85,4,3.0,False,2026-01-24,2026-01
2438,1194,2025-04-15,2025-04-15 08:39:00,Vadodara,Tier 2,Credit Card,Delivered,4068.85,2,5.0,True,2025-04-20,2025-04
2439,229,2026-03-08,2026-03-08 16:15:00,Nagpur,Tier 2,Net Banking,Returned,1245.8,7,,,,2026-03
2440,198,2025-11-27,2025-11-27 08:16:00,Coimbatore,Tier 2,Cash on Delivery,Delivered,2171.15,2,2.0,False,2025-11-29,2025-11
2441,672,2026-05-16,2026-05-16 20:02:00,Bengaluru,Tier 1,Debit Card,Delivered,2810.95,3,5.0,True,2026-05-21,2026-05
2442,807,2026-02-18,2026-02-18 19:49:00,Hyderabad,Tier 1,UPI,Delivered,9563.0,3,5.0,True,2026-02-23,2026-02
2443,1123,2026-05-21,2026-05-21 06:14:00,Nagpur,Tier 2,Cash on Delivery,Delivered,30559.15,4,5.0,True,2026-05-26,2026-05
2444,721,2025-04-26,2025-04-26 07:01:00,Surat,Tier 2,Credit Card,Delivered,2253.8,3,6.0,True,2025-05-02,2025-04
2445,368,2025-06-21,2025-06-21 05:01:00,Nagpur,Tier 2,UPI,Delivered,3608.15,7,7.0,False,2025-06-28,2025-06
2446,155,2026-06-14,2026-06-14 01:48:00,Indore,Tier 2,Cash on Delivery,Returned,81274.0,7,,,,2026-06
2447,880,2025-06-25,2025-06-25 01:58:00,Jaipur,Tier 2,UPI,Delivered,682.55,5,8.0,True,2025-07-03,2025-06
2448,122,2025-10-17,2025-10-17 14:56:00,Coimbatore,Tier 2,Credit Card,Delivered,978.3,4,5.0,True,2025-10-22,2025-10
2449,808,2025-09-30,2025-09-30 16:53:00,Vadodara,Tier 2,UPI,Delivered,1758.0,3,3.0,False,2025-10-03,2025-09
2450,533,2026-04-18,2026-04-18 08:54:00,Chennai,Tier 1,Credit Card,Delivered,7039.4,5,5.0,False,2026-04-23,2026-04
2451,306,2025-12-09,2025-12-09 10:37:00,Vadodara,Tier 2,UPI,Delivered,29320.25,7,10.0,True,2025-12-19,2025-12
2452,189,2026-05-13,2026-05-13 03:43:00,Bengaluru,Tier 1,UPI,Delivered,47048.6,4,3.0,False,2026-05-16,2026-05
2453,1155,2026-05-22,2026-05-22 18:08:00,Guwahati,Tier 3,UPI,Returned,528.2,4,,,,2026-05
2454,391,2024-12-12,2024-12-12 14:59:00,Kanpur,Tier 2,Credit Card,Delivered,72382.4,4,5.0,True,2024-12-17,2024-12
2455,700,2026-04-08,2026-04-08 16:04:00,Pune,Tier 1,Credit Card,Delivered,38854.9,4,7.0,True,2026-04-15,2026-04
2456,999,2026-03-14,2026-03-14 14:40:00,Coimbatore,Tier 2,Cash on Delivery,Delivered,559.0,4,5.0,True,2026-03-19,2026-03
2457,362,2025-09-29,2025-09-29 04:13:00,Chennai,Tier 1,Credit Card,Delivered,6264.35,5,4.0,False,2025-10-03,2025-09
2458,858,2026-06-16,2026-06-16 09:55:00,Chennai,Tier 1,Cash on Delivery,Delivered,2997.4,5,6.0,True,2026-06-22,2026-06
2459,304,2026-02-12,2026-02-12 03:27:00,Chennai,Tier 1,UPI,Delivered,29368.0,2,2.0,False,2026-02-14,2026-02
2460,114,2025-05-12,2025-05-12 11:37:00,Bengaluru,Tier 1,UPI,Delivered,1118.25,5,8.0,True,2025-05-20,2025-05
2461,1051,2025-08-12,2025-08-12 19:46:00,Vadodara,Tier 2,UPI,Delivered,898.0,5,5.0,False,2025-08-17,2025-08
2462,197,2026-06-01,2026-06-01 12:23:00,Nagpur,Tier 2,Net Banking,Delivered,3214.95,2,1.0,False,2026-06-02,2026-06
2463,777,2025-12-22,2025-12-22 09:23:00,Indore,Tier 2,Credit Card,Delivered,3449.3,5,5.0,False,2025-12-27,2025-12
2464,1155,2026-04-02,2026-04-02 13:35:00,Guwahati,Tier 3,UPI,Returned,4560.75,5,,,,2026-04
2465,1049,2026-03-29,2026-03-29 16:03:00,Hyderabad,Tier 1,Cash on Delivery,Delivered,78069.6,2,4.0,True,2026-04-02,2026-03
2466,1089,2025-10-08,2025-10-08 09:12:00,Kanpur,Tier 2,Credit Card,Delivered,423.0,7,8.0,True,2025-10-16,2025-10
2467,363,2026-06-26,2026-06-26 05:05:00,Ahmedabad,Tier 2,Debit Card,Returned,1593.6,7,,,,2026-06
2468,780,2025-10-02,2025-10-02 01:49:00,Delhi,Tier 1,Debit Card,Cancelled,3426.4,2,,,,2025-10
2469,807,2025-12-31,2025-12-31 18:56:00,Hyderabad,Tier 1,Cash on Delivery,Delivered,635.0,2,1.0,False,2026-01-01,2025-12
2470,628,2025-06-25,2025-06-25 11:50:00,Ahmedabad,Tier 2,Credit Card,RTO,5820.85,2,,,,2025-06
2471,293,2025-07-06,2025-07-06 12:18:00,Chennai,Tier 1,UPI,Delivered,2149.8,3,6.0,True,2025-07-12,2025-07
2472,141,2025-03-08,2025-03-08 05:58:00,Vadodara,Tier 2,Debit Card,Delivered,8013.25,7,8.0,True,2025-03-16,2025-03
2473,34,2025-01-02,2025-01-02 14:33:00,Pune,Tier 1,Net Banking,Delivered,3426.4,3,4.0,True,2025-01-06,2025-01
2474,1055,2025-04-09,2025-04-09 23:00:00,Indore,Tier 2,UPI,Delivered,381.6,3,5.0,True,2025-04-14,2025-04
2475,2,2025-06-18,2025-06-18 09:30:00,Vadodara,Tier 2,UPI,Delivered,42650.65,3,6.0,True,2025-06-24,2025-06
2476,1159,2026-06-15,2026-06-15 13:26:00,Surat,Tier 2,Credit Card,Delivered,2608.25,5,6.0,True,2026-06-21,2026-06
2477,70,2025-09-17,2025-09-17 19:36:00,Pune,Tier 1,UPI,Delivered,507.6,4,6.0,True,2025-09-23,2025-09
2478,610,2026-05-11,2026-05-11 06:50:00,Vadodara,Tier 2,Debit Card,Cancelled,763.3,4,,,,2026-05
2479,442,2026-02-03,2026-02-03 12:19:00,Bengaluru,Tier 1,UPI,Returned,6102.0,7,,,,2026-02
2480,1055,2026-06-23,2026-06-23 12:17:00,Indore,Tier 2,Cash on Delivery,RTO,745.0,2,,,,2026-06
2481,701,2026-06-28,2026-06-28 17:11:00,Patna,Tier 3,Credit Card,Delivered,41112.25,3,3.0,False,2026-07-01,2026-06
2482,895,2025-05-28,2025-05-28 07:29:00,Surat,Tier 2,UPI,Delivered,85869.0,3,5.0,True,2025-06-02,2025-05
2483,1189,2025-12-11,2025-12-11 09:45:00,Delhi,Tier 1,Cash on Delivery,Delivered,8606.7,4,5.0,True,2025-12-16,2025-12
2484,580,2025-12-12,2025-12-12 12:43:00,Nagpur,Tier 2,Debit Card,Delivered,923.95,5,7.0,True,2025-12-19,2025-12
2485,412,2024-12-24,2024-12-24 01:56:00,Jaipur,Tier 2,UPI,Delivered,30475.35,4,5.0,True,2024-12-29,2024-12
2486,878,2025-09-22,2025-09-22 13:58:00,Bhopal,Tier 2,UPI,Delivered,612.0,5,6.0,True,2025-09-28,2025-09
2487,447,2024-11-22,2024-11-22 08:51:00,Kanpur,Tier 2,UPI,Delivered,2257.6,5,6.0,True,2024-11-28,2024-11
2488,1057,2025-10-24,2025-10-24 22:06:00,Ahmedabad,Tier 2,UPI,Delivered,2736.0,7,8.0,True,2025-11-01,2025-10
2489,869,2025-08-25,2025-08-25 10:26:00,Guwahati,Tier 3,Debit Card,Delivered,318.75,2,2.0,False,2025-08-27,2025-08
2490,569,2026-06-07,2026-06-07 06:58:00,Mumbai,Tier 1,Cash on Delivery,Delivered,3693.1,3,3.0,False,2026-06-10,2026-06
2491,521,2026-04-20,2026-04-20 21:37:00,Nagpur,Tier 2,Debit Card,Returned,29653.55,5,,,,2026-04
2492,220,2026-05-07,2026-05-07 23:51:00,Vadodara,Tier 2,Debit Card,Delivered,848.0,2,3.0,True,2026-05-10,2026-05
2493,137,2025-04-24,2025-04-24 04:38:00,Delhi,Tier 1,Credit Card,Delivered,3164.4,7,9.0,True,2025-05-03,2025-04
2494,281,2025-08-11,2025-08-11 19:38:00,Hyderabad,Tier 1,UPI,Delivered,2462.0,4,6.0,True,2025-08-17,2025-08
2495,200,2026-05-20,2026-05-20 03:51:00,Indore,Tier 2,UPI,Delivered,3260.45,4,4.0,False,2026-05-24,2026-05
2496,413,2026-06-07,2026-06-07 01:27:00,Kanpur,Tier 2,UPI,Delivered,35830.5,4,5.0,True,2026-06-12,2026-06
2497,1122,2026-01-29,2026-01-29 14:07:00,Bhopal,Tier 2,Cash on Delivery,Delivered,256.0,4,4.0,False,2026-02-02,2026-01
2498,1136,2024-10-23,2024-10-23 19:08:00,Guwahati,Tier 3,UPI,Delivered,36380.8,2,2.0,False,2024-10-25,2024-10
2499,733,2025-04-24,2025-04-24 06:25:00,Bhopal,Tier 2,Cash on Delivery,Delivered,79288.65,5,8.0,True,2025-05-02,2025-04
2500,575,2025-06-06,2025-06-06 01:43:00,Indore,Tier 2,UPI,Delivered,39489.15,4,6.0,True,2025-06-12,2025-06
2501,364,2025-12-29,2025-12-29 15:02:00,Hyderabad,Tier 1,Credit Card,Delivered,7149.0,3,3.0,False,2026-01-01,2025-12
2502,759,2026-04-10,2026-04-10 02:54:00,Lucknow,Tier 2,Credit Card,Delivered,3313.75,3,3.0,False,2026-04-13,2026-04
2503,1026,2025-03-15,2025-03-15 00:40:00,Kanpur,Tier 2,UPI,Delivered,1722.95,2,4.0,True,2025-03-19,2025-03
2504,9,2025-12-28,2025-12-28 15:52:00,Hyderabad,Tier 1,Cash on Delivery,Delivered,1318.4,2,2.0,False,2025-12-30,2025-12
2505,511,2025-11-17,2025-11-17 05:25:00,Indore,Tier 2,UPI,Returned,3731.1,3,,,,2025-11
2506,338,2026-05-23,2026-05-23 01:19:00,Nagpur,Tier 2,Cash on Delivery,Delivered,675.7,4,4.0,False,2026-05-27,2026-05
2507,352,2025-07-23,2025-07-23 19:14:00,Mumbai,Tier 1,UPI,Delivered,5871.95,3,2.0,False,2025-07-25,2025-07
2508,954,2025-07-21,2025-07-21 15:45:00,Surat,Tier 2,UPI,RTO,1070.0,2,,,,2025-07
2509,325,2026-04-25,2026-04-25 17:57:00,Chennai,Tier 1,UPI,Delivered,34066.25,3,3.0,False,2026-04-28,2026-04
2510,898,2026-05-18,2026-05-18 14:00:00,Guwahati,Tier 3,UPI,RTO,68351.9,7,,,,2026-05
2511,252,2025-07-06,2025-07-06 17:57:00,Bhopal,Tier 2,Cash on Delivery,Returned,21246.75,2,,,,2025-07
2512,1055,2026-02-24,2026-02-24 20:53:00,Indore,Tier 2,UPI,Delivered,459.75,4,3.0,False,2026-02-27,2026-02
2513,1186,2026-04-11,2026-04-11 19:06:00,Jaipur,Tier 2,Cash on Delivery,Delivered,1680.55,2,2.0,False,2026-04-13,2026-04
2514,438,2026-06-01,2026-06-01 21:22:00,Nagpur,Tier 2,UPI,RTO,2949.85,3,,,,2026-06
2515,675,2026-01-14,2026-01-14 20:04:00,Bhopal,Tier 2,Credit Card,Delivered,12703.15,4,4.0,False,2026-01-18,2026-01
2516,1025,2026-06-24,2026-06-24 23:21:00,Ahmedabad,Tier 2,UPI,Cancelled,142485.85,7,,,,2026-06
2517,1007,2024-12-11,2024-12-11 12:11:00,Bhopal,Tier 2,Credit Card,Delivered,3377.0,5,4.0,False,2024-12-15,2024-12
2518,891,2026-06-04,2026-06-04 04:59:00,Pune,Tier 1,Debit Card,Returned,7441.6,7,,,,2026-06
2519,293,2026-06-29,2026-06-29 00:47:00,Chennai,Tier 1,UPI,Delivered,4295.9,7,7.0,False,2026-07-06,2026-06
2520,391,2025-08-27,2025-08-27 18:00:00,Kanpur,Tier 2,UPI,Delivered,42666.4,3,6.0,True,2025-09-02,2025-08
2521,456,2025-12-15,2025-12-15 12:42:00,Bhopal,Tier 2,Credit Card,Delivered,919.5,5,8.0,True,2025-12-23,2025-12
2522,1151,2026-04-26,2026-04-26 15:50:00,Lucknow,Tier 2,UPI,Delivered,3801.4,2,3.0,True,2026-04-29,2026-04
2523,438,2026-06-13,2026-06-13 20:41:00,Nagpur,Tier 2,Debit Card,RTO,124089.4,7,,,,2026-06
2524,948,2026-06-19,2026-06-19 12:44:00,Indore,Tier 2,Debit Card,Cancelled,42048.0,4,,,,2026-06
2525,253,2026-02-20,2026-02-20 16:50:00,Kanpur,Tier 2,Debit Card,Returned,2329.85,2,,,,2026-02
2526,1075,2026-05-10,2026-05-10 14:47:00,Kolkata,Tier 1,Cash on Delivery,Delivered,4472.25,7,7.0,False,2026-05-17,2026-05
2527,231,2026-06-14,2026-06-14 03:31:00,Surat,Tier 2,Credit Card,RTO,75207.6,5,,,,2026-06
2528,184,2026-04-01,2026-04-01 19:15:00,Hyderabad,Tier 1,Cash on Delivery,Delivered,36431.8,3,3.0,False,2026-04-04,2026-04
2529,349,2026-06-01,2026-06-01 12:38:00,Delhi,Tier 1,Credit Card,Cancelled,1727.0,7,,,,2026-06
2530,3,2025-09-11,2025-09-11 01:44:00,Pune,Tier 1,Cash on Delivery,Delivered,2689.0,5,8.0,True,2025-09-19,2025-09
2531,482,2026-05-23,2026-05-23 18:05:00,Coimbatore,Tier 2,Credit Card,Cancelled,2921.85,3,,,,2026-05
2532,367,2026-06-09,2026-06-09 02:15:00,Pune,Tier 1,Credit Card,RTO,47051.6,4,,,,2026-06
2533,1022,2026-03-23,2026-03-23 07:21:00,Guwahati,Tier 3,UPI,Delivered,4311.0,4,7.0,True,2026-03-30,2026-03
2534,977,2026-04-13,2026-04-13 03:07:00,Kolkata,Tier 1,Credit Card,Delivered,389.5,4,5.0,True,2026-04-18,2026-04
2535,728,2025-02-17,2025-02-17 14:14:00,Hyderabad,Tier 1,Cash on Delivery,Cancelled,21631.5,7,,,,2025-02
2536,380,2025-12-29,2025-12-29 10:57:00,Nagpur,Tier 2,Net Banking,Delivered,1370.25,4,5.0,True,2026-01-03,2025-12
2537,918,2026-05-25,2026-05-25 22:42:00,Bhopal,Tier 2,Debit Card,Delivered,2081.75,3,4.0,True,2026-05-29,2026-05
2538,236,2025-10-06,2025-10-06 09:41:00,Bengaluru,Tier 1,UPI,Delivered,1692.0,2,3.0,True,2025-10-09,2025-10
2539,1027,2026-05-18,2026-05-18 11:02:00,Indore,Tier 2,UPI,Cancelled,41099.75,5,,,,2026-05
2540,514,2026-01-16,2026-01-16 19:16:00,Bengaluru,Tier 1,UPI,Delivered,31331.25,2,3.0,True,2026-01-19,2026-01
2541,1099,2025-11-20,2025-11-20 00:25:00,Hyderabad,Tier 1,Net Banking,Cancelled,72928.8,4,,,,2025-11
2542,768,2026-06-10,2026-06-10 03:03:00,Delhi,Tier 1,UPI,RTO,919.5,4,,,,2026-06
2543,1078,2025-12-24,2025-12-24 06:22:00,Kolkata,Tier 1,Cash on Delivery,Delivered,76192.0,2,2.0,False,2025-12-26,2025-12
2544,93,2026-05-22,2026-05-22 17:56:00,Delhi,Tier 1,Debit Card,Returned,3060.0,7,,,,2026-05
2545,500,2025-08-20,2025-08-20 11:28:00,Bengaluru,Tier 1,UPI,Delivered,1019.0,2,2.0,False,2025-08-22,2025-08
2546,472,2025-02-02,2025-02-02 22:31:00,Mumbai,Tier 1,Cash on Delivery,Delivered,568.0,2,4.0,True,2025-02-06,2025-02
2547,1118,2025-04-21,2025-04-21 21:10:00,Bhopal,Tier 2,UPI,Delivered,3321.3,2,2.0,False,2025-04-23,2025-04
2548,721,2025-10-16,2025-10-16 22:16:00,Surat,Tier 2,Debit Card,Delivered,4496.1,5,5.0,False,2025-10-21,2025-10
2549,1146,2026-06-12,2026-06-12 14:15:00,Ahmedabad,Tier 2,UPI,Returned,768.0,7,,,,2026-06
2550,718,2025-10-03,2025-10-03 08:30:00,Guwahati,Tier 3,UPI,Returned,1378.05,2,,,,2025-10
2551,525,2026-05-16,2026-05-16 18:49:00,Ghaziabad,Tier 3,UPI,Delivered,31289.4,2,2.0,False,2026-05-18,2026-05
2552,910,2024-02-05,2024-02-05 05:10:00,Hyderabad,Tier 1,Debit Card,Delivered,642.4,7,6.0,False,2024-02-11,2024-02
2553,980,2025-11-15,2025-11-15 13:16:00,Ghaziabad,Tier 3,Cash on Delivery,Returned,24385.65,4,,,,2025-11
2554,736,2025-12-14,2025-12-14 06:13:00,Delhi,Tier 1,UPI,Returned,302.0,3,,,,2025-12
2555,486,2026-01-24,2026-01-24 10:38:00,Ghaziabad,Tier 3,UPI,Delivered,1992.4,7,7.0,False,2026-01-31,2026-01
2556,706,2026-03-19,2026-03-19 20:39:00,Hyderabad,Tier 1,Debit Card,Delivered,42581.0,4,4.0,False,2026-03-23,2026-03
2557,693,2024-11-01,2024-11-01 02:52:00,Coimbatore,Tier 2,Cash on Delivery,Cancelled,41062.5,7,,,,2024-11
2558,89,2025-06-25,2025-06-25 09:07:00,Ahmedabad,Tier 2,UPI,Delivered,7068.6,5,5.0,False,2025-06-30,2025-06
2559,1121,2025-09-04,2025-09-04 03:18:00,Vadodara,Tier 2,UPI,Delivered,2344.0,2,2.0,False,2025-09-06,2025-09
2560,706,2026-03-31,2026-03-31 09:56:00,Hyderabad,Tier 1,UPI,Delivered,3348.0,7,9.0,True,2026-04-09,2026-03
2561,698,2025-09-27,2025-09-27 11:39:00,Kolkata,Tier 1,Credit Card,Delivered,4445.0,3,5.0,True,2025-10-02,2025-09
2562,1086,2026-04-26,2026-04-26 21:20:00,Pune,Tier 1,Cash on Delivery,Cancelled,132747.7,3,,,,2026-04
2563,903,2025-11-15,2025-11-15 23:07:00,Delhi,Tier 1,Debit Card,Delivered,20412.95,5,5.0,False,2025-11-20,2025-11
2564,615,2026-06-13,2026-06-13 07:18:00,Surat,Tier 2,Credit Card,Delivered,4709.1,5,5.0,False,2026-06-18,2026-06
2565,281,2025-12-26,2025-12-26 07:49:00,Hyderabad,Tier 1,UPI,Delivered,2988.9,3,3.0,False,2025-12-29,2025-12
2566,792,2026-03-18,2026-03-18 13:28:00,Nagpur,Tier 2,Net Banking,Delivered,768.0,7,7.0,False,2026-03-25,2026-03
2567,706,2026-06-26,2026-06-26 15:40:00,Hyderabad,Tier 1,Cash on Delivery,RTO,3275.25,4,,,,2026-06
2568,1158,2026-02-27,2026-02-27 17:44:00,Lucknow,Tier 2,Credit Card,Delivered,19019.6,3,4.0,True,2026-03-03,2026-02
2569,531,2026-05-20,2026-05-20 01:01:00,Delhi,Tier 1,Cash on Delivery,Delivered,10186.5,7,10.0,True,2026-05-30,2026-05
2570,1078,2024-08-22,2024-08-22 09:51:00,Kolkata,Tier 1,Net Banking,Delivered,1621.6,4,5.0,True,2024-08-27,2024-08
2571,502,2025-12-30,2025-12-30 13:47:00,Indore,Tier 2,Cash on Delivery,Returned,2751.8,3,,,,2025-12
2572,428,2025-08-26,2025-08-26 17:20:00,Bhopal,Tier 2,UPI,Returned,41901.8,5,,,,2025-08
2573,726,2026-02-15,2026-02-15 06:42:00,Surat,Tier 2,UPI,Returned,20423.8,4,,,,2026-02
2574,1140,2025-02-20,2025-02-20 20:56:00,Guwahati,Tier 3,UPI,Delivered,80395.6,2,4.0,True,2025-02-24,2025-02
2575,171,2025-07-11,2025-07-11 21:05:00,Mumbai,Tier 1,UPI,Returned,205.0,4,,,,2025-07
2576,660,2026-02-10,2026-02-10 15:54:00,Ghaziabad,Tier 3,UPI,Returned,3909.6,7,,,,2026-02
2577,306,2025-11-11,2025-11-11 21:36:00,Vadodara,Tier 2,Debit Card,Cancelled,19356.9,3,,,,2025-11
2578,89,2026-05-27,2026-05-27 02:15:00,Ahmedabad,Tier 2,Cash on Delivery,Delivered,69380.3,7,8.0,True,2026-06-04,2026-05
2579,31,2026-05-13,2026-05-13 11:17:00,Hyderabad,Tier 1,UPI,RTO,3578.7,7,,,,2026-05
2580,1037,2025-09-11,2025-09-11 11:18:00,Vadodara,Tier 2,Credit Card,Delivered,1070.0,2,1.0,False,2025-09-12,2025-09
2581,1149,2026-06-16,2026-06-16 13:31:00,Ahmedabad,Tier 2,UPI,Delivered,2394.6,7,6.0,False,2026-06-22,2026-06
2582,126,2025-08-24,2025-08-24 23:01:00,Lucknow,Tier 2,UPI,Delivered,56658.0,3,3.0,False,2025-08-27,2025-08
2583,678,2026-01-21,2026-01-21 04:26:00,Kanpur,Tier 2,Credit Card,Returned,19126.0,3,,,,2026-01
2584,1177,2026-06-25,2026-06-25 21:11:00,Guwahati,Tier 3,Debit Card,Delivered,375.0,5,5.0,False,2026-06-30,2026-06
2585,432,2026-05-25,2026-05-25 16:52:00,Ahmedabad,Tier 2,Debit Card,Cancelled,69237.9,3,,,,2026-05
2586,44,2026-06-08,2026-06-08 03:04:00,Mumbai,Tier 1,Credit Card,Delivered,4068.85,5,5.0,False,2026-06-13,2026-06
2587,325,2025-08-09,2025-08-09 02:19:00,Chennai,Tier 1,Cash on Delivery,Cancelled,6741.0,2,,,,2025-08
2588,610,2026-04-02,2026-04-02 16:25:00,Vadodara,Tier 2,Cash on Delivery,Delivered,3640.55,7,8.0,True,2026-04-10,2026-04
2589,1023,2026-06-01,2026-06-01 00:01:00,Indore,Tier 2,Net Banking,Delivered,1992.0,3,5.0,True,2026-06-06,2026-06
2590,827,2026-02-27,2026-02-27 17:23:00,Kolkata,Tier 1,UPI,RTO,613.0,7,,,,2026-02
2591,682,2026-04-21,2026-04-21 09:04:00,Hyderabad,Tier 1,UPI,RTO,28329.0,7,,,,2026-04
2592,91,2024-10-21,2024-10-21 13:04:00,Coimbatore,Tier 2,Debit Card,Delivered,4982.75,3,3.0,False,2024-10-24,2024-10
2593,872,2024-10-15,2024-10-15 18:38:00,Delhi,Tier 1,Credit Card,Cancelled,11983.9,5,,,,2024-10
2594,368,2025-08-08,2025-08-08 06:46:00,Nagpur,Tier 2,UPI,Delivered,2822.85,2,1.0,False,2025-08-09,2025-08
2595,599,2024-10-21,2024-10-21 09:53:00,Kolkata,Tier 1,UPI,Delivered,1670.1,2,2.0,False,2024-10-23,2024-10
2596,382,2026-05-09,2026-05-09 11:21:00,Bhopal,Tier 2,Credit Card,RTO,1787.25,3,,,,2026-05
2597,796,2026-05-12,2026-05-12 21:08:00,Coimbatore,Tier 2,UPI,Returned,43794.0,7,,,,2026-05
2598,1055,2026-03-01,2026-03-01 15:27:00,Indore,Tier 2,Debit Card,Delivered,40046.65,3,3.0,False,2026-03-04,2026-03
2599,571,2025-11-12,2025-11-12 18:14:00,Nagpur,Tier 2,Credit Card,Cancelled,40823.3,2,,,,2025-11
2600,567,2025-07-05,2025-07-05 11:07:00,Surat,Tier 2,UPI,Cancelled,304.0,5,,,,2025-07
2601,1158,2026-04-12,2026-04-12 08:07:00,Lucknow,Tier 2,Credit Card,Delivered,30116.8,3,3.0,False,2026-04-15,2026-04
2602,775,2026-01-26,2026-01-26 15:51:00,Nagpur,Tier 2,Credit Card,Delivered,70964.9,3,5.0,True,2026-01-31,2026-01
2603,151,2026-06-19,2026-06-19 04:02:00,Surat,Tier 2,Cash on Delivery,Delivered,6532.95,2,3.0,True,2026-06-22,2026-06
2604,504,2025-09-18,2025-09-18 00:26:00,Delhi,Tier 1,Credit Card,Delivered,114314.0,4,4.0,False,2025-09-22,2025-09
2605,151,2026-04-13,2026-04-13 17:42:00,Surat,Tier 2,UPI,Delivered,1595.0,4,5.0,True,2026-04-18,2026-04
2606,527,2025-09-03,2025-09-03 01:28:00,Delhi,Tier 1,Cash on Delivery,RTO,4416.8,5,,,,2025-09
2607,787,2026-04-30,2026-04-30 22:32:00,Patna,Tier 3,Credit Card,Delivered,40490.0,2,1.0,False,2026-05-01,2026-04
2608,1167,2026-06-13,2026-06-13 01:29:00,Bhopal,Tier 2,UPI,RTO,81557.0,5,,,,2026-06
2609,595,2024-10-01,2024-10-01 03:50:00,Kolkata,Tier 1,UPI,Delivered,318.0,7,6.0,False,2024-10-07,2024-10
2610,533,2026-01-28,2026-01-28 03:56:00,Chennai,Tier 1,Cash on Delivery,Delivered,8415.3,3,4.0,True,2026-02-01,2026-01
2611,208,2025-11-15,2025-11-15 15:03:00,Delhi,Tier 1,UPI,Returned,38149.0,2,,,,2025-11
2612,1124,2026-04-30,2026-04-30 16:29:00,Hyderabad,Tier 1,Net Banking,Delivered,3747.0,2,3.0,True,2026-05-03,2026-04
2613,642,2026-03-29,2026-03-29 09:14:00,Ghaziabad,Tier 3,UPI,RTO,232.8,5,,,,2026-03
2614,104,2025-10-27,2025-10-27 18:39:00,Pune,Tier 1,Debit Card,Delivered,1596.0,3,2.0,False,2025-10-29,2025-10
2615,486,2025-09-14,2025-09-14 07:32:00,Ghaziabad,Tier 3,Net Banking,Delivered,680.0,4,6.0,True,2025-09-20,2025-09
2616,1008,2026-05-03,2026-05-03 05:18:00,Surat,Tier 2,UPI,Delivered,2406.6,3,3.0,False,2026-05-06,2026-05
2617,1046,2025-10-02,2025-10-02 02:52:00,Patna,Tier 3,Cash on Delivery,Delivered,1941.0,3,6.0,True,2025-10-08,2025-10
2618,1089,2026-03-19,2026-03-19 19:05:00,Kanpur,Tier 2,UPI,Delivered,764.25,4,4.0,False,2026-03-23,2026-03
2619,759,2025-10-04,2025-10-04 11:56:00,Lucknow,Tier 2,Net Banking,Delivered,3372.8,3,5.0,True,2025-10-09,2025-10
2620,979,2026-03-14,2026-03-14 10:05:00,Patna,Tier 3,Debit Card,Returned,34175.95,4,,,,2026-03
2621,892,2025-10-26,2025-10-26 20:04:00,Ahmedabad,Tier 2,Credit Card,Delivered,2400.85,5,5.0,False,2025-10-31,2025-10
2622,796,2024-08-03,2024-08-03 01:23:00,Coimbatore,Tier 2,UPI,Delivered,58851.9,4,4.0,False,2024-08-07,2024-08
2623,256,2026-01-18,2026-01-18 08:42:00,Bengaluru,Tier 1,UPI,Delivered,164.0,2,3.0,True,2026-01-21,2026-01
2624,1019,2026-06-22,2026-06-22 19:36:00,Indore,Tier 2,Debit Card,RTO,291.0,7,,,,2026-06
2625,1032,2026-03-31,2026-03-31 10:20:00,Ghaziabad,Tier 3,Credit Card,Delivered,81645.0,7,8.0,True,2026-04-08,2026-03
2626,82,2024-12-06,2024-12-06 17:06:00,Pune,Tier 1,Cash on Delivery,Delivered,82344.0,3,3.0,False,2024-12-09,2024-12
2627,973,2025-08-02,2025-08-02 11:35:00,Patna,Tier 3,Credit Card,Delivered,4471.7,3,2.0,False,2025-08-04,2025-08
2628,222,2025-08-15,2025-08-15 00:59:00,Delhi,Tier 1,UPI,Delivered,36933.4,4,5.0,True,2025-08-20,2025-08
2629,470,2024-08-26,2024-08-26 11:11:00,Bhopal,Tier 2,Debit Card,Delivered,3465.0,4,5.0,True,2024-08-31,2024-08
2630,680,2026-03-21,2026-03-21 12:16:00,Jaipur,Tier 2,UPI,Cancelled,610.0,2,,,,2026-03
2631,446,2025-09-04,2025-09-04 00:24:00,Mumbai,Tier 1,Credit Card,Cancelled,2462.4,7,,,,2025-09
2632,1023,2025-09-29,2025-09-29 04:47:00,Indore,Tier 2,Credit Card,Returned,5236.95,7,,,,2025-09
2633,716,2026-05-30,2026-05-30 20:55:00,Ghaziabad,Tier 3,Debit Card,Delivered,13447.0,2,1.0,False,2026-05-31,2026-05
2634,44,2026-06-21,2026-06-21 08:01:00,Mumbai,Tier 1,UPI,Delivered,73676.3,3,5.0,True,2026-06-26,2026-06
2635,337,2025-04-27,2025-04-27 02:48:00,Bengaluru,Tier 1,UPI,Delivered,7288.05,7,7.0,False,2025-05-04,2025-04
2636,192,2026-04-04,2026-04-04 04:23:00,Patna,Tier 3,Cash on Delivery,Returned,2129.2,2,,,,2026-04
2637,850,2024-11-22,2024-11-22 04:23:00,Ghaziabad,Tier 3,Debit Card,Delivered,4720.5,3,4.0,True,2024-11-26,2024-11
2638,1147,2025-07-20,2025-07-20 04:29:00,Lucknow,Tier 2,Credit Card,Delivered,15300.8,2,5.0,True,2025-07-25,2025-07
2639,971,2026-06-28,2026-06-28 08:36:00,Patna,Tier 3,Debit Card,Delivered,16257.1,7,8.0,True,2026-07-06,2026-06
2640,171,2026-04-13,2026-04-13 23:32:00,Mumbai,Tier 1,UPI,Delivered,3471.15,3,6.0,True,2026-04-19,2026-04
2641,534,2025-05-09,2025-05-09 16:14:00,Indore,Tier 2,Cash on Delivery,Delivered,16037.75,5,7.0,True,2025-05-16,2025-05
2642,571,2025-04-06,2025-04-06 14:26:00,Nagpur,Tier 2,Debit Card,Delivered,35213.2,4,5.0,True,2025-04-11,2025-04
2643,715,2025-02-21,2025-02-21 02:10:00,Nagpur,Tier 2,UPI,Delivered,113511.0,4,3.0,False,2025-02-24,2025-02
2644,944,2025-06-18,2025-06-18 22:55:00,Guwahati,Tier 3,Credit Card,Delivered,34894.15,7,8.0,True,2025-06-26,2025-06
2645,472,2024-08-27,2024-08-27 16:45:00,Mumbai,Tier 1,Credit Card,Delivered,1667.45,4,5.0,True,2024-09-01,2024-08
2646,722,2026-04-24,2026-04-24 07:52:00,Indore,Tier 2,Cash on Delivery,Returned,898.0,5,,,,2026-04
2647,463,2026-02-13,2026-02-13 06:38:00,Ahmedabad,Tier 2,Net Banking,Delivered,38669.15,3,5.0,True,2026-02-18,2026-02
2648,391,2024-11-16,2024-11-16 15:28:00,Kanpur,Tier 2,UPI,RTO,1981.8,7,,,,2024-11
2649,1104,2026-04-20,2026-04-20 18:42:00,Bhopal,Tier 2,Cash on Delivery,Delivered,5201.8,2,3.0,True,2026-04-23,2026-04
2650,1084,2025-12-07,2025-12-07 00:35:00,Kolkata,Tier 1,Credit Card,Cancelled,2839.0,7,,,,2025-12
2651,472,2025-03-12,2025-03-12 01:30:00,Mumbai,Tier 1,UPI,Cancelled,288.8,2,,,,2025-03
2652,918,2026-02-24,2026-02-24 19:30:00,Bhopal,Tier 2,Cash on Delivery,Delivered,2735.1,7,8.0,True,2026-03-04,2026-02
2653,472,2024-04-28,2024-04-28 05:43:00,Mumbai,Tier 1,Credit Card,Returned,10276.0,2,,,,2024-04
2654,826,2026-01-16,2026-01-16 01:30:00,Ahmedabad,Tier 2,UPI,Delivered,70091.0,7,8.0,True,2026-01-24,2026-01
2655,536,2026-01-21,2026-01-21 05:15:00,Kanpur,Tier 2,Cash on Delivery,Cancelled,5652.15,2,,,,2026-01
2656,681,2026-04-12,2026-04-12 10:51:00,Chennai,Tier 1,Cash on Delivery,Cancelled,32756.5,7,,,,2026-04
2657,628,2024-07-13,2024-07-13 06:10:00,Ahmedabad,Tier 2,UPI,Delivered,5479.8,2,5.0,True,2024-07-18,2024-07
2658,736,2026-02-07,2026-02-07 00:10:00,Delhi,Tier 1,UPI,RTO,36428.75,7,,,,2026-02
2659,265,2026-06-17,2026-06-17 10:21:00,Kolkata,Tier 1,Credit Card,Returned,41343.75,4,,,,2026-06
2660,680,2026-05-14,2026-05-14 14:11:00,Jaipur,Tier 2,UPI,Delivered,6411.2,4,4.0,False,2026-05-18,2026-05
2661,615,2026-03-16,2026-03-16 03:18:00,Surat,Tier 2,Debit Card,RTO,1027.9,7,,,,2026-03
2662,679,2025-12-01,2025-12-01 21:20:00,Bengaluru,Tier 1,Debit Card,Delivered,1279.6,4,4.0,False,2025-12-05,2025-12
2663,1115,2025-08-11,2025-08-11 19:55:00,Ghaziabad,Tier 3,Cash on Delivery,Delivered,34655.8,7,8.0,True,2025-08-19,2025-08
2664,1091,2026-05-16,2026-05-16 10:28:00,Delhi,Tier 1,Debit Card,Delivered,12604.3,2,5.0,True,2026-05-21,2026-05
2665,479,2026-04-03,2026-04-03 07:41:00,Jaipur,Tier 2,Credit Card,Cancelled,593.25,3,,,,2026-04
2666,119,2025-08-14,2025-08-14 18:13:00,Surat,Tier 2,Credit Card,Delivered,3307.0,4,4.0,False,2025-08-18,2025-08
2667,918,2026-05-14,2026-05-14 17:00:00,Bhopal,Tier 2,Credit Card,Delivered,2554.55,5,6.0,True,2026-05-20,2026-05
2668,1089,2025-10-16,2025-10-16 16:53:00,Kanpur,Tier 2,UPI,Delivered,7314.4,2,2.0,False,2025-10-18,2025-10
2669,764,2026-03-24,2026-03-24 23:10:00,Delhi,Tier 1,Cash on Delivery,Delivered,12730.8,3,2.0,False,2026-03-26,2026-03
2670,864,2025-07-24,2025-07-24 17:49:00,Lucknow,Tier 2,Credit Card,Delivered,1386.0,4,4.0,False,2025-07-28,2025-07
2671,1181,2024-06-13,2024-06-13 22:19:00,Ghaziabad,Tier 3,UPI,Delivered,4344.0,4,7.0,True,2024-06-20,2024-06
2672,679,2026-04-17,2026-04-17 06:26:00,Bengaluru,Tier 1,Debit Card,Returned,1309.3,2,,,,2026-04
2673,1125,2026-05-25,2026-05-25 07:52:00,Ahmedabad,Tier 2,UPI,Returned,39615.4,7,,,,2026-05
2674,610,2026-06-15,2026-06-15 19:54:00,Vadodara,Tier 2,Cash on Delivery,Delivered,83692.0,5,4.0,False,2026-06-19,2026-06
2675,801,2024-06-11,2024-06-11 15:17:00,Patna,Tier 3,UPI,Delivered,476.25,2,1.0,False,2024-06-12,2024-06
2676,273,2025-06-21,2025-06-21 23:37:00,Bhopal,Tier 2,Debit Card,Delivered,3512.7,2,4.0,True,2025-06-25,2025-06
2677,681,2025-06-22,2025-06-22 16:58:00,Chennai,Tier 1,Credit Card,Returned,2025.55,5,,,,2025-06
2678,982,2026-05-16,2026-05-16 15:51:00,Delhi,Tier 1,Cash on Delivery,Delivered,1226.0,5,5.0,False,2026-05-21,2026-05
2679,447,2025-10-27,2025-10-27 04:18:00,Kanpur,Tier 2,Credit Card,RTO,2689.0,5,,,,2025-10
2680,1105,2026-05-28,2026-05-28 11:56:00,Lucknow,Tier 2,Debit Card,Delivered,2490.75,3,5.0,True,2026-06-02,2026-05
2681,972,2025-11-17,2025-11-17 22:16:00,Surat,Tier 2,Credit Card,Returned,21257.2,3,,,,2025-11
2682,608,2025-10-04,2025-10-04 18:53:00,Guwahati,Tier 3,Cash on Delivery,Delivered,4390.8,2,5.0,True,2025-10-09,2025-10
2683,274,2026-05-28,2026-05-28 03:13:00,Pune,Tier 1,Debit Card,Delivered,551.7,4,6.0,True,2026-06-03,2026-05
2684,257,2026-03-06,2026-03-06 15:04:00,Bengaluru,Tier 1,Cash on Delivery,Delivered,62589.2,5,4.0,False,2026-03-10,2026-03
2685,1172,2024-11-27,2024-11-27 10:26:00,Patna,Tier 3,Credit Card,Delivered,441.0,5,6.0,True,2024-12-03,2024-11
2686,700,2026-01-27,2026-01-27 14:41:00,Pune,Tier 1,Credit Card,Delivered,65441.35,4,7.0,True,2026-02-03,2026-01
2687,492,2026-06-17,2026-06-17 12:25:00,Nagpur,Tier 2,Credit Card,Delivered,40516.0,2,3.0,True,2026-06-20,2026-06
2688,155,2026-04-15,2026-04-15 04:37:00,Indore,Tier 2,UPI,Delivered,2745.0,7,7.0,False,2026-04-22,2026-04
2689,236,2026-04-19,2026-04-19 17:32:00,Bengaluru,Tier 1,Cash on Delivery,Delivered,2215.8,3,3.0,False,2026-04-22,2026-04
2690,924,2026-04-20,2026-04-20 13:04:00,Surat,Tier 2,Debit Card,Returned,375.0,7,,,,2026-04
2691,575,2026-05-24,2026-05-24 17:29:00,Indore,Tier 2,UPI,Returned,9441.0,2,,,,2026-05
2692,882,2026-06-01,2026-06-01 12:51:00,Ghaziabad,Tier 3,UPI,Delivered,1738.5,7,6.0,False,2026-06-07,2026-06
2693,376,2024-12-26,2024-12-26 05:51:00,Bhopal,Tier 2,UPI,Delivered,36241.55,7,7.0,False,2025-01-02,2024-12
2694,1167,2026-02-05,2026-02-05 00:57:00,Bhopal,Tier 2,UPI,Delivered,1834.2,2,4.0,True,2026-02-09,2026-02
2695,413,2026-06-11,2026-06-11 08:32:00,Kanpur,Tier 2,UPI,Delivered,2027.0,4,5.0,True,2026-06-16,2026-06
2696,341,2025-10-05,2025-10-05 18:25:00,Pune,Tier 1,UPI,Delivered,825.75,4,5.0,True,2025-10-10,2025-10
2697,1104,2026-05-25,2026-05-25 22:33:00,Bhopal,Tier 2,UPI,Delivered,101920.1,3,4.0,True,2026-05-29,2026-05
2698,701,2026-05-19,2026-05-19 12:27:00,Patna,Tier 3,Credit Card,Cancelled,5960.75,4,,,,2026-05
2699,836,2024-08-16,2024-08-16 14:41:00,Patna,Tier 3,Cash on Delivery,Delivered,2839.0,2,2.0,False,2024-08-18,2024-08
2700,906,2025-12-06,2025-12-06 04:16:00,Lucknow,Tier 2,Cash on Delivery,Delivered,413.0,7,7.0,False,2025-12-13,2025-12
2701,1029,2025-05-27,2025-05-27 21:59:00,Bhopal,Tier 2,UPI,Delivered,410.0,5,8.0,True,2025-06-04,2025-05
2702,70,2025-08-06,2025-08-06 13:30:00,Pune,Tier 1,Debit Card,Cancelled,123181.0,3,,,,2025-08
2703,500,2026-05-02,2026-05-02 02:38:00,Bengaluru,Tier 1,UPI,RTO,10521.5,7,,,,2026-05
2704,306,2026-05-24,2026-05-24 14:10:00,Vadodara,Tier 2,Cash on Delivery,Delivered,1037.0,2,1.0,False,2026-05-25,2026-05
2705,536,2026-06-17,2026-06-17 08:57:00,Kanpur,Tier 2,Debit Card,Delivered,2683.8,5,5.0,False,2026-06-22,2026-06
2706,496,2024-07-22,2024-07-22 01:06:00,Mumbai,Tier 1,UPI,Delivered,21257.2,7,7.0,False,2024-07-29,2024-07
2707,449,2026-05-20,2026-05-20 11:02:00,Bhopal,Tier 2,UPI,Delivered,556.0,4,4.0,False,2026-05-24,2026-05
2708,1075,2025-11-20,2025-11-20 08:00:00,Kolkata,Tier 1,UPI,Delivered,978.3,2,3.0,True,2025-11-23,2025-11
2709,1141,2026-06-20,2026-06-20 05:03:00,Kanpur,Tier 2,Cash on Delivery,Delivered,1909.95,2,5.0,True,2026-06-25,2026-06
2710,998,2025-07-04,2025-07-04 11:00:00,Indore,Tier 2,Cash on Delivery,RTO,7029.65,7,,,,2025-07
2711,1043,2026-05-28,2026-05-28 18:38:00,Mumbai,Tier 1,UPI,Delivered,821.75,2,1.0,False,2026-05-29,2026-05
2712,257,2026-05-30,2026-05-30 00:29:00,Bengaluru,Tier 1,UPI,Delivered,8747.5,3,6.0,True,2026-06-05,2026-05
2713,679,2026-03-16,2026-03-16 20:41:00,Bengaluru,Tier 1,Credit Card,Delivered,3080.0,2,5.0,True,2026-03-21,2026-03
2714,448,2025-02-12,2025-02-12 14:22:00,Indore,Tier 2,Cash on Delivery,Delivered,1944.0,4,7.0,True,2025-02-19,2025-02
2715,1199,2025-11-05,2025-11-05 05:58:00,Kolkata,Tier 1,UPI,Delivered,1062.1,7,7.0,False,2025-11-12,2025-11
2716,56,2026-06-13,2026-06-13 23:55:00,Indore,Tier 2,Debit Card,Delivered,4515.0,2,3.0,True,2026-06-16,2026-06
2717,406,2026-04-21,2026-04-21 20:06:00,Kolkata,Tier 1,Cash on Delivery,Delivered,67633.8,7,7.0,False,2026-04-28,2026-04
2718,808,2025-11-21,2025-11-21 14:30:00,Vadodara,Tier 2,UPI,Delivered,14855.0,7,7.0,False,2025-11-28,2025-11
2719,432,2025-05-11,2025-05-11 14:22:00,Ahmedabad,Tier 2,UPI,Cancelled,1143.0,4,,,,2025-05
2720,848,2025-01-25,2025-01-25 02:50:00,Lucknow,Tier 2,UPI,RTO,2255.5,7,,,,2025-01
2721,685,2026-04-10,2026-04-10 01:00:00,Pune,Tier 1,UPI,RTO,2697.05,5,,,,2026-04
2722,140,2026-04-14,2026-04-14 09:16:00,Patna,Tier 3,Cash on Delivery,Delivered,26376.9,3,3.0,False,2026-04-17,2026-04
2723,632,2024-11-28,2024-11-28 20:03:00,Kolkata,Tier 1,Debit Card,Delivered,65008.5,5,5.0,False,2024-12-03,2024-11
2724,811,2026-03-04,2026-03-04 05:29:00,Coimbatore,Tier 2,UPI,Delivered,2168.1,5,5.0,False,2026-03-09,2026-03
2725,792,2025-07-15,2025-07-15 19:58:00,Nagpur,Tier 2,UPI,Delivered,1890.0,2,4.0,True,2025-07-19,2025-07
2726,523,2025-06-07,2025-06-07 20:08:00,Ahmedabad,Tier 2,Credit Card,Delivered,9856.8,7,9.0,True,2025-06-16,2025-06
2727,51,2026-01-22,2026-01-22 15:10:00,Vadodara,Tier 2,Debit Card,Delivered,6122.9,5,6.0,True,2026-01-28,2026-01
2728,497,2026-02-21,2026-02-21 16:18:00,Nagpur,Tier 2,UPI,RTO,2554.55,4,,,,2026-02
2729,808,2025-06-03,2025-06-03 14:20:00,Vadodara,Tier 2,UPI,Delivered,4775.95,7,9.0,True,2025-06-12,2025-06
2730,1012,2026-05-03,2026-05-03 13:00:00,Delhi,Tier 1,Net Banking,Delivered,2799.55,4,4.0,False,2026-05-07,2026-05
2731,414,2026-04-27,2026-04-27 18:53:00,Kolkata,Tier 1,Debit Card,Delivered,1070.0,2,2.0,False,2026-04-29,2026-04
2732,121,2025-03-20,2025-03-20 04:20:00,Guwahati,Tier 3,Debit Card,Delivered,3711.95,3,6.0,True,2025-03-26,2025-03
2733,249,2026-01-02,2026-01-02 04:14:00,Delhi,Tier 1,UPI,Delivered,564.0,5,6.0,True,2026-01-08,2026-01
2734,394,2025-09-29,2025-09-29 01:11:00,Pune,Tier 1,Cash on Delivery,Cancelled,1039.5,3,,,,2025-09
2735,314,2025-07-13,2025-07-13 18:35:00,Surat,Tier 2,UPI,Delivered,3516.65,7,7.0,False,2025-07-20,2025-07
2736,532,2025-12-10,2025-12-10 19:40:00,Jaipur,Tier 2,UPI,Delivered,2295.6,7,8.0,True,2025-12-18,2025-12
2737,415,2024-12-23,2024-12-23 14:51:00,Chennai,Tier 1,Debit Card,Delivered,1719.25,7,7.0,False,2024-12-30,2024-12
2738,1053,2025-07-29,2025-07-29 15:25:00,Bhopal,Tier 2,Debit Card,Delivered,11241.0,7,7.0,False,2025-08-05,2025-07
2739,465,2025-05-01,2025-05-01 09:25:00,Hyderabad,Tier 1,Cash on Delivery,Delivered,3657.5,5,4.0,False,2025-05-05,2025-05
2740,53,2026-06-12,2026-06-12 20:19:00,Delhi,Tier 1,Credit Card,Delivered,348.5,2,3.0,True,2026-06-15,2026-06
2741,322,2025-11-26,2025-11-26 18:11:00,Indore,Tier 2,Net Banking,Delivered,745.0,5,7.0,True,2025-12-03,2025-11
2742,1089,2026-06-28,2026-06-28 04:13:00,Kanpur,Tier 2,UPI,RTO,846.0,3,,,,2026-06
2743,848,2026-05-02,2026-05-02 09:45:00,Lucknow,Tier 2,Cash on Delivery,Delivered,6319.0,4,7.0,True,2026-05-09,2026-05
2744,1190,2026-03-26,2026-03-26 06:49:00,Ghaziabad,Tier 3,Debit Card,Returned,454.4,5,,,,2026-03
2745,720,2025-11-04,2025-11-04 03:02:00,Indore,Tier 2,UPI,Delivered,11114.6,7,10.0,True,2025-11-14,2025-11
2746,55,2026-06-16,2026-06-16 05:17:00,Chennai,Tier 1,Debit Card,Delivered,12313.1,5,5.0,False,2026-06-21,2026-06
2747,389,2025-09-27,2025-09-27 21:19:00,Kanpur,Tier 2,UPI,Delivered,48686.55,7,6.0,False,2025-10-03,2025-09
2748,77,2024-12-30,2024-12-30 12:37:00,Surat,Tier 2,UPI,RTO,2839.0,3,,,,2024-12
2749,411,2026-05-29,2026-05-29 15:38:00,Hyderabad,Tier 1,Debit Card,Delivered,8038.0,3,2.0,False,2026-05-31,2026-05
2750,811,2026-01-01,2026-01-01 12:13:00,Coimbatore,Tier 2,Credit Card,Delivered,2383.0,3,3.0,False,2026-01-04,2026-01
2751,1042,2025-04-03,2025-04-03 04:13:00,Coimbatore,Tier 2,Cash on Delivery,Delivered,8253.6,2,3.0,True,2025-04-06,2025-04
2752,155,2024-07-02,2024-07-02 18:35:00,Indore,Tier 2,UPI,Delivered,9563.0,7,9.0,True,2024-07-11,2024-07
2753,413,2026-06-15,2026-06-15 05:02:00,Kanpur,Tier 2,UPI,Delivered,2263.85,2,5.0,True,2026-06-20,2026-06
2754,492,2026-06-21,2026-06-21 20:20:00,Nagpur,Tier 2,Cash on Delivery,Delivered,1196.0,5,7.0,True,2026-06-28,2026-06
2755,654,2026-05-09,2026-05-09 10:53:00,Ghaziabad,Tier 3,Cash on Delivery,Delivered,371.7,7,7.0,False,2026-05-16,2026-05
2756,1018,2025-03-28,2025-03-28 06:50:00,Coimbatore,Tier 2,Cash on Delivery,Delivered,680.0,4,5.0,True,2025-04-02,2025-03
2757,462,2026-06-04,2026-06-04 15:19:00,Hyderabad,Tier 1,Debit Card,Delivered,4473.0,7,10.0,True,2026-06-14,2026-06
2758,239,2025-01-06,2025-01-06 04:30:00,Delhi,Tier 1,Credit Card,Delivered,722.7,2,1.0,False,2025-01-07,2025-01
2759,999,2025-10-17,2025-10-17 07:42:00,Coimbatore,Tier 2,Debit Card,RTO,1027.9,4,,,,2025-10
2760,662,2026-06-07,2026-06-07 22:36:00,Patna,Tier 3,UPI,Returned,2728.55,3,,,,2026-06
2761,714,2025-11-02,2025-11-02 22:04:00,Nagpur,Tier 2,UPI,Delivered,8020.4,3,4.0,True,2025-11-06,2025-11
2762,323,2025-03-20,2025-03-20 20:55:00,Delhi,Tier 1,Cash on Delivery,Delivered,28580.8,5,6.0,True,2025-03-26,2025-03
2763,967,2026-06-17,2026-06-17 09:10:00,Hyderabad,Tier 1,Cash on Delivery,Delivered,29478.8,2,2.0,False,2026-06-19,2026-06
2764,780,2025-10-20,2025-10-20 14:32:00,Delhi,Tier 1,UPI,Delivered,3187.2,3,2.0,False,2025-10-22,2025-10
2765,848,2025-01-23,2025-01-23 10:06:00,Lucknow,Tier 2,UPI,Delivered,610.0,5,8.0,True,2025-01-31,2025-01
2766,135,2025-11-01,2025-11-01 00:10:00,Bhopal,Tier 2,UPI,Delivered,33056.1,4,3.0,False,2025-11-04,2025-11
2767,920,2025-01-20,2025-01-20 06:04:00,Bhopal,Tier 2,Credit Card,Cancelled,991.1,4,,,,2025-01
2768,750,2024-07-03,2024-07-03 16:16:00,Ahmedabad,Tier 2,UPI,Delivered,1039.5,5,4.0,False,2024-07-07,2024-07
2769,548,2025-01-19,2025-01-19 15:32:00,Bhopal,Tier 2,Credit Card,Delivered,1323.65,2,5.0,True,2025-01-24,2025-01
2770,1066,2026-01-29,2026-01-29 08:42:00,Lucknow,Tier 2,Cash on Delivery,Delivered,459.85,4,3.0,False,2026-02-01,2026-01
2771,1054,2025-04-04,2025-04-04 15:57:00,Kolkata,Tier 1,Credit Card,Delivered,28377.75,3,3.0,False,2025-04-07,2025-04
2772,316,2026-04-07,2026-04-07 18:01:00,Kolkata,Tier 1,Cash on Delivery,Delivered,1491.0,4,4.0,False,2026-04-11,2026-04
2773,1080,2024-10-22,2024-10-22 05:04:00,Bhopal,Tier 2,UPI,Delivered,544.0,7,6.0,False,2024-10-28,2024-10
2774,44,2025-05-21,2025-05-21 19:38:00,Mumbai,Tier 1,UPI,Delivered,4458.25,2,2.0,False,2025-05-23,2025-05
2775,861,2026-03-20,2026-03-20 20:45:00,Lucknow,Tier 2,Cash on Delivery,Delivered,38096.0,5,4.0,False,2026-03-24,2026-03
2776,1137,2026-04-24,2026-04-24 12:17:00,Kolkata,Tier 1,UPI,Delivered,9278.4,3,3.0,False,2026-04-27,2026-04
2777,158,2024-06-30,2024-06-30 08:53:00,Nagpur,Tier 2,Credit Card,Delivered,40635.8,3,3.0,False,2024-07-03,2024-06
2778,71,2026-06-01,2026-06-01 01:58:00,Kolkata,Tier 1,UPI,Delivered,32642.1,5,8.0,True,2026-06-09,2026-06
2779,51,2026-04-14,2026-04-14 13:57:00,Vadodara,Tier 2,Credit Card,Delivered,451.2,2,2.0,False,2026-04-16,2026-04
2780,944,2025-12-13,2025-12-13 01:36:00,Guwahati,Tier 3,Net Banking,Delivered,405.0,5,8.0,True,2025-12-21,2025-12
2781,479,2024-08-13,2024-08-13 04:56:00,Jaipur,Tier 2,Debit Card,Delivered,1770.15,5,5.0,False,2024-08-18,2024-08
2782,1181,2025-04-14,2025-04-14 14:42:00,Ghaziabad,Tier 3,UPI,Delivered,32161.45,7,7.0,False,2025-04-21,2025-04
2783,158,2025-07-12,2025-07-12 08:33:00,Nagpur,Tier 2,Credit Card,Cancelled,26953.5,3,,,,2025-07
2784,212,2026-05-02,2026-05-02 19:56:00,Ghaziabad,Tier 3,UPI,Delivered,42178.9,2,2.0,False,2026-05-04,2026-05
2785,711,2026-05-22,2026-05-22 16:25:00,Bhopal,Tier 2,Credit Card,Returned,69498.0,7,,,,2026-05
2786,977,2025-12-22,2025-12-22 08:08:00,Kolkata,Tier 1,Credit Card,Returned,4458.3,3,,,,2025-12
2787,934,2026-03-28,2026-03-28 07:38:00,Guwahati,Tier 3,Credit Card,Delivered,3378.8,5,5.0,False,2026-04-02,2026-03
2788,790,2025-11-14,2025-11-14 07:53:00,Pune,Tier 1,Cash on Delivery,Delivered,5333.7,3,4.0,True,2025-11-18,2025-11
2789,1128,2025-09-05,2025-09-05 03:16:00,Surat,Tier 2,Cash on Delivery,Returned,2338.9,4,,,,2025-09
2790,1105,2026-04-16,2026-04-16 05:55:00,Lucknow,Tier 2,UPI,Delivered,1313.6,3,3.0,False,2026-04-19,2026-04
2791,905,2025-04-03,2025-04-03 11:29:00,Chennai,Tier 1,UPI,Delivered,610.0,4,4.0,False,2025-04-07,2025-04
2792,1151,2025-07-03,2025-07-03 09:59:00,Lucknow,Tier 2,UPI,Delivered,963.0,4,5.0,True,2025-07-08,2025-07
2793,19,2025-12-09,2025-12-09 20:18:00,Chennai,Tier 1,Net Banking,Delivered,963.0,3,4.0,True,2025-12-13,2025-12
2794,499,2026-01-07,2026-01-07 07:32:00,Bengaluru,Tier 1,Cash on Delivery,Delivered,1491.0,5,6.0,True,2026-01-13,2026-01
2795,674,2026-05-13,2026-05-13 15:41:00,Guwahati,Tier 3,UPI,Cancelled,37837.0,7,,,,2026-05
2796,784,2026-06-19,2026-06-19 16:28:00,Delhi,Tier 1,UPI,Delivered,631.5,4,4.0,False,2026-06-23,2026-06
2797,684,2026-06-21,2026-06-21 00:03:00,Coimbatore,Tier 2,UPI,Delivered,798.0,7,7.0,False,2026-06-28,2026-06
2798,305,2025-08-12,2025-08-12 15:56:00,Mumbai,Tier 1,UPI,Cancelled,14317.15,4,,,,2025-08
2799,454,2026-02-11,2026-02-11 23:12:00,Ghaziabad,Tier 3,UPI,Delivered,3080.0,4,4.0,False,2026-02-15,2026-02
2800,262,2026-06-10,2026-06-10 15:34:00,Kanpur,Tier 2,Debit Card,Returned,9087.0,2,,,,2026-06
2801,938,2025-05-05,2025-05-05 13:47:00,Delhi,Tier 1,Credit Card,RTO,35929.6,3,,,,2025-05
2802,814,2026-05-27,2026-05-27 09:38:00,Bhopal,Tier 2,Cash on Delivery,Delivered,1650.0,7,10.0,True,2026-06-06,2026-05
2803,632,2024-12-28,2024-12-28 12:21:00,Kolkata,Tier 1,Credit Card,Delivered,23627.0,4,3.0,False,2024-12-31,2024-12
2804,943,2025-07-07,2025-07-07 23:12:00,Bengaluru,Tier 1,UPI,Delivered,613.0,3,6.0,True,2025-07-13,2025-07
2805,1030,2024-09-27,2024-09-27 17:59:00,Mumbai,Tier 1,Credit Card,Cancelled,115357.95,3,,,,2024-09
2806,1019,2024-10-07,2024-10-07 17:25:00,Indore,Tier 2,UPI,Delivered,1475.75,7,9.0,True,2024-10-16,2024-10
2807,1190,2026-05-17,2026-05-17 19:38:00,Ghaziabad,Tier 3,Net Banking,Returned,1642.0,2,,,,2026-05
2808,332,2024-10-16,2024-10-16 20:04:00,Ghaziabad,Tier 3,UPI,Delivered,3770.6,3,3.0,False,2024-10-19,2024-10
2809,1032,2026-05-25,2026-05-25 17:58:00,Ghaziabad,Tier 3,UPI,Delivered,5672.6,5,7.0,True,2026-06-01,2026-05
2810,406,2026-05-11,2026-05-11 15:44:00,Kolkata,Tier 1,Debit Card,RTO,475.15,4,,,,2026-05
2811,1008,2026-04-14,2026-04-14 15:36:00,Surat,Tier 2,Debit Card,Delivered,32521.85,2,5.0,True,2026-04-19,2026-04
2812,195,2026-05-11,2026-05-11 23:40:00,Ahmedabad,Tier 2,UPI,Delivered,41460.2,3,2.0,False,2026-05-13,2026-05
2813,1108,2025-10-01,2025-10-01 10:51:00,Chennai,Tier 1,Net Banking,Delivered,7856.6,7,9.0,True,2025-10-10,2025-10
2814,406,2026-05-11,2026-05-11 11:19:00,Kolkata,Tier 1,Credit Card,Returned,12726.5,2,,,,2026-05
2815,199,2025-02-26,2025-02-26 16:18:00,Mumbai,Tier 1,UPI,Delivered,56723.5,3,4.0,True,2025-03-02,2025-02
2816,61,2026-04-14,2026-04-14 18:18:00,Kanpur,Tier 2,Credit Card,Delivered,46032.45,5,8.0,True,2026-04-22,2026-04
2817,863,2026-04-29,2026-04-29 23:37:00,Nagpur,Tier 2,UPI,Delivered,4571.3,4,7.0,True,2026-05-06,2026-04
2818,295,2026-02-02,2026-02-02 15:56:00,Kolkata,Tier 1,Credit Card,Delivered,76242.0,3,4.0,True,2026-02-06,2026-02
2819,1111,2026-06-15,2026-06-15 09:26:00,Coimbatore,Tier 2,Net Banking,Delivered,23743.25,7,7.0,False,2026-06-22,2026-06
2820,77,2026-05-26,2026-05-26 08:36:00,Surat,Tier 2,Net Banking,Returned,37972.15,7,,,,2026-05
2821,442,2025-10-26,2025-10-26 08:02:00,Bengaluru,Tier 1,UPI,Delivered,912.5,3,4.0,True,2025-10-30,2025-10
2822,633,2025-10-14,2025-10-14 13:36:00,Ahmedabad,Tier 2,UPI,RTO,54041.0,5,,,,2025-10
2823,576,2026-03-15,2026-03-15 10:10:00,Coimbatore,Tier 2,UPI,Cancelled,2257.6,3,,,,2026-03
2824,305,2024-11-23,2024-11-23 08:03:00,Mumbai,Tier 1,UPI,Delivered,3851.3,4,6.0,True,2024-11-29,2024-11
2825,840,2024-07-16,2024-07-16 02:33:00,Guwahati,Tier 3,Credit Card,Cancelled,564.0,5,,,,2024-07
2826,1085,2026-05-05,2026-05-05 19:57:00,Indore,Tier 2,Debit Card,Delivered,13852.0,5,5.0,False,2026-05-10,2026-05
2827,433,2026-05-18,2026-05-18 01:15:00,Ahmedabad,Tier 2,Cash on Delivery,Delivered,4382.2,4,5.0,True,2026-05-23,2026-05
2828,242,2026-04-25,2026-04-25 16:41:00,Nagpur,Tier 2,UPI,Delivered,45851.0,7,7.0,False,2026-05-02,2026-04
2829,135,2025-08-18,2025-08-18 07:30:00,Bhopal,Tier 2,Credit Card,Delivered,38684.8,5,8.0,True,2025-08-26,2025-08
2830,750,2025-08-28,2025-08-28 15:29:00,Ahmedabad,Tier 2,Credit Card,Delivered,5259.1,7,6.0,False,2025-09-03,2025-08
2831,265,2026-01-26,2026-01-26 08:57:00,Kolkata,Tier 1,UPI,Delivered,5470.2,3,4.0,True,2026-01-30,2026-01
2832,246,2026-05-06,2026-05-06 03:57:00,Guwahati,Tier 3,UPI,Delivered,35944.95,7,7.0,False,2026-05-13,2026-05
2833,157,2024-12-06,2024-12-06 22:15:00,Bengaluru,Tier 1,Debit Card,Delivered,37624.65,5,4.0,False,2024-12-10,2024-12
2834,896,2025-02-18,2025-02-18 12:16:00,Patna,Tier 3,Credit Card,Delivered,5195.4,4,4.0,False,2025-02-22,2025-02
2835,826,2026-06-07,2026-06-07 09:19:00,Ahmedabad,Tier 2,Credit Card,Delivered,71859.2,4,4.0,False,2026-06-11,2026-06
2836,743,2025-07-16,2025-07-16 21:08:00,Vadodara,Tier 2,Debit Card,Delivered,58462.35,5,5.0,False,2025-07-21,2025-07
2837,327,2025-10-09,2025-10-09 05:42:00,Pune,Tier 1,UPI,Delivered,60772.3,5,8.0,True,2025-10-17,2025-10
2838,1166,2025-10-21,2025-10-21 05:23:00,Nagpur,Tier 2,UPI,Delivered,8466.0,7,8.0,True,2025-10-29,2025-10
2839,940,2026-03-15,2026-03-15 11:05:00,Mumbai,Tier 1,Debit Card,Delivered,1341.9,4,6.0,True,2026-03-21,2026-03
2840,1024,2026-05-06,2026-05-06 09:19:00,Patna,Tier 3,UPI,Delivered,1256.0,2,3.0,True,2026-05-09,2026-05
2841,427,2024-10-19,2024-10-19 11:10:00,Mumbai,Tier 1,Cash on Delivery,Delivered,10643.6,7,10.0,True,2024-10-29,2024-10
2842,1080,2025-12-03,2025-12-03 19:43:00,Bhopal,Tier 2,Net Banking,Delivered,4416.8,5,4.0,False,2025-12-07,2025-12
2843,479,2026-03-25,2026-03-25 21:48:00,Jaipur,Tier 2,Credit Card,Delivered,2583.15,2,2.0,False,2026-03-27,2026-03
2844,864,2026-03-25,2026-03-25 22:01:00,Lucknow,Tier 2,Net Banking,Delivered,3933.75,2,5.0,True,2026-03-30,2026-03
2845,170,2025-01-15,2025-01-15 08:44:00,Ahmedabad,Tier 2,UPI,Delivered,286.9,4,3.0,False,2025-01-18,2025-01
2846,676,2026-06-23,2026-06-23 15:37:00,Guwahati,Tier 3,UPI,Cancelled,32796.5,3,,,,2026-06
2847,821,2025-07-03,2025-07-03 11:18:00,Kolkata,Tier 1,UPI,Returned,7102.2,3,,,,2025-07
2848,479,2026-01-29,2026-01-29 12:31:00,Jaipur,Tier 2,Cash on Delivery,Returned,29551.1,2,,,,2026-01
2849,676,2026-01-08,2026-01-08 12:33:00,Guwahati,Tier 3,UPI,Delivered,8128.55,4,6.0,True,2026-01-14,2026-01
2850,582,2025-12-30,2025-12-30 13:05:00,Indore,Tier 2,UPI,Delivered,5321.9,2,3.0,True,2026-01-02,2025-12
2851,158,2025-08-19,2025-08-19 11:20:00,Nagpur,Tier 2,Debit Card,Delivered,1071.6,3,4.0,True,2025-08-23,2025-08
2852,476,2025-09-25,2025-09-25 06:11:00,Patna,Tier 3,UPI,Delivered,1256.0,4,6.0,True,2025-10-01,2025-09
2853,977,2026-06-04,2026-06-04 12:04:00,Kolkata,Tier 1,UPI,Cancelled,85092.9,7,,,,2026-06
2854,113,2026-04-19,2026-04-19 22:56:00,Guwahati,Tier 3,Credit Card,Delivered,43700.6,7,9.0,True,2026-04-28,2026-04
2855,760,2025-04-20,2025-04-20 01:22:00,Guwahati,Tier 3,Credit Card,Delivered,508.0,7,7.0,False,2025-04-27,2025-04
2856,519,2025-07-30,2025-07-30 11:52:00,Jaipur,Tier 2,Debit Card,Cancelled,564.0,2,,,,2025-07
2857,1166,2025-11-01,2025-11-01 15:18:00,Nagpur,Tier 2,Credit Card,Delivered,838.0,7,7.0,False,2025-11-08,2025-11
2858,572,2025-12-20,2025-12-20 16:55:00,Hyderabad,Tier 1,UPI,Delivered,5626.4,3,3.0,False,2025-12-23,2025-12
2859,1176,2026-02-21,2026-02-21 13:12:00,Bhopal,Tier 2,UPI,Delivered,7172.25,5,6.0,True,2026-02-27,2026-02
2860,703,2025-03-24,2025-03-24 19:46:00,Coimbatore,Tier 2,UPI,Delivered,37588.5,2,1.0,False,2025-03-25,2025-03
2861,1062,2025-11-26,2025-11-26 23:10:00,Hyderabad,Tier 1,UPI,Delivered,41782.0,5,6.0,True,2025-12-02,2025-11
2862,512,2026-03-02,2026-03-02 12:13:00,Surat,Tier 2,Net Banking,RTO,351.05,5,,,,2026-03
2863,1081,2024-12-14,2024-12-14 03:35:00,Guwahati,Tier 3,Debit Card,Delivered,5976.0,5,6.0,True,2024-12-20,2024-12
2864,772,2026-03-24,2026-03-24 21:26:00,Indore,Tier 2,Debit Card,Delivered,707.0,3,3.0,False,2026-03-27,2026-03
2865,1148,2026-06-01,2026-06-01 15:50:00,Kanpur,Tier 2,UPI,Cancelled,16249.4,5,,,,2026-06
2866,128,2025-01-22,2025-01-22 16:04:00,Delhi,Tier 1,UPI,Returned,729.0,4,,,,2025-01
2867,414,2026-04-05,2026-04-05 06:12:00,Kolkata,Tier 1,Credit Card,Returned,34286.4,2,,,,2026-04
2868,1030,2024-11-27,2024-11-27 15:23:00,Mumbai,Tier 1,UPI,Delivered,5563.0,4,5.0,True,2024-12-02,2024-11
2869,456,2024-05-17,2024-05-17 22:28:00,Bhopal,Tier 2,UPI,Returned,1652.4,2,,,,2024-05
2870,1152,2026-06-10,2026-06-10 23:15:00,Coimbatore,Tier 2,UPI,Delivered,734.25,2,2.0,False,2026-06-12,2026-06
2871,1003,2025-12-31,2025-12-31 10:09:00,Lucknow,Tier 2,Cash on Delivery,Delivered,2091.0,7,7.0,False,2026-01-07,2025-12
2872,893,2026-05-22,2026-05-22 16:57:00,Bhopal,Tier 2,Cash on Delivery,Delivered,2455.5,4,4.0,False,2026-05-26,2026-05
2873,1080,2025-03-30,2025-03-30 12:46:00,Bhopal,Tier 2,UPI,Delivered,3692.4,3,3.0,False,2025-04-02,2025-03
2874,468,2024-08-18,2024-08-18 22:51:00,Ahmedabad,Tier 2,UPI,RTO,16398.2,7,,,,2024-08
2875,1173,2025-06-16,2025-06-16 17:54:00,Surat,Tier 2,Credit Card,Delivered,1077.3,4,7.0,True,2025-06-23,2025-06
2876,3,2026-02-01,2026-02-01 13:55:00,Pune,Tier 1,UPI,Delivered,5197.85,7,7.0,False,2026-02-08,2026-02
2877,533,2026-03-14,2026-03-14 19:22:00,Chennai,Tier 1,UPI,RTO,1137.15,7,,,,2026-03
2878,948,2026-06-19,2026-06-19 18:48:00,Indore,Tier 2,UPI,Delivered,895.5,2,2.0,False,2026-06-21,2026-06
2879,212,2026-05-11,2026-05-11 14:01:00,Ghaziabad,Tier 3,UPI,Delivered,746.7,7,6.0,False,2026-05-17,2026-05
2880,155,2025-09-19,2025-09-19 04:00:00,Indore,Tier 2,UPI,Returned,4683.5,2,,,,2025-09
2881,122,2026-03-28,2026-03-28 18:39:00,Coimbatore,Tier 2,UPI,Delivered,8928.0,3,2.0,False,2026-03-30,2026-03
2882,1177,2026-01-01,2026-01-01 20:28:00,Guwahati,Tier 3,UPI,Delivered,1415.2,4,6.0,True,2026-01-07,2026-01
2883,122,2025-06-19,2025-06-19 00:29:00,Coimbatore,Tier 2,UPI,Returned,1062.55,5,,,,2025-06
2884,767,2026-05-25,2026-05-25 06:37:00,Coimbatore,Tier 2,Credit Card,Delivered,27918.0,3,3.0,False,2026-05-28,2026-05
2885,583,2024-10-15,2024-10-15 12:16:00,Vadodara,Tier 2,Credit Card,RTO,31238.3,7,,,,2024-10
2886,475,2026-04-06,2026-04-06 15:47:00,Chennai,Tier 1,Debit Card,Delivered,869.6,7,7.0,False,2026-04-13,2026-04
2887,933,2024-08-25,2024-08-25 05:21:00,Pune,Tier 1,Cash on Delivery,Delivered,128.0,5,7.0,True,2024-09-01,2024-08
2888,854,2025-11-02,2025-11-02 10:17:00,Guwahati,Tier 3,Net Banking,Delivered,36617.65,4,6.0,True,2025-11-08,2025-11
2889,721,2025-06-26,2025-06-26 10:38:00,Surat,Tier 2,Net Banking,Delivered,865.0,2,5.0,True,2025-07-01,2025-06
2890,806,2026-01-03,2026-01-03 16:32:00,Nagpur,Tier 2,UPI,Delivered,7539.2,4,7.0,True,2026-01-10,2026-01
2891,770,2025-09-07,2025-09-07 07:54:00,Delhi,Tier 1,Net Banking,Delivered,1256.0,7,8.0,True,2025-09-15,2025-09
2892,1084,2025-10-29,2025-10-29 06:06:00,Kolkata,Tier 1,Credit Card,Cancelled,43218.0,4,,,,2025-10
2893,1112,2025-01-30,2025-01-30 04:59:00,Indore,Tier 2,Credit Card,Returned,3538.0,4,,,,2025-01
2894,242,2026-04-22,2026-04-22 03:05:00,Nagpur,Tier 2,Debit Card,Cancelled,963.0,2,,,,2026-04
2895,919,2026-03-06,2026-03-06 09:10:00,Pune,Tier 1,Credit Card,Returned,1039.5,7,,,,2026-03
2896,521,2025-01-11,2025-01-11 23:43:00,Nagpur,Tier 2,Net Banking,Delivered,476.25,5,8.0,True,2025-01-19,2025-01
2897,1091,2026-03-04,2026-03-04 13:02:00,Delhi,Tier 1,UPI,Returned,763.3,2,,,,2026-03
2898,1049,2025-12-10,2025-12-10 09:01:00,Hyderabad,Tier 1,UPI,Returned,14567.55,4,,,,2025-12
2899,122,2025-12-27,2025-12-27 22:41:00,Coimbatore,Tier 2,UPI,Delivered,1846.8,3,3.0,False,2025-12-30,2025-12
2900,1173,2026-05-18,2026-05-18 19:55:00,Surat,Tier 2,Net Banking,Returned,37411.6,2,,,,2026-05
2901,365,2026-06-09,2026-06-09 03:22:00,Mumbai,Tier 1,Credit Card,Delivered,9132.95,2,5.0,True,2026-06-14,2026-06
2902,770,2026-04-27,2026-04-27 13:03:00,Delhi,Tier 1,Credit Card,Delivered,819.0,2,2.0,False,2026-04-29,2026-04
2903,157,2026-05-15,2026-05-15 21:35:00,Bengaluru,Tier 1,Debit Card,Delivered,3809.0,4,7.0,True,2026-05-22,2026-05
2904,179,2025-05-24,2025-05-24 01:22:00,Bhopal,Tier 2,Debit Card,Delivered,2486.25,7,10.0,True,2025-06-03,2025-05
2905,444,2024-12-29,2024-12-29 19:55:00,Delhi,Tier 1,UPI,Returned,43042.35,5,,,,2024-12
2906,113,2024-05-06,2024-05-06 06:59:00,Guwahati,Tier 3,UPI,Delivered,5036.6,4,4.0,False,2024-05-10,2024-05
2907,1,2025-05-03,2025-05-03 11:48:00,Hyderabad,Tier 1,UPI,Delivered,2860.2,4,4.0,False,2025-05-07,2025-05
2908,830,2026-05-22,2026-05-22 13:41:00,Patna,Tier 3,Credit Card,Cancelled,3534.3,2,,,,2026-05
2909,51,2026-01-18,2026-01-18 03:20:00,Vadodara,Tier 2,Credit Card,RTO,7837.85,5,,,,2026-01
2910,423,2024-03-25,2024-03-25 20:23:00,Delhi,Tier 1,Debit Card,Delivered,11085.25,7,7.0,False,2024-04-01,2024-03
2911,198,2025-04-18,2025-04-18 18:14:00,Coimbatore,Tier 2,Credit Card,Delivered,4403.8,2,2.0,False,2025-04-20,2025-04
2912,49,2026-04-17,2026-04-17 09:47:00,Jaipur,Tier 2,Cash on Delivery,RTO,2680.9,7,,,,2026-04
2913,1061,2025-06-10,2025-06-10 07:19:00,Indore,Tier 2,Cash on Delivery,Cancelled,521.05,5,,,,2025-06
2914,790,2025-06-24,2025-06-24 10:04:00,Pune,Tier 1,Cash on Delivery,Delivered,57448.1,3,4.0,True,2025-06-28,2025-06
2915,54,2025-05-25,2025-05-25 14:05:00,Hyderabad,Tier 1,UPI,Delivered,2689.0,7,9.0,True,2025-06-03,2025-05
2916,721,2026-02-15,2026-02-15 14:47:00,Surat,Tier 2,Credit Card,Delivered,37371.7,3,4.0,True,2026-02-19,2026-02
2917,14,2025-07-10,2025-07-10 15:35:00,Ahmedabad,Tier 2,Credit Card,RTO,37893.15,3,,,,2025-07
2918,923,2026-02-26,2026-02-26 18:17:00,Guwahati,Tier 3,Net Banking,Delivered,1985.6,5,5.0,False,2026-03-03,2026-02
2919,748,2026-02-27,2026-02-27 07:43:00,Ghaziabad,Tier 3,UPI,Cancelled,1169.6,4,,,,2026-02
2920,1111,2025-10-08,2025-10-08 17:39:00,Coimbatore,Tier 2,UPI,Delivered,2098.85,4,6.0,True,2025-10-14,2025-10
2921,1199,2026-01-10,2026-01-10 00:12:00,Kolkata,Tier 1,Credit Card,Delivered,4063.5,7,6.0,False,2026-01-16,2026-01
2922,432,2025-08-01,2025-08-01 14:37:00,Ahmedabad,Tier 2,Credit Card,RTO,783.2,7,,,,2025-08
2923,1139,2026-02-15,2026-02-15 22:27:00,Chennai,Tier 1,UPI,Returned,2135.2,2,,,,2026-02
2924,128,2026-01-15,2026-01-15 13:11:00,Delhi,Tier 1,UPI,Delivered,2255.3,4,7.0,True,2026-01-22,2026-01
2925,1062,2026-02-20,2026-02-20 01:43:00,Hyderabad,Tier 1,Credit Card,Returned,59918.9,3,,,,2026-02
2926,35,2025-09-20,2025-09-20 19:50:00,Mumbai,Tier 1,Debit Card,Returned,2105.2,5,,,,2025-09
2927,736,2026-01-05,2026-01-05 02:25:00,Delhi,Tier 1,UPI,Delivered,3079.0,7,6.0,False,2026-01-11,2026-01
2928,513,2025-02-22,2025-02-22 06:44:00,Bhopal,Tier 2,UPI,Delivered,5470.2,5,6.0,True,2025-02-28,2025-02
2929,63,2025-10-17,2025-10-17 02:40:00,Indore,Tier 2,Credit Card,Delivered,31183.95,5,7.0,True,2025-10-24,2025-10
2930,696,2025-07-27,2025-07-27 12:27:00,Hyderabad,Tier 1,Cash on Delivery,Delivered,8798.8,5,7.0,True,2025-08-03,2025-07
2931,261,2024-08-18,2024-08-18 05:57:00,Coimbatore,Tier 2,UPI,Cancelled,1687.4,2,,,,2024-08
2932,377,2025-04-13,2025-04-13 12:46:00,Lucknow,Tier 2,UPI,RTO,405.0,3,,,,2025-04
2933,973,2026-02-17,2026-02-17 00:18:00,Patna,Tier 3,Credit Card,Delivered,1194.85,5,5.0,False,2026-02-22,2026-02
2934,981,2026-05-07,2026-05-07 08:04:00,Ahmedabad,Tier 2,UPI,Delivered,1956.15,3,3.0,False,2026-05-10,2026-05
2935,716,2026-05-12,2026-05-12 13:22:00,Ghaziabad,Tier 3,Cash on Delivery,Delivered,107478.8,2,5.0,True,2026-05-17,2026-05
2936,490,2025-12-30,2025-12-30 02:41:00,Vadodara,Tier 2,Debit Card,Delivered,3843.6,2,3.0,True,2026-01-02,2025-12
2937,760,2026-06-19,2026-06-19 23:01:00,Guwahati,Tier 3,Credit Card,Delivered,1846.8,3,3.0,False,2026-06-22,2026-06
2938,521,2025-04-08,2025-04-08 15:48:00,Nagpur,Tier 2,UPI,Delivered,42513.9,3,3.0,False,2025-04-11,2025-04
2939,933,2025-04-22,2025-04-22 18:11:00,Pune,Tier 1,UPI,Delivered,2357.0,2,3.0,True,2025-04-25,2025-04
2940,262,2024-09-30,2024-09-30 03:54:00,Kanpur,Tier 2,Cash on Delivery,Delivered,3321.0,5,7.0,True,2024-10-07,2024-09
2941,814,2026-01-04,2026-01-04 10:02:00,Bhopal,Tier 2,Net Banking,Delivered,405.0,4,4.0,False,2026-01-08,2026-01
2942,504,2025-08-29,2025-08-29 19:18:00,Delhi,Tier 1,UPI,Delivered,43880.0,5,6.0,True,2025-09-04,2025-08
2943,249,2025-11-21,2025-11-21 12:52:00,Delhi,Tier 1,Net Banking,Delivered,31289.4,4,3.0,False,2025-11-24,2025-11
2944,490,2026-06-23,2026-06-23 21:53:00,Vadodara,Tier 2,Credit Card,Delivered,3571.2,3,4.0,True,2026-06-27,2026-06
2945,314,2025-01-30,2025-01-30 06:14:00,Surat,Tier 2,Credit Card,Delivered,2417.25,3,2.0,False,2025-02-01,2025-01
2946,726,2025-10-02,2025-10-02 10:51:00,Surat,Tier 2,UPI,Delivered,2916.0,2,3.0,True,2025-10-05,2025-10
2947,949,2025-09-04,2025-09-04 00:53:00,Jaipur,Tier 2,UPI,Delivered,815.25,3,3.0,False,2025-09-07,2025-09
2948,486,2025-06-03,2025-06-03 19:03:00,Ghaziabad,Tier 3,UPI,Delivered,579.5,7,7.0,False,2025-06-10,2025-06
2949,485,2026-01-16,2026-01-16 02:30:00,Patna,Tier 3,Credit Card,Delivered,798.0,3,4.0,True,2026-01-20,2026-01
2950,719,2026-01-04,2026-01-04 12:33:00,Patna,Tier 3,Cash on Delivery,Returned,17580.05,3,,,,2026-01
2951,442,2026-03-18,2026-03-18 09:49:00,Bengaluru,Tier 1,Credit Card,Delivered,436.5,3,3.0,False,2026-03-21,2026-03
2952,274,2025-07-20,2025-07-20 12:46:00,Pune,Tier 1,Net Banking,Delivered,3512.2,3,5.0,True,2025-07-25,2025-07
2953,1132,2026-01-18,2026-01-18 19:13:00,Indore,Tier 2,Debit Card,Delivered,675.0,2,3.0,True,2026-01-21,2026-01
2954,1003,2025-06-28,2025-06-28 18:15:00,Lucknow,Tier 2,UPI,RTO,1722.95,5,,,,2025-06
2955,1111,2026-04-19,2026-04-19 11:08:00,Coimbatore,Tier 2,Cash on Delivery,Returned,28329.0,3,,,,2026-04
2956,1005,2025-04-27,2025-04-27 13:12:00,Surat,Tier 2,Credit Card,Delivered,3909.6,7,7.0,False,2025-05-04,2025-04
2957,717,2025-11-11,2025-11-11 10:15:00,Bhopal,Tier 2,UPI,Delivered,12774.65,7,7.0,False,2025-11-18,2025-11
2958,68,2026-03-24,2026-03-24 06:39:00,Patna,Tier 3,Cash on Delivery,RTO,436.8,2,,,,2026-03
2959,308,2026-06-06,2026-06-06 20:34:00,Mumbai,Tier 1,UPI,Delivered,40495.05,2,2.0,False,2026-06-08,2026-06
2960,1122,2025-12-30,2025-12-30 08:39:00,Bhopal,Tier 2,Credit Card,Cancelled,27447.3,3,,,,2025-12
2961,1173,2026-06-27,2026-06-27 20:28:00,Surat,Tier 2,UPI,Delivered,36841.6,5,5.0,False,2026-07-02,2026-06
2962,918,2026-06-25,2026-06-25 09:23:00,Bhopal,Tier 2,Cash on Delivery,Delivered,457.5,3,5.0,True,2026-06-30,2026-06
2963,200,2026-05-20,2026-05-20 01:42:00,Indore,Tier 2,Net Banking,Delivered,36191.2,5,5.0,False,2026-05-25,2026-05
2964,65,2024-07-01,2024-07-01 16:55:00,Vadodara,Tier 2,UPI,RTO,40758.15,5,,,,2024-07
2965,1057,2026-04-15,2026-04-15 20:17:00,Ahmedabad,Tier 2,UPI,Delivered,6407.5,5,5.0,False,2026-04-20,2026-04
2966,718,2025-10-27,2025-10-27 10:32:00,Guwahati,Tier 3,UPI,Delivered,1992.0,2,1.0,False,2025-10-28,2025-10
2967,1006,2025-10-12,2025-10-12 17:54:00,Ahmedabad,Tier 2,Credit Card,Delivered,834.5,3,5.0,True,2025-10-17,2025-10
2968,135,2025-12-19,2025-12-19 15:44:00,Bhopal,Tier 2,Credit Card,Delivered,11904.0,3,6.0,True,2025-12-25,2025-12
2969,970,2026-06-21,2026-06-21 17:39:00,Pune,Tier 1,Cash on Delivery,Returned,7700.0,4,,,,2026-06
2970,654,2025-12-11,2025-12-11 21:37:00,Ghaziabad,Tier 3,Debit Card,Delivered,364.5,2,3.0,True,2025-12-14,2025-12
2971,532,2026-04-20,2026-04-20 17:49:00,Jaipur,Tier 2,Cash on Delivery,Delivered,424.0,4,4.0,False,2026-04-24,2026-04
2972,478,2025-12-25,2025-12-25 13:13:00,Kanpur,Tier 2,Credit Card,Delivered,673.5,2,5.0,True,2025-12-30,2025-12
2973,1186,2026-06-10,2026-06-10 03:27:00,Jaipur,Tier 2,Debit Card,RTO,1491.0,4,,,,2026-06
2974,740,2026-05-01,2026-05-01 09:00:00,Kanpur,Tier 2,UPI,Delivered,1559.0,3,3.0,False,2026-05-04,2026-05
2975,1080,2024-11-24,2024-11-24 01:46:00,Bhopal,Tier 2,UPI,Delivered,2522.15,7,7.0,False,2024-12-01,2024-11
2976,193,2024-10-20,2024-10-20 23:35:00,Indore,Tier 2,Debit Card,Delivered,7476.0,5,5.0,False,2024-10-25,2024-10
2977,1112,2026-05-05,2026-05-05 08:16:00,Indore,Tier 2,Debit Card,Cancelled,1815.5,2,,,,2026-05
2978,115,2026-05-19,2026-05-19 20:58:00,Indore,Tier 2,Credit Card,Cancelled,2810.95,4,,,,2026-05
2979,811,2026-04-06,2026-04-06 23:23:00,Coimbatore,Tier 2,Cash on Delivery,Delivered,4148.65,5,5.0,False,2026-04-11,2026-04
2980,1063,2024-10-31,2024-10-31 22:20:00,Bengaluru,Tier 1,Cash on Delivery,Delivered,3458.5,5,5.0,False,2024-11-05,2024-10
2981,306,2026-04-01,2026-04-01 10:12:00,Vadodara,Tier 2,UPI,RTO,39561.8,4,,,,2026-04
2982,972,2025-09-03,2025-09-03 05:22:00,Surat,Tier 2,Cash on Delivery,Delivered,1193.2,2,4.0,True,2025-09-07,2025-09
2983,418,2026-04-30,2026-04-30 15:29:00,Coimbatore,Tier 2,UPI,Delivered,8450.0,7,10.0,True,2026-05-10,2026-04
2984,1012,2026-04-05,2026-04-05 14:27:00,Delhi,Tier 1,Net Banking,Delivered,917.1,3,6.0,True,2026-04-11,2026-04
2985,281,2025-04-28,2025-04-28 18:46:00,Hyderabad,Tier 1,Cash on Delivery,Cancelled,2152.6,5,,,,2025-04
2986,793,2025-10-01,2025-10-01 04:59:00,Ahmedabad,Tier 2,Cash on Delivery,Delivered,763.3,4,4.0,False,2025-10-05,2025-10
2987,122,2024-04-24,2024-04-24 12:40:00,Coimbatore,Tier 2,Credit Card,Delivered,444.8,4,7.0,True,2024-05-01,2024-04
2988,239,2025-05-04,2025-05-04 10:26:00,Delhi,Tier 1,Cash on Delivery,Delivered,3738.0,2,2.0,False,2025-05-06,2025-05
2989,192,2026-04-24,2026-04-24 19:01:00,Patna,Tier 3,Debit Card,Delivered,923.95,2,2.0,False,2026-04-26,2026-04
2990,806,2026-04-07,2026-04-07 02:15:00,Nagpur,Tier 2,UPI,Delivered,7611.9,3,2.0,False,2026-04-09,2026-04
2991,854,2026-04-07,2026-04-07 12:28:00,Guwahati,Tier 3,UPI,Delivered,2583.15,3,3.0,False,2026-04-10,2026-04
2992,1012,2026-04-27,2026-04-27 05:40:00,Delhi,Tier 1,UPI,Returned,16103.45,2,,,,2026-04
2993,874,2025-11-14,2025-11-14 17:42:00,Nagpur,Tier 2,UPI,Delivered,43044.25,3,5.0,True,2025-11-19,2025-11
2994,1105,2026-05-12,2026-05-12 17:48:00,Lucknow,Tier 2,Credit Card,Returned,941.8,3,,,,2026-05
2995,1103,2026-06-02,2026-06-02 03:20:00,Hyderabad,Tier 1,UPI,Delivered,32381.6,5,4.0,False,2026-06-06,2026-06
2996,1184,2025-07-10,2025-07-10 05:39:00,Indore,Tier 2,UPI,Delivered,3854.7,4,4.0,False,2025-07-14,2025-07
2997,658,2024-08-28,2024-08-28 06:21:00,Ahmedabad,Tier 2,Credit Card,Returned,18860.1,5,,,,2024-08
2998,595,2025-04-02,2025-04-02 10:27:00,Kolkata,Tier 1,UPI,Delivered,33279.6,5,8.0,True,2025-04-10,2025-04
2999,504,2026-01-10,2026-01-10 02:55:00,Delhi,Tier 1,UPI,Cancelled,4225.05,4,,,,2026-01
3000,676,2025-10-12,2025-10-12 10:33:00,Guwahati,Tier 3,UPI,Returned,89337.6,3,,,,2025-10
3001,911,2024-09-23,2024-09-23 06:17:00,Patna,Tier 3,Net Banking,Delivered,846.0,4,4.0,False,2024-09-27,2024-09
3002,390,2026-05-02,2026-05-02 13:49:00,Mumbai,Tier 1,UPI,Delivered,27291.6,2,2.0,False,2026-05-04,2026-05
3003,922,2024-03-16,2024-03-16 03:17:00,Pune,Tier 1,Debit Card,Delivered,546.0,7,8.0,True,2024-03-24,2024-03
3004,1085,2026-03-27,2026-03-27 17:38:00,Indore,Tier 2,UPI,Returned,75195.0,7,,,,2026-03
3005,509,2026-04-16,2026-04-16 20:46:00,Delhi,Tier 1,Cash on Delivery,RTO,37158.8,2,,,,2026-04
3006,227,2024-10-20,2024-10-20 16:54:00,Chennai,Tier 1,UPI,Delivered,1769.0,4,3.0,False,2024-10-23,2024-10
3007,842,2026-01-08,2026-01-08 03:17:00,Surat,Tier 2,UPI,Delivered,4797.4,2,2.0,False,2026-01-10,2026-01
3008,179,2024-10-09,2024-10-09 10:24:00,Bhopal,Tier 2,UPI,RTO,12428.6,2,,,,2024-10
3009,806,2026-04-16,2026-04-16 22:26:00,Nagpur,Tier 2,UPI,Cancelled,43339.0,3,,,,2026-04
3010,532,2026-06-19,2026-06-19 09:57:00,Jaipur,Tier 2,Cash on Delivery,Delivered,1488.0,4,4.0,False,2026-06-23,2026-06
3011,1168,2025-11-30,2025-11-30 05:03:00,Ahmedabad,Tier 2,Net Banking,Delivered,1130.4,7,8.0,True,2025-12-08,2025-11
3012,72,2026-02-26,2026-02-26 05:24:00,Mumbai,Tier 1,Cash on Delivery,Delivered,22376.0,4,6.0,True,2026-03-04,2026-02
3013,1172,2025-02-10,2025-02-10 13:43:00,Patna,Tier 3,Credit Card,Delivered,2036.95,3,2.0,False,2025-02-12,2025-02
3014,161,2026-01-07,2026-01-07 18:39:00,Surat,Tier 2,Cash on Delivery,Delivered,678.4,4,4.0,False,2026-01-11,2026-01
3015,364,2025-10-12,2025-10-12 08:22:00,Hyderabad,Tier 1,Credit Card,Delivered,318.75,3,3.0,False,2025-10-15,2025-10
3016,542,2024-11-11,2024-11-11 07:01:00,Vadodara,Tier 2,Cash on Delivery,Delivered,3470.15,7,8.0,True,2024-11-19,2024-11
3017,233,2025-09-06,2025-09-06 15:16:00,Surat,Tier 2,Credit Card,Delivered,482.8,7,7.0,False,2025-09-13,2025-09
3018,910,2025-09-17,2025-09-17 07:19:00,Hyderabad,Tier 1,Credit Card,Delivered,4968.9,3,6.0,True,2025-09-23,2025-09
3019,706,2026-06-05,2026-06-05 16:22:00,Hyderabad,Tier 1,Credit Card,Cancelled,1769.0,5,,,,2026-06
3020,973,2026-02-11,2026-02-11 11:24:00,Patna,Tier 3,UPI,Cancelled,660.8,3,,,,2026-02
3021,222,2026-06-26,2026-06-26 14:27:00,Delhi,Tier 1,UPI,Returned,2027.0,3,,,,2026-06
3022,303,2026-02-26,2026-02-26 10:14:00,Bengaluru,Tier 1,UPI,Delivered,360.4,4,7.0,True,2026-03-05,2026-02
3023,453,2026-05-30,2026-05-30 23:49:00,Indore,Tier 2,UPI,Delivered,13533.25,5,5.0,False,2026-06-04,2026-05
3024,179,2026-03-21,2026-03-21 09:23:00,Bhopal,Tier 2,UPI,Delivered,675.0,4,7.0,True,2026-03-28,2026-03
3025,1036,2025-07-01,2025-07-01 11:42:00,Ahmedabad,Tier 2,UPI,Delivered,23806.55,2,4.0,True,2025-07-05,2025-07
3026,1150,2026-04-07,2026-04-07 23:27:00,Bhopal,Tier 2,Cash on Delivery,Delivered,2324.5,5,8.0,True,2026-04-15,2026-04
3027,505,2025-11-18,2025-11-18 20:08:00,Hyderabad,Tier 1,UPI,RTO,31110.05,5,,,,2025-11
3028,1061,2025-07-03,2025-07-03 12:01:00,Indore,Tier 2,Debit Card,Delivered,3372.8,3,3.0,False,2025-07-06,2025-07
3029,1152,2026-04-03,2026-04-03 09:09:00,Coimbatore,Tier 2,UPI,Delivered,22786.0,4,7.0,True,2026-04-10,2026-04
3030,384,2026-05-06,2026-05-06 14:49:00,Bhopal,Tier 2,Credit Card,Delivered,3692.4,2,2.0,False,2026-05-08,2026-05
3031,1003,2025-03-08,2025-03-08 21:51:00,Lucknow,Tier 2,Credit Card,Delivered,978.3,7,8.0,True,2025-03-16,2025-03
3032,997,2025-05-25,2025-05-25 01:14:00,Patna,Tier 3,UPI,RTO,436.8,7,,,,2025-05
3033,806,2026-05-26,2026-05-26 17:53:00,Nagpur,Tier 2,Cash on Delivery,Delivered,2494.8,5,6.0,True,2026-06-01,2026-05
3034,1057,2026-06-19,2026-06-19 20:44:00,Ahmedabad,Tier 2,Net Banking,Cancelled,34334.1,5,,,,2026-06
3035,523,2026-03-04,2026-03-04 01:56:00,Ahmedabad,Tier 2,Credit Card,Delivered,2438.7,4,6.0,True,2026-03-10,2026-03
3036,128,2024-10-18,2024-10-18 13:45:00,Delhi,Tier 1,Debit Card,Returned,3578.4,5,,,,2024-10
3037,242,2026-06-10,2026-06-10 16:42:00,Nagpur,Tier 2,Credit Card,Delivered,25743.2,2,2.0,False,2026-06-12,2026-06
3038,1161,2026-06-28,2026-06-28 18:20:00,Mumbai,Tier 1,Debit Card,Cancelled,47295.0,2,,,,2026-06
3039,295,2026-06-07,2026-06-07 17:21:00,Kolkata,Tier 1,Credit Card,RTO,768.0,2,,,,2026-06
3040,534,2025-11-03,2025-11-03 14:13:00,Indore,Tier 2,Credit Card,Delivered,286.9,7,9.0,True,2025-11-12,2025-11
3041,1190,2026-05-10,2026-05-10 09:49:00,Ghaziabad,Tier 3,Cash on Delivery,Cancelled,37423.0,2,,,,2026-05
3042,12,2024-10-06,2024-10-06 17:45:00,Delhi,Tier 1,UPI,Returned,32657.0,5,,,,2024-10
3043,155,2026-02-28,2026-02-28 01:25:00,Indore,Tier 2,UPI,Delivered,2285.65,2,3.0,True,2026-03-03,2026-02
3044,439,2026-06-23,2026-06-23 18:49:00,Bengaluru,Tier 1,Net Banking,RTO,2072.0,7,,,,2026-06
3045,499,2024-12-24,2024-12-24 00:45:00,Bengaluru,Tier 1,Debit Card,Delivered,405.0,4,4.0,False,2024-12-28,2024-12
3046,1055,2025-05-19,2025-05-19 15:54:00,Indore,Tier 2,Cash on Delivery,Returned,9240.0,5,,,,2025-05
3047,852,2025-12-04,2025-12-04 22:42:00,Guwahati,Tier 3,Debit Card,Delivered,2162.9,2,5.0,True,2025-12-09,2025-12
3048,1184,2024-11-07,2024-11-07 18:29:00,Indore,Tier 2,Net Banking,Delivered,37597.5,3,3.0,False,2024-11-10,2024-11
3049,327,2025-09-30,2025-09-30 07:27:00,Pune,Tier 1,UPI,Delivered,1685.25,3,4.0,True,2025-10-04,2025-09
3050,616,2025-09-04,2025-09-04 12:51:00,Vadodara,Tier 2,UPI,RTO,51864.2,7,,,,2025-09
3051,1003,2025-02-21,2025-02-21 08:00:00,Lucknow,Tier 2,Cash on Delivery,Delivered,410.0,7,6.0,False,2025-02-27,2025-02
3052,850,2026-06-30,2026-06-30 13:05:00,Ghaziabad,Tier 3,Cash on Delivery,Returned,1995.9,5,,,,2026-06
3053,850,2025-12-23,2025-12-23 15:53:00,Ghaziabad,Tier 3,UPI,Returned,1692.0,5,,,,2025-12
3054,222,2025-04-26,2025-04-26 05:18:00,Delhi,Tier 1,UPI,RTO,528.2,2,,,,2025-04
3055,1198,2025-05-30,2025-05-30 04:22:00,Bengaluru,Tier 1,UPI,RTO,11360.35,5,,,,2025-05
3056,215,2025-08-07,2025-08-07 06:20:00,Lucknow,Tier 2,UPI,RTO,43942.45,5,,,,2025-08
3057,1049,2026-03-14,2026-03-14 08:46:00,Hyderabad,Tier 1,Net Banking,Delivered,44767.1,3,6.0,True,2026-03-20,2026-03
3058,400,2025-11-28,2025-11-28 12:44:00,Hyderabad,Tier 1,UPI,Delivered,4323.1,5,7.0,True,2025-12-05,2025-11
3059,740,2025-12-16,2025-12-16 00:03:00,Kanpur,Tier 2,UPI,Returned,2374.0,2,,,,2025-12
3060,848,2025-07-26,2025-07-26 21:04:00,Lucknow,Tier 2,UPI,Delivered,3321.0,4,4.0,False,2025-07-30,2025-07
3061,680,2024-11-19,2024-11-19 06:47:00,Jaipur,Tier 2,UPI,Returned,7734.2,3,,,,2024-11
3062,386,2026-03-07,2026-03-07 20:56:00,Pune,Tier 1,Net Banking,Delivered,3165.45,2,3.0,True,2026-03-10,2026-03
3063,1177,2026-02-11,2026-02-11 09:33:00,Guwahati,Tier 3,Credit Card,Cancelled,496.8,7,,,,2026-02
3064,278,2026-01-22,2026-01-22 03:20:00,Indore,Tier 2,Debit Card,Delivered,67368.0,2,1.0,False,2026-01-23,2026-01
3065,66,2026-06-14,2026-06-14 04:36:00,Vadodara,Tier 2,UPI,Delivered,8083.95,5,6.0,True,2026-06-20,2026-06
3066,499,2026-02-19,2026-02-19 00:10:00,Bengaluru,Tier 1,UPI,Delivered,29475.75,5,5.0,False,2026-02-24,2026-02
3067,107,2025-02-22,2025-02-22 23:38:00,Ahmedabad,Tier 2,Credit Card,Delivered,1693.2,2,3.0,True,2025-02-25,2025-02
3068,384,2026-04-03,2026-04-03 02:30:00,Bhopal,Tier 2,Debit Card,Delivered,39136.6,7,8.0,True,2026-04-11,2026-04
3069,184,2026-05-25,2026-05-25 15:42:00,Hyderabad,Tier 1,Cash on Delivery,Delivered,31691.1,3,4.0,True,2026-05-29,2026-05
3070,297,2025-03-20,2025-03-20 17:54:00,Ahmedabad,Tier 2,Credit Card,Delivered,1892.4,4,6.0,True,2025-03-26,2025-03
3071,315,2026-04-21,2026-04-21 15:10:00,Bhopal,Tier 2,Credit Card,Delivered,963.0,5,6.0,True,2026-04-27,2026-04
3072,127,2026-02-08,2026-02-08 11:20:00,Bhopal,Tier 2,Credit Card,Delivered,5245.0,2,2.0,False,2026-02-10,2026-02
3073,716,2026-06-12,2026-06-12 11:46:00,Ghaziabad,Tier 3,UPI,Returned,1020.0,4,,,,2026-06
3074,1005,2026-03-04,2026-03-04 23:19:00,Surat,Tier 2,Net Banking,Delivered,682.4,7,6.0,False,2026-03-10,2026-03
3075,679,2025-09-09,2025-09-09 00:35:00,Bengaluru,Tier 1,Credit Card,Returned,101540.55,4,,,,2025-09
3076,1146,2025-09-28,2025-09-28 13:05:00,Ahmedabad,Tier 2,UPI,Cancelled,1192.0,5,,,,2025-09
3077,779,2026-05-11,2026-05-11 12:50:00,Delhi,Tier 1,UPI,Returned,6809.1,5,,,,2026-05
3078,711,2026-04-14,2026-04-14 23:36:00,Bhopal,Tier 2,Cash on Delivery,Delivered,43339.0,3,5.0,True,2026-04-19,2026-04
3079,594,2024-11-11,2024-11-11 16:07:00,Ahmedabad,Tier 2,Cash on Delivery,Cancelled,409.5,4,,,,2024-11
3080,810,2024-12-22,2024-12-22 17:56:00,Ghaziabad,Tier 3,Credit Card,Returned,464.1,3,,,,2024-12
3081,956,2026-01-19,2026-01-19 19:18:00,Ahmedabad,Tier 2,UPI,Delivered,3994.0,7,10.0,True,2026-01-29,2026-01
3082,1150,2026-03-16,2026-03-16 18:27:00,Bhopal,Tier 2,Credit Card,Delivered,4111.5,5,5.0,False,2026-03-21,2026-03
3083,1042,2025-05-20,2025-05-20 12:01:00,Coimbatore,Tier 2,Credit Card,Cancelled,2151.0,5,,,,2025-05
3084,999,2026-02-25,2026-02-25 09:31:00,Coimbatore,Tier 2,UPI,RTO,1846.5,7,,,,2026-02
3085,685,2026-06-05,2026-06-05 11:33:00,Pune,Tier 1,Net Banking,Delivered,479.4,4,7.0,True,2026-06-12,2026-06
3086,821,2024-06-18,2024-06-18 07:07:00,Kolkata,Tier 1,Debit Card,Returned,300.0,2,,,,2024-06
3087,241,2026-05-15,2026-05-15 07:54:00,Delhi,Tier 1,UPI,Cancelled,746.25,5,,,,2026-05
3088,885,2025-07-27,2025-07-27 07:28:00,Lucknow,Tier 2,UPI,Returned,218.25,5,,,,2025-07
3089,155,2025-07-11,2025-07-11 12:57:00,Indore,Tier 2,Net Banking,Delivered,5219.0,3,3.0,False,2025-07-14,2025-07
3090,1062,2026-06-07,2026-06-07 01:40:00,Hyderabad,Tier 1,UPI,RTO,1722.95,4,,,,2026-06
3091,453,2026-04-06,2026-04-06 23:07:00,Indore,Tier 2,UPI,Delivered,564.0,4,4.0,False,2026-04-10,2026-04
3092,307,2026-06-20,2026-06-20 07:17:00,Kolkata,Tier 1,Cash on Delivery,Delivered,831.0,2,2.0,False,2026-06-22,2026-06
3093,1023,2025-01-20,2025-01-20 19:14:00,Indore,Tier 2,Cash on Delivery,Delivered,4625.95,4,7.0,True,2025-01-27,2025-01
3094,56,2026-05-11,2026-05-11 18:42:00,Indore,Tier 2,UPI,Delivered,2202.0,2,4.0,True,2026-05-15,2026-05
3095,595,2024-07-24,2024-07-24 16:31:00,Kolkata,Tier 1,Credit Card,Delivered,6077.0,3,6.0,True,2024-07-30,2024-07
3096,1099,2026-03-03,2026-03-03 07:03:00,Hyderabad,Tier 1,Cash on Delivery,Cancelled,12774.65,5,,,,2026-03
3097,1064,2025-09-09,2025-09-09 13:01:00,Indore,Tier 2,Credit Card,Cancelled,11688.8,2,,,,2025-09
3098,414,2026-06-30,2026-06-30 20:18:00,Kolkata,Tier 1,Cash on Delivery,Delivered,29416.0,7,6.0,False,2026-07-06,2026-06
3099,227,2024-12-28,2024-12-28 00:59:00,Chennai,Tier 1,Debit Card,Delivered,2796.0,5,5.0,False,2025-01-02,2024-12
3100,389,2026-01-23,2026-01-23 09:24:00,Kanpur,Tier 2,UPI,Delivered,2849.65,2,5.0,True,2026-01-28,2026-01
3101,777,2026-04-06,2026-04-06 10:13:00,Indore,Tier 2,Credit Card,Cancelled,3986.3,7,,,,2026-04
3102,87,2026-03-01,2026-03-01 22:56:00,Mumbai,Tier 1,Net Banking,Cancelled,7855.5,4,,,,2026-03
3103,670,2026-06-17,2026-06-17 06:44:00,Bhopal,Tier 2,Net Banking,Delivered,652.8,7,10.0,True,2026-06-27,2026-06
3104,518,2026-03-27,2026-03-27 13:33:00,Coimbatore,Tier 2,Cash on Delivery,Delivered,5133.25,2,4.0,True,2026-03-31,2026-03
3105,519,2026-03-28,2026-03-28 14:11:00,Jaipur,Tier 2,Net Banking,Delivered,539.6,7,10.0,True,2026-04-07,2026-03
3106,524,2026-05-02,2026-05-02 00:52:00,Kolkata,Tier 1,Credit Card,Delivered,3909.1,4,4.0,False,2026-05-06,2026-05
3107,576,2026-03-09,2026-03-09 15:06:00,Coimbatore,Tier 2,UPI,Delivered,4025.8,5,6.0,True,2026-03-15,2026-03
3108,1085,2026-06-17,2026-06-17 16:13:00,Indore,Tier 2,Net Banking,Delivered,6258.85,7,9.0,True,2026-06-26,2026-06
3109,198,2025-10-18,2025-10-18 10:42:00,Coimbatore,Tier 2,UPI,Delivered,2025.55,7,8.0,True,2025-10-26,2025-10
3110,51,2026-04-16,2026-04-16 07:47:00,Vadodara,Tier 2,Net Banking,RTO,1691.5,5,,,,2026-04
3111,53,2026-03-18,2026-03-18 21:08:00,Delhi,Tier 1,Cash on Delivery,Delivered,979.0,2,3.0,True,2026-03-21,2026-03
3112,501,2026-05-06,2026-05-06 10:33:00,Guwahati,Tier 3,UPI,Delivered,391.85,5,5.0,False,2026-05-11,2026-05
3113,500,2025-01-28,2025-01-28 16:01:00,Bengaluru,Tier 1,UPI,Delivered,1490.0,4,3.0,False,2025-01-31,2025-01
3114,897,2026-06-15,2026-06-15 14:47:00,Nagpur,Tier 2,UPI,RTO,5245.0,7,,,,2026-06
3115,631,2025-04-04,2025-04-04 13:49:00,Patna,Tier 3,Cash on Delivery,Returned,432.8,5,,,,2025-04
3116,306,2025-08-04,2025-08-04 07:41:00,Vadodara,Tier 2,UPI,Delivered,539.75,2,1.0,False,2025-08-05,2025-08
3117,8,2026-01-01,2026-01-01 09:21:00,Kolkata,Tier 1,UPI,Delivered,6810.5,5,6.0,True,2026-01-07,2026-01
3118,750,2026-03-14,2026-03-14 09:39:00,Ahmedabad,Tier 2,UPI,Delivered,3981.0,5,5.0,False,2026-03-19,2026-03
3119,808,2025-09-10,2025-09-10 12:18:00,Vadodara,Tier 2,UPI,Delivered,541.0,5,4.0,False,2025-09-14,2025-09
3120,1081,2026-03-13,2026-03-13 23:14:00,Guwahati,Tier 3,UPI,Delivered,4872.8,5,5.0,False,2026-03-18,2026-03
3121,760,2026-05-18,2026-05-18 01:49:00,Guwahati,Tier 3,Debit Card,Delivered,2462.0,4,6.0,True,2026-05-24,2026-05
3122,933,2025-11-16,2025-11-16 20:10:00,Pune,Tier 1,UPI,Delivered,205.0,5,4.0,False,2025-11-20,2025-11
3123,893,2026-06-06,2026-06-06 18:32:00,Bhopal,Tier 2,UPI,Delivered,2027.0,5,7.0,True,2026-06-13,2026-06
3124,155,2025-12-26,2025-12-26 17:06:00,Indore,Tier 2,Cash on Delivery,Delivered,742.5,5,5.0,False,2025-12-31,2025-12
3125,510,2026-03-31,2026-03-31 17:06:00,Indore,Tier 2,UPI,Delivered,796.0,5,5.0,False,2026-04-05,2026-03
3126,293,2025-10-21,2025-10-21 14:14:00,Chennai,Tier 1,UPI,Delivered,1108.0,5,7.0,True,2025-10-28,2025-10
3127,1147,2026-06-19,2026-06-19 16:28:00,Lucknow,Tier 2,UPI,Delivered,2303.9,2,1.0,False,2026-06-20,2026-06
3128,759,2026-06-05,2026-06-05 18:41:00,Lucknow,Tier 2,Debit Card,Delivered,4126.8,3,3.0,False,2026-06-08,2026-06
3129,542,2025-06-13,2025-06-13 15:06:00,Vadodara,Tier 2,UPI,Delivered,995.0,4,5.0,True,2025-06-18,2025-06
3130,602,2026-05-04,2026-05-04 02:57:00,Nagpur,Tier 2,UPI,Delivered,1134.0,7,7.0,False,2026-05-11,2026-05
3131,88,2026-05-16,2026-05-16 13:47:00,Mumbai,Tier 1,UPI,Cancelled,3368.15,5,,,,2026-05
3132,877,2024-08-12,2024-08-12 00:38:00,Ahmedabad,Tier 2,Net Banking,Delivered,32693.2,4,4.0,False,2024-08-16,2024-08
3133,1100,2026-03-30,2026-03-30 21:26:00,Jaipur,Tier 2,Debit Card,Delivered,441.0,4,6.0,True,2026-04-05,2026-03
3134,241,2026-04-23,2026-04-23 08:00:00,Delhi,Tier 1,Credit Card,Delivered,12102.3,3,4.0,True,2026-04-27,2026-04
3135,241,2026-05-05,2026-05-05 10:24:00,Delhi,Tier 1,Credit Card,Delivered,810.0,2,2.0,False,2026-05-07,2026-05
3136,969,2026-06-10,2026-06-10 08:07:00,Bhopal,Tier 2,UPI,Returned,8128.55,4,,,,2026-06
3137,967,2026-01-16,2026-01-16 20:23:00,Hyderabad,Tier 1,UPI,RTO,815.2,7,,,,2026-01
3138,179,2026-01-18,2026-01-18 20:03:00,Bhopal,Tier 2,Cash on Delivery,Delivered,1502.25,3,6.0,True,2026-01-24,2026-01
3139,314,2025-03-25,2025-03-25 04:25:00,Surat,Tier 2,UPI,Delivered,286.9,5,5.0,False,2025-03-30,2025-03
3140,475,2025-06-19,2025-06-19 04:26:00,Chennai,Tier 1,UPI,Delivered,232.8,3,6.0,True,2025-06-25,2025-06
3141,616,2026-02-13,2026-02-13 23:27:00,Vadodara,Tier 2,UPI,Delivered,54944.3,5,6.0,True,2026-02-19,2026-02
3142,534,2025-06-23,2025-06-23 18:18:00,Indore,Tier 2,Debit Card,Delivered,856.0,5,6.0,True,2025-06-29,2025-06
3143,246,2026-06-24,2026-06-24 05:55:00,Guwahati,Tier 3,Net Banking,RTO,37224.0,4,,,,2026-06
3144,211,2025-09-25,2025-09-25 12:41:00,Bengaluru,Tier 1,Cash on Delivery,Delivered,9511.0,5,5.0,False,2025-09-30,2025-09
3145,438,2026-06-28,2026-06-28 22:45:00,Nagpur,Tier 2,UPI,RTO,128.0,4,,,,2026-06
3146,2,2024-12-04,2024-12-04 09:02:00,Vadodara,Tier 2,Credit Card,Delivered,4344.0,4,4.0,False,2024-12-08,2024-12
3147,808,2025-02-16,2025-02-16 03:25:00,Vadodara,Tier 2,UPI,Delivered,1085.0,2,2.0,False,2025-02-18,2025-02
3148,201,2025-10-23,2025-10-23 16:53:00,Bengaluru,Tier 1,Debit Card,Returned,35635.15,4,,,,2025-10
3149,510,2026-04-15,2026-04-15 18:30:00,Indore,Tier 2,Cash on Delivery,Delivered,35726.0,4,4.0,False,2026-04-19,2026-04
3150,595,2024-08-15,2024-08-15 21:24:00,Kolkata,Tier 1,Credit Card,RTO,7315.0,5,,,,2024-08
3151,24,2026-01-12,2026-01-12 01:18:00,Patna,Tier 3,UPI,Delivered,83550.0,3,4.0,True,2026-01-16,2026-01
3152,89,2026-01-07,2026-01-07 17:40:00,Ahmedabad,Tier 2,UPI,Cancelled,41992.8,2,,,,2026-01
3153,384,2026-01-07,2026-01-07 10:02:00,Bhopal,Tier 2,UPI,Delivered,1172.0,4,7.0,True,2026-01-14,2026-01
3154,307,2026-06-25,2026-06-25 18:31:00,Kolkata,Tier 1,UPI,Returned,3968.0,2,,,,2026-06
3155,1160,2026-05-01,2026-05-01 20:22:00,Ghaziabad,Tier 3,Cash on Delivery,Delivered,2017.9,2,2.0,False,2026-05-03,2026-05
3156,1122,2026-03-26,2026-03-26 17:05:00,Bhopal,Tier 2,UPI,RTO,7223.5,5,,,,2026-03
3157,1024,2026-01-08,2026-01-08 01:33:00,Patna,Tier 3,Cash on Delivery,Returned,518.7,7,,,,2026-01
3158,967,2025-12-18,2025-12-18 06:39:00,Hyderabad,Tier 1,Debit Card,Delivered,7167.6,4,7.0,True,2025-12-25,2025-12
3159,1137,2025-03-28,2025-03-28 16:52:00,Kolkata,Tier 1,Cash on Delivery,Delivered,291.0,2,2.0,False,2025-03-30,2025-03
3160,1092,2024-11-03,2024-11-03 14:14:00,Bhopal,Tier 2,UPI,Delivered,531.05,3,3.0,False,2024-11-06,2024-11
3161,251,2026-05-20,2026-05-20 14:42:00,Pune,Tier 1,UPI,Returned,77939.7,7,,,,2026-05
3162,821,2026-01-20,2026-01-20 09:31:00,Kolkata,Tier 1,Cash on Delivery,RTO,451.2,4,,,,2026-01
3163,273,2025-09-14,2025-09-14 19:17:00,Bhopal,Tier 2,Credit Card,Delivered,1692.0,4,6.0,True,2025-09-20,2025-09
3164,744,2025-07-06,2025-07-06 12:26:00,Kanpur,Tier 2,Cash on Delivery,Cancelled,1470.5,4,,,,2025-07
3165,514,2026-05-14,2026-05-14 00:17:00,Bengaluru,Tier 1,Credit Card,Delivered,375.0,5,8.0,True,2026-05-22,2026-05
3166,681,2025-03-08,2025-03-08 19:37:00,Chennai,Tier 1,Debit Card,Delivered,826.0,2,2.0,False,2025-03-10,2025-03
3167,119,2026-04-21,2026-04-21 11:37:00,Surat,Tier 2,Credit Card,RTO,4515.0,4,,,,2026-04
3168,1002,2026-06-10,2026-06-10 18:26:00,Kolkata,Tier 1,UPI,Delivered,745.0,2,2.0,False,2026-06-12,2026-06
3169,409,2026-03-24,2026-03-24 10:11:00,Coimbatore,Tier 2,Cash on Delivery,Delivered,1788.0,2,2.0,False,2026-03-26,2026-03
3170,89,2025-06-07,2025-06-07 12:47:00,Ahmedabad,Tier 2,UPI,Delivered,1516.2,3,3.0,False,2025-06-10,2025-06
3171,685,2026-05-17,2026-05-17 03:18:00,Pune,Tier 1,Cash on Delivery,Delivered,79131.4,4,7.0,True,2026-05-24,2026-05
3172,105,2026-03-31,2026-03-31 01:21:00,Kolkata,Tier 1,UPI,RTO,5266.0,2,,,,2026-03
3173,1197,2026-06-27,2026-06-27 10:26:00,Coimbatore,Tier 2,Credit Card,RTO,35431.2,4,,,,2026-06
3174,412,2026-01-03,2026-01-03 02:30:00,Jaipur,Tier 2,UPI,Delivered,2383.0,3,3.0,False,2026-01-06,2026-01
3175,684,2026-05-03,2026-05-03 16:50:00,Coimbatore,Tier 2,UPI,RTO,13422.55,4,,,,2026-05
3176,1025,2026-05-06,2026-05-06 14:28:00,Ahmedabad,Tier 2,UPI,Delivered,5311.6,4,4.0,False,2026-05-10,2026-05
3177,122,2024-07-14,2024-07-14 04:45:00,Coimbatore,Tier 2,Cash on Delivery,Delivered,37029.0,3,5.0,True,2024-07-19,2024-07
3178,220,2026-05-12,2026-05-12 10:33:00,Vadodara,Tier 2,Cash on Delivery,Delivered,3307.0,5,5.0,False,2026-05-17,2026-05
3179,63,2024-06-21,2024-06-21 15:06:00,Indore,Tier 2,Cash on Delivery,Delivered,568.0,4,4.0,False,2024-06-25,2024-06
3180,866,2025-05-10,2025-05-10 09:44:00,Surat,Tier 2,UPI,Delivered,638.4,5,5.0,False,2025-05-15,2025-05
3181,960,2025-11-02,2025-11-02 21:59:00,Bhopal,Tier 2,Credit Card,Delivered,1834.2,7,8.0,True,2025-11-10,2025-11
3182,848,2025-06-06,2025-06-06 10:41:00,Lucknow,Tier 2,Credit Card,Delivered,9492.4,4,3.0,False,2025-06-09,2025-06
3183,486,2025-07-05,2025-07-05 20:50:00,Ghaziabad,Tier 3,Cash on Delivery,Delivered,62673.0,2,4.0,True,2025-07-09,2025-07
3184,908,2024-11-07,2024-11-07 06:41:00,Patna,Tier 3,UPI,Delivered,12160.1,5,5.0,False,2024-11-12,2024-11
3185,983,2026-05-12,2026-05-12 07:20:00,Guwahati,Tier 3,Credit Card,Delivered,523.8,2,1.0,False,2026-05-13,2026-05
3186,385,2026-03-28,2026-03-28 18:04:00,Delhi,Tier 1,Net Banking,Returned,7502.3,5,,,,2026-03
3187,105,2026-02-09,2026-02-09 22:57:00,Kolkata,Tier 1,Credit Card,Delivered,5831.9,2,3.0,True,2026-02-12,2026-02
3188,429,2025-07-10,2025-07-10 10:56:00,Patna,Tier 3,Debit Card,Delivered,9365.9,3,3.0,False,2025-07-13,2025-07
3189,1091,2025-09-26,2025-09-26 13:58:00,Delhi,Tier 1,UPI,Delivered,735.25,2,3.0,True,2025-09-29,2025-09
3190,800,2026-05-14,2026-05-14 04:15:00,Guwahati,Tier 3,Cash on Delivery,Delivered,205.0,5,6.0,True,2026-05-20,2026-05
3191,530,2026-06-03,2026-06-03 08:20:00,Chennai,Tier 1,Net Banking,Delivered,2260.8,7,8.0,True,2026-06-11,2026-06
3192,262,2024-05-20,2024-05-20 13:02:00,Kanpur,Tier 2,UPI,RTO,2351.35,3,,,,2024-05
3193,468,2026-01-20,2026-01-20 21:18:00,Ahmedabad,Tier 2,Credit Card,Returned,12272.0,5,,,,2026-01
3194,1123,2026-06-10,2026-06-10 13:36:00,Nagpur,Tier 2,Net Banking,Returned,44912.0,7,,,,2026-06
3195,442,2026-05-06,2026-05-06 07:00:00,Bengaluru,Tier 1,UPI,Delivered,3303.0,4,7.0,True,2026-05-13,2026-05
3196,192,2026-01-14,2026-01-14 07:17:00,Patna,Tier 3,UPI,Returned,8011.25,3,,,,2026-01
3197,379,2026-04-24,2026-04-24 07:04:00,Surat,Tier 2,Net Banking,Returned,1712.0,7,,,,2026-04
3198,799,2025-02-12,2025-02-12 15:01:00,Ahmedabad,Tier 2,Cash on Delivery,Delivered,638.4,7,10.0,True,2025-02-22,2025-02
3199,575,2025-08-11,2025-08-11 20:01:00,Indore,Tier 2,Debit Card,RTO,391.85,2,,,,2025-08
3200,1045,2025-11-19,2025-11-19 15:58:00,Nagpur,Tier 2,UPI,Cancelled,2736.0,5,,,,2025-11
3201,602,2026-03-14,2026-03-14 16:03:00,Nagpur,Tier 2,Cash on Delivery,Delivered,28913.8,2,2.0,False,2026-03-16,2026-03
3202,1042,2025-11-28,2025-11-28 11:55:00,Coimbatore,Tier 2,UPI,Delivered,758.55,7,6.0,False,2025-12-04,2025-11
3203,578,2026-02-17,2026-02-17 17:47:00,Chennai,Tier 1,Debit Card,RTO,1536.0,2,,,,2026-02
3204,155,2024-11-28,2024-11-28 21:52:00,Indore,Tier 2,Credit Card,Delivered,1994.0,3,3.0,False,2024-12-01,2024-11
3205,184,2025-09-24,2025-09-24 05:21:00,Hyderabad,Tier 1,Credit Card,Delivered,729.6,7,8.0,True,2025-10-02,2025-09
3206,421,2026-06-08,2026-06-08 13:07:00,Vadodara,Tier 2,UPI,Delivered,34286.4,2,2.0,False,2026-06-10,2026-06
3207,1197,2026-05-27,2026-05-27 05:31:00,Coimbatore,Tier 2,Debit Card,Returned,16782.0,3,,,,2026-05
3208,442,2026-03-29,2026-03-29 08:11:00,Bengaluru,Tier 1,Debit Card,Delivered,761.4,3,2.0,False,2026-03-31,2026-03
3209,1107,2025-12-11,2025-12-11 19:15:00,Nagpur,Tier 2,UPI,Delivered,3307.0,7,8.0,True,2025-12-19,2025-12
3210,620,2025-12-19,2025-12-19 10:03:00,Bhopal,Tier 2,UPI,Returned,26462.65,7,,,,2025-12
3211,445,2026-02-14,2026-02-14 11:44:00,Surat,Tier 2,Debit Card,RTO,729.6,5,,,,2026-02
3212,654,2025-07-20,2025-07-20 21:50:00,Ghaziabad,Tier 3,Credit Card,Delivered,846.0,3,3.0,False,2025-07-23,2025-07
3213,870,2025-10-23,2025-10-23 21:50:00,Surat,Tier 2,UPI,Delivered,304.0,2,2.0,False,2025-10-25,2025-10
3214,951,2025-08-26,2025-08-26 20:13:00,Delhi,Tier 1,UPI,Delivered,2383.0,3,4.0,True,2025-08-30,2025-08
3215,523,2025-12-22,2025-12-22 18:17:00,Ahmedabad,Tier 2,Cash on Delivery,Delivered,83557.0,3,3.0,False,2025-12-25,2025-12
3216,1081,2025-05-14,2025-05-14 05:58:00,Guwahati,Tier 3,Credit Card,Delivered,19939.1,2,3.0,True,2025-05-17,2025-05
3217,250,2026-06-01,2026-06-01 18:53:00,Ahmedabad,Tier 2,UPI,Delivered,3837.75,7,10.0,True,2026-06-11,2026-06
3218,1164,2025-11-12,2025-11-12 06:30:00,Hyderabad,Tier 1,UPI,Cancelled,2872.8,7,,,,2025-11
3219,474,2024-08-08,2024-08-08 04:24:00,Patna,Tier 3,UPI,Returned,114589.95,5,,,,2024-08
3220,116,2026-01-10,2026-01-10 11:06:00,Surat,Tier 2,UPI,Cancelled,71933.7,5,,,,2026-01
3221,807,2026-02-27,2026-02-27 08:41:00,Hyderabad,Tier 1,Cash on Delivery,Delivered,1483.7,5,4.0,False,2026-03-03,2026-02
3222,1147,2025-07-03,2025-07-03 18:17:00,Lucknow,Tier 2,UPI,Delivered,92802.5,2,3.0,True,2025-07-06,2025-07
3223,71,2026-03-05,2026-03-05 11:20:00,Kolkata,Tier 1,Cash on Delivery,Returned,3184.2,7,,,,2026-03
3224,627,2026-03-02,2026-03-02 21:07:00,Kolkata,Tier 1,Credit Card,RTO,11191.15,2,,,,2026-03
3225,476,2026-04-13,2026-04-13 04:46:00,Patna,Tier 3,UPI,Delivered,7149.0,4,7.0,True,2026-04-20,2026-04
3226,1053,2025-09-28,2025-09-28 07:29:00,Bhopal,Tier 2,Cash on Delivery,Delivered,479.4,3,3.0,False,2025-10-01,2025-09
3227,760,2024-10-07,2024-10-07 14:49:00,Guwahati,Tier 3,UPI,Delivered,1490.0,5,5.0,False,2024-10-12,2024-10
3228,906,2025-05-16,2025-05-16 02:06:00,Lucknow,Tier 2,Net Banking,Cancelled,3307.0,2,,,,2025-05
3229,986,2025-10-27,2025-10-27 10:47:00,Patna,Tier 3,UPI,Delivered,4283.0,3,4.0,True,2025-10-31,2025-10
3230,250,2026-05-22,2026-05-22 07:31:00,Ahmedabad,Tier 2,Debit Card,Delivered,9260.6,2,1.0,False,2026-05-23,2026-05
3231,962,2026-04-24,2026-04-24 11:33:00,Kolkata,Tier 1,UPI,Delivered,128.0,4,7.0,True,2026-05-01,2026-04
3232,756,2026-06-11,2026-06-11 09:08:00,Kolkata,Tier 1,Credit Card,Delivered,1070.0,4,5.0,True,2026-06-16,2026-06
3233,503,2024-06-09,2024-06-09 13:21:00,Pune,Tier 1,Credit Card,Delivered,1362.05,7,7.0,False,2024-06-16,2024-06
3234,314,2025-05-23,2025-05-23 00:52:00,Surat,Tier 2,Cash on Delivery,Delivered,37954.25,3,4.0,True,2025-05-27,2025-05
3235,116,2026-06-20,2026-06-20 22:20:00,Surat,Tier 2,Cash on Delivery,Delivered,937.6,7,8.0,True,2026-06-28,2026-06
3236,407,2026-03-09,2026-03-09 10:27:00,Indore,Tier 2,Cash on Delivery,Delivered,2595.0,5,6.0,True,2026-03-15,2026-03
3237,204,2025-05-18,2025-05-18 05:02:00,Jaipur,Tier 2,UPI,Delivered,18590.45,5,8.0,True,2025-05-26,2025-05
3238,262,2025-02-22,2025-02-22 00:36:00,Kanpur,Tier 2,UPI,Delivered,854.45,2,1.0,False,2025-02-23,2025-02
3239,548,2024-08-07,2024-08-07 07:56:00,Bhopal,Tier 2,Cash on Delivery,Delivered,1992.4,7,6.0,False,2024-08-13,2024-08
3240,680,2025-09-19,2025-09-19 20:30:00,Jaipur,Tier 2,Credit Card,Delivered,3459.45,2,1.0,False,2025-09-20,2025-09
3241,122,2024-02-24,2024-02-24 01:56:00,Coimbatore,Tier 2,UPI,Delivered,479.4,4,7.0,True,2024-03-02,2024-02
3242,420,2026-03-03,2026-03-03 16:50:00,Lucknow,Tier 2,UPI,Delivered,9241.9,5,5.0,False,2026-03-08,2026-03
3243,402,2025-03-18,2025-03-18 14:27:00,Surat,Tier 2,UPI,Delivered,345.75,7,8.0,True,2025-03-26,2025-03
3244,750,2024-09-20,2024-09-20 02:32:00,Ahmedabad,Tier 2,UPI,Delivered,38576.55,4,5.0,True,2024-09-25,2024-09
3245,458,2025-12-28,2025-12-28 00:19:00,Mumbai,Tier 1,UPI,Delivered,2231.6,4,7.0,True,2026-01-04,2025-12
3246,1036,2026-03-25,2026-03-25 23:42:00,Ahmedabad,Tier 2,Cash on Delivery,Delivered,8279.7,3,3.0,False,2026-03-28,2026-03
3247,627,2026-03-08,2026-03-08 18:29:00,Kolkata,Tier 1,Credit Card,Delivered,3326.4,2,4.0,True,2026-03-12,2026-03
3248,338,2026-03-30,2026-03-30 08:58:00,Nagpur,Tier 2,UPI,Delivered,1357.2,2,2.0,False,2026-04-01,2026-03
3249,271,2026-02-21,2026-02-21 16:57:00,Lucknow,Tier 2,UPI,RTO,1525.7,5,,,,2026-02
3250,465,2026-03-26,2026-03-26 04:17:00,Hyderabad,Tier 1,Debit Card,RTO,441.0,7,,,,2026-03
3251,811,2026-04-09,2026-04-09 23:45:00,Coimbatore,Tier 2,Cash on Delivery,Delivered,7860.6,7,8.0,True,2026-04-17,2026-04
3252,826,2024-05-24,2024-05-24 00:36:00,Ahmedabad,Tier 2,UPI,Returned,1834.2,5,,,,2024-05
3253,105,2026-03-27,2026-03-27 18:09:00,Kolkata,Tier 1,Net Banking,Returned,1053.0,3,,,,2026-03
3254,533,2026-05-09,2026-05-09 12:42:00,Chennai,Tier 1,Debit Card,Returned,60774.0,3,,,,2026-05
3255,734,2025-12-16,2025-12-16 16:02:00,Kolkata,Tier 1,UPI,Delivered,2052.5,7,10.0,True,2025-12-26,2025-12
3256,1104,2026-03-10,2026-03-10 14:27:00,Bhopal,Tier 2,Credit Card,Delivered,4920.0,7,7.0,False,2026-03-17,2026-03
3257,167,2026-03-21,2026-03-21 06:57:00,Kolkata,Tier 1,UPI,Delivered,38917.85,2,3.0,True,2026-03-24,2026-03
3258,215,2025-05-28,2025-05-28 14:20:00,Lucknow,Tier 2,UPI,Cancelled,5106.1,7,,,,2025-05
3259,365,2026-05-11,2026-05-11 15:02:00,Mumbai,Tier 1,UPI,Returned,27918.0,2,,,,2026-05
3260,986,2025-08-26,2025-08-26 01:22:00,Patna,Tier 3,Cash on Delivery,Delivered,1606.0,4,3.0,False,2025-08-29,2025-08
3261,179,2024-11-16,2024-11-16 11:23:00,Bhopal,Tier 2,UPI,Delivered,697.85,5,6.0,True,2024-11-22,2024-11
3262,427,2024-12-19,2024-12-19 11:24:00,Mumbai,Tier 1,UPI,Returned,4273.2,4,,,,2024-12
3263,508,2025-09-05,2025-09-05 23:21:00,Delhi,Tier 1,Debit Card,RTO,69342.4,3,,,,2025-09
3264,127,2025-06-30,2025-06-30 10:44:00,Bhopal,Tier 2,Cash on Delivery,Delivered,7423.9,2,3.0,True,2025-07-03,2025-06
3265,826,2024-12-10,2024-12-10 00:43:00,Ahmedabad,Tier 2,UPI,Delivered,4067.05,2,3.0,True,2024-12-13,2024-12
3266,933,2024-12-05,2024-12-05 23:56:00,Pune,Tier 1,Cash on Delivery,Returned,9790.4,3,,,,2024-12
3267,1024,2026-06-06,2026-06-06 14:27:00,Patna,Tier 3,Cash on Delivery,Returned,337.5,3,,,,2026-06
3268,852,2025-12-16,2025-12-16 01:03:00,Guwahati,Tier 3,Debit Card,Delivered,479.4,3,6.0,True,2025-12-22,2025-12
3269,915,2025-10-25,2025-10-25 14:43:00,Surat,Tier 2,UPI,Delivered,39005.1,7,7.0,False,2025-11-01,2025-10
3270,1071,2026-06-02,2026-06-02 03:24:00,Indore,Tier 2,Cash on Delivery,Delivered,510.0,3,4.0,True,2026-06-06,2026-06
3271,1078,2025-12-08,2025-12-08 05:22:00,Kolkata,Tier 1,UPI,Delivered,26905.5,7,7.0,False,2025-12-15,2025-12
3272,786,2025-12-18,2025-12-18 01:30:00,Surat,Tier 2,UPI,Returned,1247.4,7,,,,2025-12
3273,825,2026-02-19,2026-02-19 04:13:00,Bengaluru,Tier 1,Credit Card,RTO,8392.0,7,,,,2026-02
3274,446,2026-06-19,2026-06-19 05:48:00,Mumbai,Tier 1,UPI,RTO,2822.0,5,,,,2026-06
3275,676,2026-05-16,2026-05-16 18:40:00,Guwahati,Tier 3,Cash on Delivery,Delivered,51050.8,5,6.0,True,2026-05-22,2026-05
3276,1012,2026-03-28,2026-03-28 07:04:00,Delhi,Tier 1,Credit Card,Delivered,109203.55,7,8.0,True,2026-04-05,2026-03
3277,718,2025-05-31,2025-05-31 02:41:00,Guwahati,Tier 3,UPI,Delivered,22376.0,4,6.0,True,2025-06-06,2025-05
3278,116,2026-04-13,2026-04-13 21:27:00,Surat,Tier 2,Credit Card,Returned,491.4,3,,,,2026-04
3279,1075,2026-01-19,2026-01-19 23:30:00,Kolkata,Tier 1,Cash on Delivery,Delivered,11133.0,5,5.0,False,2026-01-24,2026-01
3280,1156,2025-07-25,2025-07-25 23:30:00,Surat,Tier 2,UPI,Delivered,608.0,3,2.0,False,2025-07-27,2025-07
3281,53,2025-05-13,2025-05-13 14:30:00,Delhi,Tier 1,Debit Card,Delivered,3551.1,2,4.0,True,2025-05-17,2025-05
3282,220,2026-05-15,2026-05-15 11:02:00,Vadodara,Tier 2,UPI,Delivered,38149.0,4,5.0,True,2026-05-20,2026-05
3283,1111,2026-05-25,2026-05-25 07:44:00,Coimbatore,Tier 2,UPI,Delivered,73079.85,3,5.0,True,2026-05-30,2026-05
3284,183,2026-03-05,2026-03-05 05:32:00,Kanpur,Tier 2,Credit Card,Delivered,41775.0,2,3.0,True,2026-03-08,2026-03
3285,627,2026-02-09,2026-02-09 14:24:00,Kolkata,Tier 1,Cash on Delivery,RTO,5553.0,2,,,,2026-02
3286,189,2026-04-25,2026-04-25 15:14:00,Bengaluru,Tier 1,Debit Card,Delivered,35726.0,4,4.0,False,2026-04-29,2026-04
3287,1092,2026-05-06,2026-05-06 00:29:00,Bhopal,Tier 2,Credit Card,Delivered,1994.4,3,3.0,False,2026-05-09,2026-05
3288,113,2025-06-12,2025-06-12 01:59:00,Guwahati,Tier 3,Credit Card,Delivered,6930.0,7,9.0,True,2025-06-21,2025-06
3289,48,2025-01-21,2025-01-21 11:20:00,Vadodara,Tier 2,UPI,Delivered,41782.0,2,1.0,False,2025-01-22,2025-01
3290,825,2026-03-16,2026-03-16 23:20:00,Bengaluru,Tier 1,UPI,Delivered,1642.0,3,6.0,True,2026-03-22,2026-03
3291,934,2024-05-28,2024-05-28 22:02:00,Guwahati,Tier 3,Debit Card,RTO,417.0,4,,,,2024-05
3292,368,2026-06-23,2026-06-23 06:05:00,Nagpur,Tier 2,UPI,Delivered,8431.5,3,6.0,True,2026-06-29,2026-06
3293,446,2026-03-26,2026-03-26 21:02:00,Mumbai,Tier 1,Cash on Delivery,Delivered,2306.3,3,4.0,True,2026-03-30,2026-03
3294,732,2026-04-17,2026-04-17 00:26:00,Jaipur,Tier 2,UPI,Delivered,3612.0,5,4.0,False,2026-04-21,2026-04
3295,615,2025-12-11,2025-12-11 20:20:00,Surat,Tier 2,Cash on Delivery,Delivered,556.0,4,7.0,True,2025-12-18,2025-12
3296,382,2026-04-06,2026-04-06 02:53:00,Bhopal,Tier 2,Debit Card,Delivered,1341.0,4,3.0,False,2026-04-09,2026-04
3297,332,2024-11-06,2024-11-06 10:47:00,Ghaziabad,Tier 3,Cash on Delivery,Delivered,957.45,2,2.0,False,2024-11-08,2024-11
3298,1016,2025-07-16,2025-07-16 12:38:00,Coimbatore,Tier 2,UPI,RTO,10162.1,4,,,,2025-07
3299,948,2026-06-28,2026-06-28 10:24:00,Indore,Tier 2,UPI,Delivered,604.0,3,4.0,True,2026-07-02,2026-06
3300,532,2026-02-08,2026-02-08 08:48:00,Jaipur,Tier 2,UPI,Delivered,69371.6,2,2.0,False,2026-02-10,2026-02
3301,26,2026-02-23,2026-02-23 15:06:00,Bhopal,Tier 2,UPI,Delivered,11572.6,2,5.0,True,2026-02-28,2026-02
3302,1140,2025-07-24,2025-07-24 11:58:00,Guwahati,Tier 3,UPI,Delivered,1555.2,4,3.0,False,2025-07-27,2025-07
3303,555,2025-09-10,2025-09-10 08:46:00,Ahmedabad,Tier 2,UPI,Delivered,1692.0,7,8.0,True,2025-09-18,2025-09
3304,241,2026-06-27,2026-06-27 04:47:00,Delhi,Tier 1,Credit Card,Delivered,3113.0,2,3.0,True,2026-06-30,2026-06
3305,1095,2025-03-25,2025-03-25 07:28:00,Chennai,Tier 1,Credit Card,Returned,1112.0,5,,,,2025-03
3306,758,2025-11-03,2025-11-03 08:56:00,Vadodara,Tier 2,Cash on Delivery,Cancelled,670.5,2,,,,2025-11
3307,472,2025-05-01,2025-05-01 23:36:00,Mumbai,Tier 1,Credit Card,Returned,9030.0,5,,,,2025-05
3308,465,2025-07-13,2025-07-13 21:34:00,Hyderabad,Tier 1,Credit Card,Delivered,546.0,4,4.0,False,2025-07-17,2025-07
3309,569,2026-06-18,2026-06-18 11:36:00,Mumbai,Tier 1,UPI,Delivered,45621.85,4,4.0,False,2026-06-22,2026-06
3310,811,2026-04-09,2026-04-09 02:20:00,Coimbatore,Tier 2,UPI,Delivered,2480.25,4,4.0,False,2026-04-13,2026-04
3311,848,2026-01-24,2026-01-24 00:00:00,Lucknow,Tier 2,Cash on Delivery,Delivered,12491.55,5,7.0,True,2026-01-31,2026-01
3312,1099,2025-04-07,2025-04-07 16:40:00,Hyderabad,Tier 1,Cash on Delivery,Delivered,692.0,5,5.0,False,2025-04-12,2025-04
3313,458,2026-02-10,2026-02-10 02:38:00,Mumbai,Tier 1,UPI,RTO,1320.5,4,,,,2026-02
3314,1084,2025-12-20,2025-12-20 00:40:00,Kolkata,Tier 1,Net Banking,Cancelled,2462.0,4,,,,2025-12
3315,1087,2026-04-07,2026-04-07 17:14:00,Ahmedabad,Tier 2,Credit Card,Delivered,5936.4,7,7.0,False,2026-04-14,2026-04
3316,116,2026-02-05,2026-02-05 21:49:00,Surat,Tier 2,UPI,Delivered,841.3,7,6.0,False,2026-02-11,2026-02
3317,532,2025-11-21,2025-11-21 05:42:00,Jaipur,Tier 2,UPI,RTO,35937.6,2,,,,2025-11
3318,814,2025-10-18,2025-10-18 17:34:00,Bhopal,Tier 2,UPI,Delivered,2383.0,5,5.0,False,2025-10-23,2025-10
3319,1146,2026-05-09,2026-05-09 01:47:00,Ahmedabad,Tier 2,UPI,Returned,3534.3,4,,,,2026-05
3320,36,2025-11-24,2025-11-24 11:56:00,Nagpur,Tier 2,UPI,Cancelled,451.2,2,,,,2025-11
3321,720,2025-12-13,2025-12-13 22:26:00,Indore,Tier 2,Cash on Delivery,Delivered,1079.5,7,9.0,True,2025-12-22,2025-12
3322,420,2025-11-24,2025-11-24 12:54:00,Lucknow,Tier 2,UPI,Delivered,67989.6,7,10.0,True,2025-12-04,2025-11
3323,164,2026-05-15,2026-05-15 04:51:00,Hyderabad,Tier 1,Debit Card,Delivered,3304.8,2,1.0,False,2026-05-16,2026-05
3324,474,2025-03-02,2025-03-02 19:17:00,Patna,Tier 3,Debit Card,Delivered,51072.0,2,2.0,False,2025-03-04,2025-03
3325,428,2025-10-22,2025-10-22 09:57:00,Bhopal,Tier 2,Net Banking,Delivered,24619.3,2,1.0,False,2025-10-23,2025-10
3326,470,2025-01-22,2025-01-22 13:03:00,Bhopal,Tier 2,Debit Card,Delivered,638.4,2,5.0,True,2025-01-27,2025-01
3327,93,2025-01-29,2025-01-29 12:17:00,Delhi,Tier 1,Cash on Delivery,Cancelled,5769.25,7,,,,2025-01
3328,21,2026-03-04,2026-03-04 20:53:00,Kanpur,Tier 2,Net Banking,Delivered,2410.5,7,6.0,False,2026-03-10,2026-03
3329,344,2025-10-19,2025-10-19 14:27:00,Delhi,Tier 1,UPI,Delivered,4263.1,5,6.0,True,2025-10-25,2025-10
3330,750,2025-05-02,2025-05-02 15:13:00,Ahmedabad,Tier 2,Credit Card,Delivered,26794.5,4,3.0,False,2025-05-05,2025-05
3331,344,2026-02-10,2026-02-10 05:32:00,Delhi,Tier 1,Credit Card,Delivered,30808.1,2,3.0,True,2026-02-13,2026-02
3332,712,2026-06-17,2026-06-17 04:34:00,Chennai,Tier 1,UPI,Delivered,8877.0,2,5.0,True,2026-06-22,2026-06
3333,1052,2025-08-08,2025-08-08 16:30:00,Chennai,Tier 1,Net Banking,Returned,5655.95,7,,,,2025-08
3334,89,2026-03-20,2026-03-20 08:05:00,Ahmedabad,Tier 2,UPI,Delivered,2152.0,5,6.0,True,2026-03-26,2026-03
3335,898,2026-04-08,2026-04-08 01:17:00,Guwahati,Tier 3,Cash on Delivery,RTO,437.95,3,,,,2026-04
3336,1049,2025-11-15,2025-11-15 15:26:00,Hyderabad,Tier 1,Debit Card,Returned,41155.05,7,,,,2025-11
3337,891,2025-08-22,2025-08-22 01:36:00,Pune,Tier 1,Debit Card,Delivered,9563.0,5,4.0,False,2025-08-26,2025-08
3338,949,2025-01-24,2025-01-24 13:12:00,Jaipur,Tier 2,Net Banking,Delivered,3321.0,3,6.0,True,2025-01-30,2025-01
3339,412,2025-07-20,2025-07-20 19:54:00,Jaipur,Tier 2,Debit Card,Delivered,1108.0,7,7.0,False,2025-07-27,2025-07
3340,625,2025-03-27,2025-03-27 12:37:00,Kanpur,Tier 2,Cash on Delivery,Delivered,1555.2,4,4.0,False,2025-03-31,2025-03
3341,142,2025-11-20,2025-11-20 21:19:00,Pune,Tier 1,Cash on Delivery,RTO,825.1,7,,,,2025-11
3342,248,2025-04-24,2025-04-24 11:02:00,Bhopal,Tier 2,Credit Card,RTO,25496.1,5,,,,2025-04
3343,949,2026-01-02,2026-01-02 07:50:00,Jaipur,Tier 2,Cash on Delivery,Returned,28611.75,5,,,,2026-01
3344,555,2025-08-06,2025-08-06 07:43:00,Ahmedabad,Tier 2,UPI,RTO,4126.8,3,,,,2025-08
3345,885,2026-04-27,2026-04-27 07:44:00,Lucknow,Tier 2,Credit Card,Delivered,5293.2,4,3.0,False,2026-04-30,2026-04
3346,500,2025-05-18,2025-05-18 15:01:00,Bengaluru,Tier 1,UPI,Delivered,2549.6,7,8.0,True,2025-05-26,2025-05
3347,1154,2026-05-14,2026-05-14 01:51:00,Ghaziabad,Tier 3,Debit Card,Delivered,7172.25,4,7.0,True,2026-05-21,2026-05
3348,1154,2026-06-03,2026-06-03 19:26:00,Ghaziabad,Tier 3,UPI,Delivered,2887.5,3,2.0,False,2026-06-05,2026-06
3349,533,2026-06-18,2026-06-18 16:09:00,Chennai,Tier 1,UPI,Delivered,8496.0,2,5.0,True,2026-06-23,2026-06
3350,533,2026-03-11,2026-03-11 03:33:00,Chennai,Tier 1,Cash on Delivery,Returned,2271.2,3,,,,2026-03
3351,52,2025-03-25,2025-03-25 14:33:00,Vadodara,Tier 2,UPI,Returned,6920.0,2,,,,2025-03
3352,420,2025-08-25,2025-08-25 12:49:00,Lucknow,Tier 2,Cash on Delivery,Delivered,7476.0,3,6.0,True,2025-08-31,2025-08
3353,584,2026-06-20,2026-06-20 01:19:00,Pune,Tier 1,Cash on Delivery,RTO,2136.6,5,,,,2026-06
3354,396,2026-04-17,2026-04-17 16:59:00,Mumbai,Tier 1,Credit Card,Delivered,45909.2,2,5.0,True,2026-04-22,2026-04
3355,566,2026-05-25,2026-05-25 14:00:00,Bengaluru,Tier 1,UPI,Delivered,6140.5,7,8.0,True,2026-06-02,2026-05
3356,772,2025-07-14,2025-07-14 08:58:00,Indore,Tier 2,Cash on Delivery,Delivered,2238.0,3,4.0,True,2025-07-18,2025-07
3357,1131,2026-01-23,2026-01-23 10:34:00,Delhi,Tier 1,Cash on Delivery,Delivered,41782.0,5,4.0,False,2026-01-27,2026-01
3358,870,2025-06-22,2025-06-22 03:13:00,Surat,Tier 2,Debit Card,Delivered,656.8,5,6.0,True,2025-06-28,2025-06
3359,47,2025-11-24,2025-11-24 10:59:00,Surat,Tier 2,Debit Card,Returned,1390.7,7,,,,2025-11
3360,525,2026-05-23,2026-05-23 23:35:00,Ghaziabad,Tier 3,Cash on Delivery,Delivered,11429.95,3,6.0,True,2026-05-29,2026-05
3361,1118,2024-10-19,2024-10-19 04:26:00,Bhopal,Tier 2,Cash on Delivery,RTO,2555.1,2,,,,2024-10
3362,864,2025-12-28,2025-12-28 10:31:00,Lucknow,Tier 2,Cash on Delivery,Delivered,615.75,3,3.0,False,2025-12-31,2025-12
3363,1179,2025-12-31,2025-12-31 05:07:00,Mumbai,Tier 1,Debit Card,Delivered,815.25,7,8.0,True,2026-01-08,2025-12
3364,578,2026-06-05,2026-06-05 08:15:00,Chennai,Tier 1,Cash on Delivery,Delivered,28611.75,3,2.0,False,2026-06-07,2026-06
3365,531,2025-06-10,2025-06-10 20:55:00,Delhi,Tier 1,Credit Card,Cancelled,1077.3,2,,,,2025-06
3366,243,2026-05-05,2026-05-05 16:17:00,Kanpur,Tier 2,Cash on Delivery,RTO,1256.0,4,,,,2026-05
3367,262,2025-08-06,2025-08-06 14:18:00,Kanpur,Tier 2,Cash on Delivery,Delivered,3386.25,7,8.0,True,2025-08-14,2025-08
3368,47,2026-06-13,2026-06-13 13:21:00,Surat,Tier 2,UPI,Returned,2064.6,5,,,,2026-06
3369,474,2025-05-10,2025-05-10 05:39:00,Patna,Tier 3,Credit Card,Delivered,568.0,5,8.0,True,2025-05-18,2025-05
3370,555,2025-09-19,2025-09-19 01:27:00,Ahmedabad,Tier 2,UPI,Returned,7936.0,3,,,,2025-09
3371,280,2026-02-19,2026-02-19 05:28:00,Nagpur,Tier 2,Cash on Delivery,RTO,5244.95,3,,,,2026-02
3372,844,2026-06-26,2026-06-26 04:51:00,Patna,Tier 3,Cash on Delivery,Delivered,1955.75,4,6.0,True,2026-07-02,2026-06
3373,446,2026-04-11,2026-04-11 16:47:00,Mumbai,Tier 1,UPI,Delivered,979.0,2,2.0,False,2026-04-13,2026-04
3374,661,2025-09-06,2025-09-06 12:23:00,Ghaziabad,Tier 3,UPI,Delivered,2594.9,4,4.0,False,2025-09-10,2025-09
3375,676,2026-01-02,2026-01-02 04:30:00,Guwahati,Tier 3,Debit Card,Delivered,291.0,2,2.0,False,2026-01-04,2026-01
3376,204,2025-10-02,2025-10-02 13:55:00,Jaipur,Tier 2,Cash on Delivery,Delivered,2058.4,7,7.0,False,2025-10-09,2025-10
3377,1105,2026-01-20,2026-01-20 01:38:00,Lucknow,Tier 2,Credit Card,Delivered,479.4,4,5.0,True,2026-01-25,2026-01
3378,396,2026-04-14,2026-04-14 23:15:00,Mumbai,Tier 1,UPI,Delivered,549.0,5,5.0,False,2026-04-19,2026-04
3379,919,2026-04-15,2026-04-15 23:55:00,Pune,Tier 1,Debit Card,Delivered,8986.1,3,3.0,False,2026-04-18,2026-04
3380,221,2026-01-03,2026-01-03 21:43:00,Guwahati,Tier 3,Credit Card,Delivered,36971.1,5,6.0,True,2026-01-09,2026-01
3381,391,2025-12-29,2025-12-29 18:56:00,Kanpur,Tier 2,UPI,Delivered,1969.6,2,2.0,False,2025-12-31,2025-12
3382,144,2026-05-30,2026-05-30 15:05:00,Mumbai,Tier 1,Debit Card,Delivered,32381.6,2,1.0,False,2026-05-31,2026-05
3383,676,2025-12-31,2025-12-31 08:11:00,Guwahati,Tier 3,Cash on Delivery,Delivered,81021.6,4,3.0,False,2026-01-03,2025-12
3384,419,2026-04-25,2026-04-25 10:12:00,Bengaluru,Tier 1,Credit Card,Delivered,1226.0,2,4.0,True,2026-04-29,2026-04
3385,297,2024-11-08,2024-11-08 05:32:00,Ahmedabad,Tier 2,Debit Card,Delivered,13396.25,2,3.0,True,2024-11-11,2024-11
3386,1053,2024-12-11,2024-12-11 21:22:00,Bhopal,Tier 2,UPI,Delivered,79513.0,2,4.0,True,2024-12-15,2024-12
3387,596,2025-11-26,2025-11-26 23:14:00,Ghaziabad,Tier 3,Cash on Delivery,Delivered,3261.0,7,10.0,True,2025-12-06,2025-11
3388,273,2025-12-22,2025-12-22 22:17:00,Bhopal,Tier 2,Debit Card,Delivered,3039.0,7,8.0,True,2025-12-30,2025-12
3389,1175,2025-11-29,2025-11-29 21:29:00,Bhopal,Tier 2,Credit Card,Delivered,41027.55,5,5.0,False,2025-12-04,2025-11
3390,928,2025-01-26,2025-01-26 20:40:00,Bengaluru,Tier 1,UPI,RTO,2689.0,7,,,,2025-01
3391,736,2026-01-06,2026-01-06 21:49:00,Delhi,Tier 1,UPI,Delivered,30530.25,7,8.0,True,2026-01-14,2026-01
3392,222,2025-07-23,2025-07-23 05:39:00,Delhi,Tier 1,UPI,Delivered,1549.9,7,7.0,False,2025-07-30,2025-07
3393,576,2026-04-29,2026-04-29 11:32:00,Coimbatore,Tier 2,Cash on Delivery,Delivered,1128.0,4,4.0,False,2026-05-03,2026-04
3394,56,2026-04-01,2026-04-01 10:41:00,Indore,Tier 2,Credit Card,Delivered,33408.85,5,6.0,True,2026-04-07,2026-04
3395,1025,2026-06-15,2026-06-15 03:41:00,Ahmedabad,Tier 2,Cash on Delivery,Delivered,1582.2,4,3.0,False,2026-06-18,2026-06
3396,1024,2026-05-21,2026-05-21 14:44:00,Patna,Tier 3,Credit Card,Delivered,18169.7,2,2.0,False,2026-05-23,2026-05
3397,382,2026-06-10,2026-06-10 10:39:00,Bhopal,Tier 2,UPI,Returned,1824.3,4,,,,2026-06
3398,536,2026-06-10,2026-06-10 00:47:00,Kanpur,Tier 2,UPI,Delivered,71290.0,2,2.0,False,2026-06-12,2026-06
3399,1196,2025-08-09,2025-08-09 12:19:00,Delhi,Tier 1,UPI,Returned,31438.65,2,,,,2025-08
3400,199,2026-04-11,2026-04-11 01:23:00,Mumbai,Tier 1,Credit Card,Delivered,6031.0,5,5.0,False,2026-04-16,2026-04
3401,1198,2025-05-13,2025-05-13 14:25:00,Bengaluru,Tier 1,Cash on Delivery,Delivered,3762.3,5,5.0,False,2025-05-18,2025-05
3402,1198,2025-02-09,2025-02-09 15:38:00,Bengaluru,Tier 1,UPI,Delivered,1002.0,5,6.0,True,2025-02-15,2025-02
3403,358,2026-05-25,2026-05-25 22:41:00,Patna,Tier 3,Debit Card,Delivered,2041.1,7,8.0,True,2026-06-02,2026-05
3404,1159,2026-04-15,2026-04-15 08:17:00,Surat,Tier 2,Cash on Delivery,Delivered,4330.5,5,5.0,False,2026-04-20,2026-04
3405,362,2026-04-26,2026-04-26 05:25:00,Chennai,Tier 1,Net Banking,Delivered,682.55,2,3.0,True,2026-04-29,2026-04
3406,801,2026-01-24,2026-01-24 23:36:00,Patna,Tier 3,UPI,Delivered,46370.9,3,3.0,False,2026-01-27,2026-01
3407,746,2026-03-14,2026-03-14 20:28:00,Mumbai,Tier 1,Cash on Delivery,Cancelled,25549.3,4,,,,2026-03
3408,391,2026-04-05,2026-04-05 10:57:00,Kanpur,Tier 2,Cash on Delivery,Delivered,62879.4,4,3.0,False,2026-04-08,2026-04
3409,960,2025-12-06,2025-12-06 03:51:00,Bhopal,Tier 2,Net Banking,Delivered,22446.0,7,10.0,True,2025-12-16,2025-12
3410,240,2024-05-01,2024-05-01 00:22:00,Ahmedabad,Tier 2,Debit Card,Delivered,58041.8,4,4.0,False,2024-05-05,2024-05
3411,532,2026-06-13,2026-06-13 15:53:00,Jaipur,Tier 2,Cash on Delivery,Delivered,815.25,7,7.0,False,2026-06-20,2026-06
3412,489,2026-04-19,2026-04-19 09:43:00,Surat,Tier 2,Net Banking,Delivered,1347.0,4,4.0,False,2026-04-23,2026-04
3413,54,2025-03-28,2025-03-28 02:47:00,Hyderabad,Tier 1,UPI,Delivered,1237.5,3,2.0,False,2025-03-30,2025-03
3414,173,2026-05-02,2026-05-02 10:28:00,Bhopal,Tier 2,UPI,Cancelled,80841.6,4,,,,2026-05
3415,1025,2026-01-08,2026-01-08 19:17:00,Ahmedabad,Tier 2,Credit Card,Delivered,87896.65,3,4.0,True,2026-01-12,2026-01
3416,824,2025-07-29,2025-07-29 17:17:00,Coimbatore,Tier 2,Cash on Delivery,Delivered,6155.5,4,7.0,True,2025-08-05,2025-07
3417,1000,2026-02-06,2026-02-06 21:40:00,Bhopal,Tier 2,Credit Card,Delivered,3711.95,2,2.0,False,2026-02-08,2026-02
3418,35,2025-03-28,2025-03-28 02:41:00,Mumbai,Tier 1,Net Banking,Delivered,3482.0,4,5.0,True,2025-04-02,2025-03
3419,476,2026-04-25,2026-04-25 23:23:00,Patna,Tier 3,Credit Card,Delivered,2338.0,4,3.0,False,2026-04-28,2026-04
3420,892,2026-01-17,2026-01-17 07:17:00,Ahmedabad,Tier 2,Net Banking,Delivered,374.85,4,7.0,True,2026-01-24,2026-01
3421,1046,2025-12-08,2025-12-08 22:19:00,Patna,Tier 3,UPI,Delivered,6398.25,7,10.0,True,2025-12-18,2025-12
3422,411,2026-05-25,2026-05-25 09:05:00,Hyderabad,Tier 1,UPI,RTO,798.0,3,,,,2026-05
3423,575,2025-07-28,2025-07-28 07:03:00,Indore,Tier 2,Net Banking,Cancelled,31701.05,2,,,,2025-07
3424,280,2025-12-09,2025-12-09 10:14:00,Nagpur,Tier 2,UPI,Delivered,54389.4,5,5.0,False,2025-12-14,2025-12
3425,300,2026-05-16,2026-05-16 04:37:00,Pune,Tier 1,UPI,Delivered,1506.0,5,5.0,False,2026-05-21,2026-05
3426,281,2026-04-22,2026-04-22 01:27:00,Hyderabad,Tier 1,UPI,Delivered,1147.0,4,4.0,False,2026-04-26,2026-04
3427,306,2025-08-20,2025-08-20 14:42:00,Vadodara,Tier 2,Debit Card,Cancelled,23969.6,7,,,,2025-08
3428,476,2025-12-16,2025-12-16 09:26:00,Patna,Tier 3,UPI,Delivered,46854.3,3,3.0,False,2025-12-19,2025-12
3429,769,2025-09-22,2025-09-22 16:14:00,Guwahati,Tier 3,Credit Card,Delivered,3807.0,7,7.0,False,2025-09-29,2025-09
3430,53,2025-07-31,2025-07-31 06:29:00,Delhi,Tier 1,Debit Card,Delivered,24388.5,2,1.0,False,2025-08-01,2025-07
3431,676,2026-03-24,2026-03-24 22:28:00,Guwahati,Tier 3,Cash on Delivery,Delivered,71029.4,2,2.0,False,2026-03-26,2026-03
3432,544,2026-04-25,2026-04-25 06:54:00,Surat,Tier 2,Net Banking,RTO,34766.0,2,,,,2026-04
3433,385,2026-03-28,2026-03-28 10:24:00,Delhi,Tier 1,Net Banking,Delivered,291.0,7,7.0,False,2026-04-04,2026-03
3434,368,2026-05-21,2026-05-21 05:18:00,Nagpur,Tier 2,Cash on Delivery,RTO,4283.0,3,,,,2026-05
3435,70,2025-12-17,2025-12-17 02:26:00,Pune,Tier 1,UPI,Delivered,39692.9,2,3.0,True,2025-12-20,2025-12
3436,612,2025-12-01,2025-12-01 13:40:00,Mumbai,Tier 1,Credit Card,Delivered,1796.0,7,7.0,False,2025-12-08,2025-12
3437,854,2026-03-03,2026-03-03 03:32:00,Guwahati,Tier 3,UPI,RTO,2174.0,2,,,,2026-03
3438,929,2025-08-13,2025-08-13 14:38:00,Chennai,Tier 1,UPI,Delivered,5572.05,7,7.0,False,2025-08-20,2025-08
3439,280,2025-11-15,2025-11-15 03:38:00,Nagpur,Tier 2,UPI,RTO,1944.0,2,,,,2025-11
3440,1147,2025-04-02,2025-04-02 13:50:00,Lucknow,Tier 2,Credit Card,Delivered,490.4,2,4.0,True,2025-04-06,2025-04
3441,213,2026-06-17,2026-06-17 16:04:00,Indore,Tier 2,UPI,Delivered,889.6,5,5.0,False,2026-06-22,2026-06
3442,1185,2024-08-10,2024-08-10 15:48:00,Bengaluru,Tier 1,Debit Card,Delivered,5901.0,4,5.0,True,2024-08-15,2024-08
3443,63,2025-09-30,2025-09-30 04:17:00,Indore,Tier 2,UPI,Returned,1087.8,4,,,,2025-09
3444,1025,2025-02-11,2025-02-11 01:14:00,Ahmedabad,Tier 2,UPI,Delivered,638.4,2,5.0,True,2025-02-16,2025-02
3445,918,2026-04-20,2026-04-20 18:35:00,Bhopal,Tier 2,Credit Card,Cancelled,33620.25,5,,,,2026-04
3446,293,2025-08-28,2025-08-28 20:06:00,Chennai,Tier 1,UPI,Cancelled,8246.35,5,,,,2025-08
3447,105,2026-03-26,2026-03-26 06:16:00,Kolkata,Tier 1,Cash on Delivery,Cancelled,30780.35,5,,,,2026-03
3448,1152,2025-07-31,2025-07-31 05:15:00,Coimbatore,Tier 2,Debit Card,Cancelled,38196.65,4,,,,2025-07
3449,1084,2026-01-15,2026-01-15 17:50:00,Kolkata,Tier 1,UPI,Delivered,635.0,4,5.0,True,2026-01-20,2026-01
3450,183,2026-03-14,2026-03-14 12:38:00,Kanpur,Tier 2,Net Banking,Delivered,41142.85,4,4.0,False,2026-03-18,2026-03
3451,744,2025-05-06,2025-05-06 06:30:00,Kanpur,Tier 2,UPI,Delivered,31794.25,3,4.0,True,2025-05-10,2025-05
3452,711,2026-03-29,2026-03-29 21:45:00,Bhopal,Tier 2,UPI,Delivered,41782.0,3,4.0,True,2026-04-02,2026-03
3453,597,2026-04-23,2026-04-23 18:56:00,Patna,Tier 3,UPI,Delivered,226.5,3,3.0,False,2026-04-26,2026-04
3454,1189,2025-08-12,2025-08-12 00:00:00,Delhi,Tier 1,Debit Card,Delivered,41257.65,7,7.0,False,2025-08-19,2025-08
3455,447,2026-01-26,2026-01-26 09:02:00,Kanpur,Tier 2,Cash on Delivery,Delivered,1070.0,4,5.0,True,2026-01-31,2026-01
3456,1180,2026-01-01,2026-01-01 14:47:00,Bengaluru,Tier 1,Credit Card,Delivered,104794.9,7,10.0,True,2026-01-11,2026-01
3457,726,2026-05-04,2026-05-04 06:24:00,Surat,Tier 2,Credit Card,Delivered,9563.0,5,5.0,False,2026-05-09,2026-05
3458,133,2026-04-24,2026-04-24 06:59:00,Ahmedabad,Tier 2,Debit Card,RTO,117489.95,2,,,,2026-04
3459,985,2026-05-29,2026-05-29 06:53:00,Mumbai,Tier 1,Net Banking,Delivered,1058.85,5,7.0,True,2026-06-05,2026-05
3460,1053,2025-05-05,2025-05-05 23:31:00,Bhopal,Tier 2,UPI,Delivered,734.25,2,1.0,False,2025-05-06,2025-05
3461,374,2026-05-07,2026-05-07 10:15:00,Jaipur,Tier 2,UPI,Delivered,4468.5,7,9.0,True,2026-05-16,2026-05
3462,400,2025-11-25,2025-11-25 14:44:00,Hyderabad,Tier 1,UPI,RTO,232.8,4,,,,2025-11
3463,812,2025-04-23,2025-04-23 10:07:00,Mumbai,Tier 1,Debit Card,Delivered,11347.45,4,5.0,True,2025-04-28,2025-04
3464,117,2026-05-31,2026-05-31 04:37:00,Coimbatore,Tier 2,Debit Card,Cancelled,546.0,5,,,,2026-05
3465,990,2025-10-12,2025-10-12 17:43:00,Coimbatore,Tier 2,UPI,Delivered,899.9,4,4.0,False,2025-10-16,2025-10
3466,1183,2024-12-31,2024-12-31 12:42:00,Guwahati,Tier 3,UPI,Delivered,5860.2,2,3.0,True,2025-01-03,2024-12
3467,530,2026-06-20,2026-06-20 05:31:00,Chennai,Tier 1,UPI,Delivered,2202.0,3,5.0,True,2026-06-25,2026-06
3468,746,2026-05-27,2026-05-27 06:40:00,Mumbai,Tier 1,UPI,Delivered,4274.3,2,4.0,True,2026-05-31,2026-05
3469,481,2026-05-31,2026-05-31 09:04:00,Hyderabad,Tier 1,UPI,Delivered,461.0,7,9.0,True,2026-06-09,2026-05
3470,538,2024-07-03,2024-07-03 16:04:00,Kolkata,Tier 1,Cash on Delivery,Delivered,3738.0,3,5.0,True,2024-07-08,2024-07
3471,842,2024-07-24,2024-07-24 07:49:00,Surat,Tier 2,Credit Card,Delivered,718.2,4,5.0,True,2024-07-29,2024-07
3472,1104,2026-01-20,2026-01-20 15:08:00,Bhopal,Tier 2,UPI,RTO,2490.75,5,,,,2026-01
3473,70,2025-11-30,2025-11-30 06:55:00,Pune,Tier 1,Net Banking,Delivered,5472.0,7,6.0,False,2025-12-06,2025-11
3474,1075,2026-03-09,2026-03-09 07:32:00,Kolkata,Tier 1,Debit Card,Delivered,1685.25,7,10.0,True,2026-03-19,2026-03
3475,199,2025-10-31,2025-10-31 12:32:00,Mumbai,Tier 1,Net Banking,RTO,22376.0,2,,,,2025-10
3476,70,2026-06-20,2026-06-20 16:54:00,Pune,Tier 1,Credit Card,RTO,821.75,2,,,,2026-06
3477,359,2024-12-26,2024-12-26 05:24:00,Delhi,Tier 1,Debit Card,Delivered,2338.9,2,2.0,False,2024-12-28,2024-12
3478,790,2026-05-14,2026-05-14 06:06:00,Pune,Tier 1,UPI,Delivered,1019.0,4,4.0,False,2026-05-18,2026-05
3479,221,2025-09-27,2025-09-27 04:31:00,Guwahati,Tier 3,Credit Card,Delivered,6624.7,2,4.0,True,2025-10-01,2025-09
3480,585,2024-12-05,2024-12-05 00:54:00,Bhopal,Tier 2,UPI,Delivered,750.0,5,5.0,False,2024-12-10,2024-12
3481,689,2026-06-08,2026-06-08 18:06:00,Kolkata,Tier 1,Credit Card,Delivered,826.0,2,5.0,True,2026-06-13,2026-06
3482,712,2026-03-15,2026-03-15 21:53:00,Chennai,Tier 1,Net Banking,Delivered,541.0,3,3.0,False,2026-03-18,2026-03
3483,897,2026-04-13,2026-04-13 20:01:00,Nagpur,Tier 2,UPI,Delivered,441.0,7,7.0,False,2026-04-20,2026-04
3484,303,2026-05-30,2026-05-30 19:19:00,Bengaluru,Tier 1,UPI,Delivered,48158.4,5,8.0,True,2026-06-07,2026-05
3485,654,2025-05-03,2025-05-03 15:10:00,Ghaziabad,Tier 3,Debit Card,Delivered,3850.0,5,5.0,False,2025-05-08,2025-05
3486,465,2026-05-24,2026-05-24 21:56:00,Hyderabad,Tier 1,UPI,Delivered,95793.6,4,5.0,True,2026-05-29,2026-05
3487,1166,2026-03-06,2026-03-06 03:31:00,Nagpur,Tier 2,UPI,Delivered,14471.05,7,9.0,True,2026-03-15,2026-03
3488,470,2025-07-11,2025-07-11 06:03:00,Bhopal,Tier 2,Cash on Delivery,Cancelled,38548.0,3,,,,2025-07
3489,747,2025-08-13,2025-08-13 18:40:00,Guwahati,Tier 3,UPI,Returned,768.0,3,,,,2025-08
3490,141,2026-02-21,2026-02-21 07:42:00,Vadodara,Tier 2,Cash on Delivery,Delivered,4126.8,7,7.0,False,2026-02-28,2026-02
3491,262,2026-01-03,2026-01-03 10:55:00,Kanpur,Tier 2,UPI,Delivered,6728.4,2,4.0,True,2026-01-07,2026-01
3492,806,2025-11-29,2025-11-29 21:24:00,Nagpur,Tier 2,UPI,Delivered,2887.05,2,3.0,True,2025-12-02,2025-11
3493,824,2026-02-07,2026-02-07 11:00:00,Coimbatore,Tier 2,UPI,Delivered,464.1,4,5.0,True,2026-02-12,2026-02
3494,855,2026-06-05,2026-06-05 23:18:00,Lucknow,Tier 2,UPI,Returned,546.0,3,,,,2026-06
3495,1027,2026-03-07,2026-03-07 05:00:00,Indore,Tier 2,UPI,Delivered,424.0,5,4.0,False,2026-03-11,2026-03
3496,906,2026-05-21,2026-05-21 03:54:00,Lucknow,Tier 2,Net Banking,Delivered,6081.0,7,7.0,False,2026-05-28,2026-05
3497,556,2025-09-20,2025-09-20 14:30:00,Pune,Tier 1,UPI,Returned,1969.6,3,,,,2025-09
3498,995,2025-02-20,2025-02-20 21:40:00,Ahmedabad,Tier 2,Debit Card,Delivered,886.4,4,6.0,True,2025-02-26,2025-02
3499,1168,2026-02-10,2026-02-10 23:55:00,Ahmedabad,Tier 2,Credit Card,Returned,14559.0,4,,,,2026-02
3500,1152,2025-09-20,2025-09-20 15:05:00,Coimbatore,Tier 2,Cash on Delivery,Delivered,1416.45,4,7.0,True,2025-09-27,2025-09
3501,933,2025-07-17,2025-07-17 09:05:00,Pune,Tier 1,UPI,Delivered,6349.5,2,5.0,True,2025-07-22,2025-07
3502,70,2025-09-29,2025-09-29 10:13:00,Pune,Tier 1,Cash on Delivery,Delivered,1172.0,7,6.0,False,2025-10-05,2025-09
3503,475,2024-11-27,2024-11-27 04:40:00,Chennai,Tier 1,Cash on Delivery,Cancelled,120203.8,3,,,,2024-11
3504,316,2026-06-13,2026-06-13 22:08:00,Kolkata,Tier 1,UPI,Cancelled,4996.0,7,,,,2026-06
3505,500,2026-05-29,2026-05-29 05:16:00,Bengaluru,Tier 1,UPI,Delivered,2192.8,4,7.0,True,2026-06-05,2026-05
3506,1152,2024-04-11,2024-04-11 04:53:00,Coimbatore,Tier 2,UPI,Delivered,4283.0,5,4.0,False,2024-04-15,2024-04
3507,681,2025-05-16,2025-05-16 05:23:00,Chennai,Tier 1,UPI,Delivered,11877.0,3,2.0,False,2025-05-18,2025-05
3508,337,2026-01-24,2026-01-24 11:19:00,Bengaluru,Tier 1,Credit Card,Delivered,660.0,3,6.0,True,2026-01-30,2026-01
3509,100,2025-12-16,2025-12-16 01:22:00,Kolkata,Tier 1,Credit Card,RTO,1504.0,3,,,,2025-12
3510,1139,2026-03-14,2026-03-14 23:25:00,Chennai,Tier 1,Debit Card,Cancelled,5378.0,7,,,,2026-03
3511,552,2026-02-01,2026-02-01 20:42:00,Mumbai,Tier 1,Credit Card,Delivered,3939.2,4,6.0,True,2026-02-07,2026-02
3512,1199,2026-02-06,2026-02-06 23:26:00,Kolkata,Tier 1,UPI,Delivered,21515.2,3,4.0,True,2026-02-10,2026-02
3513,796,2024-07-28,2024-07-28 17:16:00,Coimbatore,Tier 2,UPI,Delivered,2577.6,4,7.0,True,2024-08-04,2024-07
3514,127,2026-05-24,2026-05-24 00:56:00,Bhopal,Tier 2,Credit Card,Cancelled,1019.0,3,,,,2026-05
3515,179,2026-02-05,2026-02-05 11:40:00,Bhopal,Tier 2,Net Banking,Delivered,1087.0,4,5.0,True,2026-02-10,2026-02
3516,275,2025-08-22,2025-08-22 00:15:00,Patna,Tier 3,Cash on Delivery,Delivered,4031.2,7,7.0,False,2025-08-29,2025-08
3517,96,2026-04-29,2026-04-29 11:11:00,Indore,Tier 2,Cash on Delivery,Delivered,3731.7,3,2.0,False,2026-05-01,2026-04
3518,398,2026-03-28,2026-03-28 15:14:00,Chennai,Tier 1,Debit Card,Delivered,2065.3,7,8.0,True,2026-04-05,2026-03
3519,551,2025-03-24,2025-03-24 03:47:00,Nagpur,Tier 2,Debit Card,Delivered,635.0,2,2.0,False,2025-03-26,2025-03
3520,554,2026-04-25,2026-04-25 10:00:00,Bengaluru,Tier 1,Cash on Delivery,Delivered,36969.45,4,5.0,True,2026-04-30,2026-04
3521,562,2026-04-23,2026-04-23 08:01:00,Guwahati,Tier 3,Credit Card,Delivered,10065.75,3,3.0,False,2026-04-26,2026-04
3522,344,2026-06-19,2026-06-19 10:47:00,Delhi,Tier 1,UPI,Delivered,558.75,7,7.0,False,2026-06-26,2026-06
3523,1131,2026-04-08,2026-04-08 12:11:00,Delhi,Tier 1,UPI,RTO,405.0,4,,,,2026-04
3524,177,2026-02-26,2026-02-26 15:48:00,Vadodara,Tier 2,UPI,Delivered,36533.8,4,4.0,False,2026-03-02,2026-02
3525,136,2026-06-13,2026-06-13 07:19:00,Lucknow,Tier 2,UPI,Delivered,513.95,3,6.0,True,2026-06-19,2026-06
3526,944,2025-10-23,2025-10-23 22:35:00,Guwahati,Tier 3,Debit Card,Delivered,34384.65,7,7.0,False,2025-10-30,2025-10
3527,768,2026-04-29,2026-04-29 00:10:00,Delhi,Tier 1,UPI,Returned,10403.95,2,,,,2026-04
3528,331,2025-07-03,2025-07-03 02:33:00,Coimbatore,Tier 2,UPI,Delivered,228.0,2,4.0,True,2025-07-07,2025-07
3529,948,2026-06-05,2026-06-05 13:07:00,Indore,Tier 2,UPI,Delivered,72104.35,4,5.0,True,2026-06-10,2026-06
3530,628,2024-10-14,2024-10-14 08:52:00,Ahmedabad,Tier 2,Cash on Delivery,Delivered,5572.15,2,2.0,False,2024-10-16,2024-10
3531,465,2025-07-27,2025-07-27 16:34:00,Hyderabad,Tier 1,Credit Card,Delivered,2247.0,2,3.0,True,2025-07-30,2025-07
3532,1159,2026-03-11,2026-03-11 17:12:00,Surat,Tier 2,UPI,Delivered,3307.0,5,6.0,True,2026-03-17,2026-03
3533,858,2026-04-06,2026-04-06 00:33:00,Chennai,Tier 1,Cash on Delivery,Delivered,79941.6,4,5.0,True,2026-04-11,2026-04
3534,231,2026-06-28,2026-06-28 12:51:00,Surat,Tier 2,UPI,RTO,798.0,5,,,,2026-06
3535,1049,2025-12-12,2025-12-12 08:44:00,Hyderabad,Tier 1,UPI,Delivered,6522.55,4,4.0,False,2025-12-16,2025-12
3536,179,2024-11-24,2024-11-24 16:05:00,Bhopal,Tier 2,Credit Card,Delivered,5244.95,7,6.0,False,2024-11-30,2024-11
3537,873,2025-08-21,2025-08-21 10:00:00,Pune,Tier 1,UPI,Returned,42810.95,2,,,,2025-08
3538,3,2025-12-23,2025-12-23 09:31:00,Pune,Tier 1,UPI,Delivered,642.4,7,7.0,False,2025-12-30,2025-12
3539,412,2025-07-18,2025-07-18 07:59:00,Jaipur,Tier 2,Credit Card,RTO,153.75,7,,,,2025-07
3540,796,2024-09-23,2024-09-23 17:04:00,Coimbatore,Tier 2,UPI,Delivered,3372.8,7,7.0,False,2024-09-30,2024-09
3541,1057,2024-08-18,2024-08-18 05:05:00,Ahmedabad,Tier 2,UPI,Delivered,392.35,3,4.0,True,2024-08-22,2024-08
3542,249,2024-05-30,2024-05-30 23:30:00,Delhi,Tier 1,Credit Card,RTO,3933.75,4,,,,2024-05
3543,658,2025-12-24,2025-12-24 00:30:00,Ahmedabad,Tier 2,UPI,Delivered,39110.0,3,3.0,False,2025-12-27,2025-12
3544,918,2026-05-08,2026-05-08 15:34:00,Bhopal,Tier 2,UPI,Delivered,531.05,7,8.0,True,2026-05-16,2026-05
3545,208,2025-08-28,2025-08-28 01:49:00,Delhi,Tier 1,Cash on Delivery,Delivered,5352.9,3,5.0,True,2025-09-02,2025-08
3546,1173,2026-04-04,2026-04-04 16:46:00,Surat,Tier 2,UPI,Delivered,36206.85,4,6.0,True,2026-04-10,2026-04
3547,92,2026-06-30,2026-06-30 21:53:00,Coimbatore,Tier 2,Net Banking,RTO,32412.8,5,,,,2026-06
3548,1102,2025-08-14,2025-08-14 00:04:00,Lucknow,Tier 2,Credit Card,Returned,4283.0,4,,,,2025-08
3549,885,2026-03-02,2026-03-02 02:54:00,Lucknow,Tier 2,Credit Card,Delivered,85077.55,4,7.0,True,2026-03-09,2026-03
3550,1115,2025-08-17,2025-08-17 16:21:00,Ghaziabad,Tier 3,UPI,Delivered,25921.2,3,3.0,False,2025-08-20,2025-08
3551,171,2026-04-08,2026-04-08 14:26:00,Mumbai,Tier 1,Debit Card,Delivered,25750.25,4,4.0,False,2026-04-12,2026-04
3552,175,2026-04-27,2026-04-27 13:37:00,Delhi,Tier 1,UPI,Delivered,980.8,3,3.0,False,2026-04-30,2026-04
3553,391,2026-03-17,2026-03-17 23:53:00,Kanpur,Tier 2,UPI,Delivered,1103.4,4,4.0,False,2026-03-21,2026-03
3554,852,2025-11-27,2025-11-27 15:28:00,Guwahati,Tier 3,Debit Card,Delivered,5055.75,5,5.0,False,2025-12-02,2025-11
3555,369,2026-06-29,2026-06-29 22:12:00,Kanpur,Tier 2,UPI,Delivered,405.0,3,5.0,True,2026-07-04,2026-06
3556,257,2025-08-05,2025-08-05 09:08:00,Bengaluru,Tier 1,UPI,Delivered,508.0,5,4.0,False,2025-08-09,2025-08
3557,814,2025-12-29,2025-12-29 03:30:00,Bhopal,Tier 2,UPI,Delivered,2937.0,5,5.0,False,2026-01-03,2025-12
3558,1149,2026-04-01,2026-04-01 07:28:00,Ahmedabad,Tier 2,UPI,RTO,42869.0,4,,,,2026-04
3559,397,2026-02-14,2026-02-14 15:16:00,Mumbai,Tier 1,Debit Card,Delivered,1796.0,7,9.0,True,2026-02-23,2026-02
3560,1151,2025-07-28,2025-07-28 10:54:00,Lucknow,Tier 2,UPI,Delivered,6237.0,2,5.0,True,2025-08-02,2025-07
3561,536,2026-04-11,2026-04-11 06:39:00,Kanpur,Tier 2,Debit Card,Delivered,541.0,3,6.0,True,2026-04-17,2026-04
3562,756,2025-12-26,2025-12-26 18:18:00,Kolkata,Tier 1,UPI,Delivered,705.6,4,7.0,True,2026-01-02,2025-12
3563,1143,2026-04-26,2026-04-26 11:20:00,Hyderabad,Tier 1,UPI,Delivered,1992.0,2,5.0,True,2026-05-01,2026-04
3564,752,2026-06-30,2026-06-30 23:48:00,Kanpur,Tier 2,Net Banking,Delivered,68877.2,4,7.0,True,2026-07-07,2026-06
3565,1078,2024-10-28,2024-10-28 16:45:00,Kolkata,Tier 1,Net Banking,Returned,1764.4,2,,,,2024-10
3566,231,2026-05-25,2026-05-25 21:55:00,Surat,Tier 2,Debit Card,Delivered,368.8,5,4.0,False,2026-05-29,2026-05
3567,430,2025-04-19,2025-04-19 09:18:00,Kanpur,Tier 2,UPI,Returned,3358.1,3,,,,2025-04
3568,122,2024-10-03,2024-10-03 22:57:00,Coimbatore,Tier 2,Cash on Delivery,Delivered,53034.25,4,4.0,False,2024-10-07,2024-10
3569,360,2026-03-17,2026-03-17 00:23:00,Bengaluru,Tier 1,UPI,Delivered,718.2,7,9.0,True,2026-03-26,2026-03
3570,681,2025-12-18,2025-12-18 12:24:00,Chennai,Tier 1,UPI,RTO,3464.8,7,,,,2025-12
3571,1123,2026-06-13,2026-06-13 01:18:00,Nagpur,Tier 2,UPI,Delivered,2603.95,4,7.0,True,2026-06-20,2026-06
3572,55,2026-05-02,2026-05-02 10:06:00,Chennai,Tier 1,Net Banking,Delivered,8137.7,5,4.0,False,2026-05-06,2026-05
3573,980,2025-05-22,2025-05-22 05:41:00,Ghaziabad,Tier 3,Cash on Delivery,RTO,2215.8,4,,,,2025-05
3574,790,2025-09-15,2025-09-15 02:43:00,Pune,Tier 1,UPI,Delivered,6856.95,4,7.0,True,2025-09-22,2025-09
3575,1108,2025-03-04,2025-03-04 01:30:00,Chennai,Tier 1,UPI,Delivered,1795.5,3,3.0,False,2025-03-07,2025-03
3576,420,2025-09-16,2025-09-16 12:41:00,Lucknow,Tier 2,Cash on Delivery,Delivered,552.9,5,5.0,False,2025-09-21,2025-09
3577,148,2025-11-04,2025-11-04 03:50:00,Bhopal,Tier 2,UPI,Delivered,345.75,5,8.0,True,2025-11-12,2025-11
3578,402,2026-01-09,2026-01-09 11:51:00,Surat,Tier 2,Debit Card,Cancelled,3191.6,5,,,,2026-01
3579,137,2025-07-02,2025-07-02 14:05:00,Delhi,Tier 1,Credit Card,Cancelled,4766.0,3,,,,2025-07
3580,739,2024-07-10,2024-07-10 19:19:00,Pune,Tier 1,UPI,Delivered,273.6,4,4.0,False,2024-07-14,2024-07
3581,140,2026-05-21,2026-05-21 23:33:00,Patna,Tier 3,UPI,Delivered,21207.15,5,7.0,True,2026-05-28,2026-05
3582,311,2026-02-04,2026-02-04 08:49:00,Mumbai,Tier 1,Credit Card,Delivered,42211.35,7,9.0,True,2026-02-13,2026-02
3583,1028,2025-08-28,2025-08-28 18:58:00,Kanpur,Tier 2,Cash on Delivery,Delivered,4746.2,4,3.0,False,2025-08-31,2025-08
3584,305,2025-08-20,2025-08-20 19:03:00,Mumbai,Tier 1,UPI,Returned,635.0,5,,,,2025-08
3585,530,2026-05-10,2026-05-10 14:08:00,Chennai,Tier 1,UPI,Delivered,660.0,2,1.0,False,2026-05-11,2026-05
3586,759,2026-05-21,2026-05-21 10:16:00,Lucknow,Tier 2,Cash on Delivery,Delivered,610.0,5,6.0,True,2026-05-27,2026-05
3587,480,2026-04-19,2026-04-19 19:15:00,Delhi,Tier 1,UPI,Cancelled,4677.8,5,,,,2026-04
3588,470,2025-10-25,2025-10-25 05:35:00,Bhopal,Tier 2,UPI,Delivered,2344.0,2,3.0,True,2025-10-28,2025-10
3589,249,2025-09-15,2025-09-15 15:30:00,Delhi,Tier 1,UPI,Delivered,9371.8,7,7.0,False,2025-09-22,2025-09
3590,476,2025-08-09,2025-08-09 12:28:00,Patna,Tier 3,Cash on Delivery,Cancelled,16554.5,5,,,,2025-08
3591,234,2024-06-30,2024-06-30 16:25:00,Bengaluru,Tier 1,UPI,Delivered,7269.5,3,5.0,True,2024-07-05,2024-06
3592,815,2025-08-24,2025-08-24 17:07:00,Vadodara,Tier 2,UPI,Delivered,2990.4,3,4.0,True,2025-08-28,2025-08
3593,419,2026-02-01,2026-02-01 19:33:00,Bengaluru,Tier 1,UPI,Delivered,5953.2,7,10.0,True,2026-02-11,2026-02
3594,413,2026-06-14,2026-06-14 00:49:00,Kanpur,Tier 2,UPI,Delivered,38323.95,4,5.0,True,2026-06-19,2026-06
3595,447,2025-02-27,2025-02-27 03:08:00,Kanpur,Tier 2,Debit Card,Delivered,1758.0,2,2.0,False,2025-03-01,2025-02
3596,659,2025-10-03,2025-10-03 19:15:00,Guwahati,Tier 3,Cash on Delivery,Delivered,405.0,7,7.0,False,2025-10-10,2025-10
3597,463,2024-09-18,2024-09-18 11:15:00,Ahmedabad,Tier 2,UPI,Delivered,1415.2,7,9.0,True,2024-09-27,2024-09
3598,825,2026-02-25,2026-02-25 01:59:00,Bengaluru,Tier 1,Debit Card,Delivered,3484.2,2,3.0,True,2026-02-28,2026-02
3599,999,2025-10-31,2025-10-31 14:20:00,Coimbatore,Tier 2,Debit Card,Delivered,949.0,3,6.0,True,2025-11-06,2025-10
3600,510,2026-06-07,2026-06-07 23:53:00,Indore,Tier 2,Net Banking,Cancelled,1032.65,4,,,,2026-06
3601,952,2025-12-14,2025-12-14 19:19:00,Nagpur,Tier 2,UPI,Delivered,3552.6,2,4.0,True,2025-12-18,2025-12
3602,147,2026-05-30,2026-05-30 21:11:00,Coimbatore,Tier 2,Cash on Delivery,Cancelled,46140.8,2,,,,2026-05
3603,1178,2025-08-16,2025-08-16 09:04:00,Vadodara,Tier 2,Debit Card,Returned,40218.8,3,,,,2025-08
3604,1105,2026-03-25,2026-03-25 20:27:00,Lucknow,Tier 2,Debit Card,Delivered,1612.5,5,8.0,True,2026-04-02,2026-03
3605,887,2026-05-14,2026-05-14 05:27:00,Coimbatore,Tier 2,UPI,Delivered,2344.0,7,7.0,False,2026-05-21,2026-05
3606,891,2025-10-11,2025-10-11 21:13:00,Pune,Tier 1,Cash on Delivery,Delivered,743.4,3,4.0,True,2025-10-15,2025-10
3607,1069,2026-06-24,2026-06-24 04:53:00,Pune,Tier 1,Debit Card,Delivered,798.0,5,5.0,False,2026-06-29,2026-06
3608,215,2026-05-09,2026-05-09 07:50:00,Lucknow,Tier 2,UPI,Delivered,9537.6,2,5.0,True,2026-05-14,2026-05
3609,780,2025-06-11,2025-06-11 19:05:00,Delhi,Tier 1,Cash on Delivery,Delivered,768.0,4,3.0,False,2025-06-14,2025-06
3610,553,2025-11-04,2025-11-04 21:59:00,Kanpur,Tier 2,Net Banking,Delivered,405.0,2,4.0,True,2025-11-08,2025-11
3611,1007,2025-12-10,2025-12-10 00:42:00,Bhopal,Tier 2,Debit Card,Returned,32381.6,7,,,,2025-12
3612,140,2026-05-08,2026-05-08 06:40:00,Patna,Tier 3,UPI,Delivered,865.0,4,5.0,True,2026-05-13,2026-05
3613,1084,2026-03-18,2026-03-18 09:14:00,Kolkata,Tier 1,Credit Card,RTO,5472.0,7,,,,2026-03
3614,519,2025-02-12,2025-02-12 22:20:00,Jaipur,Tier 2,Debit Card,Delivered,3340.2,2,3.0,True,2025-02-15,2025-02
3615,796,2024-07-28,2024-07-28 15:35:00,Coimbatore,Tier 2,UPI,Delivered,1844.45,3,3.0,False,2024-07-31,2024-07
3616,655,2025-12-03,2025-12-03 12:09:00,Bhopal,Tier 2,Cash on Delivery,Delivered,6777.8,3,4.0,True,2025-12-07,2025-12
3617,792,2026-04-23,2026-04-23 15:23:00,Nagpur,Tier 2,Net Banking,Delivered,2171.7,7,7.0,False,2026-04-30,2026-04
3618,257,2026-05-21,2026-05-21 18:49:00,Bengaluru,Tier 1,UPI,Delivered,995.0,7,8.0,True,2026-05-29,2026-05
3619,413,2026-06-24,2026-06-24 14:35:00,Kanpur,Tier 2,Credit Card,Delivered,74448.0,7,8.0,True,2026-07-02,2026-06
3620,1079,2025-05-29,2025-05-29 05:46:00,Pune,Tier 1,UPI,Delivered,4515.0,7,9.0,True,2025-06-07,2025-05
3621,859,2026-06-21,2026-06-21 11:40:00,Bengaluru,Tier 1,Credit Card,Returned,38273.6,5,,,,2026-06
3622,941,2025-09-24,2025-09-24 10:55:00,Coimbatore,Tier 2,UPI,Delivered,2887.5,2,2.0,False,2025-09-26,2025-09
3623,814,2025-12-30,2025-12-30 14:06:00,Bhopal,Tier 2,Net Banking,Delivered,1787.25,4,3.0,False,2026-01-02,2025-12
3624,140,2026-06-20,2026-06-20 18:35:00,Patna,Tier 3,Debit Card,Delivered,1769.0,2,3.0,True,2026-06-23,2026-06
3625,265,2026-05-04,2026-05-04 18:58:00,Kolkata,Tier 1,Cash on Delivery,Delivered,42143.7,3,3.0,False,2026-05-07,2026-05
3626,368,2025-01-01,2025-01-01 04:19:00,Nagpur,Tier 2,Net Banking,Returned,6282.2,2,,,,2025-01
3627,1025,2025-11-28,2025-11-28 15:05:00,Ahmedabad,Tier 2,Debit Card,Delivered,6937.45,5,8.0,True,2025-12-06,2025-11
3628,1062,2025-11-07,2025-11-07 19:43:00,Hyderabad,Tier 1,UPI,Returned,1522.8,3,,,,2025-11
3629,1184,2025-09-19,2025-09-19 02:40:00,Indore,Tier 2,Cash on Delivery,RTO,309.75,2,,,,2025-09
3630,125,2024-11-20,2024-11-20 15:44:00,Patna,Tier 3,UPI,Cancelled,174.25,3,,,,2024-11
3631,458,2026-02-16,2026-02-16 22:01:00,Mumbai,Tier 1,UPI,Delivered,39870.0,3,3.0,False,2026-02-19,2026-02
3632,686,2025-09-24,2025-09-24 05:36:00,Pune,Tier 1,UPI,Delivered,41038.0,4,4.0,False,2025-09-28,2025-09
3633,204,2026-02-10,2026-02-10 21:15:00,Jaipur,Tier 2,UPI,Delivered,722.7,5,6.0,True,2026-02-16,2026-02
3634,1175,2025-09-24,2025-09-24 15:07:00,Bhopal,Tier 2,UPI,Delivered,1614.0,5,8.0,True,2025-10-02,2025-09
3635,461,2026-06-17,2026-06-17 17:56:00,Pune,Tier 1,UPI,Cancelled,635.0,2,,,,2026-06
3636,106,2026-02-12,2026-02-12 05:51:00,Kolkata,Tier 1,UPI,Cancelled,1234.0,5,,,,2026-02
3637,187,2024-12-07,2024-12-07 23:22:00,Chennai,Tier 1,UPI,RTO,60953.6,4,,,,2024-12
3638,91,2025-08-01,2025-08-01 20:23:00,Coimbatore,Tier 2,Net Banking,Delivered,518.7,3,5.0,True,2025-08-06,2025-08
3639,519,2026-05-14,2026-05-14 23:20:00,Jaipur,Tier 2,Credit Card,Returned,6774.0,2,,,,2026-05
3640,77,2026-04-17,2026-04-17 19:45:00,Surat,Tier 2,Credit Card,Cancelled,4406.3,4,,,,2026-04
3641,114,2024-11-22,2024-11-22 06:49:00,Bengaluru,Tier 1,Credit Card,Delivered,4677.8,4,4.0,False,2024-11-26,2024-11
3642,837,2026-05-06,2026-05-06 08:39:00,Delhi,Tier 1,UPI,Delivered,3004.0,5,6.0,True,2026-05-12,2026-05
3643,90,2025-05-31,2025-05-31 08:28:00,Kanpur,Tier 2,UPI,Delivered,2258.7,5,5.0,False,2025-06-05,2025-05
3644,482,2026-06-18,2026-06-18 04:21:00,Coimbatore,Tier 2,UPI,Delivered,1309.6,5,5.0,False,2026-06-23,2026-06
3645,873,2025-10-02,2025-10-02 07:43:00,Pune,Tier 1,Cash on Delivery,Delivered,973.8,7,6.0,False,2025-10-08,2025-10
3646,76,2026-06-12,2026-06-12 22:05:00,Jaipur,Tier 2,UPI,Delivered,34334.1,3,2.0,False,2026-06-14,2026-06
3647,70,2025-11-20,2025-11-20 10:43:00,Pune,Tier 1,Credit Card,RTO,1992.0,5,,,,2025-11
3648,187,2025-01-23,2025-01-23 22:25:00,Chennai,Tier 1,UPI,Delivered,4578.6,3,4.0,True,2025-01-27,2025-01
3649,706,2025-05-05,2025-05-05 02:21:00,Hyderabad,Tier 1,Cash on Delivery,Delivered,1884.0,2,2.0,False,2025-05-07,2025-05
3650,799,2024-07-20,2024-07-20 14:48:00,Ahmedabad,Tier 2,Cash on Delivery,Delivered,30269.6,4,6.0,True,2024-07-26,2024-07
3651,249,2026-04-11,2026-04-11 09:06:00,Delhi,Tier 1,Credit Card,Delivered,829.8,5,6.0,True,2026-04-17,2026-04
3652,726,2024-11-05,2024-11-05 20:29:00,Surat,Tier 2,Cash on Delivery,Delivered,1039.5,5,8.0,True,2024-11-13,2024-11
3653,254,2026-05-28,2026-05-28 15:51:00,Chennai,Tier 1,UPI,RTO,23100.0,2,,,,2026-05
3654,352,2025-10-20,2025-10-20 23:10:00,Mumbai,Tier 1,Debit Card,Returned,4983.0,7,,,,2025-10
3655,676,2025-12-03,2025-12-03 22:41:00,Guwahati,Tier 3,Debit Card,Delivered,46644.3,7,9.0,True,2025-12-12,2025-12
3656,95,2026-05-13,2026-05-13 20:47:00,Indore,Tier 2,UPI,Delivered,2052.0,3,4.0,True,2026-05-17,2026-05
3657,788,2026-02-13,2026-02-13 18:26:00,Mumbai,Tier 1,Debit Card,Delivered,6278.1,3,3.0,False,2026-02-16,2026-02
3658,1198,2026-03-26,2026-03-26 16:49:00,Bengaluru,Tier 1,UPI,Delivered,1092.0,5,5.0,False,2026-03-31,2026-03
3659,774,2025-12-25,2025-12-25 23:48:00,Ghaziabad,Tier 3,UPI,Delivered,39354.45,2,1.0,False,2025-12-26,2025-12
3660,687,2025-12-22,2025-12-22 02:40:00,Lucknow,Tier 2,UPI,Delivered,38278.65,7,10.0,True,2026-01-01,2025-12
3661,35,2025-07-02,2025-07-02 19:40:00,Mumbai,Tier 1,Cash on Delivery,RTO,36464.4,4,,,,2025-07
3662,63,2024-06-16,2024-06-16 22:27:00,Indore,Tier 2,UPI,Delivered,2136.6,3,2.0,False,2024-06-18,2024-06
3663,531,2026-03-09,2026-03-09 13:18:00,Delhi,Tier 1,UPI,Delivered,1211.3,7,10.0,True,2026-03-19,2026-03
3664,1053,2024-10-25,2024-10-25 19:46:00,Bhopal,Tier 2,UPI,Returned,7399.6,4,,,,2024-10
3665,188,2025-11-15,2025-11-15 04:24:00,Chennai,Tier 1,Credit Card,Delivered,44795.25,5,7.0,True,2025-11-22,2025-11
3666,367,2026-02-26,2026-02-26 08:00:00,Pune,Tier 1,Net Banking,Delivered,3807.9,5,6.0,True,2026-03-04,2026-02
3667,610,2025-10-04,2025-10-04 04:19:00,Vadodara,Tier 2,Cash on Delivery,Delivered,1642.0,5,5.0,False,2025-10-09,2025-10
3668,4,2025-09-29,2025-09-29 15:23:00,Bhopal,Tier 2,Credit Card,Delivered,38149.0,7,8.0,True,2025-10-07,2025-09
3669,741,2025-10-21,2025-10-21 08:41:00,Pune,Tier 1,UPI,Delivered,42584.5,4,5.0,True,2025-10-26,2025-10
3670,476,2026-02-23,2026-02-23 16:02:00,Patna,Tier 3,UPI,Delivered,917.1,2,2.0,False,2026-02-25,2026-02
3671,204,2026-01-30,2026-01-30 21:15:00,Jaipur,Tier 2,UPI,Delivered,2603.95,3,4.0,True,2026-02-03,2026-01
3672,770,2025-09-11,2025-09-11 17:11:00,Delhi,Tier 1,Cash on Delivery,Returned,3214.7,5,,,,2025-09
3673,1150,2024-06-13,2024-06-13 21:12:00,Bhopal,Tier 2,Net Banking,Delivered,2822.85,4,6.0,True,2024-06-19,2024-06
3674,878,2025-07-29,2025-07-29 08:06:00,Bhopal,Tier 2,Debit Card,Delivered,2581.0,3,3.0,False,2025-08-01,2025-07
3675,991,2025-12-12,2025-12-12 05:53:00,Lucknow,Tier 2,Credit Card,Cancelled,3160.9,7,,,,2025-12
3676,623,2025-02-02,2025-02-02 21:06:00,Bhopal,Tier 2,Credit Card,Delivered,1347.0,2,3.0,True,2025-02-05,2025-02
3677,1010,2025-12-09,2025-12-09 20:32:00,Pune,Tier 1,UPI,Delivered,7156.8,2,1.0,False,2025-12-10,2025-12
3678,273,2025-03-25,2025-03-25 00:50:00,Bhopal,Tier 2,Credit Card,RTO,69109.2,2,,,,2025-03
3679,499,2026-01-18,2026-01-18 10:35:00,Bengaluru,Tier 1,UPI,RTO,16782.0,5,,,,2026-01
3680,472,2024-11-19,2024-11-19 10:08:00,Mumbai,Tier 1,Debit Card,Delivered,5158.5,7,9.0,True,2024-11-28,2024-11
3681,70,2025-10-11,2025-10-11 13:11:00,Pune,Tier 1,UPI,Delivered,5245.0,2,1.0,False,2025-10-12,2025-10
3682,248,2025-01-01,2025-01-01 22:15:00,Bhopal,Tier 2,UPI,Delivered,2929.3,3,3.0,False,2025-01-04,2025-01
3683,1102,2024-03-19,2024-03-19 06:00:00,Lucknow,Tier 2,UPI,Delivered,40567.1,5,7.0,True,2024-03-26,2024-03
3684,844,2026-03-03,2026-03-03 03:23:00,Patna,Tier 3,UPI,Delivered,3794.0,7,7.0,False,2026-03-10,2026-03
3685,898,2026-05-29,2026-05-29 22:38:00,Guwahati,Tier 3,Cash on Delivery,Delivered,6650.6,5,5.0,False,2026-06-03,2026-05
3686,648,2026-02-23,2026-02-23 18:49:00,Kanpur,Tier 2,Cash on Delivery,Returned,174.25,4,,,,2026-02
3687,1061,2025-04-07,2025-04-07 01:39:00,Indore,Tier 2,Net Banking,Delivered,6149.75,5,5.0,False,2025-04-12,2025-04
3688,839,2026-05-24,2026-05-24 20:14:00,Mumbai,Tier 1,UPI,Delivered,5245.0,5,5.0,False,2026-05-29,2026-05
3689,537,2026-01-13,2026-01-13 19:01:00,Patna,Tier 3,UPI,Delivered,1180.6,4,3.0,False,2026-01-16,2026-01
3690,1013,2026-05-02,2026-05-02 21:54:00,Jaipur,Tier 2,UPI,Cancelled,846.0,2,,,,2026-05
3691,662,2026-04-11,2026-04-11 14:38:00,Patna,Tier 3,Cash on Delivery,RTO,1490.7,7,,,,2026-04
3692,911,2024-08-22,2024-08-22 02:35:00,Patna,Tier 3,Cash on Delivery,Cancelled,1054.8,4,,,,2024-08
3693,193,2025-10-03,2025-10-03 09:34:00,Indore,Tier 2,Credit Card,RTO,29132.0,5,,,,2025-10
3694,911,2024-12-06,2024-12-06 17:58:00,Patna,Tier 3,Credit Card,RTO,38149.0,5,,,,2024-12
3695,497,2025-07-02,2025-07-02 00:53:00,Nagpur,Tier 2,Credit Card,Delivered,4056.0,4,4.0,False,2025-07-06,2025-07
3696,1061,2025-12-02,2025-12-02 14:20:00,Indore,Tier 2,UPI,Returned,91343.5,7,,,,2025-12
3697,502,2025-12-20,2025-12-20 22:44:00,Indore,Tier 2,UPI,Delivered,4829.0,3,3.0,False,2025-12-23,2025-12
3698,650,2026-01-29,2026-01-29 04:17:00,Chennai,Tier 1,UPI,RTO,10825.0,2,,,,2026-01
3699,821,2024-07-07,2024-07-07 11:07:00,Kolkata,Tier 1,Debit Card,Cancelled,3039.0,4,,,,2024-07
3700,1044,2026-06-08,2026-06-08 08:49:00,Mumbai,Tier 1,UPI,Delivered,8528.5,5,6.0,True,2026-06-14,2026-06
3701,428,2025-04-23,2025-04-23 12:15:00,Bhopal,Tier 2,Cash on Delivery,Delivered,680.0,7,6.0,False,2025-04-29,2025-04
3702,514,2026-05-07,2026-05-07 03:54:00,Bengaluru,Tier 1,UPI,Returned,1666.25,4,,,,2026-05
3703,93,2025-03-13,2025-03-13 16:00:00,Delhi,Tier 1,Cash on Delivery,Delivered,2374.0,3,2.0,False,2025-03-15,2025-03
3704,1175,2025-10-30,2025-10-30 18:30:00,Bhopal,Tier 2,Credit Card,Delivered,5313.6,7,7.0,False,2025-11-06,2025-10
3705,750,2025-11-26,2025-11-26 15:24:00,Ahmedabad,Tier 2,Cash on Delivery,Delivered,3039.0,4,6.0,True,2025-12-02,2025-11
3706,1080,2026-02-12,2026-02-12 10:24:00,Bhopal,Tier 2,UPI,Delivered,998.0,7,7.0,False,2026-02-19,2026-02
3707,918,2026-05-04,2026-05-04 09:55:00,Bhopal,Tier 2,Credit Card,Delivered,1019.0,4,5.0,True,2026-05-09,2026-05
3708,1085,2026-04-24,2026-04-24 12:41:00,Indore,Tier 2,UPI,Delivered,32161.45,3,4.0,True,2026-04-28,2026-04
3709,155,2026-04-09,2026-04-09 20:32:00,Indore,Tier 2,UPI,Delivered,1762.2,4,3.0,False,2026-04-12,2026-04
3710,502,2026-03-08,2026-03-08 21:47:00,Indore,Tier 2,UPI,Delivered,996.2,2,2.0,False,2026-03-10,2026-03
3711,912,2026-04-29,2026-04-29 03:37:00,Ahmedabad,Tier 2,Debit Card,Delivered,518.5,7,8.0,True,2026-05-07,2026-04
3712,678,2026-02-07,2026-02-07 18:17:00,Kanpur,Tier 2,UPI,Delivered,1045.95,3,3.0,False,2026-02-10,2026-02
3713,544,2025-07-31,2025-07-31 02:39:00,Surat,Tier 2,Debit Card,Returned,14075.4,5,,,,2025-07
3714,1184,2026-06-16,2026-06-16 14:18:00,Indore,Tier 2,UPI,Delivered,2066.5,7,7.0,False,2026-06-23,2026-06
3715,150,2026-06-20,2026-06-20 03:16:00,Nagpur,Tier 2,Debit Card,Delivered,8740.95,4,7.0,True,2026-06-27,2026-06
3716,508,2025-10-30,2025-10-30 22:33:00,Delhi,Tier 1,Credit Card,Delivered,2692.2,7,10.0,True,2025-11-09,2025-10
3717,367,2026-04-27,2026-04-27 12:19:00,Pune,Tier 1,UPI,RTO,42392.65,4,,,,2026-04
3718,763,2025-10-11,2025-10-11 23:04:00,Jaipur,Tier 2,Credit Card,Returned,9211.8,2,,,,2025-10
3719,751,2025-10-14,2025-10-14 13:01:00,Delhi,Tier 1,UPI,Delivered,10483.5,7,10.0,True,2025-10-24,2025-10
3720,1023,2025-09-18,2025-09-18 18:20:00,Indore,Tier 2,Credit Card,Delivered,3860.05,5,5.0,False,2025-09-23,2025-09
3721,144,2024-06-07,2024-06-07 16:44:00,Mumbai,Tier 1,UPI,Returned,4086.4,4,,,,2024-06
3722,1172,2025-09-16,2025-09-16 22:11:00,Patna,Tier 3,UPI,Delivered,40516.0,4,5.0,True,2025-09-21,2025-09
3723,668,2025-10-19,2025-10-19 15:04:00,Vadodara,Tier 2,Net Banking,Delivered,47719.05,3,3.0,False,2025-10-22,2025-10
3724,518,2026-05-11,2026-05-11 22:03:00,Coimbatore,Tier 2,UPI,Delivered,798.0,3,3.0,False,2026-05-14,2026-05
3725,1025,2025-03-02,2025-03-02 12:00:00,Ahmedabad,Tier 2,Debit Card,RTO,1130.4,4,,,,2025-03
3726,1055,2025-06-22,2025-06-22 06:17:00,Indore,Tier 2,UPI,Returned,991.2,3,,,,2025-06
3727,442,2025-07-22,2025-07-22 23:23:00,Bengaluru,Tier 1,UPI,Delivered,893.25,4,4.0,False,2025-07-26,2025-07
3728,775,2025-11-22,2025-11-22 11:46:00,Nagpur,Tier 2,Cash on Delivery,RTO,2680.9,4,,,,2025-11
3729,438,2026-06-27,2026-06-27 03:30:00,Nagpur,Tier 2,Debit Card,Delivered,12615.7,7,8.0,True,2026-07-05,2026-06
3730,738,2025-11-12,2025-11-12 12:03:00,Delhi,Tier 1,Cash on Delivery,Returned,779.95,4,,,,2025-11
3731,472,2024-12-26,2024-12-26 20:30:00,Mumbai,Tier 1,Cash on Delivery,Delivered,516.8,3,2.0,False,2024-12-28,2024-12
3732,850,2026-06-05,2026-06-05 12:57:00,Ghaziabad,Tier 3,Cash on Delivery,Delivered,49598.0,7,10.0,True,2026-06-15,2026-06
3733,367,2026-01-09,2026-01-09 11:26:00,Pune,Tier 1,Net Banking,Delivered,43157.75,7,7.0,False,2026-01-16,2026-01
3734,227,2026-04-28,2026-04-28 08:56:00,Chennai,Tier 1,Debit Card,Delivered,44009.6,2,3.0,True,2026-05-01,2026-04
3735,1118,2025-07-05,2025-07-05 15:45:00,Bhopal,Tier 2,Cash on Delivery,Delivered,2803.8,2,3.0,True,2025-07-08,2025-07
3736,54,2025-01-07,2025-01-07 09:16:00,Hyderabad,Tier 1,Cash on Delivery,Delivered,1722.95,2,3.0,True,2025-01-10,2025-01
3737,342,2026-01-07,2026-01-07 21:53:00,Kanpur,Tier 2,UPI,Delivered,4367.0,5,6.0,True,2026-01-13,2026-01
3738,858,2026-05-02,2026-05-02 12:55:00,Chennai,Tier 1,Credit Card,Cancelled,3684.0,4,,,,2026-05
3739,34,2024-09-20,2024-09-20 01:16:00,Pune,Tier 1,UPI,Delivered,1758.0,2,4.0,True,2024-09-24,2024-09
3740,384,2026-06-19,2026-06-19 15:53:00,Bhopal,Tier 2,Debit Card,Delivered,4651.2,7,7.0,False,2026-06-26,2026-06
3741,451,2026-04-05,2026-04-05 21:51:00,Mumbai,Tier 1,Cash on Delivery,Delivered,5139.0,3,3.0,False,2026-04-08,2026-04
3742,499,2026-02-10,2026-02-10 21:54:00,Bengaluru,Tier 1,UPI,RTO,1006.2,4,,,,2026-02
3743,231,2026-05-18,2026-05-18 04:09:00,Surat,Tier 2,Debit Card,Delivered,821.0,3,3.0,False,2026-05-21,2026-05
3744,194,2026-01-27,2026-01-27 04:49:00,Pune,Tier 1,UPI,Returned,1780.5,7,,,,2026-01
3745,470,2025-12-23,2025-12-23 05:34:00,Bhopal,Tier 2,Debit Card,Returned,2462.0,7,,,,2025-12
3746,767,2026-06-20,2026-06-20 18:06:00,Coimbatore,Tier 2,Cash on Delivery,RTO,76350.4,5,,,,2026-06
3747,869,2025-10-12,2025-10-12 20:31:00,Guwahati,Tier 3,UPI,Delivered,115.2,5,8.0,True,2025-10-20,2025-10
3748,616,2026-01-08,2026-01-08 09:03:00,Vadodara,Tier 2,Credit Card,RTO,73187.3,7,,,,2026-01
3749,806,2025-12-23,2025-12-23 00:41:00,Nagpur,Tier 2,UPI,Delivered,33027.7,5,4.0,False,2025-12-27,2025-12
3750,1122,2026-01-10,2026-01-10 15:12:00,Bhopal,Tier 2,Debit Card,Delivered,4158.0,5,5.0,False,2026-01-15,2026-01
3751,391,2026-03-31,2026-03-31 23:59:00,Kanpur,Tier 2,UPI,RTO,682.55,7,,,,2026-03
3752,161,2026-04-15,2026-04-15 17:36:00,Surat,Tier 2,Debit Card,Delivered,7624.75,2,3.0,True,2026-04-18,2026-04
3753,518,2026-05-03,2026-05-03 05:38:00,Coimbatore,Tier 2,UPI,Delivered,9692.8,3,4.0,True,2026-05-07,2026-05
3754,113,2025-11-07,2025-11-07 00:24:00,Guwahati,Tier 3,Credit Card,Delivered,2462.4,2,2.0,False,2025-11-09,2025-11
3755,399,2026-03-07,2026-03-07 09:04:00,Ghaziabad,Tier 3,UPI,Delivered,38722.35,7,7.0,False,2026-03-14,2026-03
3756,1181,2025-08-31,2025-08-31 22:14:00,Ghaziabad,Tier 3,Debit Card,Returned,3850.0,7,,,,2025-08
3757,486,2026-04-23,2026-04-23 06:12:00,Ghaziabad,Tier 3,Cash on Delivery,Returned,121.6,4,,,,2026-04
3758,1091,2026-05-27,2026-05-27 23:56:00,Delhi,Tier 1,UPI,Delivered,36838.15,7,7.0,False,2026-06-03,2026-05
3759,787,2025-09-14,2025-09-14 10:15:00,Patna,Tier 3,UPI,RTO,3789.8,2,,,,2025-09
3760,421,2025-10-29,2025-10-29 22:11:00,Vadodara,Tier 2,Net Banking,Delivered,33939.7,2,1.0,False,2025-10-30,2025-10
3761,220,2026-06-04,2026-06-04 00:35:00,Vadodara,Tier 2,Cash on Delivery,Delivered,1592.1,7,8.0,True,2026-06-12,2026-06
3762,353,2025-02-24,2025-02-24 21:29:00,Surat,Tier 2,Credit Card,Delivered,5314.2,4,6.0,True,2025-03-02,2025-02
3763,106,2025-11-05,2025-11-05 01:35:00,Kolkata,Tier 1,Net Banking,Returned,5878.0,3,,,,2025-11
3764,463,2025-08-05,2025-08-05 04:43:00,Ahmedabad,Tier 2,UPI,Returned,1791.5,2,,,,2025-08
3765,107,2024-12-09,2024-12-09 11:22:00,Ahmedabad,Tier 2,UPI,RTO,156219.2,5,,,,2024-12
3766,490,2026-03-28,2026-03-28 20:32:00,Vadodara,Tier 2,Net Banking,Delivered,7067.0,3,3.0,False,2026-03-31,2026-03
3767,991,2025-05-16,2025-05-16 08:10:00,Lucknow,Tier 2,Cash on Delivery,Delivered,128.0,2,4.0,True,2025-05-20,2025-05
3768,89,2025-10-09,2025-10-09 08:54:00,Ahmedabad,Tier 2,Debit Card,RTO,13447.0,4,,,,2025-10
3769,509,2025-01-14,2025-01-14 09:55:00,Delhi,Tier 1,Debit Card,Delivered,42525.55,3,3.0,False,2025-01-17,2025-01
3770,1184,2024-08-16,2024-08-16 19:04:00,Indore,Tier 2,Debit Card,Delivered,12499.55,3,3.0,False,2024-08-19,2024-08
3771,1111,2026-03-11,2026-03-11 05:47:00,Coimbatore,Tier 2,UPI,RTO,4600.5,5,,,,2026-03
3772,523,2025-08-27,2025-08-27 09:10:00,Ahmedabad,Tier 2,UPI,Delivered,13903.75,2,2.0,False,2025-08-29,2025-08
3773,1024,2026-05-25,2026-05-25 01:06:00,Patna,Tier 3,UPI,Delivered,5676.3,2,5.0,True,2026-05-30,2026-05
3774,119,2025-08-29,2025-08-29 22:37:00,Surat,Tier 2,UPI,Returned,441.0,2,,,,2025-08
3775,445,2026-03-05,2026-03-05 05:44:00,Surat,Tier 2,Debit Card,Delivered,6692.9,7,7.0,False,2026-03-12,2026-03
3776,513,2024-07-12,2024-07-12 22:26:00,Bhopal,Tier 2,UPI,Delivered,3039.0,5,4.0,False,2024-07-16,2024-07
3777,40,2026-06-07,2026-06-07 21:13:00,Bengaluru,Tier 1,UPI,Delivered,2633.4,2,3.0,True,2026-06-10,2026-06
3778,887,2025-12-08,2025-12-08 16:29:00,Coimbatore,Tier 2,UPI,Delivered,102.4,5,6.0,True,2025-12-14,2025-12
3779,784,2025-02-12,2025-02-12 08:07:00,Delhi,Tier 1,Credit Card,Delivered,676.8,2,3.0,True,2025-02-15,2025-02
3780,576,2026-02-10,2026-02-10 08:46:00,Coimbatore,Tier 2,Cash on Delivery,Delivered,803.0,4,4.0,False,2026-02-14,2026-02
3781,1038,2026-02-21,2026-02-21 12:07:00,Jaipur,Tier 2,Cash on Delivery,Delivered,30269.6,3,6.0,True,2026-02-27,2026-02
3782,105,2026-02-19,2026-02-19 08:13:00,Kolkata,Tier 1,UPI,RTO,2271.2,2,,,,2026-02
3783,613,2026-04-01,2026-04-01 10:00:00,Lucknow,Tier 2,UPI,Returned,42684.5,2,,,,2026-04
3784,848,2025-12-14,2025-12-14 06:31:00,Lucknow,Tier 2,UPI,Delivered,43339.0,7,8.0,True,2025-12-22,2025-12
3785,70,2025-10-12,2025-10-12 23:47:00,Pune,Tier 1,UPI,Delivered,798.0,7,9.0,True,2025-10-21,2025-10
3786,268,2026-02-10,2026-02-10 18:08:00,Coimbatore,Tier 2,Net Banking,Delivered,38096.0,2,1.0,False,2026-02-11,2026-02
3787,1153,2026-06-26,2026-06-26 23:41:00,Vadodara,Tier 2,Credit Card,Cancelled,3772.8,2,,,,2026-06
3788,243,2026-03-13,2026-03-13 19:39:00,Kanpur,Tier 2,Credit Card,Returned,1118.25,2,,,,2026-03
3789,500,2025-04-29,2025-04-29 21:44:00,Bengaluru,Tier 1,UPI,Returned,62578.8,2,,,,2025-04
3790,497,2025-12-03,2025-12-03 22:37:00,Nagpur,Tier 2,Debit Card,Delivered,16674.9,2,2.0,False,2025-12-05,2025-12
3791,1198,2025-09-03,2025-09-03 13:16:00,Bengaluru,Tier 1,UPI,Returned,660.8,7,,,,2025-09
3792,77,2025-10-05,2025-10-05 13:57:00,Surat,Tier 2,Credit Card,Delivered,15914.0,5,5.0,False,2025-10-10,2025-10
3793,157,2025-02-25,2025-02-25 06:01:00,Bengaluru,Tier 1,Credit Card,RTO,783.75,5,,,,2025-02
3794,801,2025-08-26,2025-08-26 14:32:00,Patna,Tier 3,UPI,Delivered,4283.0,4,3.0,False,2025-08-29,2025-08
3795,325,2026-03-18,2026-03-18 19:50:00,Chennai,Tier 1,Debit Card,Delivered,528.2,3,3.0,False,2026-03-21,2026-03
3796,496,2025-02-16,2025-02-16 14:36:00,Mumbai,Tier 1,UPI,Delivered,957.6,5,5.0,False,2025-02-21,2025-02
3797,1085,2026-06-20,2026-06-20 12:41:00,Indore,Tier 2,UPI,Delivered,130017.0,7,8.0,True,2026-06-28,2026-06
3798,1053,2025-01-28,2025-01-28 21:08:00,Bhopal,Tier 2,Debit Card,Delivered,17103.6,2,3.0,True,2025-01-31,2025-01
3799,1158,2026-02-14,2026-02-14 21:15:00,Lucknow,Tier 2,UPI,Cancelled,28725.75,3,,,,2026-02
3800,877,2026-05-11,2026-05-11 13:01:00,Ahmedabad,Tier 2,Credit Card,RTO,66055.4,7,,,,2026-05
3801,221,2026-01-09,2026-01-09 01:25:00,Guwahati,Tier 3,Debit Card,Delivered,2947.7,4,3.0,False,2026-01-12,2026-01
3802,1049,2026-05-25,2026-05-25 20:01:00,Hyderabad,Tier 1,UPI,Returned,48173.0,4,,,,2026-05
3803,928,2024-06-21,2024-06-21 22:45:00,Bengaluru,Tier 1,Net Banking,Cancelled,39620.6,4,,,,2024-06
3804,415,2025-02-14,2025-02-14 18:36:00,Chennai,Tier 1,UPI,RTO,3551.1,5,,,,2025-02
3805,1069,2026-06-01,2026-06-01 12:03:00,Pune,Tier 1,UPI,Delivered,568.0,5,7.0,True,2026-06-08,2026-06
3806,446,2024-09-18,2024-09-18 18:07:00,Mumbai,Tier 1,Debit Card,RTO,4924.8,7,,,,2024-09
3807,25,2026-06-29,2026-06-29 06:26:00,Vadodara,Tier 2,Credit Card,Delivered,2340.9,7,7.0,False,2026-07-06,2026-06
3808,1087,2025-03-28,2025-03-28 15:27:00,Ahmedabad,Tier 2,UPI,Delivered,9563.0,4,4.0,False,2025-04-01,2025-03
3809,1019,2025-12-25,2025-12-25 10:41:00,Indore,Tier 2,Debit Card,Delivered,1156.0,3,3.0,False,2025-12-28,2025-12
3810,960,2026-03-08,2026-03-08 01:45:00,Bhopal,Tier 2,UPI,Delivered,11842.95,3,5.0,True,2026-03-13,2026-03
3811,350,2025-07-30,2025-07-30 09:35:00,Pune,Tier 1,Credit Card,Delivered,923.95,3,4.0,True,2025-08-03,2025-07
3812,66,2026-05-07,2026-05-07 10:15:00,Vadodara,Tier 2,Debit Card,Delivered,10816.55,7,6.0,False,2026-05-13,2026-05
3813,655,2025-09-26,2025-09-26 06:31:00,Bhopal,Tier 2,UPI,Delivered,413.0,2,2.0,False,2025-09-28,2025-09
3814,1062,2025-12-07,2025-12-07 08:58:00,Hyderabad,Tier 1,Net Banking,Delivered,3738.0,7,10.0,True,2025-12-17,2025-12
3815,532,2026-01-25,2026-01-25 15:45:00,Jaipur,Tier 2,Credit Card,Delivered,38528.8,5,7.0,True,2026-02-01,2026-01
3816,569,2026-06-07,2026-06-07 09:17:00,Mumbai,Tier 1,UPI,Cancelled,444.8,2,,,,2026-06
3817,733,2025-11-28,2025-11-28 20:09:00,Bhopal,Tier 2,Debit Card,Delivered,5196.35,3,5.0,True,2025-12-03,2025-11
3818,66,2026-05-04,2026-05-04 23:54:00,Vadodara,Tier 2,Credit Card,Delivered,7068.6,4,4.0,False,2026-05-08,2026-05
3819,576,2026-02-03,2026-02-03 22:33:00,Coimbatore,Tier 2,UPI,Cancelled,1926.0,7,,,,2026-02
3820,907,2025-07-16,2025-07-16 06:42:00,Nagpur,Tier 2,Credit Card,Cancelled,40207.0,7,,,,2025-07
3821,679,2025-08-06,2025-08-06 05:14:00,Bengaluru,Tier 1,UPI,Delivered,381.6,4,5.0,True,2025-08-11,2025-08
3822,510,2026-04-11,2026-04-11 23:45:00,Indore,Tier 2,Debit Card,Delivered,5650.4,7,6.0,False,2026-04-17,2026-04
3823,198,2025-12-02,2025-12-02 10:28:00,Coimbatore,Tier 2,UPI,Delivered,3568.5,2,2.0,False,2025-12-04,2025-12
3824,527,2026-03-12,2026-03-12 08:11:00,Delhi,Tier 1,Credit Card,RTO,9563.0,5,,,,2026-03
3825,1036,2026-05-19,2026-05-19 10:10:00,Ahmedabad,Tier 2,UPI,Delivered,13705.4,2,4.0,True,2026-05-23,2026-05
3826,4,2026-05-04,2026-05-04 12:47:00,Bhopal,Tier 2,Cash on Delivery,Delivered,8302.4,7,7.0,False,2026-05-11,2026-05
3827,1025,2026-02-04,2026-02-04 09:08:00,Ahmedabad,Tier 2,UPI,RTO,539.6,7,,,,2026-02
3828,438,2026-06-26,2026-06-26 10:16:00,Nagpur,Tier 2,Debit Card,Returned,895.5,4,,,,2026-06
3829,779,2026-04-19,2026-04-19 22:14:00,Delhi,Tier 1,Credit Card,Cancelled,67879.4,4,,,,2026-04
3830,220,2026-05-29,2026-05-29 12:38:00,Vadodara,Tier 2,UPI,RTO,27812.8,2,,,,2026-05
3831,229,2025-08-07,2025-08-07 19:45:00,Nagpur,Tier 2,Net Banking,Delivered,25972.5,5,5.0,False,2025-08-12,2025-08
3832,116,2026-05-31,2026-05-31 01:50:00,Surat,Tier 2,Debit Card,Delivered,5894.0,7,7.0,False,2026-06-07,2026-05
3833,325,2025-11-03,2025-11-03 08:51:00,Chennai,Tier 1,UPI,Delivered,3290.0,7,7.0,False,2025-11-10,2025-11
3834,204,2025-02-10,2025-02-10 15:35:00,Jaipur,Tier 2,UPI,Delivered,10238.15,2,5.0,True,2025-02-15,2025-02
3835,534,2025-12-01,2025-12-01 07:33:00,Indore,Tier 2,UPI,Delivered,37837.0,2,5.0,True,2025-12-06,2025-12
3836,397,2026-05-01,2026-05-01 13:28:00,Mumbai,Tier 1,Cash on Delivery,Delivered,258.4,3,4.0,True,2026-05-05,2026-05
3837,1061,2026-05-17,2026-05-17 20:40:00,Indore,Tier 2,Debit Card,Delivered,1585.7,2,3.0,True,2026-05-20,2026-05
3838,406,2026-05-07,2026-05-07 08:30:00,Kolkata,Tier 1,UPI,Delivered,678.4,3,3.0,False,2026-05-10,2026-05
3839,504,2025-11-23,2025-11-23 13:26:00,Delhi,Tier 1,UPI,RTO,5482.0,4,,,,2025-11
3840,676,2026-05-06,2026-05-06 07:26:00,Guwahati,Tier 3,Credit Card,Delivered,2490.75,4,7.0,True,2026-05-13,2026-05
3841,472,2025-07-05,2025-07-05 06:03:00,Mumbai,Tier 1,UPI,RTO,19126.0,2,,,,2025-07
3842,266,2026-05-08,2026-05-08 21:16:00,Chennai,Tier 1,UPI,RTO,1019.0,2,,,,2026-05
3843,242,2026-06-28,2026-06-28 04:20:00,Nagpur,Tier 2,Debit Card,Delivered,1161.4,3,6.0,True,2026-07-04,2026-06
3844,1044,2026-04-25,2026-04-25 07:40:00,Mumbai,Tier 1,Credit Card,Delivered,798.0,3,3.0,False,2026-04-28,2026-04
3845,796,2025-04-10,2025-04-10 15:48:00,Coimbatore,Tier 2,UPI,Delivered,612.0,2,2.0,False,2025-04-12,2025-04
3846,1137,2025-12-05,2025-12-05 20:50:00,Kolkata,Tier 1,UPI,Delivered,1739.2,4,4.0,False,2025-12-09,2025-12
3847,1027,2026-06-06,2026-06-06 07:58:00,Indore,Tier 2,UPI,Returned,391.85,4,,,,2026-06
3848,886,2026-05-04,2026-05-04 21:52:00,Guwahati,Tier 3,UPI,Delivered,3606.15,7,8.0,True,2026-05-12,2026-05
3849,393,2026-05-21,2026-05-21 07:25:00,Delhi,Tier 1,UPI,Returned,14634.3,4,,,,2026-05
3850,361,2024-10-09,2024-10-09 15:55:00,Lucknow,Tier 2,UPI,Delivered,27413.5,5,4.0,False,2024-10-13,2024-10
3851,179,2025-05-27,2025-05-27 07:32:00,Bhopal,Tier 2,UPI,Delivered,3741.75,7,7.0,False,2025-06-03,2025-05
3852,1078,2024-12-29,2024-12-29 20:41:00,Kolkata,Tier 1,UPI,RTO,2653.5,3,,,,2024-12
3853,442,2026-05-29,2026-05-29 10:19:00,Bengaluru,Tier 1,Cash on Delivery,Delivered,4996.0,7,8.0,True,2026-06-06,2026-05
3854,672,2026-06-30,2026-06-30 00:19:00,Bengaluru,Tier 1,Credit Card,Returned,302.0,7,,,,2026-06
3855,1008,2026-06-08,2026-06-08 14:25:00,Surat,Tier 2,Cash on Delivery,Delivered,9739.95,2,2.0,False,2026-06-10,2026-06
3856,537,2025-02-28,2025-02-28 14:35:00,Patna,Tier 3,UPI,Delivered,117739.95,5,5.0,False,2025-03-05,2025-02
3857,504,2025-03-11,2025-03-11 23:31:00,Delhi,Tier 1,UPI,Delivered,32504.25,3,3.0,False,2025-03-14,2025-03
3858,849,2025-07-31,2025-07-31 00:44:00,Hyderabad,Tier 1,Cash on Delivery,Returned,6395.0,5,,,,2025-07
3859,37,2025-06-03,2025-06-03 09:47:00,Surat,Tier 2,Debit Card,Returned,3036.8,3,,,,2025-06
3860,1075,2025-11-12,2025-11-12 16:08:00,Kolkata,Tier 1,UPI,Delivered,42010.0,5,7.0,True,2025-11-19,2025-11
3861,472,2025-05-31,2025-05-31 01:43:00,Mumbai,Tier 1,UPI,Delivered,45462.9,4,7.0,True,2025-06-07,2025-05
3862,279,2025-08-24,2025-08-24 11:44:00,Nagpur,Tier 2,UPI,Delivered,9563.0,2,2.0,False,2025-08-26,2025-08
3863,532,2026-01-11,2026-01-11 02:14:00,Jaipur,Tier 2,Credit Card,RTO,12102.3,5,,,,2026-01
3864,54,2025-04-05,2025-04-05 02:22:00,Hyderabad,Tier 1,Credit Card,Delivered,1019.0,7,7.0,False,2025-04-12,2025-04
3865,876,2026-05-07,2026-05-07 18:21:00,Ahmedabad,Tier 2,Credit Card,Delivered,6756.0,5,8.0,True,2026-05-15,2026-05
3866,327,2026-03-16,2026-03-16 13:42:00,Pune,Tier 1,UPI,Cancelled,8897.3,3,,,,2026-03
3867,415,2026-01-10,2026-01-10 09:10:00,Chennai,Tier 1,UPI,Delivered,36838.15,3,3.0,False,2026-01-13,2026-01
3868,774,2026-03-10,2026-03-10 23:47:00,Ghaziabad,Tier 3,Cash on Delivery,RTO,1458.7,5,,,,2026-03
3869,306,2026-02-05,2026-02-05 10:49:00,Vadodara,Tier 2,UPI,Cancelled,53090.8,5,,,,2026-02
3870,384,2025-09-25,2025-09-25 07:06:00,Bhopal,Tier 2,Net Banking,Returned,2839.0,4,,,,2025-09
3871,409,2026-06-20,2026-06-20 06:11:00,Coimbatore,Tier 2,UPI,Delivered,4051.1,4,5.0,True,2026-06-25,2026-06
3872,236,2026-01-04,2026-01-04 06:50:00,Bengaluru,Tier 1,Cash on Delivery,Delivered,1369.95,3,5.0,True,2026-01-09,2026-01
3873,864,2026-05-30,2026-05-30 09:42:00,Lucknow,Tier 2,Debit Card,Delivered,15975.9,3,5.0,True,2026-06-04,2026-05
3874,775,2026-06-06,2026-06-06 14:48:00,Nagpur,Tier 2,Credit Card,Delivered,776.7,3,3.0,False,2026-06-09,2026-06
3875,476,2026-03-19,2026-03-19 02:05:00,Patna,Tier 3,Cash on Delivery,Cancelled,579.5,4,,,,2026-03
3876,394,2025-07-07,2025-07-07 13:38:00,Pune,Tier 1,Credit Card,Returned,25017.0,3,,,,2025-07
3877,1055,2024-12-10,2024-12-10 06:32:00,Indore,Tier 2,Debit Card,Delivered,4581.0,4,5.0,True,2024-12-15,2024-12
3878,788,2024-12-11,2024-12-11 15:27:00,Mumbai,Tier 1,Credit Card,Delivered,33044.4,4,6.0,True,2024-12-17,2024-12
3879,519,2025-02-13,2025-02-13 02:51:00,Jaipur,Tier 2,Net Banking,Returned,1926.0,3,,,,2025-02
3880,173,2026-04-06,2026-04-06 13:00:00,Bhopal,Tier 2,Credit Card,Delivered,1386.0,2,3.0,True,2026-04-09,2026-04
3881,343,2026-04-27,2026-04-27 18:21:00,Patna,Tier 3,Debit Card,Cancelled,44333.0,7,,,,2026-04
3882,921,2024-11-22,2024-11-22 19:24:00,Hyderabad,Tier 1,Net Banking,Cancelled,18169.7,5,,,,2024-11
3883,809,2025-09-02,2025-09-02 02:31:00,Nagpur,Tier 2,UPI,Returned,17211.55,5,,,,2025-09
3884,800,2024-09-18,2024-09-18 18:01:00,Guwahati,Tier 3,Credit Card,Delivered,302.0,4,4.0,False,2024-09-22,2024-09
3885,507,2025-09-07,2025-09-07 00:39:00,Nagpur,Tier 2,UPI,Delivered,36876.05,3,3.0,False,2025-09-10,2025-09
3886,923,2024-04-16,2024-04-16 00:54:00,Guwahati,Tier 3,UPI,Cancelled,3760.85,4,,,,2024-04
3887,753,2025-12-01,2025-12-01 23:11:00,Bengaluru,Tier 1,Debit Card,Delivered,3950.75,4,5.0,True,2025-12-06,2025-12
3888,187,2025-09-01,2025-09-01 11:06:00,Chennai,Tier 1,UPI,Returned,1183.1,5,,,,2025-09
3889,1061,2025-10-30,2025-10-30 03:05:00,Indore,Tier 2,Credit Card,Returned,128.0,3,,,,2025-10
3890,347,2026-05-21,2026-05-21 20:49:00,Patna,Tier 3,UPI,Cancelled,852.0,5,,,,2026-05
3891,122,2026-01-14,2026-01-14 00:39:00,Coimbatore,Tier 2,Cash on Delivery,Returned,102527.85,7,,,,2026-01
3892,1138,2025-08-24,2025-08-24 16:56:00,Pune,Tier 1,UPI,RTO,5066.7,2,,,,2025-08
3893,736,2026-06-03,2026-06-03 16:43:00,Delhi,Tier 1,Credit Card,Returned,4425.8,3,,,,2026-06
3894,844,2026-05-15,2026-05-15 15:13:00,Patna,Tier 3,UPI,RTO,104013.6,7,,,,2026-05
3895,474,2025-11-18,2025-11-18 22:19:00,Patna,Tier 3,UPI,Delivered,8826.0,3,4.0,True,2025-11-22,2025-11
3896,410,2026-04-25,2026-04-25 23:37:00,Vadodara,Tier 2,Debit Card,Delivered,32426.65,2,2.0,False,2026-04-27,2026-04
3897,549,2026-06-05,2026-06-05 03:15:00,Chennai,Tier 1,Cash on Delivery,RTO,556.0,2,,,,2026-06
3898,1090,2025-10-15,2025-10-15 08:32:00,Ghaziabad,Tier 3,UPI,Delivered,4369.2,7,7.0,False,2025-10-22,2025-10
3899,454,2025-11-22,2025-11-22 23:37:00,Ghaziabad,Tier 3,Debit Card,Delivered,38490.2,7,9.0,True,2025-12-01,2025-11
3900,870,2025-06-03,2025-06-03 10:53:00,Surat,Tier 2,Credit Card,Delivered,40207.0,7,10.0,True,2025-06-13,2025-06
3901,803,2026-03-08,2026-03-08 02:58:00,Indore,Tier 2,Debit Card,Delivered,4574.0,5,7.0,True,2026-03-15,2026-03
3902,44,2025-06-09,2025-06-09 03:06:00,Mumbai,Tier 1,Credit Card,Delivered,40207.0,7,9.0,True,2025-06-18,2025-06
3903,1099,2025-12-09,2025-12-09 04:59:00,Hyderabad,Tier 1,UPI,Returned,4416.8,7,,,,2025-12
3904,1049,2026-01-28,2026-01-28 16:05:00,Hyderabad,Tier 1,Cash on Delivery,Returned,40516.0,3,,,,2026-01
3905,122,2024-09-22,2024-09-22 22:01:00,Coimbatore,Tier 2,UPI,Delivered,32170.0,5,5.0,False,2024-09-27,2024-09
3906,960,2025-12-29,2025-12-29 07:35:00,Bhopal,Tier 2,Debit Card,RTO,102416.95,7,,,,2025-12
3907,92,2025-12-13,2025-12-13 23:31:00,Coimbatore,Tier 2,Debit Card,Delivered,6239.95,4,5.0,True,2025-12-18,2025-12
3908,842,2024-07-05,2024-07-05 19:48:00,Surat,Tier 2,Cash on Delivery,RTO,29779.2,7,,,,2024-07
3909,1166,2025-12-21,2025-12-21 12:09:00,Nagpur,Tier 2,Cash on Delivery,Delivered,764.25,3,6.0,True,2025-12-27,2025-12
3910,1080,2025-05-11,2025-05-11 03:03:00,Bhopal,Tier 2,Credit Card,Delivered,104951.6,2,3.0,True,2025-05-14,2025-05
3911,1141,2026-05-12,2026-05-12 11:45:00,Kanpur,Tier 2,UPI,Delivered,2329.85,3,3.0,False,2026-05-15,2026-05
3912,724,2025-01-02,2025-01-02 15:12:00,Pune,Tier 1,Credit Card,Delivered,1197.0,3,2.0,False,2025-01-04,2025-01
3913,1197,2026-06-21,2026-06-21 05:01:00,Coimbatore,Tier 2,Debit Card,Delivered,2050.0,3,4.0,True,2026-06-25,2026-06
3914,1138,2024-12-29,2024-12-29 01:19:00,Pune,Tier 1,UPI,Returned,67879.4,2,,,,2024-12
3915,1114,2025-01-13,2025-01-13 11:48:00,Indore,Tier 2,UPI,Delivered,979.0,3,4.0,True,2025-01-17,2025-01
3916,411,2026-02-08,2026-02-08 07:01:00,Hyderabad,Tier 1,UPI,Delivered,396.9,4,4.0,False,2026-02-12,2026-02
3917,402,2024-07-23,2024-07-23 09:15:00,Surat,Tier 2,Debit Card,Delivered,1360.0,4,5.0,True,2024-07-28,2024-07
3918,12,2026-05-15,2026-05-15 04:47:00,Delhi,Tier 1,Cash on Delivery,Delivered,6094.95,7,10.0,True,2026-05-25,2026-05
3919,999,2025-12-30,2025-12-30 05:22:00,Coimbatore,Tier 2,Debit Card,Delivered,1136.0,2,2.0,False,2026-01-01,2025-12
3920,752,2025-08-05,2025-08-05 00:54:00,Kanpur,Tier 2,Debit Card,Delivered,4506.8,5,5.0,False,2025-08-10,2025-08
3921,523,2025-06-13,2025-06-13 18:26:00,Ahmedabad,Tier 2,UPI,Delivered,979.0,7,8.0,True,2025-06-21,2025-06
3922,799,2025-12-01,2025-12-01 10:03:00,Ahmedabad,Tier 2,Cash on Delivery,Returned,1256.0,2,,,,2025-12
3923,680,2024-10-25,2024-10-25 04:56:00,Jaipur,Tier 2,Net Banking,Delivered,9588.05,3,3.0,False,2024-10-28,2024-10
3924,1138,2025-06-09,2025-06-09 07:13:00,Pune,Tier 1,UPI,Delivered,11662.5,7,10.0,True,2025-06-19,2025-06
3925,325,2025-07-24,2025-07-24 15:07:00,Chennai,Tier 1,Debit Card,Delivered,30367.1,2,2.0,False,2025-07-26,2025-07
3926,816,2024-10-30,2024-10-30 11:31:00,Ahmedabad,Tier 2,Cash on Delivery,Delivered,36241.55,5,5.0,False,2024-11-04,2024-10
3927,131,2025-11-05,2025-11-05 20:23:00,Ahmedabad,Tier 2,UPI,Delivered,518.7,5,5.0,False,2025-11-10,2025-11
3928,718,2026-04-17,2026-04-17 09:21:00,Guwahati,Tier 3,Credit Card,Delivered,6669.5,7,6.0,False,2026-04-23,2026-04
3929,872,2024-12-31,2024-12-31 20:44:00,Delhi,Tier 1,Debit Card,Delivered,5055.75,7,8.0,True,2025-01-08,2024-12
3930,706,2025-11-04,2025-11-04 08:03:00,Hyderabad,Tier 1,UPI,Delivered,761.4,3,4.0,True,2025-11-08,2025-11
3931,509,2025-04-13,2025-04-13 07:28:00,Delhi,Tier 1,Cash on Delivery,Cancelled,559.0,4,,,,2025-04
3932,691,2026-06-06,2026-06-06 17:48:00,Delhi,Tier 1,Net Banking,Delivered,2416.0,5,8.0,True,2026-06-14,2026-06
3933,1152,2025-12-20,2025-12-20 07:18:00,Coimbatore,Tier 2,Credit Card,Delivered,2592.3,5,5.0,False,2025-12-25,2025-12
3934,918,2026-03-25,2026-03-25 20:40:00,Bhopal,Tier 2,UPI,Returned,810.0,4,,,,2026-03
3935,242,2026-06-06,2026-06-06 15:20:00,Nagpur,Tier 2,UPI,Delivered,4692.85,4,7.0,True,2026-06-13,2026-06
3936,70,2026-03-02,2026-03-02 14:40:00,Pune,Tier 1,Debit Card,Delivered,9703.5,4,5.0,True,2026-03-07,2026-03
3937,428,2024-12-20,2024-12-20 06:01:00,Bhopal,Tier 2,UPI,Delivered,8127.0,2,2.0,False,2024-12-22,2024-12
3938,116,2026-04-23,2026-04-23 05:22:00,Surat,Tier 2,UPI,Cancelled,2765.2,4,,,,2026-04
3939,703,2024-04-11,2024-04-11 11:23:00,Coimbatore,Tier 2,Net Banking,Delivered,59932.35,5,6.0,True,2024-04-17,2024-04
3940,706,2025-06-02,2025-06-02 20:25:00,Hyderabad,Tier 1,Cash on Delivery,Delivered,4653.7,7,7.0,False,2025-06-09,2025-06
3941,1113,2025-09-09,2025-09-09 00:11:00,Patna,Tier 3,UPI,Delivered,34671.2,2,5.0,True,2025-09-14,2025-09
3942,522,2025-05-25,2025-05-25 12:21:00,Mumbai,Tier 1,Debit Card,Delivered,11716.55,5,5.0,False,2025-05-30,2025-05
3943,303,2026-02-01,2026-02-01 01:03:00,Bengaluru,Tier 1,UPI,Cancelled,2017.9,5,,,,2026-02
3944,428,2026-01-16,2026-01-16 19:12:00,Bhopal,Tier 2,UPI,Delivered,3454.5,2,3.0,True,2026-01-19,2026-01
3945,71,2026-05-23,2026-05-23 16:16:00,Kolkata,Tier 1,Debit Card,Delivered,2420.1,2,2.0,False,2026-05-25,2026-05
3946,1004,2025-08-29,2025-08-29 01:50:00,Vadodara,Tier 2,UPI,Returned,638.4,2,,,,2025-08
3947,551,2025-08-14,2025-08-14 01:50:00,Nagpur,Tier 2,UPI,Delivered,13507.45,5,5.0,False,2025-08-19,2025-08
3948,509,2026-01-14,2026-01-14 13:01:00,Delhi,Tier 1,Credit Card,Delivered,670.5,3,4.0,True,2026-01-18,2026-01
3949,595,2025-01-22,2025-01-22 05:02:00,Kolkata,Tier 1,Cash on Delivery,Delivered,6208.5,7,10.0,True,2025-02-01,2025-01
3950,1030,2024-12-26,2024-12-26 19:59:00,Mumbai,Tier 1,Cash on Delivery,Cancelled,36635.2,2,,,,2024-12
3951,780,2024-11-28,2024-11-28 15:49:00,Delhi,Tier 1,Cash on Delivery,Delivered,8969.25,2,2.0,False,2024-11-30,2024-11
3952,141,2025-03-30,2025-03-30 06:02:00,Vadodara,Tier 2,UPI,Returned,1057.45,3,,,,2025-03
3953,187,2025-03-06,2025-03-06 06:29:00,Chennai,Tier 1,UPI,Delivered,26894.0,5,5.0,False,2025-03-11,2025-03
3954,1053,2025-04-10,2025-04-10 08:17:00,Bhopal,Tier 2,Debit Card,Delivered,1944.0,4,4.0,False,2025-04-14,2025-04
3955,262,2026-05-11,2026-05-11 05:26:00,Kanpur,Tier 2,UPI,Delivered,1387.0,3,6.0,True,2026-05-17,2026-05
3956,646,2025-08-08,2025-08-08 04:07:00,Coimbatore,Tier 2,Debit Card,Delivered,979.0,4,7.0,True,2025-08-15,2025-08
3957,92,2026-05-28,2026-05-28 12:04:00,Coimbatore,Tier 2,UPI,Delivered,1216.8,7,6.0,False,2026-06-03,2026-05
3958,486,2026-05-26,2026-05-26 08:12:00,Ghaziabad,Tier 3,Credit Card,Delivered,488.0,5,4.0,False,2026-05-30,2026-05
3959,119,2025-09-10,2025-09-10 00:13:00,Surat,Tier 2,UPI,Delivered,2804.25,5,6.0,True,2025-09-16,2025-09
3960,1052,2026-03-20,2026-03-20 10:51:00,Chennai,Tier 1,UPI,Delivered,6745.6,2,2.0,False,2026-03-22,2026-03
3961,825,2026-02-23,2026-02-23 12:20:00,Bengaluru,Tier 1,UPI,RTO,1320.0,5,,,,2026-02
3962,1016,2025-11-19,2025-11-19 02:48:00,Coimbatore,Tier 2,UPI,Delivered,40516.0,4,4.0,False,2025-11-23,2025-11
3963,910,2026-01-02,2026-01-02 14:11:00,Hyderabad,Tier 1,UPI,Cancelled,2560.0,4,,,,2026-01
3964,794,2025-04-08,2025-04-08 17:16:00,Ahmedabad,Tier 2,Credit Card,Delivered,3798.4,2,5.0,True,2025-04-13,2025-04
3965,636,2025-08-16,2025-08-16 11:43:00,Hyderabad,Tier 1,UPI,Delivered,2461.4,5,7.0,True,2025-08-23,2025-08
3966,1127,2025-05-18,2025-05-18 15:37:00,Bhopal,Tier 2,UPI,Delivered,6823.85,4,4.0,False,2025-05-22,2025-05
3967,623,2026-02-27,2026-02-27 13:33:00,Bhopal,Tier 2,UPI,Delivered,3968.0,5,6.0,True,2026-03-05,2026-02
3968,997,2025-05-10,2025-05-10 10:15:00,Patna,Tier 3,UPI,Delivered,1267.35,2,2.0,False,2025-05-12,2025-05
3969,483,2026-05-27,2026-05-27 21:52:00,Lucknow,Tier 2,UPI,Delivered,6231.85,4,4.0,False,2026-05-31,2026-05
3970,514,2026-05-23,2026-05-23 03:13:00,Bengaluru,Tier 1,UPI,Delivered,5584.8,5,6.0,True,2026-05-29,2026-05
3971,524,2026-06-18,2026-06-18 18:20:00,Kolkata,Tier 1,UPI,Delivered,1437.6,5,5.0,False,2026-06-23,2026-06
3972,906,2025-02-11,2025-02-11 09:01:00,Lucknow,Tier 2,Credit Card,Returned,14750.95,5,,,,2025-02
3973,1105,2026-02-07,2026-02-07 21:32:00,Lucknow,Tier 2,Credit Card,Delivered,83564.0,4,3.0,False,2026-02-10,2026-02
3974,220,2026-06-13,2026-06-13 06:14:00,Vadodara,Tier 2,Debit Card,Delivered,12190.5,4,4.0,False,2026-06-17,2026-06
3975,306,2025-09-23,2025-09-23 15:23:00,Vadodara,Tier 2,UPI,Cancelled,2027.0,5,,,,2025-09
3976,464,2025-04-06,2025-04-06 05:57:00,Bhopal,Tier 2,UPI,Delivered,2741.0,4,3.0,False,2025-04-09,2025-04
3977,470,2026-06-18,2026-06-18 03:25:00,Bhopal,Tier 2,Cash on Delivery,Cancelled,4981.5,4,,,,2026-06
3978,933,2025-07-02,2025-07-02 03:05:00,Pune,Tier 1,Debit Card,RTO,413.0,5,,,,2025-07
3979,788,2024-02-14,2024-02-14 17:25:00,Mumbai,Tier 1,Net Banking,Delivered,2413.15,2,2.0,False,2024-02-16,2024-02
3980,438,2026-06-06,2026-06-06 18:27:00,Nagpur,Tier 2,Net Banking,Delivered,32381.6,5,6.0,True,2026-06-12,2026-06
3981,452,2024-12-01,2024-12-01 20:36:00,Ahmedabad,Tier 2,UPI,Delivered,2538.0,2,2.0,False,2024-12-03,2024-12
3982,811,2026-02-05,2026-02-05 04:42:00,Coimbatore,Tier 2,Credit Card,Delivered,3968.0,7,8.0,True,2026-02-13,2026-02
3983,268,2025-09-22,2025-09-22 10:59:00,Coimbatore,Tier 2,Cash on Delivery,Delivered,3408.4,2,4.0,True,2025-09-26,2025-09
3984,201,2025-10-01,2025-10-01 23:55:00,Bengaluru,Tier 1,Debit Card,Delivered,304.0,7,9.0,True,2025-10-10,2025-10
3985,895,2026-06-28,2026-06-28 13:37:00,Surat,Tier 2,UPI,Delivered,4375.1,7,8.0,True,2026-07-06,2026-06
3986,384,2025-10-27,2025-10-27 09:15:00,Bhopal,Tier 2,Debit Card,Delivered,5249.7,7,7.0,False,2025-11-03,2025-10
3987,968,2026-03-16,2026-03-16 04:27:00,Indore,Tier 2,UPI,Delivered,75195.0,3,3.0,False,2026-03-19,2026-03
3988,1049,2025-11-11,2025-11-11 03:54:00,Hyderabad,Tier 1,Debit Card,Delivered,10085.25,3,3.0,False,2025-11-14,2025-11
3989,933,2026-05-12,2026-05-12 23:55:00,Pune,Tier 1,Credit Card,Returned,36145.75,7,,,,2026-05
3990,242,2026-05-30,2026-05-30 17:15:00,Nagpur,Tier 2,Credit Card,RTO,1193.2,3,,,,2026-05
3991,906,2026-01-18,2026-01-18 03:01:00,Lucknow,Tier 2,UPI,Delivered,38384.0,3,4.0,True,2026-01-22,2026-01
3992,893,2026-03-11,2026-03-11 02:44:00,Bhopal,Tier 2,Cash on Delivery,Delivered,2920.8,3,3.0,False,2026-03-14,2026-03
3993,714,2025-12-15,2025-12-15 08:28:00,Nagpur,Tier 2,UPI,Returned,2134.65,3,,,,2025-12
3994,837,2026-06-14,2026-06-14 20:32:00,Delhi,Tier 1,UPI,Delivered,69532.0,3,2.0,False,2026-06-16,2026-06
3995,476,2025-09-16,2025-09-16 17:08:00,Patna,Tier 3,Cash on Delivery,Cancelled,7230.4,3,,,,2025-09
3996,615,2026-06-23,2026-06-23 16:59:00,Surat,Tier 2,UPI,Delivered,304.0,7,7.0,False,2026-06-30,2026-06
3997,476,2025-10-01,2025-10-01 23:11:00,Patna,Tier 3,Cash on Delivery,Delivered,3262.1,4,4.0,False,2025-10-05,2025-10
3998,46,2025-07-04,2025-07-04 06:58:00,Chennai,Tier 1,Cash on Delivery,Delivered,345.75,4,6.0,True,2025-07-10,2025-07
3999,1137,2024-08-31,2024-08-31 13:06:00,Kolkata,Tier 1,Cash on Delivery,Delivered,1118.25,2,5.0,True,2024-09-05,2024-08
4000,800,2025-04-23,2025-04-23 12:30:00,Guwahati,Tier 3,UPI,Delivered,24570.05,3,3.0,False,2025-04-26,2025-04
4001,1003,2025-05-16,2025-05-16 03:29:00,Lucknow,Tier 2,Net Banking,Delivered,1676.1,3,5.0,True,2025-05-21,2025-05
4002,942,2025-07-11,2025-07-11 04:54:00,Pune,Tier 1,UPI,Delivered,81688.05,5,8.0,True,2025-07-19,2025-07
4003,972,2026-05-12,2026-05-12 20:28:00,Surat,Tier 2,Net Banking,Delivered,43792.8,7,7.0,False,2026-05-19,2026-05
4004,451,2025-11-29,2025-11-29 11:22:00,Mumbai,Tier 1,Cash on Delivery,Delivered,5245.0,4,6.0,True,2025-12-05,2025-11
4005,536,2025-09-18,2025-09-18 13:07:00,Kanpur,Tier 2,Debit Card,Delivered,396.9,2,2.0,False,2025-09-20,2025-09
4006,297,2026-02-13,2026-02-13 04:54:00,Ahmedabad,Tier 2,Credit Card,Delivered,37224.0,7,8.0,True,2026-02-21,2026-02
4007,887,2024-09-21,2024-09-21 08:08:00,Coimbatore,Tier 2,Cash on Delivery,Delivered,3117.8,3,4.0,True,2024-09-25,2024-09
4008,476,2026-01-21,2026-01-21 10:10:00,Patna,Tier 3,Net Banking,Delivered,437.95,3,5.0,True,2026-01-26,2026-01
4009,1115,2025-11-16,2025-11-16 16:13:00,Ghaziabad,Tier 3,UPI,Delivered,1017.45,7,7.0,False,2025-11-23,2025-11
4010,537,2025-11-17,2025-11-17 14:56:00,Patna,Tier 3,Credit Card,RTO,2431.2,7,,,,2025-11
4011,706,2025-05-25,2025-05-25 04:21:00,Hyderabad,Tier 1,Debit Card,RTO,4463.1,2,,,,2025-05
4012,786,2026-06-30,2026-06-30 13:23:00,Surat,Tier 2,Cash on Delivery,Delivered,68351.9,3,4.0,True,2026-07-04,2026-06
4013,1122,2026-03-13,2026-03-13 01:27:00,Bhopal,Tier 2,Credit Card,Returned,37714.4,3,,,,2026-03
4014,715,2025-01-13,2025-01-13 19:36:00,Nagpur,Tier 2,Credit Card,RTO,34053.3,2,,,,2025-01
4015,806,2026-05-04,2026-05-04 18:13:00,Nagpur,Tier 2,Cash on Delivery,Returned,41404.0,4,,,,2026-05
4016,421,2025-05-03,2025-05-03 02:22:00,Vadodara,Tier 2,UPI,Delivered,5256.4,7,8.0,True,2025-05-11,2025-05
4017,1109,2026-05-29,2026-05-29 08:02:00,Indore,Tier 2,UPI,Delivered,58533.0,2,2.0,False,2026-05-31,2026-05
4018,649,2025-09-04,2025-09-04 08:58:00,Chennai,Tier 1,Credit Card,Delivered,2946.9,7,10.0,True,2025-09-14,2025-09
4019,3,2025-11-12,2025-11-12 02:42:00,Pune,Tier 1,UPI,Returned,3711.95,2,,,,2025-11
4020,474,2025-10-28,2025-10-28 09:01:00,Patna,Tier 3,UPI,Delivered,44512.8,4,4.0,False,2025-11-01,2025-10
4021,759,2025-08-18,2025-08-18 15:03:00,Lucknow,Tier 2,UPI,Delivered,635.0,4,4.0,False,2025-08-22,2025-08
4022,718,2026-05-04,2026-05-04 22:13:00,Guwahati,Tier 3,UPI,Cancelled,680.0,2,,,,2026-05
4023,135,2025-08-21,2025-08-21 09:28:00,Bhopal,Tier 2,Cash on Delivery,Delivered,7381.85,4,4.0,False,2025-08-25,2025-08
4024,470,2024-12-16,2024-12-16 15:32:00,Bhopal,Tier 2,Debit Card,Delivered,942.0,4,7.0,True,2024-12-23,2024-12
4025,229,2026-05-23,2026-05-23 09:20:00,Nagpur,Tier 2,Cash on Delivery,Delivered,10757.6,3,3.0,False,2026-05-26,2026-05
4026,258,2025-03-20,2025-03-20 07:49:00,Ghaziabad,Tier 3,Credit Card,Returned,1900.4,7,,,,2025-03
4027,113,2024-09-22,2024-09-22 01:35:00,Guwahati,Tier 3,UPI,Delivered,898.0,5,6.0,True,2024-09-28,2024-09
4028,911,2026-04-09,2026-04-09 23:16:00,Patna,Tier 3,UPI,Cancelled,1846.8,4,,,,2026-04
4029,257,2025-09-15,2025-09-15 15:43:00,Bengaluru,Tier 1,Debit Card,Delivered,22254.4,2,5.0,True,2025-09-20,2025-09
4030,74,2025-09-20,2025-09-20 17:46:00,Ghaziabad,Tier 3,Cash on Delivery,Delivered,89824.0,2,4.0,True,2025-09-24,2025-09
4031,359,2024-09-09,2024-09-09 13:42:00,Delhi,Tier 1,Credit Card,Delivered,80884.4,3,3.0,False,2024-09-12,2024-09
4032,271,2026-05-23,2026-05-23 17:15:00,Lucknow,Tier 2,Cash on Delivery,Delivered,65072.9,5,6.0,True,2026-05-29,2026-05
4033,53,2025-07-14,2025-07-14 11:27:00,Delhi,Tier 1,UPI,Delivered,5244.95,4,5.0,True,2025-07-19,2025-07
4034,242,2026-06-10,2026-06-10 22:11:00,Nagpur,Tier 2,UPI,Delivered,2643.6,3,3.0,False,2026-06-13,2026-06
4035,1131,2026-03-08,2026-03-08 22:16:00,Delhi,Tier 1,UPI,Cancelled,256.7,7,,,,2026-03
4036,812,2024-09-17,2024-09-17 08:20:00,Mumbai,Tier 1,Debit Card,Delivered,2471.7,5,5.0,False,2024-09-22,2024-09
4037,980,2026-05-22,2026-05-22 12:39:00,Ghaziabad,Tier 3,Debit Card,Delivered,11550.0,2,4.0,True,2026-05-26,2026-05
4038,229,2026-05-31,2026-05-31 15:14:00,Nagpur,Tier 2,UPI,Delivered,256.7,3,4.0,True,2026-06-04,2026-05
4039,898,2026-03-16,2026-03-16 21:03:00,Guwahati,Tier 3,Debit Card,Delivered,3295.7,7,8.0,True,2026-03-24,2026-03
4040,1049,2026-02-14,2026-02-14 23:11:00,Hyderabad,Tier 1,UPI,Delivered,2996.1,4,5.0,True,2026-02-19,2026-02
4041,893,2026-05-18,2026-05-18 19:09:00,Bhopal,Tier 2,Credit Card,Delivered,218.25,2,2.0,False,2026-05-20,2026-05
4042,249,2026-02-09,2026-02-09 04:10:00,Delhi,Tier 1,Debit Card,Delivered,2247.0,3,4.0,True,2026-02-13,2026-02
4043,676,2025-10-12,2025-10-12 23:57:00,Guwahati,Tier 3,Credit Card,Returned,45267.75,3,,,,2025-10
4044,628,2026-03-30,2026-03-30 15:08:00,Ahmedabad,Tier 2,Net Banking,Delivered,1494.0,3,4.0,True,2026-04-03,2026-03
4045,530,2026-06-28,2026-06-28 14:20:00,Chennai,Tier 1,Cash on Delivery,Delivered,226.5,2,1.0,False,2026-06-29,2026-06
4046,257,2026-03-26,2026-03-26 19:27:00,Bengaluru,Tier 1,Cash on Delivery,RTO,6691.0,4,,,,2026-03
4047,1117,2025-04-13,2025-04-13 14:24:00,Jaipur,Tier 2,Credit Card,Delivered,1070.0,3,6.0,True,2025-04-19,2025-04
4048,738,2026-01-11,2026-01-11 13:10:00,Delhi,Tier 1,Cash on Delivery,Delivered,1722.95,7,7.0,False,2026-01-18,2026-01
4049,708,2025-10-31,2025-10-31 12:59:00,Guwahati,Tier 3,UPI,Delivered,1053.15,7,6.0,False,2025-11-06,2025-10
4050,865,2026-06-27,2026-06-27 23:36:00,Coimbatore,Tier 2,Cash on Delivery,Delivered,521.05,3,6.0,True,2026-07-03,2026-06
4051,924,2026-06-13,2026-06-13 06:48:00,Surat,Tier 2,Net Banking,Delivered,19150.3,7,9.0,True,2026-06-22,2026-06
4052,698,2026-06-13,2026-06-13 09:31:00,Kolkata,Tier 1,UPI,Delivered,423.0,5,4.0,False,2026-06-17,2026-06
4053,766,2026-04-13,2026-04-13 03:35:00,Kolkata,Tier 1,Cash on Delivery,Delivered,70958.8,2,2.0,False,2026-04-15,2026-04
4054,51,2026-03-28,2026-03-28 18:41:00,Vadodara,Tier 2,UPI,Delivered,2093.55,5,8.0,True,2026-04-05,2026-03
4055,352,2025-06-29,2025-06-29 09:55:00,Mumbai,Tier 1,Credit Card,Delivered,719.1,2,1.0,False,2025-06-30,2025-06
4056,916,2026-05-04,2026-05-04 22:25:00,Bhopal,Tier 2,Cash on Delivery,Delivered,22958.35,7,8.0,True,2026-05-12,2026-05
4057,767,2026-04-23,2026-04-23 22:18:00,Coimbatore,Tier 2,UPI,Delivered,36406.0,3,4.0,True,2026-04-27,2026-04
4058,964,2025-08-09,2025-08-09 03:11:00,Bhopal,Tier 2,Net Banking,RTO,2420.1,4,,,,2025-08
4059,559,2026-03-23,2026-03-23 12:56:00,Indore,Tier 2,Cash on Delivery,Delivered,41782.0,4,7.0,True,2026-03-30,2026-03
4060,624,2025-02-12,2025-02-12 18:54:00,Pune,Tier 1,Debit Card,Delivered,2325.6,4,5.0,True,2025-02-17,2025-02
4061,98,2026-06-10,2026-06-10 17:38:00,Mumbai,Tier 1,Debit Card,Delivered,21257.2,4,5.0,True,2026-06-15,2026-06
4062,208,2025-03-21,2025-03-21 13:37:00,Delhi,Tier 1,UPI,Delivered,2034.9,3,3.0,False,2025-03-24,2025-03
4063,480,2026-06-17,2026-06-17 22:30:00,Delhi,Tier 1,Debit Card,Returned,6081.0,2,,,,2026-06
4064,1028,2026-02-06,2026-02-06 02:31:00,Kanpur,Tier 2,UPI,Returned,36869.4,7,,,,2026-02
4065,500,2026-02-18,2026-02-18 07:13:00,Bengaluru,Tier 1,Cash on Delivery,Delivered,93861.0,4,3.0,False,2026-02-21,2026-02
4066,710,2025-09-01,2025-09-01 21:48:00,Pune,Tier 1,Debit Card,Delivered,1528.5,4,3.0,False,2025-09-04,2025-09
4067,1172,2024-02-26,2024-02-26 22:23:00,Patna,Tier 3,Credit Card,Cancelled,3040.2,3,,,,2024-02
4068,284,2025-07-26,2025-07-26 00:45:00,Guwahati,Tier 3,UPI,Delivered,6770.0,7,9.0,True,2025-08-04,2025-07
4069,1172,2024-12-22,2024-12-22 08:36:00,Patna,Tier 3,Cash on Delivery,Delivered,1909.95,2,3.0,True,2024-12-25,2024-12
4070,726,2025-03-07,2025-03-07 03:21:00,Surat,Tier 2,Debit Card,Delivered,2383.75,5,7.0,True,2025-03-14,2025-03
4071,1080,2026-05-26,2026-05-26 00:54:00,Bhopal,Tier 2,UPI,Returned,6004.4,7,,,,2026-05
4072,479,2025-03-28,2025-03-28 17:13:00,Jaipur,Tier 2,Cash on Delivery,Delivered,2034.9,7,8.0,True,2025-04-05,2025-03
4073,412,2026-06-26,2026-06-26 05:31:00,Jaipur,Tier 2,Debit Card,Delivered,36358.0,7,7.0,False,2026-07-03,2026-06
4074,789,2026-05-07,2026-05-07 12:36:00,Nagpur,Tier 2,Debit Card,Returned,40207.0,7,,,,2026-05
4075,760,2026-06-25,2026-06-25 05:31:00,Guwahati,Tier 3,UPI,Delivered,1178.1,2,2.0,False,2026-06-27,2026-06
4076,1057,2024-08-11,2024-08-11 19:48:00,Ahmedabad,Tier 2,UPI,Delivered,2529.5,3,4.0,True,2024-08-15,2024-08
4077,1105,2026-06-21,2026-06-21 08:56:00,Lucknow,Tier 2,Credit Card,Delivered,33818.7,7,7.0,False,2026-06-28,2026-06
4078,442,2025-07-19,2025-07-19 23:34:00,Bengaluru,Tier 1,Credit Card,RTO,1377.0,2,,,,2025-07
4079,533,2025-11-07,2025-11-07 23:14:00,Chennai,Tier 1,Net Banking,Delivered,9006.0,4,4.0,False,2025-11-11,2025-11
4080,513,2024-12-13,2024-12-13 08:05:00,Bhopal,Tier 2,Cash on Delivery,Returned,1108.0,3,,,,2024-12
4081,242,2026-06-15,2026-06-15 16:31:00,Nagpur,Tier 2,Debit Card,RTO,226.5,7,,,,2026-06
4082,870,2026-02-14,2026-02-14 01:53:00,Surat,Tier 2,Debit Card,Delivered,11042.0,2,2.0,False,2026-02-16,2026-02
4083,892,2025-12-02,2025-12-02 01:19:00,Ahmedabad,Tier 2,Credit Card,Delivered,3733.3,7,7.0,False,2025-12-09,2025-12
4084,456,2025-03-09,2025-03-09 08:37:00,Bhopal,Tier 2,Credit Card,Delivered,1324.2,7,6.0,False,2025-03-15,2025-03
4085,572,2024-05-30,2024-05-30 22:50:00,Hyderabad,Tier 1,UPI,Returned,44912.0,5,,,,2024-05
4086,533,2025-09-29,2025-09-29 22:07:00,Chennai,Tier 1,Net Banking,Delivered,3061.7,3,6.0,True,2025-10-05,2025-09
4087,314,2026-05-30,2026-05-30 21:17:00,Surat,Tier 2,UPI,Delivered,9030.0,4,7.0,True,2026-06-06,2026-05
4088,968,2026-04-24,2026-04-24 05:21:00,Indore,Tier 2,Net Banking,RTO,1045.95,4,,,,2026-04
4089,679,2026-04-08,2026-04-08 03:14:00,Bengaluru,Tier 1,Credit Card,Delivered,8360.15,7,9.0,True,2026-04-17,2026-04
4090,52,2025-08-25,2025-08-25 11:18:00,Vadodara,Tier 2,UPI,Delivered,2394.0,2,4.0,True,2025-08-29,2025-08
4091,1091,2025-11-09,2025-11-09 01:32:00,Delhi,Tier 1,Cash on Delivery,Delivered,1710.25,5,6.0,True,2025-11-15,2025-11
4092,653,2026-02-15,2026-02-15 20:40:00,Ghaziabad,Tier 3,Debit Card,Delivered,768.0,2,2.0,False,2026-02-17,2026-02
4093,339,2025-07-16,2025-07-16 01:40:00,Vadodara,Tier 2,UPI,Delivered,5980.8,7,8.0,True,2025-07-24,2025-07
4094,140,2026-03-14,2026-03-14 18:08:00,Patna,Tier 3,UPI,Cancelled,636.3,7,,,,2026-03
4095,1108,2026-04-26,2026-04-26 04:22:00,Chennai,Tier 1,Credit Card,Delivered,6614.0,4,7.0,True,2026-05-03,2026-04
4096,241,2026-04-22,2026-04-22 09:08:00,Delhi,Tier 1,UPI,Returned,49124.1,2,,,,2026-04
4097,454,2026-01-31,2026-01-31 09:16:00,Ghaziabad,Tier 3,Credit Card,Delivered,3411.0,3,4.0,True,2026-02-04,2026-01
4098,220,2026-05-13,2026-05-13 22:56:00,Vadodara,Tier 2,Net Banking,Delivered,8127.0,5,6.0,True,2026-05-19,2026-05
4099,934,2024-04-17,2024-04-17 17:39:00,Guwahati,Tier 3,Cash on Delivery,Delivered,5361.75,7,8.0,True,2024-04-25,2024-04
4100,837,2026-05-14,2026-05-14 02:15:00,Delhi,Tier 1,UPI,Cancelled,4219.95,7,,,,2026-05
4101,1141,2026-03-25,2026-03-25 15:31:00,Kanpur,Tier 2,Cash on Delivery,Delivered,2637.0,2,3.0,True,2026-03-28,2026-03
4102,707,2025-08-12,2025-08-12 04:10:00,Kanpur,Tier 2,UPI,Delivered,4573.35,3,3.0,False,2025-08-15,2025-08
4103,380,2025-06-06,2025-06-06 14:58:00,Nagpur,Tier 2,UPI,Delivered,31336.5,4,4.0,False,2025-06-10,2025-06
4104,365,2026-06-12,2026-06-12 01:43:00,Mumbai,Tier 1,Cash on Delivery,Delivered,303.75,5,5.0,False,2026-06-17,2026-06
4105,592,2025-09-19,2025-09-19 11:10:00,Hyderabad,Tier 1,Cash on Delivery,Delivered,2091.9,5,6.0,True,2025-09-25,2025-09
4106,267,2026-06-09,2026-06-09 21:59:00,Delhi,Tier 1,Cash on Delivery,Delivered,3561.85,7,8.0,True,2026-06-17,2026-06
4107,507,2025-07-21,2025-07-21 03:46:00,Nagpur,Tier 2,Credit Card,Delivered,1070.0,7,7.0,False,2025-07-28,2025-07
4108,1059,2024-05-11,2024-05-11 19:39:00,Ahmedabad,Tier 2,UPI,Delivered,1890.5,4,4.0,False,2024-05-15,2024-05
4109,676,2026-04-30,2026-04-30 00:26:00,Guwahati,Tier 3,UPI,Delivered,3192.55,3,3.0,False,2026-05-03,2026-04
4110,1089,2026-02-04,2026-02-04 18:43:00,Kanpur,Tier 2,Debit Card,Delivered,2526.8,3,4.0,True,2026-02-08,2026-02
4111,580,2025-05-02,2025-05-02 08:49:00,Nagpur,Tier 2,Cash on Delivery,Delivered,97034.85,3,3.0,False,2025-05-05,2025-05
4112,402,2024-09-12,2024-09-12 09:41:00,Surat,Tier 2,UPI,Delivered,60774.0,3,4.0,True,2024-09-16,2024-09
4113,404,2025-11-29,2025-11-29 15:32:00,Chennai,Tier 1,Cash on Delivery,Delivered,13084.0,3,4.0,True,2025-12-03,2025-11
4114,1197,2026-06-10,2026-06-10 19:51:00,Coimbatore,Tier 2,Cash on Delivery,Delivered,1197.0,2,2.0,False,2026-06-12,2026-06
4115,1141,2026-04-05,2026-04-05 03:36:00,Kanpur,Tier 2,Cash on Delivery,Delivered,45479.6,7,8.0,True,2026-04-13,2026-04
4116,326,2025-07-18,2025-07-18 01:28:00,Surat,Tier 2,Credit Card,Delivered,1592.8,2,2.0,False,2025-07-20,2025-07
4117,533,2026-06-23,2026-06-23 14:31:00,Chennai,Tier 1,Credit Card,Delivered,541.0,2,1.0,False,2026-06-24,2026-06
4118,434,2024-11-02,2024-11-02 11:17:00,Ahmedabad,Tier 2,Cash on Delivery,Delivered,4339.6,3,3.0,False,2024-11-05,2024-11
4119,728,2025-11-17,2025-11-17 04:21:00,Hyderabad,Tier 1,UPI,Delivered,194.75,5,7.0,True,2025-11-24,2025-11
4120,812,2026-01-03,2026-01-03 11:30:00,Mumbai,Tier 1,UPI,Delivered,2420.85,2,3.0,True,2026-01-06,2026-01
4121,522,2025-12-20,2025-12-20 16:04:00,Mumbai,Tier 1,UPI,Delivered,635.0,7,7.0,False,2025-12-27,2025-12
4122,436,2026-05-20,2026-05-20 05:12:00,Delhi,Tier 1,UPI,Delivered,83991.8,3,3.0,False,2026-05-23,2026-05
4123,409,2026-02-12,2026-02-12 04:24:00,Coimbatore,Tier 2,UPI,Delivered,815.25,4,4.0,False,2026-02-16,2026-02
4124,1085,2026-06-16,2026-06-16 11:10:00,Indore,Tier 2,Credit Card,Delivered,66851.2,4,5.0,True,2026-06-21,2026-06
4125,679,2026-03-26,2026-03-26 12:14:00,Bengaluru,Tier 1,Credit Card,Delivered,556.0,3,5.0,True,2026-03-31,2026-03
4126,5,2025-05-20,2025-05-20 07:22:00,Jaipur,Tier 2,Cash on Delivery,RTO,57911.55,5,,,,2025-05
4127,574,2026-03-03,2026-03-03 04:10:00,Guwahati,Tier 3,Cash on Delivery,Delivered,8606.7,5,4.0,False,2026-03-07,2026-03
4128,155,2025-04-08,2025-04-08 11:48:00,Indore,Tier 2,Cash on Delivery,Delivered,2531.75,7,9.0,True,2025-04-17,2025-04
4129,13,2025-12-14,2025-12-14 04:23:00,Kolkata,Tier 1,Debit Card,Delivered,5244.95,5,5.0,False,2025-12-19,2025-12
4130,616,2026-05-12,2026-05-12 20:59:00,Vadodara,Tier 2,UPI,Delivered,3585.9,2,2.0,False,2026-05-14,2026-05
4131,306,2026-01-25,2026-01-25 01:07:00,Vadodara,Tier 2,UPI,Delivered,22859.9,3,3.0,False,2026-01-28,2026-01
4132,1128,2025-09-24,2025-09-24 23:40:00,Surat,Tier 2,Cash on Delivery,RTO,2260.8,2,,,,2025-09
4133,483,2026-04-16,2026-04-16 11:01:00,Lucknow,Tier 2,Net Banking,Returned,302.0,7,,,,2026-04
4134,271,2026-04-21,2026-04-21 17:01:00,Lucknow,Tier 2,Net Banking,Delivered,1067.6,4,4.0,False,2026-04-25,2026-04
4135,353,2025-03-30,2025-03-30 08:20:00,Surat,Tier 2,Debit Card,Delivered,53589.0,7,10.0,True,2025-04-09,2025-03
4136,1094,2025-06-19,2025-06-19 04:22:00,Surat,Tier 2,UPI,RTO,41775.0,4,,,,2025-06
4137,881,2026-02-14,2026-02-14 12:33:00,Patna,Tier 3,Net Banking,Delivered,602.25,7,8.0,True,2026-02-22,2026-02
4138,140,2026-03-18,2026-03-18 22:56:00,Patna,Tier 3,Credit Card,Delivered,9579.45,3,2.0,False,2026-03-20,2026-03
4139,800,2026-01-29,2026-01-29 03:21:00,Guwahati,Tier 3,UPI,Delivered,7834.0,3,4.0,True,2026-02-02,2026-01
4140,1118,2025-08-28,2025-08-28 15:04:00,Bhopal,Tier 2,Debit Card,Returned,7088.7,5,,,,2025-08
4141,198,2026-06-18,2026-06-18 03:01:00,Coimbatore,Tier 2,Debit Card,Delivered,7890.75,3,4.0,True,2026-06-22,2026-06
4142,277,2024-12-29,2024-12-29 17:54:00,Delhi,Tier 1,UPI,Delivered,2027.0,2,2.0,False,2024-12-31,2024-12
4143,1103,2026-05-31,2026-05-31 02:14:00,Hyderabad,Tier 1,Debit Card,Returned,352.8,4,,,,2026-05
4144,760,2024-12-22,2024-12-22 19:30:00,Guwahati,Tier 3,Debit Card,Delivered,3810.9,7,6.0,False,2024-12-28,2024-12
4145,663,2025-10-18,2025-10-18 18:49:00,Ahmedabad,Tier 2,UPI,RTO,4844.6,5,,,,2025-10
4146,350,2024-05-28,2024-05-28 06:56:00,Pune,Tier 1,Net Banking,Delivered,11166.45,7,6.0,False,2024-06-03,2024-05
4147,329,2026-06-13,2026-06-13 14:30:00,Bhopal,Tier 2,UPI,Returned,3426.4,7,,,,2026-06
4148,222,2026-04-06,2026-04-06 04:28:00,Delhi,Tier 1,Debit Card,Delivered,37224.0,2,1.0,False,2026-04-07,2026-04
4149,595,2024-08-09,2024-08-09 12:40:00,Kolkata,Tier 1,Cash on Delivery,Cancelled,3365.25,2,,,,2024-08
4150,572,2024-07-18,2024-07-18 16:13:00,Hyderabad,Tier 1,UPI,Delivered,2196.8,7,6.0,False,2024-07-24,2024-07
4151,135,2026-01-14,2026-01-14 03:00:00,Bhopal,Tier 2,Cash on Delivery,Delivered,4154.0,2,2.0,False,2026-01-16,2026-01
4152,684,2024-02-04,2024-02-04 04:48:00,Coimbatore,Tier 2,UPI,Delivered,531.05,7,6.0,False,2024-02-10,2024-02
4153,379,2026-04-13,2026-04-13 03:54:00,Surat,Tier 2,UPI,RTO,3787.75,2,,,,2026-04
4154,672,2026-06-10,2026-06-10 14:27:00,Bengaluru,Tier 1,Credit Card,Cancelled,1769.0,4,,,,2026-06
4155,320,2026-04-19,2026-04-19 09:05:00,Ahmedabad,Tier 2,Net Banking,Delivered,5561.05,2,4.0,True,2026-04-23,2026-04
4156,184,2025-12-23,2025-12-23 04:58:00,Hyderabad,Tier 1,Cash on Delivery,Cancelled,28580.8,5,,,,2025-12
4157,194,2025-04-23,2025-04-23 03:04:00,Pune,Tier 1,UPI,Delivered,40876.8,4,5.0,True,2025-04-28,2025-04
4158,772,2024-11-28,2024-11-28 05:45:00,Indore,Tier 2,Cash on Delivery,Delivered,564.0,4,5.0,True,2024-12-03,2024-11
4159,649,2026-06-05,2026-06-05 16:03:00,Chennai,Tier 1,Debit Card,Delivered,4508.85,3,5.0,True,2026-06-10,2026-06
4160,328,2026-01-09,2026-01-09 07:23:00,Indore,Tier 2,UPI,Delivered,3722.55,2,2.0,False,2026-01-11,2026-01
4161,22,2024-09-28,2024-09-28 00:09:00,Mumbai,Tier 1,UPI,Delivered,4132.0,7,9.0,True,2024-10-07,2024-09
4162,1104,2026-05-23,2026-05-23 13:53:00,Bhopal,Tier 2,Net Banking,RTO,680.0,3,,,,2026-05
4163,1153,2026-04-13,2026-04-13 23:31:00,Vadodara,Tier 2,UPI,Delivered,5071.3,2,4.0,True,2026-04-17,2026-04
4164,1144,2025-08-21,2025-08-21 12:55:00,Hyderabad,Tier 1,Net Banking,Delivered,4344.0,3,5.0,True,2025-08-26,2025-08
4165,994,2025-09-22,2025-09-22 19:38:00,Coimbatore,Tier 2,Cash on Delivery,Delivered,3531.7,4,5.0,True,2025-09-27,2025-09
4166,365,2026-02-19,2026-02-19 10:40:00,Mumbai,Tier 1,Cash on Delivery,Delivered,96326.2,3,6.0,True,2026-02-25,2026-02
4167,135,2025-08-30,2025-08-30 11:12:00,Bhopal,Tier 2,UPI,Delivered,37224.0,7,10.0,True,2025-09-09,2025-08
4168,1089,2025-12-31,2025-12-31 04:59:00,Kanpur,Tier 2,UPI,RTO,2810.95,4,,,,2025-12
4169,321,2026-03-03,2026-03-03 23:34:00,Mumbai,Tier 1,UPI,Returned,31289.4,5,,,,2026-03
4170,746,2026-06-01,2026-06-01 09:21:00,Mumbai,Tier 1,UPI,Returned,1958.0,2,,,,2026-06
4171,898,2025-12-07,2025-12-07 20:06:00,Guwahati,Tier 3,UPI,Delivered,80841.6,4,4.0,False,2025-12-11,2025-12
4172,554,2026-05-15,2026-05-15 06:08:00,Bengaluru,Tier 1,UPI,Delivered,6815.85,4,7.0,True,2026-05-22,2026-05
4173,360,2026-05-21,2026-05-21 11:19:00,Bengaluru,Tier 1,Cash on Delivery,Cancelled,33939.7,7,,,,2026-05
4174,1024,2026-04-08,2026-04-08 00:07:00,Patna,Tier 3,UPI,Delivered,6438.0,4,7.0,True,2026-04-15,2026-04
4175,227,2026-02-11,2026-02-11 00:06:00,Chennai,Tier 1,Cash on Delivery,Delivered,1386.0,5,5.0,False,2026-02-16,2026-02
4176,1105,2026-03-14,2026-03-14 02:22:00,Lucknow,Tier 2,Debit Card,Delivered,344.25,7,10.0,True,2026-03-24,2026-03
4177,116,2026-06-26,2026-06-26 12:21:00,Surat,Tier 2,Credit Card,Delivered,2052.0,4,3.0,False,2026-06-29,2026-06
4178,288,2026-02-18,2026-02-18 14:52:00,Coimbatore,Tier 2,Debit Card,RTO,1744.95,2,,,,2026-02
4179,922,2024-04-14,2024-04-14 20:37:00,Pune,Tier 1,UPI,Delivered,3275.25,3,3.0,False,2024-04-17,2024-04
4180,569,2026-05-22,2026-05-22 21:24:00,Mumbai,Tier 1,UPI,Delivered,447.2,3,2.0,False,2026-05-24,2026-05
4181,489,2026-05-18,2026-05-18 05:24:00,Surat,Tier 2,Cash on Delivery,Delivered,8174.75,2,1.0,False,2026-05-19,2026-05
4182,1070,2026-06-19,2026-06-19 10:14:00,Bengaluru,Tier 1,Credit Card,Cancelled,28601.5,5,,,,2026-06
4183,250,2026-06-06,2026-06-06 04:37:00,Ahmedabad,Tier 2,UPI,Delivered,815.4,5,5.0,False,2026-06-11,2026-06
4184,1198,2025-07-02,2025-07-02 06:32:00,Bengaluru,Tier 1,UPI,RTO,6808.4,7,,,,2025-07
4185,422,2025-10-27,2025-10-27 09:55:00,Surat,Tier 2,UPI,Delivered,1670.1,7,8.0,True,2025-11-04,2025-10
4186,404,2026-03-29,2026-03-29 10:08:00,Chennai,Tier 1,Cash on Delivery,Delivered,5977.8,4,7.0,True,2026-04-05,2026-03
4187,632,2026-06-21,2026-06-21 17:37:00,Kolkata,Tier 1,UPI,Delivered,42376.6,3,3.0,False,2026-06-24,2026-06
4188,825,2026-02-20,2026-02-20 00:07:00,Bengaluru,Tier 1,Debit Card,Delivered,1090.75,4,5.0,True,2026-02-25,2026-02
4189,774,2025-07-04,2025-07-04 18:47:00,Ghaziabad,Tier 3,UPI,Returned,2192.8,5,,,,2025-07
4190,402,2024-09-07,2024-09-07 23:27:00,Surat,Tier 2,UPI,Cancelled,75389.8,2,,,,2024-09
4191,807,2026-04-23,2026-04-23 21:40:00,Hyderabad,Tier 1,Debit Card,Delivered,8364.3,4,6.0,True,2026-04-29,2026-04
4192,933,2026-06-06,2026-06-06 06:29:00,Pune,Tier 1,Debit Card,Delivered,3372.8,3,4.0,True,2026-06-10,2026-06
4193,518,2026-04-24,2026-04-24 16:46:00,Coimbatore,Tier 2,Net Banking,Delivered,2595.0,2,5.0,True,2026-04-29,2026-04
4194,632,2025-11-15,2025-11-15 03:31:00,Kolkata,Tier 1,Debit Card,Delivered,40207.0,4,4.0,False,2025-11-19,2025-11
4195,485,2024-06-14,2024-06-14 10:05:00,Patna,Tier 3,Credit Card,Delivered,2976.0,7,10.0,True,2024-06-24,2024-06
4196,1125,2025-11-13,2025-11-13 14:59:00,Ahmedabad,Tier 2,UPI,Delivered,101994.1,7,7.0,False,2025-11-20,2025-11
4197,490,2026-03-05,2026-03-05 13:10:00,Vadodara,Tier 2,Cash on Delivery,RTO,612.0,3,,,,2026-03
4198,1146,2026-03-25,2026-03-25 06:54:00,Ahmedabad,Tier 2,Credit Card,Delivered,1718.0,7,10.0,True,2026-04-04,2026-03
4199,1023,2026-02-03,2026-02-03 09:09:00,Indore,Tier 2,Debit Card,Returned,1416.45,5,,,,2026-02
4200,932,2026-06-03,2026-06-03 14:50:00,Ahmedabad,Tier 2,UPI,Delivered,4215.1,5,5.0,False,2026-06-08,2026-06
4201,315,2026-03-08,2026-03-08 23:34:00,Bhopal,Tier 2,Cash on Delivery,Delivered,6976.2,4,4.0,False,2026-03-12,2026-03
4202,907,2025-07-04,2025-07-04 03:49:00,Nagpur,Tier 2,UPI,Delivered,3534.3,4,3.0,False,2025-07-07,2025-07
4203,550,2025-11-08,2025-11-08 12:47:00,Chennai,Tier 1,UPI,Delivered,3039.0,3,5.0,True,2025-11-13,2025-11
4204,116,2026-02-25,2026-02-25 05:14:00,Surat,Tier 2,UPI,Returned,304.0,3,,,,2026-02
4205,231,2026-06-06,2026-06-06 21:05:00,Surat,Tier 2,Net Banking,Delivered,2741.0,5,5.0,False,2026-06-11,2026-06
4206,767,2026-06-23,2026-06-23 14:05:00,Coimbatore,Tier 2,Debit Card,Returned,33501.6,4,,,,2026-06
4207,541,2026-01-22,2026-01-22 00:00:00,Pune,Tier 1,Debit Card,Delivered,1954.5,4,4.0,False,2026-01-26,2026-01
4208,848,2026-05-18,2026-05-18 09:57:00,Lucknow,Tier 2,Cash on Delivery,Delivered,3849.0,5,5.0,False,2026-05-23,2026-05
4209,569,2026-06-03,2026-06-03 05:56:00,Mumbai,Tier 1,UPI,Delivered,38222.15,5,6.0,True,2026-06-09,2026-06
4210,532,2026-02-24,2026-02-24 22:32:00,Jaipur,Tier 2,UPI,Delivered,28689.0,4,3.0,False,2026-02-27,2026-02
4211,738,2026-04-08,2026-04-08 23:24:00,Delhi,Tier 1,Credit Card,Delivered,6280.2,2,1.0,False,2026-04-09,2026-04
4212,757,2026-03-07,2026-03-07 16:39:00,Coimbatore,Tier 2,UPI,Delivered,3778.7,4,4.0,False,2026-03-11,2026-03
4213,155,2024-12-29,2024-12-29 21:17:00,Indore,Tier 2,Debit Card,Delivered,3776.95,2,1.0,False,2024-12-30,2024-12
4214,1122,2025-12-10,2025-12-10 02:35:00,Bhopal,Tier 2,Debit Card,Returned,4515.0,5,,,,2025-12
4215,109,2025-11-30,2025-11-30 06:33:00,Chennai,Tier 1,UPI,Delivered,5521.0,5,5.0,False,2025-12-05,2025-11
4216,115,2026-01-20,2026-01-20 03:32:00,Indore,Tier 2,Credit Card,Cancelled,8566.0,7,,,,2026-01
4217,700,2026-04-21,2026-04-21 15:56:00,Pune,Tier 1,UPI,Cancelled,5521.0,5,,,,2026-04
4218,277,2025-10-20,2025-10-20 14:26:00,Delhi,Tier 1,UPI,RTO,1106.4,5,,,,2025-10
4219,474,2025-12-31,2025-12-31 10:47:00,Patna,Tier 3,UPI,Delivered,768.0,4,4.0,False,2026-01-04,2025-12
4220,500,2026-05-26,2026-05-26 19:14:00,Bengaluru,Tier 1,Credit Card,Delivered,7768.8,5,8.0,True,2026-06-03,2026-05
4221,199,2025-06-21,2025-06-21 02:13:00,Mumbai,Tier 1,Cash on Delivery,Delivered,5409.0,3,4.0,True,2025-06-25,2025-06
4222,907,2025-04-25,2025-04-25 22:50:00,Nagpur,Tier 2,Credit Card,RTO,15956.15,2,,,,2025-04
4223,1103,2026-06-09,2026-06-09 04:20:00,Hyderabad,Tier 1,Net Banking,Delivered,2174.0,5,5.0,False,2026-06-14,2026-06
4224,108,2025-09-14,2025-09-14 03:29:00,Hyderabad,Tier 1,Credit Card,Delivered,955.05,3,4.0,True,2025-09-18,2025-09
4225,582,2024-06-09,2024-06-09 07:50:00,Indore,Tier 2,UPI,Delivered,153.75,4,6.0,True,2024-06-15,2024-06
4226,447,2026-02-17,2026-02-17 16:28:00,Kanpur,Tier 2,Credit Card,Delivered,2597.05,7,7.0,False,2026-02-24,2026-02
4227,197,2026-02-27,2026-02-27 16:54:00,Nagpur,Tier 2,UPI,Delivered,6754.1,2,3.0,True,2026-03-02,2026-02
4228,1186,2026-03-04,2026-03-04 06:49:00,Jaipur,Tier 2,UPI,Delivered,4542.4,4,3.0,False,2026-03-07,2026-03
4229,29,2026-04-23,2026-04-23 22:42:00,Pune,Tier 1,UPI,Delivered,2151.2,3,6.0,True,2026-04-29,2026-04
4230,56,2026-05-05,2026-05-05 09:30:00,Indore,Tier 2,UPI,Delivered,1925.65,7,7.0,False,2026-05-12,2026-05
4231,422,2025-09-06,2025-09-06 02:01:00,Surat,Tier 2,UPI,Delivered,619.5,5,7.0,True,2025-09-13,2025-09
4232,532,2026-01-30,2026-01-30 13:48:00,Jaipur,Tier 2,Cash on Delivery,Delivered,1755.7,7,7.0,False,2026-02-06,2026-01
4233,1084,2025-12-24,2025-12-24 12:28:00,Kolkata,Tier 1,Credit Card,Returned,86678.0,7,,,,2025-12
4234,1016,2024-11-22,2024-11-22 06:37:00,Coimbatore,Tier 2,Cash on Delivery,Delivered,3353.0,2,2.0,False,2024-11-24,2024-11
4235,1019,2026-06-25,2026-06-25 08:02:00,Indore,Tier 2,Debit Card,Cancelled,5482.0,5,,,,2026-06
4236,1147,2025-02-13,2025-02-13 15:12:00,Lucknow,Tier 2,Debit Card,Returned,1905.0,3,,,,2025-02
4237,193,2024-07-13,2024-07-13 21:00:00,Indore,Tier 2,UPI,Delivered,521.05,2,3.0,True,2024-07-16,2024-07
4238,1186,2026-04-26,2026-04-26 16:50:00,Jaipur,Tier 2,Credit Card,Delivered,36100.1,5,8.0,True,2026-05-04,2026-04
4239,721,2025-06-07,2025-06-07 03:18:00,Surat,Tier 2,UPI,Cancelled,74786.8,3,,,,2025-06
4240,633,2026-06-24,2026-06-24 22:36:00,Ahmedabad,Tier 2,UPI,Delivered,402.8,3,6.0,True,2026-06-30,2026-06
4241,550,2026-05-04,2026-05-04 12:25:00,Chennai,Tier 1,Cash on Delivery,Delivered,34334.1,3,2.0,False,2026-05-06,2026-05
4242,472,2024-03-28,2024-03-28 07:11:00,Mumbai,Tier 1,Cash on Delivery,Delivered,4158.0,4,4.0,False,2024-04-01,2024-03
4243,12,2025-05-16,2025-05-16 03:06:00,Delhi,Tier 1,Net Banking,Delivered,1621.6,4,4.0,False,2025-05-20,2025-05
4244,18,2026-04-05,2026-04-05 06:21:00,Vadodara,Tier 2,Cash on Delivery,Delivered,614.4,2,2.0,False,2026-04-07,2026-04
4245,421,2026-02-10,2026-02-10 20:48:00,Vadodara,Tier 2,UPI,Cancelled,5405.9,7,,,,2026-02
4246,17,2026-05-04,2026-05-04 01:19:00,Nagpur,Tier 2,UPI,RTO,457.5,5,,,,2026-05
4247,386,2025-11-21,2025-11-21 04:44:00,Pune,Tier 1,Credit Card,RTO,1769.0,3,,,,2025-11
4248,407,2026-03-23,2026-03-23 09:40:00,Indore,Tier 2,UPI,Delivered,35362.8,2,3.0,True,2026-03-26,2026-03
4249,1084,2025-12-16,2025-12-16 21:58:00,Kolkata,Tier 1,Debit Card,Delivered,3386.85,3,2.0,False,2025-12-18,2025-12
4250,154,2024-03-07,2024-03-07 16:49:00,Bhopal,Tier 2,Credit Card,Delivered,3307.0,3,4.0,True,2024-03-11,2024-03
4251,198,2025-05-07,2025-05-07 21:28:00,Coimbatore,Tier 2,UPI,Delivered,1898.1,3,3.0,False,2025-05-10,2025-05
4252,1080,2025-02-16,2025-02-16 09:52:00,Bhopal,Tier 2,UPI,Returned,4033.5,2,,,,2025-02
4253,476,2026-04-11,2026-04-11 16:36:00,Patna,Tier 3,Cash on Delivery,Delivered,1152.0,5,6.0,True,2026-04-17,2026-04
4254,1197,2026-06-25,2026-06-25 04:41:00,Coimbatore,Tier 2,UPI,Cancelled,541.0,5,,,,2026-06
4255,574,2024-10-29,2024-10-29 17:49:00,Guwahati,Tier 3,UPI,Delivered,3212.25,4,3.0,False,2024-11-01,2024-10
4256,999,2026-02-05,2026-02-05 15:43:00,Coimbatore,Tier 2,Credit Card,Cancelled,2839.0,4,,,,2026-02
4257,1174,2025-10-31,2025-10-31 12:52:00,Kanpur,Tier 2,Debit Card,Delivered,31640.4,2,4.0,True,2025-11-04,2025-10
4258,255,2025-09-12,2025-09-12 05:30:00,Bhopal,Tier 2,UPI,Delivered,12739.8,7,9.0,True,2025-09-21,2025-09
4259,63,2026-05-18,2026-05-18 16:27:00,Indore,Tier 2,Cash on Delivery,Delivered,35205.55,2,2.0,False,2026-05-20,2026-05
4260,440,2026-03-27,2026-03-27 18:37:00,Delhi,Tier 1,Cash on Delivery,Cancelled,1620.0,2,,,,2026-03
4261,170,2024-05-14,2024-05-14 04:10:00,Ahmedabad,Tier 2,Credit Card,Returned,72616.8,3,,,,2024-05
4262,1151,2025-02-15,2025-02-15 22:00:00,Lucknow,Tier 2,Debit Card,Delivered,898.0,5,6.0,True,2025-02-21,2025-02
4263,603,2025-10-02,2025-10-02 10:53:00,Jaipur,Tier 2,UPI,Cancelled,975.3,7,,,,2025-10
4264,1051,2026-04-23,2026-04-23 15:44:00,Vadodara,Tier 2,Debit Card,Delivered,783.75,7,7.0,False,2026-04-30,2026-04
4265,199,2025-05-17,2025-05-17 12:35:00,Mumbai,Tier 1,Credit Card,Delivered,153.75,4,5.0,True,2025-05-22,2025-05
4266,954,2026-01-16,2026-01-16 17:23:00,Surat,Tier 2,UPI,Delivered,3553.6,4,6.0,True,2026-01-22,2026-01
4267,509,2025-03-24,2025-03-24 06:01:00,Delhi,Tier 1,UPI,Delivered,2803.5,4,3.0,False,2025-03-27,2025-03
4268,845,2025-04-19,2025-04-19 02:08:00,Ahmedabad,Tier 2,Credit Card,Delivered,2413.15,2,3.0,True,2025-04-22,2025-04
4269,198,2026-05-18,2026-05-18 10:23:00,Coimbatore,Tier 2,Debit Card,RTO,2822.0,5,,,,2026-05
4270,970,2026-05-31,2026-05-31 05:09:00,Pune,Tier 1,UPI,Returned,1197.0,7,,,,2026-05
4271,801,2024-07-16,2024-07-16 15:04:00,Patna,Tier 3,UPI,Delivered,447.2,4,4.0,False,2024-07-20,2024-07
4272,1012,2026-06-11,2026-06-11 14:41:00,Delhi,Tier 1,UPI,Cancelled,3009.1,7,,,,2026-06
4273,1061,2025-08-02,2025-08-02 07:32:00,Indore,Tier 2,Debit Card,Delivered,3693.6,7,9.0,True,2025-08-11,2025-08
4274,391,2026-05-03,2026-05-03 18:50:00,Kanpur,Tier 2,UPI,Delivered,1154.25,7,9.0,True,2026-05-12,2026-05
4275,867,2026-06-26,2026-06-26 17:06:00,Patna,Tier 3,UPI,Delivered,1263.7,5,8.0,True,2026-07-04,2026-06
4276,1089,2026-01-09,2026-01-09 23:40:00,Kanpur,Tier 2,UPI,Delivered,4476.4,7,9.0,True,2026-01-18,2026-01
4277,1179,2025-08-23,2025-08-23 21:12:00,Mumbai,Tier 1,Cash on Delivery,Delivered,3386.4,2,4.0,True,2025-08-27,2025-08
4278,1141,2026-04-26,2026-04-26 04:46:00,Kanpur,Tier 2,UPI,Delivered,42979.0,5,8.0,True,2026-05-04,2026-04
4279,1083,2026-06-09,2026-06-09 23:28:00,Kolkata,Tier 1,Credit Card,RTO,437.95,7,,,,2026-06
4280,208,2026-05-20,2026-05-20 02:34:00,Delhi,Tier 1,Cash on Delivery,Delivered,153.75,4,6.0,True,2026-05-26,2026-05
4281,475,2026-03-05,2026-03-05 18:57:00,Chennai,Tier 1,UPI,Cancelled,226.5,4,,,,2026-03
4282,799,2024-08-20,2024-08-20 21:27:00,Ahmedabad,Tier 2,Cash on Delivery,Delivered,33027.7,3,3.0,False,2024-08-23,2024-08
4283,35,2025-01-16,2025-01-16 17:44:00,Mumbai,Tier 1,Credit Card,Delivered,486.9,7,7.0,False,2025-01-23,2025-01
4284,979,2026-05-14,2026-05-14 17:52:00,Patna,Tier 3,Net Banking,Delivered,2466.9,2,4.0,True,2026-05-18,2026-05
4285,1181,2024-09-19,2024-09-19 11:30:00,Ghaziabad,Tier 3,UPI,Delivered,19019.6,5,5.0,False,2024-09-24,2024-09
4286,442,2025-12-24,2025-12-24 21:44:00,Bengaluru,Tier 1,UPI,Delivered,2420.1,3,4.0,True,2025-12-28,2025-12
4287,619,2026-04-19,2026-04-19 00:01:00,Jaipur,Tier 2,Debit Card,Cancelled,29151.6,4,,,,2026-04
4288,992,2026-01-24,2026-01-24 10:44:00,Jaipur,Tier 2,Cash on Delivery,Delivered,635.0,4,7.0,True,2026-01-31,2026-01
4289,102,2026-05-20,2026-05-20 07:22:00,Surat,Tier 2,Debit Card,RTO,337.5,4,,,,2026-05
4290,746,2026-04-04,2026-04-04 12:53:00,Mumbai,Tier 1,Debit Card,Delivered,318.0,5,8.0,True,2026-04-12,2026-04
4291,486,2025-12-23,2025-12-23 04:09:00,Ghaziabad,Tier 3,UPI,Delivered,3939.2,2,3.0,True,2025-12-26,2025-12
4292,526,2025-12-06,2025-12-06 07:02:00,Ghaziabad,Tier 3,UPI,Delivered,38175.2,2,5.0,True,2025-12-11,2025-12
4293,812,2025-09-04,2025-09-04 19:30:00,Mumbai,Tier 1,Cash on Delivery,RTO,680.0,4,,,,2025-09
4294,1012,2026-04-05,2026-04-05 08:22:00,Delhi,Tier 1,Cash on Delivery,Delivered,40516.0,2,4.0,True,2026-04-09,2026-04
4295,482,2026-06-18,2026-06-18 02:09:00,Coimbatore,Tier 2,Cash on Delivery,RTO,995.0,2,,,,2026-06
4296,839,2025-01-07,2025-01-07 12:39:00,Mumbai,Tier 1,Cash on Delivery,RTO,48778.1,7,,,,2025-01
4297,987,2026-02-28,2026-02-28 18:57:00,Ahmedabad,Tier 2,UPI,Returned,719.1,4,,,,2026-02
4298,1087,2026-02-16,2026-02-16 10:11:00,Ahmedabad,Tier 2,UPI,Delivered,37597.5,4,4.0,False,2026-02-20,2026-02
4299,385,2026-04-13,2026-04-13 19:51:00,Delhi,Tier 1,Credit Card,RTO,1787.25,5,,,,2026-04
4300,659,2025-11-06,2025-11-06 19:12:00,Guwahati,Tier 3,Cash on Delivery,Delivered,783.2,7,8.0,True,2025-11-14,2025-11
4301,2,2025-11-21,2025-11-21 01:30:00,Vadodara,Tier 2,UPI,Delivered,77841.4,5,5.0,False,2025-11-26,2025-11
4302,523,2025-12-29,2025-12-29 03:41:00,Ahmedabad,Tier 2,Net Banking,Delivered,3850.0,7,7.0,False,2026-01-05,2025-12
4303,1199,2025-10-19,2025-10-19 14:52:00,Kolkata,Tier 1,Cash on Delivery,Delivered,3466.9,2,3.0,True,2025-10-22,2025-10
4304,1030,2025-02-26,2025-02-26 04:34:00,Mumbai,Tier 1,Cash on Delivery,Delivered,4964.85,2,2.0,False,2025-02-28,2025-02
4305,266,2026-06-07,2026-06-07 09:03:00,Chennai,Tier 1,UPI,Delivered,22663.2,2,2.0,False,2026-06-09,2026-06
4306,177,2026-01-26,2026-01-26 18:06:00,Vadodara,Tier 2,Debit Card,Delivered,3272.5,7,9.0,True,2026-02-04,2026-01
4307,465,2025-05-16,2025-05-16 08:39:00,Hyderabad,Tier 1,UPI,Delivered,5370.9,5,5.0,False,2025-05-21,2025-05
4308,566,2026-05-27,2026-05-27 05:57:00,Bengaluru,Tier 1,Debit Card,Delivered,3866.85,2,3.0,True,2026-05-30,2026-05
4309,1006,2025-12-20,2025-12-20 12:09:00,Ahmedabad,Tier 2,UPI,Delivered,12232.95,7,8.0,True,2025-12-28,2025-12
4310,155,2025-04-02,2025-04-02 20:25:00,Indore,Tier 2,UPI,Delivered,74312.65,5,7.0,True,2025-04-09,2025-04
4311,299,2025-10-20,2025-10-20 11:01:00,Hyderabad,Tier 1,Debit Card,Delivered,23390.0,5,5.0,False,2025-10-25,2025-10
4312,1018,2026-02-25,2026-02-25 03:59:00,Coimbatore,Tier 2,UPI,Cancelled,302.0,3,,,,2026-02
4313,921,2025-07-03,2025-07-03 04:05:00,Hyderabad,Tier 1,Net Banking,Returned,6148.8,7,,,,2025-07
4314,212,2025-08-21,2025-08-21 00:08:00,Ghaziabad,Tier 3,Credit Card,Delivered,68394.95,3,3.0,False,2025-08-24,2025-08
4315,744,2025-03-10,2025-03-10 02:52:00,Kanpur,Tier 2,Credit Card,Returned,4996.0,3,,,,2025-03
4316,1131,2026-02-27,2026-02-27 14:12:00,Delhi,Tier 1,Cash on Delivery,Returned,4068.85,2,,,,2026-02
4317,93,2026-06-24,2026-06-24 07:06:00,Delhi,Tier 1,UPI,Delivered,541.0,3,4.0,True,2026-06-28,2026-06
4318,676,2025-12-20,2025-12-20 06:51:00,Guwahati,Tier 3,Debit Card,Delivered,541.0,4,6.0,True,2025-12-26,2025-12
4319,888,2025-02-15,2025-02-15 12:57:00,Patna,Tier 3,UPI,Delivered,3555.85,2,1.0,False,2025-02-16,2025-02
4320,861,2026-01-23,2026-01-23 17:36:00,Lucknow,Tier 2,UPI,Returned,81474.55,2,,,,2026-01
4321,447,2025-03-26,2025-03-26 08:14:00,Kanpur,Tier 2,Credit Card,Returned,10065.7,7,,,,2025-03
4322,681,2026-01-11,2026-01-11 01:30:00,Chennai,Tier 1,Debit Card,Delivered,8258.0,4,5.0,True,2026-01-16,2026-01
4323,809,2026-01-18,2026-01-18 13:05:00,Nagpur,Tier 2,Debit Card,Cancelled,635.0,2,,,,2026-01
4324,1181,2024-01-23,2024-01-23 13:58:00,Ghaziabad,Tier 3,UPI,Delivered,3612.0,7,8.0,True,2024-01-31,2024-01
4325,829,2026-01-06,2026-01-06 10:42:00,Ghaziabad,Tier 3,UPI,Delivered,3558.65,7,8.0,True,2026-01-14,2026-01
4326,315,2026-02-15,2026-02-15 05:42:00,Bhopal,Tier 2,UPI,Delivered,62161.8,3,5.0,True,2026-02-20,2026-02
4327,1007,2025-06-01,2025-06-01 08:32:00,Bhopal,Tier 2,Debit Card,Delivered,2839.0,4,6.0,True,2025-06-07,2025-06
4328,462,2025-08-22,2025-08-22 17:33:00,Hyderabad,Tier 1,UPI,Delivered,5135.25,3,3.0,False,2025-08-25,2025-08
4329,1085,2026-06-14,2026-06-14 11:05:00,Indore,Tier 2,UPI,Returned,5301.6,5,,,,2026-06
4330,971,2025-09-01,2025-09-01 05:31:00,Patna,Tier 3,UPI,Delivered,41172.05,5,5.0,False,2025-09-06,2025-09
4331,525,2026-06-24,2026-06-24 05:14:00,Ghaziabad,Tier 3,Debit Card,RTO,3706.4,7,,,,2026-06
4332,18,2026-03-20,2026-03-20 05:22:00,Vadodara,Tier 2,Credit Card,Delivered,4566.0,3,4.0,True,2026-03-24,2026-03
4333,454,2026-05-17,2026-05-17 21:43:00,Ghaziabad,Tier 3,UPI,Delivered,738.9,2,5.0,True,2026-05-22,2026-05
4334,811,2026-01-31,2026-01-31 19:30:00,Coimbatore,Tier 2,Credit Card,Delivered,3711.95,5,6.0,True,2026-02-06,2026-01
4335,427,2025-10-29,2025-10-29 15:37:00,Mumbai,Tier 1,Net Banking,Cancelled,821.75,4,,,,2025-10
4336,1008,2026-02-13,2026-02-13 04:21:00,Surat,Tier 2,UPI,Delivered,1909.95,4,4.0,False,2026-02-17,2026-02
4337,911,2026-01-21,2026-01-21 21:08:00,Patna,Tier 3,UPI,Delivered,8887.7,2,5.0,True,2026-01-26,2026-01
4338,456,2024-02-27,2024-02-27 20:42:00,Bhopal,Tier 2,UPI,Delivered,36771.05,3,2.0,False,2024-02-29,2024-02
4339,199,2025-03-06,2025-03-06 11:24:00,Mumbai,Tier 1,UPI,Cancelled,3080.0,4,,,,2025-03
4340,467,2024-08-27,2024-08-27 11:56:00,Bengaluru,Tier 1,UPI,Delivered,62578.8,2,2.0,False,2024-08-29,2024-08
4341,70,2025-08-12,2025-08-12 08:04:00,Pune,Tier 1,Credit Card,Returned,4140.75,2,,,,2025-08
4342,175,2026-02-22,2026-02-22 11:30:00,Delhi,Tier 1,UPI,Returned,38652.15,7,,,,2026-02
4343,325,2026-03-10,2026-03-10 06:24:00,Chennai,Tier 1,UPI,Delivered,111058.4,7,8.0,True,2026-03-18,2026-03
4344,316,2026-04-21,2026-04-21 16:33:00,Kolkata,Tier 1,UPI,Delivered,2129.25,3,3.0,False,2026-04-24,2026-04
4345,662,2026-06-10,2026-06-10 00:52:00,Patna,Tier 3,Debit Card,Cancelled,997.2,5,,,,2026-06
4346,736,2026-01-22,2026-01-22 08:21:00,Delhi,Tier 1,UPI,Delivered,1583.0,7,6.0,False,2026-01-28,2026-01
4347,122,2025-07-18,2025-07-18 02:53:00,Coimbatore,Tier 2,Credit Card,Delivered,764.25,5,5.0,False,2025-07-23,2025-07
4348,396,2026-03-01,2026-03-01 14:11:00,Mumbai,Tier 1,UPI,Delivered,68877.2,2,3.0,True,2026-03-04,2026-03
4349,1179,2025-11-22,2025-11-22 04:58:00,Mumbai,Tier 1,UPI,Returned,3571.2,5,,,,2025-11
4350,438,2026-06-07,2026-06-07 11:13:00,Nagpur,Tier 2,Cash on Delivery,Delivered,348.5,4,4.0,False,2026-06-11,2026-06
4351,956,2026-01-03,2026-01-03 11:55:00,Ahmedabad,Tier 2,Cash on Delivery,Delivered,11547.8,3,4.0,True,2026-01-07,2026-01
4352,1004,2026-06-26,2026-06-26 18:27:00,Vadodara,Tier 2,UPI,Delivered,37837.0,2,5.0,True,2026-07-01,2026-06
4353,560,2026-01-21,2026-01-21 14:16:00,Kolkata,Tier 1,Debit Card,Delivered,539.6,2,4.0,True,2026-01-25,2026-01
4354,1089,2026-02-07,2026-02-07 02:50:00,Kanpur,Tier 2,Debit Card,Delivered,6215.3,4,5.0,True,2026-02-12,2026-02
4355,519,2025-07-23,2025-07-23 13:02:00,Jaipur,Tier 2,UPI,Delivered,798.0,3,3.0,False,2025-07-26,2025-07
4356,490,2026-04-23,2026-04-23 08:13:00,Vadodara,Tier 2,Cash on Delivery,Delivered,2782.15,4,4.0,False,2026-04-27,2026-04
4357,127,2025-05-17,2025-05-17 10:04:00,Bhopal,Tier 2,Credit Card,Returned,4549.8,4,,,,2025-05
4358,204,2024-11-02,2024-11-02 05:32:00,Jaipur,Tier 2,Net Banking,RTO,110591.5,7,,,,2024-11
4359,28,2025-03-02,2025-03-02 13:31:00,Delhi,Tier 1,Credit Card,Delivered,2866.0,3,3.0,False,2025-03-05,2025-03
4360,963,2026-05-06,2026-05-06 02:15:00,Ghaziabad,Tier 3,Debit Card,Delivered,7079.3,3,3.0,False,2026-05-09,2026-05
4361,744,2025-10-01,2025-10-01 09:47:00,Kanpur,Tier 2,UPI,Delivered,1155.6,4,4.0,False,2025-10-05,2025-10
4362,316,2026-06-07,2026-06-07 16:12:00,Kolkata,Tier 1,Debit Card,Delivered,20138.4,3,2.0,False,2026-06-09,2026-06
4363,514,2026-05-08,2026-05-08 06:21:00,Bengaluru,Tier 1,UPI,Returned,4566.5,3,,,,2026-05
4364,687,2025-10-17,2025-10-17 12:26:00,Lucknow,Tier 2,Cash on Delivery,Delivered,559.0,4,7.0,True,2025-10-24,2025-10
4365,51,2026-01-18,2026-01-18 11:30:00,Vadodara,Tier 2,UPI,RTO,4073.85,2,,,,2026-01
4366,1115,2025-06-04,2025-06-04 05:56:00,Ghaziabad,Tier 3,Debit Card,Delivered,351.05,2,2.0,False,2025-06-06,2025-06
4367,472,2024-06-13,2024-06-13 13:38:00,Mumbai,Tier 1,UPI,Delivered,738.9,2,3.0,True,2024-06-16,2024-06
4368,1102,2024-06-04,2024-06-04 05:26:00,Lucknow,Tier 2,Debit Card,Delivered,9963.0,2,3.0,True,2024-06-07,2024-06
4369,753,2025-09-06,2025-09-06 10:12:00,Bengaluru,Tier 1,UPI,Delivered,67407.2,5,8.0,True,2025-09-14,2025-09
4370,1015,2026-04-25,2026-04-25 17:32:00,Jaipur,Tier 2,Net Banking,Delivered,33437.05,3,3.0,False,2026-04-28,2026-04
4371,966,2026-03-13,2026-03-13 06:21:00,Bengaluru,Tier 1,Net Banking,Delivered,2255.3,3,5.0,True,2026-03-18,2026-03
4372,1013,2026-06-05,2026-06-05 23:36:00,Jaipur,Tier 2,UPI,RTO,3304.8,5,,,,2026-06
4373,367,2026-01-21,2026-01-21 18:29:00,Pune,Tier 1,UPI,Delivered,42592.4,5,8.0,True,2026-01-29,2026-01
4374,933,2025-09-17,2025-09-17 20:49:00,Pune,Tier 1,Debit Card,Delivered,39692.9,4,6.0,True,2025-09-23,2025-09
4375,944,2025-09-02,2025-09-02 00:43:00,Guwahati,Tier 3,UPI,Cancelled,46817.4,7,,,,2025-09
4376,56,2026-05-18,2026-05-18 00:30:00,Indore,Tier 2,Credit Card,Returned,544.0,7,,,,2026-05
4377,1089,2026-06-28,2026-06-28 06:42:00,Kanpur,Tier 2,Cash on Delivery,Delivered,4762.45,3,3.0,False,2026-07-01,2026-06
4378,772,2025-01-16,2025-01-16 19:44:00,Indore,Tier 2,UPI,Returned,2413.15,2,,,,2025-01
4379,999,2025-06-07,2025-06-07 10:33:00,Coimbatore,Tier 2,UPI,RTO,5952.0,3,,,,2025-06
4380,1023,2025-06-18,2025-06-18 06:12:00,Indore,Tier 2,Cash on Delivery,Delivered,339.2,5,7.0,True,2025-06-25,2025-06
4381,982,2025-10-17,2025-10-17 13:51:00,Delhi,Tier 1,UPI,Delivered,2134.65,2,2.0,False,2025-10-19,2025-10
4382,806,2026-04-03,2026-04-03 05:58:00,Nagpur,Tier 2,UPI,Delivered,41507.8,5,5.0,False,2026-04-08,2026-04
4383,536,2026-06-07,2026-06-07 12:46:00,Kanpur,Tier 2,Debit Card,Delivered,3850.0,4,5.0,True,2026-06-12,2026-06
4384,1122,2026-03-31,2026-03-31 15:04:00,Bhopal,Tier 2,UPI,Returned,441.0,5,,,,2026-03
4385,1053,2025-09-04,2025-09-04 18:26:00,Bhopal,Tier 2,Credit Card,Delivered,2455.65,7,7.0,False,2025-09-11,2025-09
4386,137,2025-10-26,2025-10-26 16:19:00,Delhi,Tier 1,UPI,Delivered,551.7,4,4.0,False,2025-10-30,2025-10
4387,1066,2025-09-01,2025-09-01 05:22:00,Lucknow,Tier 2,Cash on Delivery,RTO,10176.6,7,,,,2025-09
4388,1054,2025-02-22,2025-02-22 21:17:00,Kolkata,Tier 1,Debit Card,Delivered,49629.8,2,3.0,True,2025-02-25,2025-02
4389,532,2026-05-18,2026-05-18 01:35:00,Jaipur,Tier 2,UPI,Delivered,32153.4,5,6.0,True,2026-05-24,2026-05
4390,103,2025-05-18,2025-05-18 19:44:00,Vadodara,Tier 2,Cash on Delivery,Delivered,41003.0,4,7.0,True,2025-05-25,2025-05
4391,578,2025-08-09,2025-08-09 10:44:00,Chennai,Tier 1,Debit Card,Delivered,1847.25,7,9.0,True,2025-08-18,2025-08
4392,53,2024-11-24,2024-11-24 09:08:00,Delhi,Tier 1,UPI,Delivered,5159.45,3,6.0,True,2024-11-30,2024-11
4393,532,2026-05-20,2026-05-20 13:32:00,Jaipur,Tier 2,UPI,Delivered,846.0,3,3.0,False,2026-05-23,2026-05
4394,135,2025-12-09,2025-12-09 12:24:00,Bhopal,Tier 2,Cash on Delivery,Delivered,84679.0,7,10.0,True,2025-12-19,2025-12
4395,895,2026-02-26,2026-02-26 22:00:00,Surat,Tier 2,Credit Card,Cancelled,2140.0,4,,,,2026-02
4396,1175,2025-02-28,2025-02-28 02:30:00,Bhopal,Tier 2,Debit Card,Delivered,2741.0,4,4.0,False,2025-03-04,2025-02
4397,193,2024-12-23,2024-12-23 15:38:00,Indore,Tier 2,UPI,Delivered,539.6,5,8.0,True,2024-12-31,2024-12
4398,9,2026-01-12,2026-01-12 17:29:00,Hyderabad,Tier 1,Net Banking,Delivered,34766.0,2,2.0,False,2026-01-14,2026-01
4399,764,2025-09-28,2025-09-28 07:15:00,Delhi,Tier 1,UPI,Delivered,3386.4,5,7.0,True,2025-10-05,2025-09
4400,427,2025-05-11,2025-05-11 14:48:00,Mumbai,Tier 1,Cash on Delivery,Delivered,1706.2,2,2.0,False,2025-05-13,2025-05
4401,327,2025-10-15,2025-10-15 02:38:00,Pune,Tier 1,Credit Card,Delivered,76652.3,5,5.0,False,2025-10-20,2025-10
4402,433,2026-03-03,2026-03-03 11:19:00,Ahmedabad,Tier 2,UPI,Delivered,4966.85,3,3.0,False,2026-03-06,2026-03
4403,1199,2026-03-18,2026-03-18 12:40:00,Kolkata,Tier 1,UPI,Delivered,1396.4,4,6.0,True,2026-03-24,2026-03
4404,135,2025-10-13,2025-10-13 10:05:00,Bhopal,Tier 2,Cash on Delivery,RTO,44912.0,3,,,,2025-10
4405,133,2024-08-01,2024-08-01 10:43:00,Ahmedabad,Tier 2,Cash on Delivery,Delivered,4344.0,7,10.0,True,2024-08-11,2024-08
4406,243,2026-06-15,2026-06-15 19:36:00,Kanpur,Tier 2,Debit Card,Delivered,1072.0,3,4.0,True,2026-06-19,2026-06
4407,1111,2025-12-05,2025-12-05 03:42:00,Coimbatore,Tier 2,Credit Card,Cancelled,54446.85,4,,,,2025-12
4408,915,2025-07-07,2025-07-07 01:09:00,Surat,Tier 2,UPI,Delivered,28572.0,4,3.0,False,2025-07-10,2025-07
4409,3,2025-07-25,2025-07-25 12:12:00,Pune,Tier 1,Credit Card,Delivered,1792.8,7,7.0,False,2025-08-01,2025-07
4410,56,2026-05-03,2026-05-03 03:55:00,Indore,Tier 2,Debit Card,Delivered,1016.0,3,5.0,True,2026-05-08,2026-05
4411,252,2025-11-14,2025-11-14 05:29:00,Bhopal,Tier 2,Debit Card,Delivered,2683.8,4,5.0,True,2025-11-19,2025-11
4412,1149,2026-04-26,2026-04-26 12:31:00,Ahmedabad,Tier 2,Credit Card,Delivered,55858.2,5,7.0,True,2026-05-03,2026-04
4413,56,2026-06-30,2026-06-30 06:00:00,Indore,Tier 2,Debit Card,Delivered,1101.0,2,5.0,True,2026-07-05,2026-06
4414,997,2024-03-10,2024-03-10 05:41:00,Patna,Tier 3,Debit Card,Delivered,957.6,2,3.0,True,2024-03-13,2024-03
4415,1023,2026-03-21,2026-03-21 09:39:00,Indore,Tier 2,Cash on Delivery,Delivered,3212.25,4,6.0,True,2026-03-27,2026-03
4416,573,2025-07-11,2025-07-11 13:47:00,Coimbatore,Tier 2,Net Banking,Delivered,35508.75,3,5.0,True,2025-07-16,2025-07
4417,44,2025-04-28,2025-04-28 13:32:00,Mumbai,Tier 1,Cash on Delivery,Delivered,8911.0,5,5.0,False,2025-05-03,2025-04
4418,229,2026-05-08,2026-05-08 11:39:00,Nagpur,Tier 2,Debit Card,Delivered,96.0,7,6.0,False,2026-05-14,2026-05
4419,155,2026-01-09,2026-01-09 16:21:00,Indore,Tier 2,Credit Card,Delivered,4068.85,4,7.0,True,2026-01-16,2026-01
4420,982,2026-06-15,2026-06-15 23:48:00,Delhi,Tier 1,UPI,RTO,2680.9,2,,,,2026-06
4421,1046,2026-04-26,2026-04-26 04:57:00,Patna,Tier 3,Cash on Delivery,Delivered,88944.3,3,3.0,False,2026-04-29,2026-04
4422,774,2025-04-07,2025-04-07 14:09:00,Ghaziabad,Tier 3,UPI,Delivered,4485.1,2,2.0,False,2025-04-09,2025-04
4423,726,2026-04-08,2026-04-08 03:15:00,Surat,Tier 2,Net Banking,Returned,2375.05,7,,,,2026-04
4424,523,2026-02-14,2026-02-14 19:10:00,Ahmedabad,Tier 2,Credit Card,Delivered,3303.0,3,5.0,True,2026-02-19,2026-02
4425,184,2025-08-17,2025-08-17 20:35:00,Hyderabad,Tier 1,UPI,RTO,1592.0,4,,,,2025-08
4426,646,2025-09-02,2025-09-02 09:16:00,Coimbatore,Tier 2,UPI,Returned,722.7,3,,,,2025-09
4427,465,2024-07-11,2024-07-11 12:09:00,Hyderabad,Tier 1,UPI,Delivered,12102.3,7,7.0,False,2024-07-18,2024-07
4428,368,2026-04-21,2026-04-21 22:28:00,Nagpur,Tier 2,UPI,Delivered,37735.7,3,3.0,False,2026-04-24,2026-04
4429,208,2025-11-04,2025-11-04 02:37:00,Delhi,Tier 1,Credit Card,RTO,5857.2,3,,,,2025-11
4430,1158,2026-02-19,2026-02-19 20:21:00,Lucknow,Tier 2,Cash on Delivery,Delivered,3619.15,4,4.0,False,2026-02-23,2026-02
4431,436,2026-06-29,2026-06-29 05:28:00,Delhi,Tier 1,Cash on Delivery,Delivered,38348.2,4,4.0,False,2026-07-03,2026-06
4432,474,2026-04-25,2026-04-25 13:05:00,Patna,Tier 3,UPI,Returned,164.0,3,,,,2026-04
4433,527,2025-08-29,2025-08-29 01:33:00,Delhi,Tier 1,Credit Card,RTO,4377.6,3,,,,2025-08
4434,95,2024-11-11,2024-11-11 07:32:00,Indore,Tier 2,UPI,Delivered,4651.2,5,6.0,True,2024-11-17,2024-11
4435,87,2026-02-25,2026-02-25 01:15:00,Mumbai,Tier 1,UPI,Delivered,318.75,7,8.0,True,2026-03-05,2026-02
4436,274,2024-10-15,2024-10-15 22:20:00,Pune,Tier 1,UPI,Delivered,1565.55,7,7.0,False,2024-10-22,2024-10
4437,555,2025-04-16,2025-04-16 13:18:00,Ahmedabad,Tier 2,UPI,RTO,1522.8,5,,,,2025-04
4438,368,2025-03-08,2025-03-08 06:10:00,Nagpur,Tier 2,Cash on Delivery,Returned,582.0,3,,,,2025-03
4439,1102,2026-05-28,2026-05-28 19:41:00,Lucknow,Tier 2,Cash on Delivery,Delivered,2034.9,2,2.0,False,2026-05-30,2026-05
4440,694,2025-11-16,2025-11-16 11:33:00,Kanpur,Tier 2,Cash on Delivery,Delivered,4100.0,3,4.0,True,2025-11-20,2025-11
4441,1012,2026-04-23,2026-04-23 10:40:00,Delhi,Tier 1,Cash on Delivery,Cancelled,1197.0,2,,,,2026-04
4442,70,2026-06-06,2026-06-06 08:03:00,Pune,Tier 1,UPI,Delivered,856.0,3,3.0,False,2026-06-09,2026-06
4443,44,2025-11-04,2025-11-04 15:52:00,Mumbai,Tier 1,UPI,Delivered,564.0,5,6.0,True,2025-11-10,2025-11
4444,1007,2025-07-11,2025-07-11 16:49:00,Bhopal,Tier 2,Net Banking,Returned,6347.7,2,,,,2025-07
4445,811,2025-12-16,2025-12-16 20:52:00,Coimbatore,Tier 2,Net Banking,RTO,9563.0,7,,,,2025-12
4446,636,2024-07-29,2024-07-29 05:33:00,Hyderabad,Tier 1,Cash on Delivery,Delivered,36186.3,7,7.0,False,2024-08-05,2024-07
4447,34,2025-01-30,2025-01-30 20:56:00,Pune,Tier 1,Cash on Delivery,Delivered,1592.1,4,5.0,True,2025-02-04,2025-01
4448,535,2026-06-11,2026-06-11 18:29:00,Ghaziabad,Tier 3,Debit Card,Delivered,64825.6,3,4.0,True,2026-06-15,2026-06
4449,46,2026-01-14,2026-01-14 00:48:00,Chennai,Tier 1,Cash on Delivery,Delivered,1057.45,2,1.0,False,2026-01-15,2026-01
4450,1176,2026-04-25,2026-04-25 03:39:00,Bhopal,Tier 2,UPI,Delivered,2603.95,2,5.0,True,2026-04-30,2026-04
4451,823,2026-06-24,2026-06-24 12:54:00,Delhi,Tier 1,UPI,Delivered,1108.0,5,7.0,True,2026-07-01,2026-06
4452,933,2026-01-17,2026-01-17 23:17:00,Pune,Tier 1,UPI,Delivered,4173.0,7,10.0,True,2026-01-27,2026-01
4453,737,2026-04-09,2026-04-09 16:19:00,Chennai,Tier 1,Credit Card,RTO,4954.7,4,,,,2026-04
4454,229,2025-10-06,2025-10-06 08:03:00,Nagpur,Tier 2,UPI,Delivered,456.0,5,5.0,False,2025-10-11,2025-10
4455,296,2025-01-13,2025-01-13 07:49:00,Jaipur,Tier 2,UPI,Cancelled,121548.0,2,,,,2025-01
4456,750,2026-06-25,2026-06-25 18:04:00,Ahmedabad,Tier 2,UPI,Delivered,8785.35,3,3.0,False,2026-06-28,2026-06
4457,306,2025-07-24,2025-07-24 19:01:00,Vadodara,Tier 2,Credit Card,Delivered,1445.6,3,3.0,False,2025-07-27,2025-07
4458,120,2026-05-12,2026-05-12 17:50:00,Vadodara,Tier 2,Net Banking,Delivered,5745.8,4,7.0,True,2026-05-19,2026-05
4459,933,2024-08-06,2024-08-06 11:44:00,Pune,Tier 1,UPI,Delivered,3238.55,2,4.0,True,2024-08-10,2024-08
4460,198,2025-08-23,2025-08-23 12:24:00,Coimbatore,Tier 2,Credit Card,Delivered,3538.0,2,2.0,False,2025-08-25,2025-08
4461,1040,2026-03-29,2026-03-29 01:59:00,Mumbai,Tier 1,UPI,Delivered,256.7,7,7.0,False,2026-04-05,2026-03
4462,82,2025-10-17,2025-10-17 18:27:00,Pune,Tier 1,Debit Card,Delivered,951.05,3,4.0,True,2025-10-21,2025-10
4463,472,2025-06-21,2025-06-21 13:05:00,Mumbai,Tier 1,UPI,Delivered,1717.7,7,6.0,False,2025-06-27,2025-06
4464,271,2026-05-17,2026-05-17 13:04:00,Lucknow,Tier 2,Credit Card,Delivered,2386.95,3,4.0,True,2026-05-21,2026-05
4465,896,2025-02-20,2025-02-20 05:37:00,Patna,Tier 3,Cash on Delivery,Cancelled,5421.5,2,,,,2025-02
4466,837,2026-06-19,2026-06-19 07:14:00,Delhi,Tier 1,Credit Card,Cancelled,961.0,3,,,,2026-06
4467,706,2026-05-10,2026-05-10 13:22:00,Hyderabad,Tier 1,UPI,Delivered,37982.3,2,3.0,True,2026-05-13,2026-05
4468,39,2026-03-30,2026-03-30 10:47:00,Delhi,Tier 1,UPI,Delivered,34766.0,7,6.0,False,2026-04-05,2026-03
4469,1187,2025-10-27,2025-10-27 19:03:00,Guwahati,Tier 3,Debit Card,Delivered,1172.0,4,6.0,True,2025-11-02,2025-10
4470,189,2026-03-24,2026-03-24 12:38:00,Bengaluru,Tier 1,Net Banking,Delivered,3475.9,4,4.0,False,2026-03-28,2026-03
4471,248,2026-01-18,2026-01-18 04:26:00,Bhopal,Tier 2,Cash on Delivery,Cancelled,1670.1,5,,,,2026-01
4472,797,2026-06-06,2026-06-06 21:30:00,Lucknow,Tier 2,Credit Card,Delivered,1345.0,3,5.0,True,2026-06-11,2026-06
4473,484,2026-06-14,2026-06-14 03:22:00,Coimbatore,Tier 2,Debit Card,Delivered,35072.3,2,2.0,False,2026-06-16,2026-06
4474,194,2025-06-20,2025-06-20 10:53:00,Pune,Tier 1,Net Banking,Delivered,3414.7,4,5.0,True,2025-06-25,2025-06
4475,532,2025-11-08,2025-11-08 10:27:00,Jaipur,Tier 2,UPI,Delivered,78017.05,3,3.0,False,2025-11-11,2025-11
4476,933,2026-02-07,2026-02-07 06:33:00,Pune,Tier 1,UPI,Delivered,7022.75,4,5.0,True,2026-02-12,2026-02
4477,1181,2024-08-23,2024-08-23 17:56:00,Ghaziabad,Tier 3,UPI,RTO,30888.2,3,,,,2024-08
4478,915,2025-07-23,2025-07-23 15:34:00,Surat,Tier 2,Debit Card,Delivered,1846.5,3,3.0,False,2025-07-26,2025-07
4479,1078,2025-05-21,2025-05-21 21:10:00,Kolkata,Tier 1,Cash on Delivery,Delivered,865.0,3,4.0,True,2025-05-25,2025-05
4480,166,2025-01-23,2025-01-23 09:19:00,Kanpur,Tier 2,Debit Card,Delivered,86678.0,2,1.0,False,2025-01-24,2025-01
4481,201,2026-04-28,2026-04-28 19:20:00,Bengaluru,Tier 1,Cash on Delivery,Delivered,31336.5,5,5.0,False,2026-05-03,2026-04
4482,71,2026-01-19,2026-01-19 15:36:00,Kolkata,Tier 1,Credit Card,Delivered,17213.4,5,8.0,True,2026-01-27,2026-01
4483,454,2026-03-07,2026-03-07 02:29:00,Ghaziabad,Tier 3,Credit Card,Delivered,825.0,3,4.0,True,2026-03-11,2026-03
4484,141,2026-03-13,2026-03-13 23:10:00,Vadodara,Tier 2,Credit Card,Delivered,803.0,3,2.0,False,2026-03-15,2026-03
4485,249,2025-03-06,2025-03-06 14:48:00,Delhi,Tier 1,Cash on Delivery,Cancelled,546.0,4,,,,2025-03
4486,134,2026-03-30,2026-03-30 08:04:00,Surat,Tier 2,Credit Card,Delivered,3151.5,5,6.0,True,2026-04-05,2026-03
4487,277,2026-01-02,2026-01-02 04:51:00,Delhi,Tier 1,UPI,Delivered,5245.0,7,7.0,False,2026-01-09,2026-01
4488,858,2026-05-10,2026-05-10 22:01:00,Chennai,Tier 1,UPI,Delivered,1118.25,5,4.0,False,2026-05-14,2026-05
4489,790,2026-05-03,2026-05-03 14:11:00,Pune,Tier 1,Debit Card,Delivered,1341.0,7,7.0,False,2026-05-10,2026-05
4490,852,2025-05-05,2025-05-05 07:41:00,Guwahati,Tier 3,Cash on Delivery,Delivered,1458.0,5,6.0,True,2025-05-11,2025-05
4491,262,2025-05-30,2025-05-30 12:55:00,Kanpur,Tier 2,UPI,Delivered,5332.0,5,8.0,True,2025-06-07,2025-05
4492,481,2025-09-12,2025-09-12 15:55:00,Hyderabad,Tier 1,Cash on Delivery,Returned,1722.95,5,,,,2025-09
4493,609,2026-03-30,2026-03-30 11:25:00,Lucknow,Tier 2,UPI,Delivered,4244.95,4,6.0,True,2026-04-05,2026-03
4494,31,2026-03-22,2026-03-22 21:08:00,Hyderabad,Tier 1,Debit Card,Returned,13004.6,7,,,,2026-03
4495,68,2026-05-24,2026-05-24 06:20:00,Patna,Tier 3,UPI,Delivered,35945.15,4,4.0,False,2026-05-28,2026-05
4496,353,2024-10-24,2024-10-24 09:35:00,Surat,Tier 2,Debit Card,Delivered,33420.0,3,6.0,True,2024-10-30,2024-10
4497,309,2026-05-30,2026-05-30 00:12:00,Guwahati,Tier 3,Credit Card,Delivered,9992.0,5,8.0,True,2026-06-07,2026-05
4498,502,2026-05-08,2026-05-08 13:03:00,Indore,Tier 2,Debit Card,Delivered,30476.8,5,6.0,True,2026-05-14,2026-05
4499,1187,2025-05-26,2025-05-26 00:21:00,Guwahati,Tier 3,Debit Card,Returned,58201.8,5,,,,2025-05
4500,465,2024-12-13,2024-12-13 04:52:00,Hyderabad,Tier 1,UPI,Delivered,1197.0,7,9.0,True,2024-12-22,2024-12
4501,151,2026-03-08,2026-03-08 03:22:00,Surat,Tier 2,UPI,Delivered,3851.3,7,7.0,False,2026-03-15,2026-03
4502,128,2026-05-01,2026-05-01 19:32:00,Delhi,Tier 1,Cash on Delivery,Returned,33196.0,4,,,,2026-05
4503,1089,2025-11-06,2025-11-06 20:16:00,Kanpur,Tier 2,Cash on Delivery,Delivered,4360.3,7,7.0,False,2025-11-13,2025-11
4504,885,2026-01-15,2026-01-15 13:29:00,Lucknow,Tier 2,UPI,Delivered,78701.05,2,2.0,False,2026-01-17,2026-01
4505,815,2025-10-20,2025-10-20 12:57:00,Vadodara,Tier 2,UPI,Delivered,71125.4,3,4.0,True,2025-10-24,2025-10
4506,184,2025-10-11,2025-10-11 12:34:00,Hyderabad,Tier 1,UPI,Delivered,2123.75,7,6.0,False,2025-10-17,2025-10
4507,595,2024-09-23,2024-09-23 04:05:00,Kolkata,Tier 1,UPI,RTO,37603.8,5,,,,2024-09
4508,537,2026-02-06,2026-02-06 10:52:00,Patna,Tier 3,UPI,Delivered,4351.95,3,3.0,False,2026-02-09,2026-02
4509,70,2025-08-05,2025-08-05 04:42:00,Pune,Tier 1,Cash on Delivery,RTO,4527.7,5,,,,2025-08
4510,873,2025-10-03,2025-10-03 18:51:00,Pune,Tier 1,Cash on Delivery,RTO,36094.8,7,,,,2025-10
4511,726,2025-10-03,2025-10-03 15:13:00,Surat,Tier 2,Credit Card,Delivered,9985.4,3,6.0,True,2025-10-09,2025-10
4512,933,2024-10-14,2024-10-14 20:12:00,Pune,Tier 1,UPI,Delivered,2385.6,7,8.0,True,2024-10-22,2024-10
4513,854,2026-02-23,2026-02-23 18:34:00,Guwahati,Tier 3,Debit Card,Cancelled,43791.75,7,,,,2026-02
4514,508,2025-04-17,2025-04-17 01:52:00,Delhi,Tier 1,UPI,Delivered,3362.5,4,5.0,True,2025-04-22,2025-04
4515,1052,2025-02-21,2025-02-21 07:05:00,Chennai,Tier 1,Debit Card,Delivered,12733.0,5,6.0,True,2025-02-27,2025-02
4516,412,2025-08-30,2025-08-30 21:36:00,Jaipur,Tier 2,Credit Card,Delivered,568.0,2,2.0,False,2025-09-01,2025-08
4517,514,2026-06-10,2026-06-10 02:21:00,Bengaluru,Tier 1,UPI,Returned,464.1,2,,,,2026-06
4518,532,2025-12-21,2025-12-21 12:32:00,Jaipur,Tier 2,UPI,Delivered,447.2,4,4.0,False,2025-12-25,2025-12
4519,787,2025-12-29,2025-12-29 15:00:00,Patna,Tier 3,Net Banking,Delivered,5692.15,3,3.0,False,2026-01-01,2025-12
4520,187,2025-12-21,2025-12-21 00:30:00,Chennai,Tier 1,UPI,Delivered,7233.8,7,8.0,True,2025-12-29,2025-12
4521,391,2026-01-21,2026-01-21 08:40:00,Kanpur,Tier 2,UPI,Delivered,1027.9,3,3.0,False,2026-01-24,2026-01
4522,706,2025-08-19,2025-08-19 17:59:00,Hyderabad,Tier 1,Net Banking,Returned,3565.7,3,,,,2025-08
4523,418,2025-11-06,2025-11-06 23:22:00,Coimbatore,Tier 2,UPI,Delivered,3930.3,4,6.0,True,2025-11-12,2025-11
4524,807,2026-01-11,2026-01-11 04:08:00,Hyderabad,Tier 1,UPI,Delivered,3173.45,7,7.0,False,2026-01-18,2026-01
4525,815,2025-08-22,2025-08-22 00:30:00,Vadodara,Tier 2,UPI,Delivered,76350.4,5,4.0,False,2025-08-26,2025-08
4526,397,2026-06-09,2026-06-09 13:28:00,Mumbai,Tier 1,Credit Card,Delivered,24254.25,4,7.0,True,2026-06-16,2026-06
4527,714,2025-12-03,2025-12-03 20:38:00,Nagpur,Tier 2,UPI,Delivered,22663.2,7,10.0,True,2025-12-13,2025-12
4528,1038,2025-09-05,2025-09-05 03:43:00,Jaipur,Tier 2,UPI,Delivered,16257.1,7,9.0,True,2025-09-14,2025-09
4529,887,2025-02-13,2025-02-13 18:17:00,Coimbatore,Tier 2,Credit Card,Delivered,13447.0,2,1.0,False,2025-02-14,2025-02
4530,1049,2025-12-05,2025-12-05 11:35:00,Hyderabad,Tier 1,UPI,Returned,4894.6,4,,,,2025-12
4531,47,2025-11-18,2025-11-18 05:31:00,Surat,Tier 2,UPI,Returned,5245.0,2,,,,2025-11
4532,228,2026-05-08,2026-05-08 07:35:00,Pune,Tier 1,Credit Card,RTO,3538.0,5,,,,2026-05
4533,390,2025-09-13,2025-09-13 13:26:00,Mumbai,Tier 1,Cash on Delivery,RTO,33349.15,7,,,,2025-09
4534,759,2026-05-30,2026-05-30 00:46:00,Lucknow,Tier 2,Debit Card,RTO,4933.8,3,,,,2026-05
4535,848,2026-06-01,2026-06-01 22:15:00,Lucknow,Tier 2,UPI,Delivered,546.0,3,3.0,False,2026-06-04,2026-06
4536,952,2025-06-13,2025-06-13 03:56:00,Nagpur,Tier 2,Credit Card,Delivered,11326.0,3,3.0,False,2025-06-16,2025-06
4537,808,2025-03-28,2025-03-28 11:15:00,Vadodara,Tier 2,Net Banking,Delivered,3640.55,5,4.0,False,2025-04-01,2025-03
4538,297,2026-04-18,2026-04-18 18:33:00,Ahmedabad,Tier 2,UPI,Delivered,1136.0,2,2.0,False,2026-04-20,2026-04
4539,990,2026-01-28,2026-01-28 15:55:00,Coimbatore,Tier 2,UPI,Delivered,5059.0,3,2.0,False,2026-01-30,2026-01
4540,337,2026-05-14,2026-05-14 12:26:00,Bengaluru,Tier 1,UPI,Delivered,479.4,5,7.0,True,2026-05-21,2026-05
4541,575,2026-04-29,2026-04-29 01:11:00,Indore,Tier 2,Cash on Delivery,Delivered,437.95,4,3.0,False,2026-05-02,2026-04
4542,141,2025-06-30,2025-06-30 22:19:00,Vadodara,Tier 2,UPI,Delivered,13897.0,4,4.0,False,2025-07-04,2025-06
4543,1005,2025-10-24,2025-10-24 02:42:00,Surat,Tier 2,Debit Card,Delivered,7384.8,5,6.0,True,2025-10-30,2025-10
4544,249,2025-04-11,2025-04-11 17:26:00,Delhi,Tier 1,Credit Card,Delivered,2226.4,4,4.0,False,2025-04-15,2025-04
4545,658,2026-04-22,2026-04-22 16:19:00,Ahmedabad,Tier 2,UPI,Delivered,72940.75,7,8.0,True,2026-04-30,2026-04
4546,200,2026-06-14,2026-06-14 23:06:00,Indore,Tier 2,Net Banking,Delivered,82344.1,3,3.0,False,2026-06-17,2026-06
4547,475,2025-09-05,2025-09-05 23:42:00,Chennai,Tier 1,Credit Card,Returned,44912.0,3,,,,2025-09
4548,532,2026-06-08,2026-06-08 06:46:00,Jaipur,Tier 2,UPI,Delivered,2741.0,5,8.0,True,2026-06-16,2026-06
4549,555,2026-02-03,2026-02-03 11:29:00,Ahmedabad,Tier 2,Cash on Delivery,Delivered,49551.3,7,9.0,True,2026-02-12,2026-02
4550,716,2026-05-18,2026-05-18 20:46:00,Ghaziabad,Tier 3,Credit Card,Delivered,8796.6,4,3.0,False,2026-05-21,2026-05
4551,1194,2024-10-30,2024-10-30 12:37:00,Vadodara,Tier 2,Debit Card,Returned,129593.8,4,,,,2024-10
4552,359,2026-01-15,2026-01-15 10:29:00,Delhi,Tier 1,UPI,Delivered,38372.8,3,6.0,True,2026-01-21,2026-01
4553,218,2024-03-14,2024-03-14 21:47:00,Kanpur,Tier 2,UPI,Delivered,34175.95,2,2.0,False,2024-03-16,2024-03
4554,426,2026-01-16,2026-01-16 06:40:00,Delhi,Tier 1,UPI,Delivered,184.5,2,3.0,True,2026-01-19,2026-01
4555,1055,2025-05-22,2025-05-22 19:14:00,Indore,Tier 2,Cash on Delivery,Delivered,2789.25,5,5.0,False,2025-05-27,2025-05
4556,1104,2026-01-30,2026-01-30 15:42:00,Bhopal,Tier 2,UPI,Delivered,441.0,4,5.0,True,2026-02-04,2026-01
4557,592,2026-06-13,2026-06-13 02:11:00,Hyderabad,Tier 1,Credit Card,Delivered,1172.0,5,5.0,False,2026-06-18,2026-06
4558,48,2026-04-01,2026-04-01 20:30:00,Vadodara,Tier 2,UPI,Delivered,3436.4,7,9.0,True,2026-04-10,2026-04
4559,1055,2024-12-02,2024-12-02 19:23:00,Indore,Tier 2,UPI,Delivered,6014.0,5,6.0,True,2024-12-08,2024-12
4560,282,2026-05-23,2026-05-23 13:19:00,Kolkata,Tier 1,UPI,Delivered,36701.2,5,5.0,False,2026-05-28,2026-05
4561,838,2025-12-30,2025-12-30 08:37:00,Coimbatore,Tier 2,Credit Card,Delivered,29327.4,2,5.0,True,2026-01-04,2025-12
4562,721,2025-10-05,2025-10-05 20:25:00,Surat,Tier 2,Credit Card,Delivered,491.4,7,9.0,True,2025-10-14,2025-10
4563,1197,2026-05-27,2026-05-27 21:43:00,Coimbatore,Tier 2,UPI,Delivered,4924.0,4,5.0,True,2026-06-01,2026-05
4564,406,2026-06-20,2026-06-20 07:03:00,Kolkata,Tier 1,UPI,Delivered,67362.25,7,7.0,False,2026-06-27,2026-06
4565,98,2026-05-24,2026-05-24 01:32:00,Mumbai,Tier 1,UPI,Delivered,38323.95,2,2.0,False,2026-05-26,2026-05
4566,567,2025-12-22,2025-12-22 23:10:00,Surat,Tier 2,Cash on Delivery,Delivered,3789.45,7,7.0,False,2025-12-29,2025-12
4567,869,2025-10-23,2025-10-23 16:05:00,Guwahati,Tier 3,UPI,Delivered,1415.75,2,1.0,False,2025-10-24,2025-10
4568,489,2025-07-15,2025-07-15 09:02:00,Surat,Tier 2,UPI,Delivered,46416.3,2,5.0,True,2025-07-20,2025-07
4569,752,2026-05-17,2026-05-17 19:04:00,Kanpur,Tier 2,UPI,Delivered,4515.0,2,1.0,False,2026-05-18,2026-05
4570,1062,2025-09-22,2025-09-22 07:15:00,Hyderabad,Tier 1,Cash on Delivery,Delivered,2511.0,4,3.0,False,2025-09-25,2025-09
4571,328,2025-10-31,2025-10-31 02:46:00,Indore,Tier 2,Cash on Delivery,Delivered,949.0,7,7.0,False,2025-11-07,2025-10
4572,502,2026-04-12,2026-04-12 15:09:00,Indore,Tier 2,UPI,Delivered,37362.4,7,8.0,True,2026-04-20,2026-04
4573,1012,2026-05-16,2026-05-16 17:36:00,Delhi,Tier 1,UPI,Delivered,1724.65,4,7.0,True,2026-05-23,2026-05
4574,1186,2026-04-05,2026-04-05 15:56:00,Jaipur,Tier 2,Cash on Delivery,Delivered,34625.1,7,7.0,False,2026-04-12,2026-04
4575,541,2026-05-30,2026-05-30 21:38:00,Pune,Tier 1,UPI,RTO,1758.0,5,,,,2026-05
4576,155,2025-06-18,2025-06-18 13:07:00,Indore,Tier 2,Credit Card,Cancelled,5971.2,3,,,,2025-06
4577,1197,2026-06-03,2026-06-03 12:26:00,Coimbatore,Tier 2,Debit Card,Returned,4283.0,5,,,,2026-06
4578,992,2026-05-19,2026-05-19 14:43:00,Jaipur,Tier 2,Debit Card,Delivered,330.4,4,7.0,True,2026-05-26,2026-05
4579,442,2025-09-12,2025-09-12 17:46:00,Bengaluru,Tier 1,UPI,Delivered,1385.75,5,7.0,True,2025-09-19,2025-09
4580,582,2025-06-13,2025-06-13 06:44:00,Indore,Tier 2,Net Banking,Returned,1820.95,7,,,,2025-06
4581,1108,2025-06-17,2025-06-17 06:41:00,Chennai,Tier 1,UPI,RTO,53825.1,7,,,,2025-06
4582,746,2026-04-04,2026-04-04 08:29:00,Mumbai,Tier 1,UPI,RTO,3039.0,5,,,,2026-04
4583,219,2026-01-11,2026-01-11 17:32:00,Kolkata,Tier 1,Net Banking,Delivered,4246.6,4,6.0,True,2026-01-17,2026-01
4584,661,2025-03-07,2025-03-07 23:47:00,Ghaziabad,Tier 3,UPI,RTO,21257.2,3,,,,2025-03
4585,550,2025-09-16,2025-09-16 07:13:00,Chennai,Tier 1,Debit Card,Delivered,3738.0,7,6.0,False,2025-09-22,2025-09
4586,808,2025-07-18,2025-07-18 22:49:00,Vadodara,Tier 2,Cash on Delivery,Returned,1617.7,5,,,,2025-07
4587,533,2025-12-27,2025-12-27 01:32:00,Chennai,Tier 1,Credit Card,Delivered,3386.25,7,7.0,False,2026-01-03,2025-12
4588,467,2026-05-22,2026-05-22 21:38:00,Bengaluru,Tier 1,UPI,RTO,568.0,4,,,,2026-05
4589,81,2025-10-10,2025-10-10 07:49:00,Mumbai,Tier 1,UPI,Delivered,17213.4,5,4.0,False,2025-10-14,2025-10
4590,1091,2026-05-23,2026-05-23 09:34:00,Delhi,Tier 1,UPI,RTO,1070.0,4,,,,2026-05
4591,545,2026-03-04,2026-03-04 16:40:00,Hyderabad,Tier 1,Cash on Delivery,Delivered,352.8,4,3.0,False,2026-03-07,2026-03
4592,490,2026-05-17,2026-05-17 08:06:00,Vadodara,Tier 2,Cash on Delivery,Delivered,3720.8,4,3.0,False,2026-05-20,2026-05
4593,409,2026-06-08,2026-06-08 19:24:00,Coimbatore,Tier 2,Credit Card,Delivered,4982.75,3,3.0,False,2026-06-11,2026-06
4594,583,2025-08-15,2025-08-15 12:27:00,Vadodara,Tier 2,UPI,Delivered,4377.5,2,3.0,True,2025-08-18,2025-08
4595,746,2026-06-13,2026-06-13 10:45:00,Mumbai,Tier 1,Credit Card,Cancelled,3668.0,7,,,,2026-06
4596,1023,2026-03-26,2026-03-26 17:59:00,Indore,Tier 2,Cash on Delivery,Returned,44912.0,7,,,,2026-03
4597,679,2026-05-10,2026-05-10 20:25:00,Bengaluru,Tier 1,UPI,Delivered,745.0,2,5.0,True,2026-05-15,2026-05
4598,18,2026-04-08,2026-04-08 09:05:00,Vadodara,Tier 2,Cash on Delivery,Delivered,30269.6,4,5.0,True,2026-04-13,2026-04
4599,522,2025-10-14,2025-10-14 10:05:00,Mumbai,Tier 1,Cash on Delivery,Delivered,6519.2,7,7.0,False,2025-10-21,2025-10
4600,850,2025-04-06,2025-04-06 20:26:00,Ghaziabad,Tier 3,UPI,Delivered,1604.15,7,9.0,True,2025-04-15,2025-04
4601,137,2025-10-27,2025-10-27 00:03:00,Delhi,Tier 1,Cash on Delivery,Delivered,31640.4,2,2.0,False,2025-10-29,2025-10
4602,790,2026-03-14,2026-03-14 02:26:00,Pune,Tier 1,UPI,Delivered,1906.4,5,7.0,True,2026-03-21,2026-03
4603,470,2026-01-14,2026-01-14 21:30:00,Bhopal,Tier 2,Credit Card,Delivered,2494.8,2,3.0,True,2026-01-17,2026-01
4604,315,2026-05-02,2026-05-02 04:17:00,Bhopal,Tier 2,Credit Card,Delivered,86678.0,4,4.0,False,2026-05-06,2026-05
4605,1092,2025-05-04,2025-05-04 00:36:00,Bhopal,Tier 2,Debit Card,Delivered,9563.0,7,8.0,True,2025-05-12,2025-05
4606,724,2024-11-05,2024-11-05 12:13:00,Pune,Tier 1,UPI,Cancelled,38789.2,3,,,,2024-11
4607,141,2026-05-05,2026-05-05 02:03:00,Vadodara,Tier 2,UPI,Delivered,754.0,3,4.0,True,2026-05-09,2026-05
4608,1015,2026-04-14,2026-04-14 22:01:00,Jaipur,Tier 2,Debit Card,RTO,83564.0,4,,,,2026-04
4609,606,2024-11-30,2024-11-30 19:06:00,Indore,Tier 2,Cash on Delivery,Delivered,568.0,3,5.0,True,2024-12-05,2024-11
4610,1016,2024-07-18,2024-07-18 10:37:00,Coimbatore,Tier 2,UPI,Delivered,4001.0,4,4.0,False,2024-07-22,2024-07
4611,717,2025-09-16,2025-09-16 16:49:00,Bhopal,Tier 2,Cash on Delivery,RTO,1016.0,3,,,,2025-09
4612,36,2024-10-31,2024-10-31 17:07:00,Nagpur,Tier 2,UPI,Delivered,82868.0,5,8.0,True,2024-11-08,2024-10
4613,1181,2025-03-04,2025-03-04 03:43:00,Ghaziabad,Tier 3,Credit Card,RTO,34766.0,2,,,,2025-03
4614,151,2026-04-16,2026-04-16 04:39:00,Surat,Tier 2,UPI,Delivered,9021.65,4,4.0,False,2026-04-20,2026-04
4615,204,2025-07-16,2025-07-16 13:10:00,Jaipur,Tier 2,Net Banking,RTO,4371.5,7,,,,2025-07
4616,10,2026-01-20,2026-01-20 03:17:00,Kolkata,Tier 1,Debit Card,Delivered,1118.0,7,7.0,False,2026-01-27,2026-01
4617,135,2025-08-13,2025-08-13 17:41:00,Bhopal,Tier 2,UPI,Delivered,541.0,5,5.0,False,2025-08-18,2025-08
4618,866,2025-08-30,2025-08-30 04:38:00,Surat,Tier 2,UPI,Delivered,1224.0,5,5.0,False,2025-09-04,2025-08
4619,803,2026-03-29,2026-03-29 22:10:00,Indore,Tier 2,Cash on Delivery,Delivered,4679.85,2,3.0,True,2026-04-01,2026-03
4620,521,2025-11-20,2025-11-20 04:59:00,Nagpur,Tier 2,Net Banking,Delivered,45275.5,4,4.0,False,2025-11-24,2025-11
4621,1056,2025-12-16,2025-12-16 13:19:00,Chennai,Tier 1,UPI,Delivered,34053.3,2,4.0,True,2025-12-20,2025-12
4622,680,2025-07-14,2025-07-14 05:48:00,Jaipur,Tier 2,UPI,Delivered,2827.8,7,7.0,False,2025-07-21,2025-07
4623,752,2025-05-25,2025-05-25 23:23:00,Kanpur,Tier 2,Credit Card,Delivered,4185.0,5,6.0,True,2025-05-31,2025-05
4624,475,2025-07-05,2025-07-05 15:08:00,Chennai,Tier 1,Credit Card,RTO,897.75,2,,,,2025-07
4625,1075,2026-05-12,2026-05-12 13:11:00,Kolkata,Tier 1,Net Banking,Delivered,13447.0,3,2.0,False,2026-05-14,2026-05
4626,801,2025-03-20,2025-03-20 06:42:00,Patna,Tier 3,Credit Card,Delivered,34334.1,7,10.0,True,2025-03-30,2025-03
4627,933,2024-12-12,2024-12-12 09:33:00,Pune,Tier 1,Credit Card,Delivered,205.0,7,7.0,False,2024-12-19,2024-12
4628,781,2024-11-13,2024-11-13 10:48:00,Hyderabad,Tier 1,Credit Card,Delivered,4072.0,5,4.0,False,2024-11-17,2024-11
4629,221,2026-06-17,2026-06-17 16:57:00,Guwahati,Tier 3,UPI,Delivered,1664.3,3,3.0,False,2026-06-20,2026-06
4630,446,2024-06-20,2024-06-20 20:45:00,Mumbai,Tier 1,UPI,Cancelled,25496.1,5,,,,2024-06
4631,367,2026-05-24,2026-05-24 02:13:00,Pune,Tier 1,Debit Card,Delivered,1360.0,7,6.0,False,2026-05-30,2026-05
4632,992,2025-05-24,2025-05-24 10:05:00,Jaipur,Tier 2,UPI,Delivered,29409.75,4,7.0,True,2025-05-31,2025-05
4633,1105,2026-06-14,2026-06-14 18:53:00,Lucknow,Tier 2,Cash on Delivery,Delivered,68572.8,3,3.0,False,2026-06-17,2026-06
4634,472,2025-05-22,2025-05-22 01:14:00,Mumbai,Tier 1,Cash on Delivery,Delivered,1780.5,5,4.0,False,2025-05-26,2025-05
4635,1089,2025-09-18,2025-09-18 07:30:00,Kanpur,Tier 2,Credit Card,RTO,11042.0,5,,,,2025-09
4636,113,2025-09-08,2025-09-08 10:09:00,Guwahati,Tier 3,UPI,Delivered,1042.1,7,7.0,False,2025-09-15,2025-09
4637,397,2026-06-12,2026-06-12 01:34:00,Mumbai,Tier 1,UPI,Delivered,76298.0,7,9.0,True,2026-06-21,2026-06
4638,197,2026-05-07,2026-05-07 01:01:00,Nagpur,Tier 2,Credit Card,Cancelled,122349.4,2,,,,2026-05
4639,1057,2025-10-10,2025-10-10 03:23:00,Ahmedabad,Tier 2,Cash on Delivery,Cancelled,1318.5,3,,,,2025-10
4640,890,2026-05-26,2026-05-26 04:44:00,Coimbatore,Tier 2,Debit Card,Delivered,8136.8,7,8.0,True,2026-06-03,2026-05
4641,954,2026-02-16,2026-02-16 22:13:00,Surat,Tier 2,Net Banking,Delivered,10370.0,5,5.0,False,2026-02-21,2026-02
4642,448,2025-09-13,2025-09-13 09:42:00,Indore,Tier 2,Net Banking,Delivered,631.55,5,5.0,False,2025-09-18,2025-09
4643,918,2026-06-19,2026-06-19 09:28:00,Bhopal,Tier 2,Cash on Delivery,Returned,38096.0,7,,,,2026-06
4644,990,2025-10-16,2025-10-16 23:41:00,Coimbatore,Tier 2,Net Banking,RTO,853.1,5,,,,2025-10
4645,85,2026-06-04,2026-06-04 07:57:00,Chennai,Tier 1,Debit Card,Delivered,4766.0,3,4.0,True,2026-06-08,2026-06
4646,12,2024-09-02,2024-09-02 10:48:00,Delhi,Tier 1,UPI,Returned,5908.8,5,,,,2024-09
4647,219,2025-04-29,2025-04-29 03:42:00,Kolkata,Tier 1,UPI,Returned,10757.6,2,,,,2025-04
4648,1172,2024-04-03,2024-04-03 10:19:00,Patna,Tier 3,Cash on Delivery,Delivered,41614.05,2,5.0,True,2024-04-08,2024-04
4649,607,2025-08-05,2025-08-05 07:25:00,Lucknow,Tier 2,UPI,Returned,803.7,2,,,,2025-08
4650,499,2025-07-27,2025-07-27 14:57:00,Bengaluru,Tier 1,UPI,Delivered,52902.0,2,2.0,False,2025-07-29,2025-07
4651,96,2026-04-25,2026-04-25 13:15:00,Indore,Tier 2,UPI,Delivered,3039.0,5,6.0,True,2026-05-01,2026-04
4652,806,2026-01-31,2026-01-31 18:52:00,Nagpur,Tier 2,UPI,RTO,1577.0,7,,,,2026-01
4653,479,2026-05-03,2026-05-03 21:21:00,Jaipur,Tier 2,UPI,Delivered,25496.1,3,5.0,True,2026-05-08,2026-05
4654,311,2026-05-10,2026-05-10 17:57:00,Mumbai,Tier 1,Cash on Delivery,Delivered,6184.65,7,8.0,True,2026-05-18,2026-05
4655,726,2024-06-12,2024-06-12 16:02:00,Surat,Tier 2,Cash on Delivery,Cancelled,845.75,5,,,,2024-06
4656,274,2026-03-01,2026-03-01 17:05:00,Pune,Tier 1,Credit Card,Cancelled,837.9,2,,,,2026-03
4657,92,2026-03-19,2026-03-19 15:37:00,Coimbatore,Tier 2,UPI,RTO,3915.15,4,,,,2026-03
4658,367,2025-12-31,2025-12-31 10:36:00,Pune,Tier 1,Credit Card,Cancelled,3649.0,5,,,,2025-12
4659,137,2026-02-22,2026-02-22 03:03:00,Delhi,Tier 1,UPI,Cancelled,7409.1,7,,,,2026-02
4660,1156,2024-09-09,2024-09-09 00:34:00,Surat,Tier 2,UPI,Delivered,2528.35,7,7.0,False,2024-09-16,2024-09
4661,81,2025-07-06,2025-07-06 02:33:00,Mumbai,Tier 1,Cash on Delivery,Delivered,40856.1,4,7.0,True,2025-07-13,2025-07
4662,1034,2025-10-05,2025-10-05 03:50:00,Indore,Tier 2,Net Banking,Delivered,2839.0,2,5.0,True,2025-10-10,2025-10
4663,646,2026-05-28,2026-05-28 20:47:00,Coimbatore,Tier 2,Cash on Delivery,Delivered,51747.7,2,5.0,True,2026-06-02,2026-05
4664,1105,2026-06-28,2026-06-28 16:07:00,Lucknow,Tier 2,Debit Card,Delivered,5307.0,4,5.0,True,2026-07-03,2026-06
4665,808,2025-05-27,2025-05-27 02:41:00,Vadodara,Tier 2,Debit Card,RTO,28876.0,4,,,,2025-05
4666,365,2025-11-28,2025-11-28 17:01:00,Mumbai,Tier 1,Cash on Delivery,Delivered,37182.8,2,3.0,True,2025-12-01,2025-11
4667,155,2026-05-03,2026-05-03 04:51:00,Indore,Tier 2,Debit Card,Delivered,44097.6,7,8.0,True,2026-05-11,2026-05
4668,136,2025-10-06,2025-10-06 18:42:00,Lucknow,Tier 2,UPI,Delivered,541.0,2,3.0,True,2025-10-09,2025-10
4669,685,2026-04-02,2026-04-02 22:56:00,Pune,Tier 1,Cash on Delivery,Cancelled,9441.0,4,,,,2026-04
4670,649,2026-03-31,2026-03-31 13:10:00,Chennai,Tier 1,Net Banking,Returned,2009.6,4,,,,2026-03
4671,826,2025-01-11,2025-01-11 17:57:00,Ahmedabad,Tier 2,Credit Card,Cancelled,12518.8,5,,,,2025-01
4672,767,2026-06-09,2026-06-09 12:47:00,Coimbatore,Tier 2,Credit Card,Delivered,2212.9,2,3.0,True,2026-06-12,2026-06
4673,31,2026-03-08,2026-03-08 18:37:00,Hyderabad,Tier 1,UPI,Delivered,2667.0,5,8.0,True,2026-03-16,2026-03
4674,750,2026-01-15,2026-01-15 07:27:00,Ahmedabad,Tier 2,UPI,Delivered,9114.0,3,6.0,True,2026-01-21,2026-01
4675,448,2025-02-04,2025-02-04 13:26:00,Indore,Tier 2,UPI,Delivered,2743.2,5,5.0,False,2025-02-09,2025-02
4676,1151,2026-04-30,2026-04-30 13:21:00,Lucknow,Tier 2,Credit Card,Delivered,6541.15,3,6.0,True,2026-05-06,2026-04
4677,74,2025-07-28,2025-07-28 02:42:00,Ghaziabad,Tier 3,UPI,Delivered,2140.0,2,1.0,False,2025-07-29,2025-07
4678,273,2025-02-27,2025-02-27 10:55:00,Bhopal,Tier 2,UPI,Returned,7936.8,5,,,,2025-02
4679,1103,2026-06-22,2026-06-22 09:01:00,Hyderabad,Tier 1,Credit Card,RTO,6745.6,3,,,,2026-06
4680,1123,2026-05-02,2026-05-02 03:48:00,Nagpur,Tier 2,UPI,Delivered,2810.95,5,5.0,False,2026-05-07,2026-05
4681,1168,2026-05-24,2026-05-24 17:56:00,Ahmedabad,Tier 2,UPI,Delivered,8900.85,3,5.0,True,2026-05-29,2026-05
4682,396,2026-04-08,2026-04-08 18:09:00,Mumbai,Tier 1,UPI,Delivered,965.6,2,4.0,True,2026-04-12,2026-04
4683,541,2026-03-11,2026-03-11 06:41:00,Pune,Tier 1,UPI,Cancelled,1323.0,2,,,,2026-03
4684,140,2026-05-05,2026-05-05 17:45:00,Patna,Tier 3,UPI,Delivered,40516.0,4,5.0,True,2026-05-10,2026-05
4685,835,2026-04-19,2026-04-19 08:51:00,Kolkata,Tier 1,UPI,Returned,64853.3,2,,,,2026-04
4686,280,2025-08-30,2025-08-30 03:34:00,Nagpur,Tier 2,UPI,Delivered,7053.0,7,8.0,True,2025-09-07,2025-08
4687,1124,2026-05-19,2026-05-19 22:45:00,Hyderabad,Tier 1,Debit Card,Delivered,18430.25,5,8.0,True,2026-05-27,2026-05
4688,522,2025-03-26,2025-03-26 03:31:00,Mumbai,Tier 1,Net Banking,Delivered,2583.15,5,6.0,True,2025-04-01,2025-03
4689,908,2024-11-26,2024-11-26 20:28:00,Patna,Tier 3,UPI,Delivered,3157.0,3,3.0,False,2024-11-29,2024-11
4690,772,2026-01-26,2026-01-26 02:25:00,Indore,Tier 2,UPI,Delivered,9766.4,2,2.0,False,2026-01-28,2026-01
4691,907,2025-02-14,2025-02-14 10:08:00,Nagpur,Tier 2,UPI,Cancelled,1064.35,5,,,,2025-02
4692,800,2025-11-06,2025-11-06 20:16:00,Guwahati,Tier 3,UPI,Delivered,74415.8,2,2.0,False,2025-11-08,2025-11
4693,392,2024-05-10,2024-05-10 21:49:00,Patna,Tier 3,UPI,Delivered,38149.0,4,5.0,True,2024-05-15,2024-05
4694,1184,2025-08-03,2025-08-03 13:34:00,Indore,Tier 2,Debit Card,Delivered,1267.35,3,6.0,True,2025-08-09,2025-08
4695,412,2025-06-25,2025-06-25 04:29:00,Jaipur,Tier 2,Debit Card,RTO,2216.0,7,,,,2025-06
4696,325,2025-07-08,2025-07-08 05:21:00,Chennai,Tier 1,UPI,Delivered,3850.0,5,7.0,True,2025-07-15,2025-07
4697,507,2026-03-12,2026-03-12 23:45:00,Nagpur,Tier 2,UPI,Delivered,503.1,3,4.0,True,2026-03-16,2026-03
4698,990,2025-11-27,2025-11-27 17:36:00,Coimbatore,Tier 2,UPI,Delivered,895.5,4,4.0,False,2025-12-01,2025-11
4699,814,2026-02-20,2026-02-20 14:16:00,Bhopal,Tier 2,Debit Card,Cancelled,20642.1,7,,,,2026-02
4700,556,2025-01-25,2025-01-25 04:10:00,Pune,Tier 1,Debit Card,Delivered,500.4,4,7.0,True,2025-02-01,2025-01
4701,177,2026-06-18,2026-06-18 09:34:00,Vadodara,Tier 2,Credit Card,Delivered,25743.45,2,3.0,True,2026-06-21,2026-06
4702,512,2024-09-18,2024-09-18 03:40:00,Surat,Tier 2,Credit Card,Delivered,37607.4,5,5.0,False,2024-09-23,2024-09
4703,630,2025-06-05,2025-06-05 06:50:00,Bengaluru,Tier 1,UPI,Cancelled,31331.25,5,,,,2025-06
4704,212,2025-11-10,2025-11-10 21:25:00,Ghaziabad,Tier 3,Cash on Delivery,Delivered,2398.7,4,5.0,True,2025-11-15,2025-11
4705,377,2025-09-29,2025-09-29 23:59:00,Lucknow,Tier 2,Cash on Delivery,Returned,2141.0,5,,,,2025-09
4706,472,2026-05-29,2026-05-29 14:28:00,Mumbai,Tier 1,Cash on Delivery,Returned,6516.0,7,,,,2026-05
4707,976,2024-12-17,2024-12-17 07:54:00,Delhi,Tier 1,Debit Card,Cancelled,22663.2,3,,,,2024-12
4708,957,2025-12-21,2025-12-21 22:30:00,Nagpur,Tier 2,Cash on Delivery,Delivered,8476.2,7,7.0,False,2025-12-28,2025-12
4709,954,2026-02-05,2026-02-05 23:13:00,Surat,Tier 2,UPI,RTO,37597.5,7,,,,2026-02
4710,231,2026-06-08,2026-06-08 10:21:00,Surat,Tier 2,UPI,Delivered,5521.0,2,3.0,True,2026-06-11,2026-06
4711,350,2025-05-08,2025-05-08 04:29:00,Pune,Tier 1,UPI,Delivered,29193.8,3,6.0,True,2025-05-14,2025-05
4712,892,2025-11-30,2025-11-30 09:14:00,Ahmedabad,Tier 2,Cash on Delivery,Delivered,74439.2,4,4.0,False,2025-12-04,2025-11
4713,114,2026-04-05,2026-04-05 01:04:00,Bengaluru,Tier 1,UPI,Delivered,25987.5,4,3.0,False,2026-04-08,2026-04
4714,472,2024-06-06,2024-06-06 04:41:00,Mumbai,Tier 1,UPI,Delivered,13135.35,4,4.0,False,2024-06-10,2024-06
4715,332,2024-10-10,2024-10-10 17:36:00,Ghaziabad,Tier 3,Debit Card,Delivered,2040.0,3,3.0,False,2024-10-13,2024-10
4716,680,2024-09-28,2024-09-28 05:45:00,Jaipur,Tier 2,Cash on Delivery,Delivered,26716.9,7,7.0,False,2024-10-05,2024-09
4717,1118,2026-06-15,2026-06-15 17:10:00,Bhopal,Tier 2,UPI,Delivered,1844.0,2,5.0,True,2026-06-20,2026-06
4718,967,2026-04-17,2026-04-17 07:20:00,Hyderabad,Tier 1,Cash on Delivery,Returned,33097.3,7,,,,2026-04
4719,1172,2024-02-16,2024-02-16 23:07:00,Patna,Tier 3,UPI,Delivered,750.0,2,2.0,False,2024-02-18,2024-02
4720,844,2026-04-16,2026-04-16 07:16:00,Patna,Tier 3,Cash on Delivery,Returned,886.4,7,,,,2026-04
4721,541,2026-01-28,2026-01-28 14:03:00,Pune,Tier 1,Credit Card,Delivered,337.5,2,2.0,False,2026-01-30,2026-01
4722,1055,2025-02-18,2025-02-18 08:32:00,Indore,Tier 2,UPI,Delivered,1722.95,5,5.0,False,2025-02-23,2025-02
4723,287,2026-03-28,2026-03-28 11:23:00,Surat,Tier 2,Cash on Delivery,Delivered,32381.6,4,5.0,True,2026-04-02,2026-03
4724,576,2026-01-11,2026-01-11 04:24:00,Coimbatore,Tier 2,UPI,Cancelled,528.2,5,,,,2026-01
4725,155,2024-08-22,2024-08-22 14:10:00,Indore,Tier 2,Cash on Delivery,Delivered,1062.1,7,7.0,False,2024-08-29,2024-08
4726,696,2026-05-27,2026-05-27 20:35:00,Hyderabad,Tier 1,Debit Card,RTO,1019.0,2,,,,2026-05
4727,6,2025-02-02,2025-02-02 12:40:00,Hyderabad,Tier 1,UPI,Returned,3782.3,4,,,,2025-02
4728,87,2026-03-28,2026-03-28 01:20:00,Mumbai,Tier 1,Debit Card,Delivered,6251.1,5,5.0,False,2026-04-02,2026-03
4729,412,2026-03-22,2026-03-22 00:29:00,Jaipur,Tier 2,UPI,Returned,36622.35,2,,,,2026-03
4730,1053,2025-12-28,2025-12-28 18:39:00,Bhopal,Tier 2,Debit Card,Delivered,2741.0,2,3.0,True,2025-12-31,2025-12
4731,155,2025-11-30,2025-11-30 11:37:00,Indore,Tier 2,Cash on Delivery,Delivered,4922.25,4,7.0,True,2025-12-07,2025-11
4732,948,2026-06-29,2026-06-29 09:40:00,Indore,Tier 2,UPI,Delivered,1226.5,5,6.0,True,2026-07-05,2026-06
4733,933,2024-09-14,2024-09-14 10:44:00,Pune,Tier 1,Debit Card,Delivered,38436.6,2,4.0,True,2024-09-18,2024-09
4734,777,2026-06-29,2026-06-29 09:43:00,Indore,Tier 2,UPI,Delivered,783.75,3,2.0,False,2026-07-01,2026-06
4735,685,2026-06-17,2026-06-17 22:59:00,Pune,Tier 1,UPI,Cancelled,12784.85,7,,,,2026-06
4736,933,2025-01-03,2025-01-03 16:19:00,Pune,Tier 1,Credit Card,Delivered,5087.4,4,6.0,True,2025-01-09,2025-01
4737,1051,2025-12-05,2025-12-05 14:35:00,Vadodara,Tier 2,Cash on Delivery,Delivered,676.8,4,4.0,False,2025-12-09,2025-12
4738,1146,2025-06-15,2025-06-15 02:41:00,Ahmedabad,Tier 2,UPI,RTO,37423.1,2,,,,2025-06
4739,850,2025-06-28,2025-06-28 16:31:00,Ghaziabad,Tier 3,Credit Card,Delivered,38196.65,4,4.0,False,2025-07-02,2025-06
4740,1158,2026-03-30,2026-03-30 10:05:00,Lucknow,Tier 2,UPI,Delivered,33027.7,2,3.0,True,2026-04-02,2026-03
4741,1114,2025-10-28,2025-10-28 21:49:00,Indore,Tier 2,UPI,Delivered,2462.0,2,2.0,False,2025-10-30,2025-10
4742,533,2026-04-27,2026-04-27 09:29:00,Chennai,Tier 1,Debit Card,Delivered,27918.0,7,9.0,True,2026-05-06,2026-04
4743,281,2025-03-28,2025-03-28 18:55:00,Hyderabad,Tier 1,Cash on Delivery,Delivered,2247.0,2,2.0,False,2025-03-30,2025-03
4744,572,2025-02-02,2025-02-02 10:51:00,Hyderabad,Tier 1,Credit Card,Returned,410.0,7,,,,2025-02
4745,1105,2026-01-25,2026-01-25 23:31:00,Lucknow,Tier 2,Credit Card,Delivered,29551.1,5,6.0,True,2026-01-31,2026-01
4746,521,2025-06-20,2025-06-20 13:44:00,Nagpur,Tier 2,UPI,Delivered,419.25,2,2.0,False,2025-06-22,2025-06
4747,764,2025-10-30,2025-10-30 19:56:00,Delhi,Tier 1,Debit Card,Delivered,949.0,2,5.0,True,2025-11-04,2025-10
4748,447,2026-04-24,2026-04-24 05:36:00,Kanpur,Tier 2,UPI,Delivered,986.0,2,4.0,True,2026-04-28,2026-04
4749,222,2026-06-21,2026-06-21 22:15:00,Delhi,Tier 1,Cash on Delivery,Delivered,2329.85,3,6.0,True,2026-06-27,2026-06
4750,680,2025-08-22,2025-08-22 01:35:00,Jaipur,Tier 2,Credit Card,Delivered,2401.65,3,4.0,True,2025-08-26,2025-08
4751,798,2025-08-18,2025-08-18 00:59:00,Surat,Tier 2,Credit Card,Delivered,2990.4,7,8.0,True,2025-08-26,2025-08
4752,249,2025-12-09,2025-12-09 09:06:00,Delhi,Tier 1,Cash on Delivery,Returned,3395.1,2,,,,2025-12
4753,553,2025-11-04,2025-11-04 07:57:00,Kanpur,Tier 2,Debit Card,Delivered,2394.0,5,4.0,False,2025-11-08,2025-11
4754,187,2026-04-11,2026-04-11 04:15:00,Chennai,Tier 1,Credit Card,Returned,1256.0,3,,,,2026-04
4755,325,2026-05-04,2026-05-04 15:34:00,Chennai,Tier 1,Credit Card,Delivered,750.0,4,6.0,True,2026-05-10,2026-05
4756,713,2025-07-20,2025-07-20 20:20:00,Chennai,Tier 1,UPI,Delivered,1491.0,2,2.0,False,2025-07-22,2025-07
4757,1077,2026-01-22,2026-01-22 17:06:00,Bhopal,Tier 2,Debit Card,Delivered,1313.85,3,3.0,False,2026-01-25,2026-01
4758,521,2025-07-26,2025-07-26 05:31:00,Nagpur,Tier 2,UPI,Delivered,22663.2,2,2.0,False,2025-07-28,2025-07
4759,672,2026-06-29,2026-06-29 20:42:00,Bengaluru,Tier 1,UPI,Delivered,2136.6,7,7.0,False,2026-07-06,2026-06
4760,390,2026-04-17,2026-04-17 05:13:00,Mumbai,Tier 1,Cash on Delivery,Returned,4720.5,5,,,,2026-04
4761,361,2026-02-27,2026-02-27 12:07:00,Lucknow,Tier 2,Credit Card,Cancelled,413.0,7,,,,2026-02
4762,56,2026-05-22,2026-05-22 06:09:00,Indore,Tier 2,UPI,Delivered,1079.5,3,3.0,False,2026-05-25,2026-05
4763,776,2025-06-22,2025-06-22 11:42:00,Bengaluru,Tier 1,Cash on Delivery,Delivered,2129.25,2,1.0,False,2025-06-23,2025-06
4764,895,2025-09-14,2025-09-14 16:58:00,Surat,Tier 2,Cash on Delivery,Cancelled,5822.2,3,,,,2025-09
4765,465,2026-04-21,2026-04-21 10:39:00,Hyderabad,Tier 1,Cash on Delivery,Returned,32153.4,7,,,,2026-04
4766,64,2025-12-06,2025-12-06 20:03:00,Surat,Tier 2,UPI,Delivered,12056.2,7,7.0,False,2025-12-13,2025-12
4767,790,2025-05-29,2025-05-29 20:29:00,Pune,Tier 1,UPI,Delivered,417.0,4,5.0,True,2025-06-03,2025-05
4768,1005,2026-04-13,2026-04-13 15:05:00,Surat,Tier 2,Debit Card,RTO,4475.05,3,,,,2026-04
4769,325,2026-03-17,2026-03-17 06:31:00,Chennai,Tier 1,Cash on Delivery,RTO,86505.9,5,,,,2026-03
4770,1055,2025-03-09,2025-03-09 19:10:00,Indore,Tier 2,Cash on Delivery,Delivered,43587.4,7,8.0,True,2025-03-17,2025-03
4771,544,2025-05-26,2025-05-26 05:16:00,Surat,Tier 2,UPI,Returned,3212.25,3,,,,2025-05
4772,768,2026-06-22,2026-06-22 14:09:00,Delhi,Tier 1,UPI,Delivered,63961.2,4,6.0,True,2026-06-28,2026-06
4773,944,2025-11-28,2025-11-28 14:55:00,Guwahati,Tier 3,Credit Card,Delivered,352.8,5,6.0,True,2025-12-04,2025-11
4774,249,2025-01-15,2025-01-15 08:44:00,Delhi,Tier 1,Net Banking,Cancelled,1922.0,2,,,,2025-01
4775,1122,2026-06-06,2026-06-06 12:31:00,Bhopal,Tier 2,Credit Card,Returned,7805.0,3,,,,2026-06
4776,391,2024-11-16,2024-11-16 00:35:00,Kanpur,Tier 2,UPI,Delivered,34766.0,4,5.0,True,2024-11-21,2024-11
4777,533,2025-09-16,2025-09-16 06:39:00,Chennai,Tier 1,UPI,Returned,1733.85,4,,,,2025-09
4778,972,2025-11-16,2025-11-16 03:52:00,Surat,Tier 2,Credit Card,Delivered,682.55,2,3.0,True,2025-11-19,2025-11
4779,5,2025-12-24,2025-12-24 16:40:00,Jaipur,Tier 2,Credit Card,RTO,6072.6,3,,,,2025-12
4780,337,2025-06-14,2025-06-14 22:11:00,Bengaluru,Tier 1,Credit Card,Returned,44564.5,7,,,,2025-06
4781,561,2026-04-08,2026-04-08 12:13:00,Ghaziabad,Tier 3,UPI,Cancelled,718.2,5,,,,2026-04
4782,662,2026-05-16,2026-05-16 17:26:00,Patna,Tier 3,Cash on Delivery,Delivered,1952.1,7,9.0,True,2026-05-25,2026-05
4783,179,2025-12-25,2025-12-25 01:29:00,Bhopal,Tier 2,UPI,Returned,1385.8,4,,,,2025-12
4784,396,2026-04-05,2026-04-05 18:04:00,Mumbai,Tier 1,Credit Card,Delivered,1341.9,3,6.0,True,2026-04-11,2026-04
4785,2,2026-06-04,2026-06-04 05:20:00,Vadodara,Tier 2,Cash on Delivery,Delivered,3039.0,7,10.0,True,2026-06-14,2026-06
4786,350,2024-07-26,2024-07-26 10:32:00,Pune,Tier 1,UPI,Delivered,3386.25,3,6.0,True,2024-08-01,2024-07
4787,1102,2026-01-03,2026-01-03 11:10:00,Lucknow,Tier 2,Debit Card,Delivered,4279.0,4,4.0,False,2026-01-07,2026-01
4788,384,2026-03-20,2026-03-20 12:55:00,Bhopal,Tier 2,Credit Card,Delivered,374.85,7,10.0,True,2026-03-30,2026-03
4789,386,2025-12-07,2025-12-07 14:28:00,Pune,Tier 1,UPI,Delivered,5662.45,4,6.0,True,2025-12-13,2025-12
4790,1143,2026-06-12,2026-06-12 10:40:00,Hyderabad,Tier 1,UPI,Delivered,5890.9,4,6.0,True,2026-06-18,2026-06
4791,728,2026-06-16,2026-06-16 16:31:00,Hyderabad,Tier 1,Credit Card,Delivered,1704.0,7,7.0,False,2026-06-23,2026-06
4792,1072,2026-05-28,2026-05-28 02:48:00,Lucknow,Tier 2,Credit Card,Delivered,1156.0,3,2.0,False,2026-05-30,2026-05
4793,137,2026-05-31,2026-05-31 02:05:00,Delhi,Tier 1,UPI,Delivered,1193.2,2,2.0,False,2026-06-02,2026-05
4794,1153,2025-12-30,2025-12-30 06:30:00,Vadodara,Tier 2,UPI,Returned,36796.0,3,,,,2025-12
4795,399,2026-03-27,2026-03-27 01:46:00,Ghaziabad,Tier 3,UPI,Delivered,1386.0,3,6.0,True,2026-04-02,2026-03
4796,790,2025-10-07,2025-10-07 20:18:00,Pune,Tier 1,UPI,Delivered,1875.0,3,6.0,True,2025-10-13,2025-10
4797,288,2026-05-06,2026-05-06 15:45:00,Coimbatore,Tier 2,Cash on Delivery,Cancelled,1492.5,2,,,,2026-05
4798,917,2026-02-11,2026-02-11 09:01:00,Kolkata,Tier 1,Cash on Delivery,Delivered,2263.8,5,5.0,False,2026-02-16,2026-02
4799,46,2025-07-13,2025-07-13 15:27:00,Chennai,Tier 1,Cash on Delivery,Cancelled,4411.95,2,,,,2025-07
4800,1089,2026-06-17,2026-06-17 15:33:00,Kanpur,Tier 2,Credit Card,RTO,635.0,3,,,,2026-06
4801,718,2025-05-24,2025-05-24 05:57:00,Guwahati,Tier 3,UPI,Delivered,2492.25,2,1.0,False,2025-05-25,2025-05
4802,811,2026-01-26,2026-01-26 12:10:00,Coimbatore,Tier 2,Debit Card,Delivered,2427.85,3,4.0,True,2026-01-30,2026-01
4803,509,2025-03-27,2025-03-27 07:31:00,Delhi,Tier 1,UPI,Returned,5952.6,2,,,,2025-03
4804,524,2026-04-02,2026-04-02 03:55:00,Kolkata,Tier 1,UPI,Delivered,3592.8,7,7.0,False,2026-04-09,2026-04
4805,660,2026-06-27,2026-06-27 05:32:00,Ghaziabad,Tier 3,Debit Card,RTO,856.0,5,,,,2026-06
4806,887,2025-09-06,2025-09-06 21:29:00,Coimbatore,Tier 2,UPI,Delivered,898.0,7,8.0,True,2025-09-14,2025-09
4807,1016,2024-04-30,2024-04-30 19:39:00,Coimbatore,Tier 2,Cash on Delivery,Delivered,598.5,5,6.0,True,2024-05-06,2024-04
4808,138,2025-11-03,2025-11-03 03:19:00,Delhi,Tier 1,Debit Card,RTO,1929.5,7,,,,2025-11
4809,337,2025-08-31,2025-08-31 10:04:00,Bengaluru,Tier 1,UPI,Cancelled,9523.2,4,,,,2025-08
4810,1012,2026-04-23,2026-04-23 16:21:00,Delhi,Tier 1,Cash on Delivery,Delivered,1415.2,7,8.0,True,2026-05-01,2026-04
4811,933,2026-05-27,2026-05-27 11:40:00,Pune,Tier 1,Cash on Delivery,Cancelled,34663.0,4,,,,2026-05
4812,615,2026-06-07,2026-06-07 05:35:00,Surat,Tier 2,Debit Card,Delivered,40307.1,4,4.0,False,2026-06-11,2026-06
4813,814,2025-12-10,2025-12-10 21:10:00,Bhopal,Tier 2,UPI,RTO,3465.0,7,,,,2025-12
4814,1106,2025-12-05,2025-12-05 10:40:00,Surat,Tier 2,UPI,Delivered,1386.0,4,5.0,True,2025-12-10,2025-12
4815,95,2025-09-10,2025-09-10 15:28:00,Indore,Tier 2,UPI,Delivered,945.25,7,6.0,False,2025-09-16,2025-09
4816,489,2026-02-23,2026-02-23 10:57:00,Surat,Tier 2,UPI,Delivered,41782.0,5,8.0,True,2026-03-03,2026-02
4817,837,2026-06-13,2026-06-13 09:00:00,Delhi,Tier 1,Debit Card,Cancelled,51002.75,5,,,,2026-06
4818,258,2025-09-20,2025-09-20 08:34:00,Ghaziabad,Tier 3,UPI,Delivered,30367.1,4,5.0,True,2025-09-25,2025-09
4819,34,2024-04-12,2024-04-12 21:45:00,Pune,Tier 1,Credit Card,Delivered,38553.6,7,8.0,True,2024-04-20,2024-04
4820,318,2024-08-13,2024-08-13 20:17:00,Vadodara,Tier 2,UPI,Cancelled,735.25,5,,,,2024-08
4821,309,2026-05-28,2026-05-28 22:08:00,Guwahati,Tier 3,Cash on Delivery,Delivered,798.0,2,5.0,True,2026-06-02,2026-05
4822,1042,2026-05-27,2026-05-27 09:56:00,Coimbatore,Tier 2,Debit Card,Delivered,768.0,4,5.0,True,2026-06-01,2026-05
4823,576,2026-04-21,2026-04-21 01:30:00,Coimbatore,Tier 2,Debit Card,Delivered,12373.95,5,6.0,True,2026-04-27,2026-04
4824,1038,2026-03-27,2026-03-27 06:05:00,Jaipur,Tier 2,UPI,Delivered,45485.2,2,3.0,True,2026-03-30,2026-03
4825,253,2025-09-27,2025-09-27 21:37:00,Kanpur,Tier 2,UPI,Delivered,423.0,4,5.0,True,2025-10-02,2025-09
4826,700,2026-04-06,2026-04-06 10:12:00,Pune,Tier 1,Credit Card,Delivered,3815.4,7,6.0,False,2026-04-12,2026-04
4827,186,2026-05-14,2026-05-14 12:21:00,Vadodara,Tier 2,UPI,Delivered,4960.5,4,5.0,True,2026-05-19,2026-05
4828,804,2026-02-28,2026-02-28 15:12:00,Kolkata,Tier 1,UPI,Delivered,7570.35,4,7.0,True,2026-03-07,2026-02
4829,1052,2025-12-18,2025-12-18 14:01:00,Chennai,Tier 1,UPI,Delivered,1204.65,4,5.0,True,2025-12-23,2025-12
4830,272,2026-02-26,2026-02-26 09:48:00,Ghaziabad,Tier 3,UPI,RTO,935.85,4,,,,2026-02
4831,710,2025-02-09,2025-02-09 02:46:00,Pune,Tier 1,Credit Card,Delivered,9563.0,4,6.0,True,2025-02-15,2025-02
4832,829,2025-11-01,2025-11-01 12:25:00,Ghaziabad,Tier 3,Debit Card,RTO,682.55,3,,,,2025-11
4833,895,2025-12-18,2025-12-18 18:09:00,Surat,Tier 2,UPI,Delivered,4515.0,5,6.0,True,2025-12-24,2025-12
4834,1036,2026-01-07,2026-01-07 01:25:00,Ahmedabad,Tier 2,UPI,Returned,6614.0,3,,,,2026-01
4835,952,2026-01-08,2026-01-08 10:21:00,Nagpur,Tier 2,Cash on Delivery,Returned,1045.95,3,,,,2026-01
4836,325,2026-06-03,2026-06-03 02:16:00,Chennai,Tier 1,UPI,Cancelled,1883.6,7,,,,2026-06
4837,1092,2026-04-17,2026-04-17 05:32:00,Bhopal,Tier 2,UPI,Returned,1772.8,5,,,,2026-04
4838,778,2026-03-14,2026-03-14 10:13:00,Chennai,Tier 1,Credit Card,Delivered,2462.0,2,1.0,False,2026-03-15,2026-03
4839,399,2025-10-26,2025-10-26 04:54:00,Ghaziabad,Tier 3,Cash on Delivery,Delivered,4158.0,5,7.0,True,2025-11-02,2025-10
4840,507,2025-08-31,2025-08-31 02:29:00,Nagpur,Tier 2,UPI,Delivered,3822.8,5,5.0,False,2025-09-05,2025-08
4841,972,2026-04-13,2026-04-13 22:31:00,Surat,Tier 2,UPI,RTO,973.8,3,,,,2026-04
4842,301,2026-02-26,2026-02-26 01:48:00,Hyderabad,Tier 1,UPI,Delivered,2359.6,3,6.0,True,2026-03-04,2026-02
4843,1172,2024-12-29,2024-12-29 18:57:00,Patna,Tier 3,Cash on Delivery,Delivered,432.8,5,5.0,False,2025-01-03,2024-12
4844,275,2025-12-20,2025-12-20 05:18:00,Patna,Tier 3,Debit Card,Delivered,1244.0,5,4.0,False,2025-12-24,2025-12
4845,1,2024-05-23,2024-05-23 14:29:00,Hyderabad,Tier 1,Cash on Delivery,RTO,1113.4,4,,,,2024-05
4846,489,2026-06-21,2026-06-21 12:16:00,Surat,Tier 2,UPI,Cancelled,40918.8,3,,,,2026-06
4847,113,2024-10-15,2024-10-15 03:54:00,Guwahati,Tier 3,Cash on Delivery,Delivered,2151.2,3,3.0,False,2024-10-18,2024-10
4848,504,2026-05-20,2026-05-20 09:04:00,Delhi,Tier 1,UPI,Returned,2323.95,2,,,,2026-05
4849,610,2026-01-13,2026-01-13 08:35:00,Vadodara,Tier 2,Debit Card,RTO,799.2,7,,,,2026-01
4850,972,2026-03-23,2026-03-23 21:55:00,Surat,Tier 2,Cash on Delivery,Delivered,610.0,3,4.0,True,2026-03-27,2026-03
4851,386,2026-05-01,2026-05-01 19:53:00,Pune,Tier 1,Cash on Delivery,RTO,3640.55,2,,,,2026-05
4852,672,2026-05-01,2026-05-01 04:04:00,Bengaluru,Tier 1,Debit Card,Returned,97098.7,3,,,,2026-05
4853,290,2026-03-10,2026-03-10 06:56:00,Coimbatore,Tier 2,Credit Card,Delivered,10757.6,4,5.0,True,2026-03-15,2026-03
4854,601,2026-06-24,2026-06-24 23:31:00,Pune,Tier 1,UPI,Delivered,120499.8,2,2.0,False,2026-06-26,2026-06
4855,533,2025-09-26,2025-09-26 20:48:00,Chennai,Tier 1,Credit Card,Delivered,5106.9,2,3.0,True,2025-09-29,2025-09
4856,523,2025-03-17,2025-03-17 02:09:00,Ahmedabad,Tier 2,Net Banking,Delivered,615.75,7,10.0,True,2025-03-27,2025-03
4857,1149,2026-05-16,2026-05-16 04:05:00,Ahmedabad,Tier 2,Cash on Delivery,Delivered,682.55,4,4.0,False,2026-05-20,2026-05
4858,1009,2025-01-19,2025-01-19 21:21:00,Surat,Tier 2,Credit Card,RTO,3414.0,4,,,,2025-01
4859,837,2026-06-25,2026-06-25 08:18:00,Delhi,Tier 1,Credit Card,Delivered,3578.4,5,5.0,False,2026-06-30,2026-06
4860,672,2026-05-11,2026-05-11 19:13:00,Bengaluru,Tier 1,Cash on Delivery,Returned,1633.0,5,,,,2026-05
4861,507,2025-03-22,2025-03-22 21:33:00,Nagpur,Tier 2,Credit Card,Returned,35410.2,2,,,,2025-03
4862,532,2026-02-24,2026-02-24 11:40:00,Jaipur,Tier 2,UPI,Delivered,670.5,7,7.0,False,2026-03-03,2026-02
4863,453,2026-01-08,2026-01-08 21:28:00,Indore,Tier 2,UPI,Delivered,13441.0,3,3.0,False,2026-01-11,2026-01
4864,257,2025-10-04,2025-10-04 22:52:00,Bengaluru,Tier 1,Net Banking,Delivered,1087.0,5,5.0,False,2025-10-09,2025-10
4865,183,2026-01-28,2026-01-28 16:13:00,Kanpur,Tier 2,UPI,Delivered,2226.45,4,6.0,True,2026-02-03,2026-01
4866,687,2025-09-16,2025-09-16 13:30:00,Lucknow,Tier 2,Cash on Delivery,Delivered,74231.2,7,8.0,True,2025-09-24,2025-09
4867,359,2025-02-08,2025-02-08 01:13:00,Delhi,Tier 1,Credit Card,Cancelled,100542.4,3,,,,2025-02
4868,1175,2025-07-22,2025-07-22 01:23:00,Bhopal,Tier 2,UPI,RTO,2274.3,4,,,,2025-07
4869,808,2025-03-14,2025-03-14 21:37:00,Vadodara,Tier 2,Debit Card,Delivered,405.75,5,6.0,True,2025-03-20,2025-03
4870,1118,2026-05-15,2026-05-15 16:25:00,Bhopal,Tier 2,UPI,Delivered,3495.3,5,7.0,True,2026-05-22,2026-05
4871,1196,2026-01-30,2026-01-30 11:29:00,Delhi,Tier 1,UPI,Delivered,3585.6,4,4.0,False,2026-02-03,2026-01
4872,936,2026-03-30,2026-03-30 05:31:00,Ghaziabad,Tier 3,UPI,Delivered,909.5,3,5.0,True,2026-04-04,2026-03
4873,1150,2025-08-23,2025-08-23 09:39:00,Bhopal,Tier 2,UPI,Delivered,9030.0,5,7.0,True,2025-08-30,2025-08
4874,382,2026-04-03,2026-04-03 19:57:00,Bhopal,Tier 2,UPI,Delivered,2976.3,7,10.0,True,2026-04-13,2026-04
4875,977,2025-09-05,2025-09-05 22:18:00,Kolkata,Tier 1,Net Banking,Delivered,32798.6,5,5.0,False,2025-09-10,2025-09
4876,663,2025-01-18,2025-01-18 05:16:00,Ahmedabad,Tier 2,UPI,Delivered,4746.2,5,5.0,False,2025-01-23,2025-01
4877,195,2026-04-20,2026-04-20 02:58:00,Ahmedabad,Tier 2,UPI,Delivered,598.5,3,4.0,True,2026-04-24,2026-04
4878,141,2026-06-02,2026-06-02 14:41:00,Vadodara,Tier 2,UPI,Delivered,2431.45,5,6.0,True,2026-06-08,2026-06
4879,550,2026-01-13,2026-01-13 20:50:00,Chennai,Tier 1,Cash on Delivery,Delivered,44617.75,3,6.0,True,2026-01-19,2026-01
4880,996,2026-06-07,2026-06-07 16:59:00,Chennai,Tier 1,Cash on Delivery,Delivered,59635.8,5,8.0,True,2026-06-15,2026-06
4881,160,2026-02-22,2026-02-22 03:39:00,Guwahati,Tier 3,Credit Card,Delivered,1491.0,4,5.0,True,2026-02-27,2026-02
4882,138,2025-05-16,2025-05-16 03:02:00,Delhi,Tier 1,Cash on Delivery,Delivered,2867.6,7,9.0,True,2025-05-25,2025-05
4883,1045,2025-03-12,2025-03-12 02:23:00,Nagpur,Tier 2,Credit Card,Delivered,405.75,3,6.0,True,2025-03-18,2025-03
4884,362,2025-08-04,2025-08-04 02:46:00,Chennai,Tier 1,Cash on Delivery,Delivered,38175.2,5,5.0,False,2025-08-09,2025-08
4885,826,2026-02-26,2026-02-26 08:11:00,Ahmedabad,Tier 2,UPI,Delivered,1092.0,2,4.0,True,2026-03-02,2026-02
4886,700,2026-06-06,2026-06-06 15:26:00,Pune,Tier 1,UPI,Cancelled,541.0,5,,,,2026-06
4887,1045,2026-06-13,2026-06-13 04:47:00,Nagpur,Tier 2,UPI,RTO,3910.25,3,,,,2026-06
4888,135,2026-06-11,2026-06-11 07:11:00,Bhopal,Tier 2,Debit Card,Delivered,3561.0,3,3.0,False,2026-06-14,2026-06
4889,47,2026-02-05,2026-02-05 14:23:00,Surat,Tier 2,Cash on Delivery,Cancelled,40207.0,3,,,,2026-02
4890,489,2025-09-28,2025-09-28 16:39:00,Surat,Tier 2,Net Banking,Cancelled,7868.85,2,,,,2025-09
4891,236,2026-02-01,2026-02-01 04:49:00,Bengaluru,Tier 1,Debit Card,Delivered,39201.2,2,4.0,True,2026-02-05,2026-02
4892,509,2026-06-20,2026-06-20 14:55:00,Delhi,Tier 1,Debit Card,Delivered,11832.75,4,5.0,True,2026-06-25,2026-06
4893,869,2026-02-15,2026-02-15 19:12:00,Guwahati,Tier 3,Credit Card,Delivered,8128.55,4,7.0,True,2026-02-22,2026-02
4894,519,2025-01-30,2025-01-30 18:37:00,Jaipur,Tier 2,UPI,Delivered,4069.8,2,5.0,True,2025-02-04,2025-01
4895,1104,2026-05-03,2026-05-03 08:48:00,Bhopal,Tier 2,UPI,Delivered,1535.4,3,5.0,True,2026-05-08,2026-05
4896,514,2026-04-19,2026-04-19 22:07:00,Bengaluru,Tier 1,UPI,Delivered,44037.4,5,5.0,False,2026-04-24,2026-04
4897,911,2024-06-24,2024-06-24 14:48:00,Patna,Tier 3,Cash on Delivery,Delivered,2259.0,2,2.0,False,2024-06-26,2024-06
4898,648,2025-07-19,2025-07-19 05:28:00,Kanpur,Tier 2,Credit Card,RTO,3738.0,7,,,,2025-07
4899,715,2025-01-06,2025-01-06 13:48:00,Nagpur,Tier 2,Cash on Delivery,Delivered,528.2,4,5.0,True,2025-01-11,2025-01
4900,890,2026-04-05,2026-04-05 11:56:00,Coimbatore,Tier 2,Debit Card,Delivered,3362.5,2,1.0,False,2026-04-06,2026-04
4901,777,2025-07-24,2025-07-24 00:26:00,Indore,Tier 2,Debit Card,Delivered,55836.0,2,1.0,False,2025-07-25,2025-07
4902,422,2026-05-26,2026-05-26 08:10:00,Surat,Tier 2,Credit Card,Delivered,6744.4,5,5.0,False,2026-05-31,2026-05
4903,447,2025-04-19,2025-04-19 06:44:00,Kanpur,Tier 2,Credit Card,Delivered,5697.6,7,7.0,False,2025-04-26,2025-04
4904,632,2025-05-09,2025-05-09 05:57:00,Kolkata,Tier 1,Cash on Delivery,Delivered,4873.5,4,6.0,True,2025-05-15,2025-05
4905,119,2026-02-15,2026-02-15 18:00:00,Surat,Tier 2,UPI,Delivered,18169.7,5,4.0,False,2026-02-19,2026-02
4906,319,2025-11-04,2025-11-04 16:56:00,Coimbatore,Tier 2,Cash on Delivery,Delivered,26344.0,3,2.0,False,2025-11-06,2025-11
4907,304,2024-03-12,2024-03-12 23:19:00,Chennai,Tier 1,Debit Card,Delivered,3516.0,2,2.0,False,2024-03-14,2024-03
4908,576,2026-03-09,2026-03-09 21:52:00,Coimbatore,Tier 2,Credit Card,Delivered,783.75,4,3.0,False,2026-03-12,2026-03
4909,575,2026-05-07,2026-05-07 01:08:00,Indore,Tier 2,UPI,Delivered,37199.15,7,8.0,True,2026-05-15,2026-05
4910,415,2025-06-08,2025-06-08 13:55:00,Chennai,Tier 1,Credit Card,Delivered,1344.5,7,8.0,True,2025-06-16,2025-06
4911,35,2026-03-16,2026-03-16 03:53:00,Mumbai,Tier 1,Debit Card,Delivered,10178.5,5,8.0,True,2026-03-24,2026-03
4912,531,2024-12-26,2024-12-26 15:54:00,Delhi,Tier 1,Credit Card,Delivered,3123.45,5,5.0,False,2024-12-31,2024-12
4913,274,2025-02-16,2025-02-16 09:11:00,Pune,Tier 1,Net Banking,Delivered,1288.8,7,7.0,False,2025-02-23,2025-02
4914,748,2026-02-13,2026-02-13 19:50:00,Ghaziabad,Tier 3,Credit Card,Delivered,34366.6,2,3.0,True,2026-02-16,2026-02
4915,505,2024-02-28,2024-02-28 13:23:00,Hyderabad,Tier 1,UPI,Returned,2689.0,5,,,,2024-02
4916,314,2026-05-20,2026-05-20 21:40:00,Surat,Tier 2,Debit Card,Returned,5754.45,4,,,,2026-05
4917,1080,2025-09-18,2025-09-18 05:52:00,Bhopal,Tier 2,UPI,Cancelled,2645.6,4,,,,2025-09
4918,1172,2024-05-19,2024-05-19 10:44:00,Patna,Tier 3,UPI,Delivered,5027.9,5,7.0,True,2024-05-26,2024-05
4919,869,2025-09-01,2025-09-01 10:36:00,Guwahati,Tier 3,Credit Card,Delivered,72642.5,4,4.0,False,2025-09-05,2025-09
4920,465,2025-05-02,2025-05-02 12:31:00,Hyderabad,Tier 1,Cash on Delivery,Cancelled,77788.9,4,,,,2025-05
4921,1118,2026-05-21,2026-05-21 05:54:00,Bhopal,Tier 2,UPI,Cancelled,318.0,3,,,,2026-05
4922,811,2026-06-23,2026-06-23 10:40:00,Coimbatore,Tier 2,Debit Card,Returned,3234.3,5,,,,2026-06
4923,105,2026-06-06,2026-06-06 13:28:00,Kolkata,Tier 1,UPI,Returned,23645.7,7,,,,2026-06
4924,1190,2026-06-04,2026-06-04 06:08:00,Ghaziabad,Tier 3,Credit Card,Delivered,1843.2,7,8.0,True,2026-06-12,2026-06
4925,262,2025-01-23,2025-01-23 03:42:00,Kanpur,Tier 2,Cash on Delivery,Delivered,1172.0,7,10.0,True,2025-02-02,2025-01
4926,228,2026-04-23,2026-04-23 22:07:00,Pune,Tier 1,UPI,Delivered,13926.3,4,5.0,True,2026-04-28,2026-04
4927,266,2025-10-07,2025-10-07 18:04:00,Chennai,Tier 1,Net Banking,Cancelled,36064.75,2,,,,2025-10
4928,752,2025-12-19,2025-12-19 09:10:00,Kanpur,Tier 2,UPI,Delivered,3585.6,2,3.0,True,2025-12-22,2025-12
4929,532,2026-01-28,2026-01-28 02:10:00,Jaipur,Tier 2,Credit Card,Delivered,8297.3,5,4.0,False,2026-02-01,2026-01
4930,1051,2026-06-12,2026-06-12 03:03:00,Vadodara,Tier 2,UPI,RTO,564.0,7,,,,2026-06
4931,675,2025-08-13,2025-08-13 03:02:00,Bhopal,Tier 2,UPI,Delivered,6058.0,7,8.0,True,2025-08-21,2025-08
4932,814,2026-02-20,2026-02-20 21:41:00,Bhopal,Tier 2,Credit Card,Cancelled,3601.95,2,,,,2026-02
4933,994,2025-10-15,2025-10-15 01:32:00,Coimbatore,Tier 2,UPI,Delivered,546.0,4,4.0,False,2025-10-19,2025-10
4934,1019,2026-03-22,2026-03-22 11:52:00,Indore,Tier 2,Credit Card,Returned,20138.4,2,,,,2026-03
4935,390,2025-11-23,2025-11-23 08:09:00,Mumbai,Tier 1,Debit Card,RTO,4924.8,7,,,,2025-11
4936,12,2026-01-18,2026-01-18 15:25:00,Delhi,Tier 1,Debit Card,Cancelled,78010.2,7,,,,2026-01
4937,560,2026-06-07,2026-06-07 09:04:00,Kolkata,Tier 1,UPI,Delivered,9563.0,4,4.0,False,2026-06-11,2026-06
4938,789,2026-06-08,2026-06-08 01:45:00,Nagpur,Tier 2,UPI,Delivered,2257.6,4,4.0,False,2026-06-12,2026-06
4939,1037,2026-02-19,2026-02-19 02:07:00,Vadodara,Tier 2,Cash on Delivery,Delivered,67690.7,5,6.0,True,2026-02-25,2026-02
4940,832,2025-10-12,2025-10-12 16:31:00,Delhi,Tier 1,Debit Card,Delivered,34671.2,2,3.0,True,2025-10-15,2025-10
4941,1161,2025-10-18,2025-10-18 18:39:00,Mumbai,Tier 1,Credit Card,Delivered,45010.3,5,8.0,True,2025-10-26,2025-10
4942,869,2026-05-10,2026-05-10 19:21:00,Guwahati,Tier 3,Debit Card,Delivered,3711.95,3,3.0,False,2026-05-13,2026-05
4943,204,2024-09-01,2024-09-01 07:41:00,Jaipur,Tier 2,Cash on Delivery,Delivered,33501.55,2,3.0,True,2024-09-04,2024-09
4944,764,2026-04-20,2026-04-20 14:56:00,Delhi,Tier 1,Net Banking,Returned,762.85,5,,,,2026-04
4945,492,2026-06-24,2026-06-24 06:28:00,Nagpur,Tier 2,Credit Card,RTO,889.15,4,,,,2026-06
4946,220,2026-06-08,2026-06-08 17:01:00,Vadodara,Tier 2,UPI,Delivered,4344.0,2,3.0,True,2026-06-11,2026-06
4947,155,2025-08-25,2025-08-25 10:19:00,Indore,Tier 2,UPI,Delivered,300.0,3,5.0,True,2025-08-30,2025-08
4948,1075,2026-01-12,2026-01-12 22:35:00,Kolkata,Tier 1,Net Banking,Returned,205.0,3,,,,2026-01
4949,131,2025-09-09,2025-09-09 01:57:00,Ahmedabad,Tier 2,Cash on Delivery,Delivered,417.0,7,7.0,False,2025-09-16,2025-09
4950,1186,2026-06-20,2026-06-20 00:19:00,Jaipur,Tier 2,Credit Card,Returned,42999.9,2,,,,2026-06
4951,42,2025-10-29,2025-10-29 07:12:00,Coimbatore,Tier 2,Net Banking,Delivered,15381.35,7,6.0,False,2025-11-04,2025-10
4952,582,2024-04-28,2024-04-28 05:38:00,Indore,Tier 2,Credit Card,Delivered,1364.0,3,3.0,False,2024-05-01,2024-04
4953,581,2025-11-15,2025-11-15 00:47:00,Patna,Tier 3,UPI,Delivered,680.0,7,8.0,True,2025-11-23,2025-11
4954,1075,2025-10-30,2025-10-30 23:59:00,Kolkata,Tier 1,Debit Card,Delivered,2899.0,7,7.0,False,2025-11-06,2025-10
4955,47,2025-12-30,2025-12-30 13:37:00,Surat,Tier 2,Net Banking,Delivered,2331.8,2,2.0,False,2026-01-01,2025-12
4956,1076,2026-03-19,2026-03-19 00:44:00,Pune,Tier 1,Debit Card,Delivered,36241.55,3,5.0,True,2026-03-24,2026-03
4957,753,2026-05-12,2026-05-12 14:47:00,Bengaluru,Tier 1,Cash on Delivery,RTO,3321.0,4,,,,2026-05
4958,1181,2026-01-25,2026-01-25 01:18:00,Ghaziabad,Tier 3,Debit Card,Delivered,996.2,5,5.0,False,2026-01-30,2026-01
4959,293,2026-03-23,2026-03-23 23:20:00,Chennai,Tier 1,UPI,Delivered,436.8,7,8.0,True,2026-03-31,2026-03
4960,376,2026-02-25,2026-02-25 04:51:00,Bhopal,Tier 2,UPI,Cancelled,37220.7,3,,,,2026-02
4961,1105,2026-01-29,2026-01-29 02:58:00,Lucknow,Tier 2,Cash on Delivery,Delivered,1955.0,3,3.0,False,2026-02-01,2026-01
4962,212,2025-09-02,2025-09-02 23:51:00,Ghaziabad,Tier 3,Debit Card,Delivered,5488.0,2,3.0,True,2025-09-05,2025-09
4963,895,2025-09-15,2025-09-15 03:00:00,Surat,Tier 2,Cash on Delivery,Delivered,4924.8,4,4.0,False,2025-09-19,2025-09
4964,532,2026-01-23,2026-01-23 07:31:00,Jaipur,Tier 2,UPI,Delivered,1021.95,5,8.0,True,2026-01-31,2026-01
4965,1055,2025-01-05,2025-01-05 04:13:00,Indore,Tier 2,UPI,Cancelled,1286.5,5,,,,2025-01
4966,811,2025-12-30,2025-12-30 19:55:00,Coimbatore,Tier 2,UPI,Delivered,84603.5,3,4.0,True,2026-01-03,2025-12
4967,18,2026-03-02,2026-03-02 00:42:00,Vadodara,Tier 2,Cash on Delivery,RTO,39600.55,5,,,,2026-03
4968,481,2026-04-06,2026-04-06 09:18:00,Hyderabad,Tier 1,Cash on Delivery,Delivered,483.2,7,9.0,True,2026-04-15,2026-04
4969,121,2024-12-11,2024-12-11 22:30:00,Guwahati,Tier 3,Debit Card,Delivered,30476.8,3,2.0,False,2024-12-13,2024-12
4970,476,2025-07-29,2025-07-29 05:49:00,Patna,Tier 3,Credit Card,Cancelled,41308.0,4,,,,2025-07
4971,743,2024-12-31,2024-12-31 01:46:00,Vadodara,Tier 2,Credit Card,Delivered,34006.2,5,7.0,True,2025-01-07,2024-12
4972,630,2026-05-17,2026-05-17 05:54:00,Bengaluru,Tier 1,Cash on Delivery,Delivered,564.0,2,3.0,True,2026-05-20,2026-05
4973,1149,2026-06-17,2026-06-17 13:01:00,Ahmedabad,Tier 2,UPI,Delivered,1051.95,2,5.0,True,2026-06-22,2026-06
4974,272,2025-08-05,2025-08-05 08:08:00,Ghaziabad,Tier 3,Net Banking,Delivered,1884.0,7,10.0,True,2025-08-15,2025-08
4975,763,2026-01-05,2026-01-05 04:24:00,Jaipur,Tier 2,UPI,Delivered,2999.35,4,3.0,False,2026-01-08,2026-01
4976,908,2025-01-19,2025-01-19 21:59:00,Patna,Tier 3,UPI,Delivered,28329.0,3,3.0,False,2025-01-22,2025-01
4977,569,2026-06-04,2026-06-04 10:34:00,Mumbai,Tier 1,UPI,Delivered,4936.4,2,3.0,True,2026-06-07,2026-06
4978,258,2025-12-14,2025-12-14 01:57:00,Ghaziabad,Tier 3,Cash on Delivery,Delivered,73173.8,2,4.0,True,2025-12-18,2025-12
4979,933,2024-10-07,2024-10-07 09:14:00,Pune,Tier 1,Cash on Delivery,Delivered,1491.0,7,7.0,False,2024-10-14,2024-10
4980,135,2025-12-09,2025-12-09 11:42:00,Bhopal,Tier 2,Credit Card,Delivered,12102.3,3,3.0,False,2025-12-12,2025-12
4981,404,2025-11-17,2025-11-17 01:17:00,Chennai,Tier 1,UPI,Delivered,26739.9,7,8.0,True,2025-11-25,2025-11
4982,749,2026-02-15,2026-02-15 10:00:00,Indore,Tier 2,UPI,Delivered,8208.0,7,8.0,True,2026-02-23,2026-02
4983,615,2026-04-03,2026-04-03 02:36:00,Surat,Tier 2,Cash on Delivery,Returned,582.35,3,,,,2026-04
4984,798,2025-07-16,2025-07-16 02:11:00,Surat,Tier 2,Cash on Delivery,Cancelled,2873.0,2,,,,2025-07
4985,248,2025-06-03,2025-06-03 04:00:00,Bhopal,Tier 2,Credit Card,Returned,551.7,5,,,,2025-06
4986,347,2026-06-06,2026-06-06 22:09:00,Patna,Tier 3,Credit Card,Delivered,2494.8,5,6.0,True,2026-06-12,2026-06
4987,258,2024-11-02,2024-11-02 17:12:00,Ghaziabad,Tier 3,UPI,Returned,69034.3,2,,,,2024-11
4988,26,2026-06-21,2026-06-21 14:37:00,Bhopal,Tier 2,Cash on Delivery,Delivered,615.75,2,4.0,True,2026-06-25,2026-06
4989,452,2026-04-09,2026-04-09 01:06:00,Ahmedabad,Tier 2,UPI,RTO,1982.5,3,,,,2026-04
4990,717,2025-12-12,2025-12-12 19:46:00,Bhopal,Tier 2,Credit Card,Cancelled,3551.1,3,,,,2025-12
4991,151,2026-05-23,2026-05-23 14:55:00,Surat,Tier 2,UPI,Delivered,1555.2,2,2.0,False,2026-05-25,2026-05
4992,1158,2026-03-26,2026-03-26 08:01:00,Lucknow,Tier 2,Debit Card,Returned,3657.5,5,,,,2026-03
4993,801,2026-05-12,2026-05-12 10:54:00,Patna,Tier 3,UPI,Delivered,375.0,3,3.0,False,2026-05-15,2026-05
4994,385,2026-05-30,2026-05-30 15:47:00,Delhi,Tier 1,UPI,Delivered,11082.7,7,8.0,True,2026-06-07,2026-05
4995,801,2024-10-03,2024-10-03 07:22:00,Patna,Tier 3,Debit Card,Delivered,78883.7,7,7.0,False,2024-10-10,2024-10
4996,972,2026-05-02,2026-05-02 22:32:00,Surat,Tier 2,UPI,Delivered,70118.7,5,5.0,False,2026-05-07,2026-05
4997,66,2026-06-03,2026-06-03 20:39:00,Vadodara,Tier 2,Debit Card,Delivered,8664.75,2,3.0,True,2026-06-06,2026-06
4998,512,2026-04-18,2026-04-18 20:29:00,Surat,Tier 2,Net Banking,Delivered,36772.6,2,3.0,True,2026-04-21,2026-04
4999,405,2026-01-16,2026-01-16 08:39:00,Bhopal,Tier 2,Credit Card,Delivered,613.0,5,8.0,True,2026-01-24,2026-01
5000,475,2025-08-03,2025-08-03 09:14:00,Chennai,Tier 1,Debit Card,Delivered,45804.4,3,2.0,False,2025-08-05,2025-08
5001,414,2026-04-10,2026-04-10 17:06:00,Kolkata,Tier 1,Net Banking,Returned,44912.0,4,,,,2026-04
5002,402,2024-05-11,2024-05-11 15:22:00,Surat,Tier 2,Cash on Delivery,Delivered,8566.0,2,4.0,True,2024-05-15,2024-05
5003,1164,2025-01-05,2025-01-05 08:32:00,Hyderabad,Tier 1,Debit Card,Delivered,3740.5,4,5.0,True,2025-01-10,2025-01
5004,513,2024-07-17,2024-07-17 16:09:00,Bhopal,Tier 2,Credit Card,Delivered,44912.0,5,5.0,False,2024-07-22,2024-07
5005,943,2025-08-24,2025-08-24 14:41:00,Bengaluru,Tier 1,Credit Card,Delivered,5245.0,5,5.0,False,2025-08-29,2025-08
5006,53,2025-04-06,2025-04-06 15:07:00,Delhi,Tier 1,UPI,Delivered,722.7,5,7.0,True,2025-04-13,2025-04
5007,4,2025-12-13,2025-12-13 20:45:00,Bhopal,Tier 2,Cash on Delivery,RTO,865.0,3,,,,2025-12
5008,249,2025-09-05,2025-09-05 07:48:00,Delhi,Tier 1,Net Banking,Delivered,371.7,3,3.0,False,2025-09-08,2025-09
5009,1013,2025-06-16,2025-06-16 22:18:00,Jaipur,Tier 2,UPI,Delivered,2374.0,4,5.0,True,2025-06-21,2025-06
5010,905,2026-04-12,2026-04-12 01:10:00,Chennai,Tier 1,Debit Card,Delivered,1108.0,7,8.0,True,2026-04-20,2026-04
5011,982,2026-03-16,2026-03-16 08:46:00,Delhi,Tier 1,Debit Card,Delivered,42647.0,5,5.0,False,2026-03-21,2026-03
5012,34,2025-07-30,2025-07-30 20:49:00,Pune,Tier 1,Cash on Delivery,Delivered,25496.1,5,5.0,False,2025-08-04,2025-07
5013,643,2025-08-10,2025-08-10 20:49:00,Kanpur,Tier 2,Debit Card,Delivered,42343.0,4,6.0,True,2025-08-16,2025-08
5014,1053,2025-01-06,2025-01-06 07:13:00,Bhopal,Tier 2,UPI,Delivered,3212.25,2,2.0,False,2025-01-08,2025-01
5015,346,2025-12-18,2025-12-18 10:22:00,Pune,Tier 1,Cash on Delivery,RTO,39018.0,4,,,,2025-12
5016,155,2025-10-15,2025-10-15 14:42:00,Indore,Tier 2,Cash on Delivery,Delivered,978.3,7,7.0,False,2025-10-22,2025-10
5017,314,2025-06-07,2025-06-07 21:41:00,Surat,Tier 2,Debit Card,Delivered,374.85,2,3.0,True,2025-06-10,2025-06
5018,718,2025-06-05,2025-06-05 18:00:00,Guwahati,Tier 3,Net Banking,Delivered,37025.45,4,4.0,False,2025-06-09,2025-06
5019,561,2025-10-18,2025-10-18 00:31:00,Ghaziabad,Tier 3,Cash on Delivery,Delivered,9314.2,2,3.0,True,2025-10-21,2025-10
5020,467,2025-07-18,2025-07-18 07:03:00,Bengaluru,Tier 1,UPI,Delivered,2116.6,3,3.0,False,2025-07-21,2025-07
5021,672,2026-05-23,2026-05-23 02:03:00,Bengaluru,Tier 1,UPI,Delivered,39957.6,4,4.0,False,2026-05-27,2026-05
5022,574,2025-03-10,2025-03-10 12:31:00,Guwahati,Tier 3,UPI,Delivered,646.0,4,3.0,False,2025-03-13,2025-03
5023,1052,2024-07-08,2024-07-08 16:37:00,Chennai,Tier 1,Net Banking,Delivered,13356.8,4,7.0,True,2024-07-15,2024-07
5024,1122,2026-06-29,2026-06-29 19:59:00,Bhopal,Tier 2,UPI,Delivered,69804.9,2,3.0,True,2026-07-02,2026-06
5025,446,2025-04-10,2025-04-10 04:45:00,Mumbai,Tier 1,UPI,Delivered,604.0,5,8.0,True,2025-04-18,2025-04
5026,250,2026-05-22,2026-05-22 02:13:00,Ahmedabad,Tier 2,UPI,Delivered,3657.5,3,3.0,False,2026-05-25,2026-05
5027,954,2025-01-02,2025-01-02 22:47:00,Surat,Tier 2,Credit Card,Returned,887.55,4,,,,2025-01
5028,28,2025-05-20,2025-05-20 15:30:00,Delhi,Tier 1,UPI,RTO,6454.15,5,,,,2025-05
5029,9,2026-05-06,2026-05-06 19:06:00,Hyderabad,Tier 1,Credit Card,Returned,738.9,3,,,,2026-05
5030,1199,2026-04-14,2026-04-14 21:57:00,Kolkata,Tier 1,Net Banking,Delivered,31331.25,7,7.0,False,2026-04-21,2026-04
5031,574,2024-08-29,2024-08-29 22:13:00,Guwahati,Tier 3,Net Banking,Returned,973.0,3,,,,2024-08
5032,392,2026-02-18,2026-02-18 20:23:00,Patna,Tier 3,UPI,Delivered,2887.5,7,7.0,False,2026-02-25,2026-02
5033,1013,2026-03-14,2026-03-14 12:09:00,Jaipur,Tier 2,Debit Card,Delivered,39312.05,7,10.0,True,2026-03-24,2026-03
5034,394,2025-09-28,2025-09-28 09:19:00,Pune,Tier 1,Cash on Delivery,RTO,86678.0,2,,,,2025-09
5035,309,2026-06-13,2026-06-13 14:39:00,Guwahati,Tier 3,UPI,Returned,75166.4,2,,,,2026-06
5036,25,2026-05-22,2026-05-22 13:55:00,Vadodara,Tier 2,Cash on Delivery,Delivered,5028.0,7,9.0,True,2026-05-31,2026-05
5037,993,2026-06-05,2026-06-05 12:14:00,Chennai,Tier 1,Net Banking,Returned,615.75,5,,,,2026-06
5038,690,2024-11-12,2024-11-12 19:24:00,Hyderabad,Tier 1,UPI,Delivered,30269.6,2,1.0,False,2024-11-13,2024-11
5039,676,2026-01-23,2026-01-23 11:23:00,Guwahati,Tier 3,UPI,Delivered,4538.15,7,6.0,False,2026-01-29,2026-01
5040,1094,2025-01-04,2025-01-04 02:29:00,Surat,Tier 2,Cash on Delivery,Delivered,36923.0,7,6.0,False,2025-01-10,2025-01
5041,830,2026-01-28,2026-01-28 15:54:00,Patna,Tier 3,Cash on Delivery,Returned,4488.4,4,,,,2026-01
5042,465,2025-08-15,2025-08-15 22:04:00,Hyderabad,Tier 1,Credit Card,Delivered,9563.0,3,2.0,False,2025-08-17,2025-08
5043,790,2025-08-10,2025-08-10 05:57:00,Pune,Tier 1,Debit Card,Delivered,825.0,5,6.0,True,2025-08-16,2025-08
5044,767,2026-04-30,2026-04-30 15:44:00,Coimbatore,Tier 2,Credit Card,Delivered,4219.2,4,7.0,True,2026-05-07,2026-04
5045,135,2025-07-31,2025-07-31 09:58:00,Bhopal,Tier 2,Credit Card,Delivered,4158.0,3,4.0,True,2025-08-04,2025-07
5046,514,2025-12-06,2025-12-06 19:36:00,Bengaluru,Tier 1,UPI,RTO,15762.5,7,,,,2025-12
5047,280,2026-03-12,2026-03-12 11:28:00,Nagpur,Tier 2,Cash on Delivery,Delivered,3272.5,7,8.0,True,2026-03-20,2026-03
5048,404,2025-08-19,2025-08-19 21:43:00,Chennai,Tier 1,Cash on Delivery,Returned,32381.6,4,,,,2025-08
5049,716,2026-06-06,2026-06-06 04:03:00,Ghaziabad,Tier 3,Debit Card,RTO,6160.0,4,,,,2026-06
5050,505,2026-05-01,2026-05-01 04:37:00,Hyderabad,Tier 1,Credit Card,Delivered,10853.25,5,7.0,True,2026-05-08,2026-05
5051,779,2026-06-25,2026-06-25 01:31:00,Delhi,Tier 1,Cash on Delivery,Delivered,7936.0,2,5.0,True,2026-06-30,2026-06
5052,821,2025-09-24,2025-09-24 15:30:00,Kolkata,Tier 1,UPI,Delivered,2064.95,5,6.0,True,2025-09-30,2025-09
5053,268,2026-04-01,2026-04-01 04:13:00,Coimbatore,Tier 2,UPI,Delivered,613.0,2,3.0,True,2026-04-04,2026-04
5054,88,2024-12-22,2024-12-22 05:16:00,Mumbai,Tier 1,Debit Card,Delivered,564.0,3,2.0,False,2024-12-24,2024-12
5055,231,2026-05-09,2026-05-09 11:16:00,Surat,Tier 2,Cash on Delivery,Returned,40361.95,4,,,,2026-05
5056,1148,2026-02-16,2026-02-16 11:10:00,Kanpur,Tier 2,Debit Card,Delivered,6354.6,5,5.0,False,2026-02-21,2026-02
5057,299,2026-04-25,2026-04-25 09:54:00,Hyderabad,Tier 1,Cash on Delivery,Cancelled,979.0,5,,,,2026-04
5058,1028,2025-07-16,2025-07-16 16:59:00,Kanpur,Tier 2,Net Banking,Cancelled,114447.0,2,,,,2025-07
5059,1184,2026-05-13,2026-05-13 23:12:00,Indore,Tier 2,Cash on Delivery,RTO,568.0,5,,,,2026-05
5060,377,2025-05-16,2025-05-16 09:15:00,Lucknow,Tier 2,Credit Card,Delivered,70422.2,7,7.0,False,2025-05-23,2025-05
5061,328,2026-01-13,2026-01-13 15:04:00,Indore,Tier 2,UPI,Delivered,2425.8,4,6.0,True,2026-01-19,2026-01
5062,885,2025-12-08,2025-12-08 19:03:00,Lucknow,Tier 2,Debit Card,Delivered,39240.0,3,6.0,True,2025-12-14,2025-12
5063,10,2026-06-08,2026-06-08 15:39:00,Kolkata,Tier 1,UPI,Delivered,8518.85,2,2.0,False,2026-06-10,2026-06
5064,368,2026-06-25,2026-06-25 23:57:00,Nagpur,Tier 2,Debit Card,Delivered,8202.6,2,3.0,True,2026-06-28,2026-06
5065,400,2025-07-08,2025-07-08 05:41:00,Hyderabad,Tier 1,Debit Card,RTO,72149.3,2,,,,2025-07
5066,757,2025-09-28,2025-09-28 04:13:00,Coimbatore,Tier 2,Cash on Delivery,Delivered,2568.0,4,6.0,True,2025-10-04,2025-09
5067,917,2025-04-29,2025-04-29 22:58:00,Kolkata,Tier 1,UPI,Returned,745.0,7,,,,2025-04
5068,796,2025-01-30,2025-01-30 09:54:00,Coimbatore,Tier 2,Cash on Delivery,Delivered,2136.6,5,8.0,True,2025-02-07,2025-01
5069,878,2025-11-13,2025-11-13 15:14:00,Bhopal,Tier 2,Debit Card,Delivered,205.0,4,6.0,True,2025-11-19,2025-11
5070,756,2025-07-27,2025-07-27 14:59:00,Kolkata,Tier 1,Cash on Delivery,Delivered,4515.0,7,10.0,True,2025-08-06,2025-07
5071,198,2026-01-02,2026-01-02 04:16:00,Coimbatore,Tier 2,Net Banking,Delivered,9463.1,4,4.0,False,2026-01-06,2026-01
5072,693,2026-05-05,2026-05-05 01:02:00,Coimbatore,Tier 2,UPI,RTO,2985.0,5,,,,2026-05
5073,394,2025-08-30,2025-08-30 15:13:00,Pune,Tier 1,UPI,Delivered,2094.7,3,5.0,True,2025-09-04,2025-08
5074,293,2025-07-23,2025-07-23 22:45:00,Chennai,Tier 1,Cash on Delivery,Delivered,2070.75,2,2.0,False,2025-07-25,2025-07
5075,1164,2024-10-25,2024-10-25 02:48:00,Hyderabad,Tier 1,UPI,Delivered,697.85,2,2.0,False,2024-10-27,2024-10
5076,407,2026-06-11,2026-06-11 16:26:00,Indore,Tier 2,Credit Card,Delivered,3484.0,3,4.0,True,2026-06-15,2026-06
5077,246,2026-06-03,2026-06-03 03:08:00,Guwahati,Tier 3,UPI,Cancelled,41782.0,7,,,,2026-06
5078,1078,2026-04-15,2026-04-15 10:21:00,Kolkata,Tier 1,UPI,Delivered,5861.6,3,6.0,True,2026-04-21,2026-04
5079,842,2025-12-05,2025-12-05 13:12:00,Surat,Tier 2,Debit Card,RTO,692.0,4,,,,2025-12
5080,892,2026-03-20,2026-03-20 23:06:00,Ahmedabad,Tier 2,Credit Card,Delivered,1915.2,7,8.0,True,2026-03-28,2026-03
5081,1092,2025-04-05,2025-04-05 05:56:00,Bhopal,Tier 2,UPI,Delivered,33419.75,2,3.0,True,2025-04-08,2025-04
5082,1105,2026-04-26,2026-04-26 12:30:00,Lucknow,Tier 2,Credit Card,RTO,995.0,3,,,,2026-04
5083,1089,2026-01-27,2026-01-27 02:07:00,Kanpur,Tier 2,Debit Card,Delivered,1669.0,3,4.0,True,2026-01-31,2026-01
5084,56,2026-06-20,2026-06-20 05:16:00,Indore,Tier 2,Debit Card,Delivered,1522.8,4,3.0,False,2026-06-23,2026-06
5085,193,2025-09-18,2025-09-18 10:20:00,Indore,Tier 2,Credit Card,Delivered,28541.5,7,8.0,True,2025-09-26,2025-09
5086,143,2026-05-05,2026-05-05 08:54:00,Hyderabad,Tier 1,UPI,Delivered,1108.0,7,8.0,True,2026-05-13,2026-05
5087,1151,2025-12-17,2025-12-17 09:03:00,Lucknow,Tier 2,Debit Card,Delivered,107178.0,3,2.0,False,2025-12-19,2025-12
5088,808,2026-06-23,2026-06-23 14:31:00,Vadodara,Tier 2,UPI,Delivered,7499.3,5,8.0,True,2026-07-01,2026-06
5089,403,2024-07-22,2024-07-22 11:09:00,Guwahati,Tier 3,Credit Card,Cancelled,381.6,2,,,,2024-07
5090,744,2025-04-23,2025-04-23 22:28:00,Kanpur,Tier 2,Debit Card,Cancelled,3069.1,4,,,,2025-04
5091,365,2026-06-28,2026-06-28 08:49:00,Mumbai,Tier 1,Net Banking,Returned,4374.25,4,,,,2026-06
5092,222,2025-05-25,2025-05-25 04:06:00,Delhi,Tier 1,Debit Card,Delivered,2822.85,4,5.0,True,2025-05-30,2025-05
5093,575,2025-09-01,2025-09-01 20:58:00,Indore,Tier 2,Net Banking,Delivered,27812.8,2,1.0,False,2025-09-02,2025-09
5094,433,2026-02-27,2026-02-27 12:53:00,Ahmedabad,Tier 2,UPI,Delivered,459.75,5,8.0,True,2026-03-07,2026-02
5095,265,2026-02-07,2026-02-07 00:39:00,Kolkata,Tier 1,Debit Card,Returned,37957.6,2,,,,2026-02
5096,192,2026-02-17,2026-02-17 01:15:00,Patna,Tier 3,UPI,Returned,1029.9,2,,,,2026-02
5097,442,2025-04-24,2025-04-24 02:28:00,Bengaluru,Tier 1,UPI,Delivered,1680.55,4,4.0,False,2025-04-28,2025-04
5098,1075,2026-04-27,2026-04-27 02:17:00,Kolkata,Tier 1,UPI,Delivered,1944.0,4,4.0,False,2026-05-01,2026-04
5099,271,2026-01-26,2026-01-26 05:33:00,Lucknow,Tier 2,Credit Card,Delivered,32381.6,5,6.0,True,2026-02-01,2026-01
5100,798,2025-10-19,2025-10-19 19:51:00,Surat,Tier 2,Net Banking,Delivered,825.0,2,3.0,True,2025-10-22,2025-10
5101,1030,2025-09-28,2025-09-28 23:06:00,Mumbai,Tier 1,Credit Card,Delivered,610.0,7,10.0,True,2025-10-08,2025-09
5102,104,2024-06-06,2024-06-06 02:48:00,Pune,Tier 1,UPI,Delivered,6385.95,7,7.0,False,2024-06-13,2024-06
5103,775,2026-01-05,2026-01-05 12:29:00,Nagpur,Tier 2,Net Banking,Delivered,2388.0,4,4.0,False,2026-01-09,2026-01
5104,1019,2025-07-14,2025-07-14 00:32:00,Indore,Tier 2,Debit Card,Delivered,1890.5,7,9.0,True,2025-07-23,2025-07
5105,797,2026-06-14,2026-06-14 13:54:00,Lucknow,Tier 2,Debit Card,Returned,6535.25,7,,,,2026-06
5106,241,2026-04-11,2026-04-11 20:05:00,Delhi,Tier 1,UPI,Delivered,1621.6,2,4.0,True,2026-04-15,2026-04
5107,227,2026-06-27,2026-06-27 20:18:00,Chennai,Tier 1,UPI,Delivered,4924.0,5,6.0,True,2026-07-03,2026-06
5108,808,2026-02-14,2026-02-14 00:59:00,Vadodara,Tier 2,Debit Card,Delivered,405.0,5,5.0,False,2026-02-19,2026-02
5109,649,2025-11-05,2025-11-05 23:37:00,Chennai,Tier 1,UPI,Delivered,21176.4,3,3.0,False,2025-11-08,2025-11
5110,414,2026-06-19,2026-06-19 14:17:00,Kolkata,Tier 1,Credit Card,Delivered,978.3,3,4.0,True,2026-06-23,2026-06
5111,76,2026-03-22,2026-03-22 09:09:00,Jaipur,Tier 2,Debit Card,Returned,3039.0,5,,,,2026-03
5112,801,2024-07-12,2024-07-12 08:25:00,Patna,Tier 3,UPI,Delivered,13746.6,4,4.0,False,2024-07-16,2024-07
5113,610,2025-08-08,2025-08-08 06:39:00,Vadodara,Tier 2,Credit Card,RTO,1318.5,5,,,,2025-08
5114,817,2026-04-15,2026-04-15 23:38:00,Surat,Tier 2,Credit Card,Delivered,44756.0,4,4.0,False,2026-04-19,2026-04
5115,140,2026-05-11,2026-05-11 16:19:00,Patna,Tier 3,UPI,Returned,5711.6,5,,,,2026-05
5116,866,2025-04-14,2025-04-14 05:17:00,Surat,Tier 2,Credit Card,RTO,68134.55,7,,,,2025-04
5117,661,2025-08-12,2025-08-12 22:54:00,Ghaziabad,Tier 3,UPI,Delivered,8037.25,2,3.0,True,2025-08-15,2025-08
5118,44,2025-05-02,2025-05-02 17:27:00,Mumbai,Tier 1,Cash on Delivery,Delivered,544.0,7,8.0,True,2025-05-10,2025-05
5119,262,2025-10-26,2025-10-26 02:01:00,Kanpur,Tier 2,Cash on Delivery,Delivered,1797.6,4,6.0,True,2025-11-01,2025-10
5120,1063,2026-05-23,2026-05-23 06:40:00,Bengaluru,Tier 1,Debit Card,RTO,5650.85,2,,,,2026-05
5121,938,2025-02-03,2025-02-03 08:07:00,Delhi,Tier 1,Net Banking,Delivered,2431.2,4,7.0,True,2025-02-10,2025-02
5122,4,2026-04-30,2026-04-30 00:07:00,Bhopal,Tier 2,Cash on Delivery,Delivered,821.0,3,3.0,False,2026-05-03,2026-04
5123,311,2025-04-09,2025-04-09 12:08:00,Mumbai,Tier 1,Cash on Delivery,Delivered,1730.0,3,6.0,True,2025-04-15,2025-04
5124,651,2026-02-08,2026-02-08 18:21:00,Hyderabad,Tier 1,Debit Card,Delivered,27012.5,4,5.0,True,2026-02-13,2026-02
5125,1054,2026-03-09,2026-03-09 07:45:00,Kolkata,Tier 1,UPI,Delivered,12601.2,4,3.0,False,2026-03-12,2026-03
5126,512,2024-05-18,2024-05-18 08:52:00,Surat,Tier 2,Net Banking,Delivered,4679.2,2,3.0,True,2024-05-21,2024-05
5127,948,2026-06-28,2026-06-28 01:37:00,Indore,Tier 2,Credit Card,Delivered,1209.75,3,3.0,False,2026-07-01,2026-06
5128,1055,2025-12-10,2025-12-10 15:03:00,Indore,Tier 2,UPI,Delivered,490.4,2,2.0,False,2025-12-12,2025-12
5129,277,2026-04-19,2026-04-19 19:42:00,Delhi,Tier 1,UPI,Returned,10812.8,5,,,,2026-04
5130,490,2026-05-01,2026-05-01 03:48:00,Vadodara,Tier 2,Cash on Delivery,Delivered,12055.65,2,3.0,True,2026-05-04,2026-05
5131,267,2026-05-25,2026-05-25 17:14:00,Delhi,Tier 1,Cash on Delivery,Delivered,271.8,4,4.0,False,2026-05-29,2026-05
5132,844,2026-04-02,2026-04-02 14:44:00,Patna,Tier 3,UPI,Delivered,886.4,5,6.0,True,2026-04-08,2026-04
5133,895,2026-06-21,2026-06-21 10:51:00,Surat,Tier 2,Credit Card,Delivered,15989.0,7,9.0,True,2026-06-30,2026-06
5134,848,2025-06-03,2025-06-03 21:03:00,Lucknow,Tier 2,Credit Card,Delivered,1070.0,2,5.0,True,2025-06-08,2025-06
5135,389,2025-07-15,2025-07-15 21:39:00,Kanpur,Tier 2,Cash on Delivery,Delivered,1824.25,3,6.0,True,2025-07-21,2025-07
5136,289,2026-06-17,2026-06-17 23:45:00,Ghaziabad,Tier 3,UPI,Returned,34566.15,3,,,,2026-06
5137,402,2024-08-15,2024-08-15 15:18:00,Surat,Tier 2,Debit Card,Delivered,39005.1,3,5.0,True,2024-08-20,2024-08
5138,231,2026-06-03,2026-06-03 09:52:00,Surat,Tier 2,Cash on Delivery,Delivered,7571.4,2,3.0,True,2026-06-06,2026-06
5139,167,2026-01-22,2026-01-22 14:57:00,Kolkata,Tier 1,UPI,Cancelled,1520.25,3,,,,2026-01
5140,446,2026-01-03,2026-01-03 02:21:00,Mumbai,Tier 1,Credit Card,Returned,453.0,3,,,,2026-01
5141,894,2026-06-27,2026-06-27 02:22:00,Jaipur,Tier 2,UPI,Delivered,69395.35,5,5.0,False,2026-07-02,2026-06
5142,184,2026-06-14,2026-06-14 02:25:00,Hyderabad,Tier 1,Debit Card,RTO,6390.75,5,,,,2026-06
5143,3,2026-02-23,2026-02-23 14:43:00,Pune,Tier 1,UPI,Returned,1624.0,5,,,,2026-02
5144,477,2025-09-03,2025-09-03 07:17:00,Ahmedabad,Tier 2,Credit Card,Delivered,576.0,4,4.0,False,2025-09-07,2025-09
5145,499,2025-03-15,2025-03-15 15:20:00,Bengaluru,Tier 1,Cash on Delivery,Delivered,38576.5,3,3.0,False,2025-03-18,2025-03
5146,1013,2024-03-20,2024-03-20 18:06:00,Jaipur,Tier 2,Net Banking,Delivered,23587.6,5,5.0,False,2024-03-25,2024-03
5147,815,2025-08-31,2025-08-31 05:51:00,Vadodara,Tier 2,UPI,Delivered,441.0,7,9.0,True,2025-09-09,2025-08
5148,77,2026-02-08,2026-02-08 05:19:00,Surat,Tier 2,Credit Card,Delivered,40207.0,2,1.0,False,2026-02-09,2026-02
5149,1108,2026-04-17,2026-04-17 15:35:00,Chennai,Tier 1,Debit Card,Returned,1017.45,5,,,,2026-04
5150,861,2026-05-18,2026-05-18 02:40:00,Lucknow,Tier 2,Debit Card,Delivered,12474.0,3,3.0,False,2026-05-21,2026-05
5151,717,2026-06-17,2026-06-17 18:47:00,Bhopal,Tier 2,UPI,RTO,444.8,4,,,,2026-06
5152,257,2026-01-30,2026-01-30 00:31:00,Bengaluru,Tier 1,UPI,Returned,35929.6,4,,,,2026-01
5153,20,2025-12-25,2025-12-25 17:21:00,Hyderabad,Tier 1,UPI,Delivered,2188.8,7,8.0,True,2026-01-02,2025-12
5154,70,2026-03-13,2026-03-13 05:09:00,Pune,Tier 1,Cash on Delivery,Delivered,135925.95,5,6.0,True,2026-03-19,2026-03
5155,821,2025-12-08,2025-12-08 03:19:00,Kolkata,Tier 1,UPI,Delivered,375.0,3,4.0,True,2025-12-12,2025-12
5156,492,2026-05-30,2026-05-30 00:45:00,Nagpur,Tier 2,Cash on Delivery,Delivered,5270.45,5,8.0,True,2026-06-07,2026-05
5157,482,2026-06-26,2026-06-26 00:42:00,Coimbatore,Tier 2,Cash on Delivery,RTO,2679.0,5,,,,2026-06
5158,63,2025-07-20,2025-07-20 03:09:00,Indore,Tier 2,UPI,Delivered,853.1,5,6.0,True,2025-07-26,2025-07
5159,647,2026-04-18,2026-04-18 19:34:00,Bengaluru,Tier 1,Net Banking,Delivered,31385.35,7,7.0,False,2026-04-25,2026-04
5160,654,2026-04-20,2026-04-20 07:27:00,Ghaziabad,Tier 3,Debit Card,Delivered,2394.0,7,9.0,True,2026-04-29,2026-04
5161,367,2026-01-16,2026-01-16 21:01:00,Pune,Tier 1,UPI,Delivered,12642.25,5,5.0,False,2026-01-21,2026-01
5162,469,2026-05-26,2026-05-26 16:35:00,Jaipur,Tier 2,Debit Card,Delivered,19126.0,4,7.0,True,2026-06-02,2026-05
5163,932,2025-06-04,2025-06-04 00:47:00,Ahmedabad,Tier 2,Credit Card,Delivered,27647.5,4,6.0,True,2025-06-10,2025-06
5164,436,2026-05-06,2026-05-06 12:05:00,Delhi,Tier 1,UPI,Cancelled,582.35,7,,,,2026-05
5165,1192,2025-04-04,2025-04-04 19:23:00,Mumbai,Tier 1,UPI,Delivered,98105.5,2,2.0,False,2025-04-06,2025-04
5166,654,2025-04-28,2025-04-28 03:25:00,Ghaziabad,Tier 3,Cash on Delivery,Delivered,26794.5,3,5.0,True,2025-05-03,2025-04
5167,472,2026-01-20,2026-01-20 15:43:00,Mumbai,Tier 1,Cash on Delivery,Delivered,3307.0,7,7.0,False,2026-01-27,2026-01
5168,367,2026-05-14,2026-05-14 17:13:00,Pune,Tier 1,UPI,Returned,1491.0,5,,,,2026-05
5169,1124,2026-06-14,2026-06-14 05:38:00,Hyderabad,Tier 1,Debit Card,Delivered,4515.0,2,3.0,True,2026-06-17,2026-06
5170,637,2026-05-18,2026-05-18 01:49:00,Kolkata,Tier 1,UPI,Delivered,30155.25,5,6.0,True,2026-05-24,2026-05
5171,82,2025-11-30,2025-11-30 15:59:00,Pune,Tier 1,UPI,Delivered,2398.7,2,2.0,False,2025-12-02,2025-11
5172,829,2026-05-02,2026-05-02 09:07:00,Ghaziabad,Tier 3,UPI,Delivered,3581.1,7,7.0,False,2026-05-09,2026-05
5173,763,2025-12-05,2025-12-05 08:50:00,Jaipur,Tier 2,UPI,Delivered,5982.0,3,3.0,False,2025-12-08,2025-12
5174,1045,2025-01-18,2025-01-18 18:31:00,Nagpur,Tier 2,Debit Card,Delivered,995.0,7,7.0,False,2025-01-25,2025-01
5175,1104,2025-12-30,2025-12-30 11:51:00,Bhopal,Tier 2,Debit Card,Delivered,22376.0,2,5.0,True,2026-01-04,2025-12
5176,718,2025-07-08,2025-07-08 08:22:00,Guwahati,Tier 3,Debit Card,Delivered,1393.0,7,9.0,True,2025-07-17,2025-07
5177,1044,2026-01-11,2026-01-11 14:32:00,Mumbai,Tier 1,Credit Card,Delivered,8949.9,3,4.0,True,2026-01-15,2026-01
5178,325,2025-09-21,2025-09-21 01:56:00,Chennai,Tier 1,Cash on Delivery,Returned,660.0,4,,,,2025-09
5179,1199,2026-03-27,2026-03-27 18:11:00,Kolkata,Tier 1,Credit Card,Delivered,2279.25,7,7.0,False,2026-04-03,2026-03
5180,1055,2024-11-23,2024-11-23 22:16:00,Indore,Tier 2,Credit Card,RTO,3382.0,5,,,,2024-11
5181,390,2025-07-21,2025-07-21 02:41:00,Mumbai,Tier 1,Credit Card,Delivered,37837.0,5,8.0,True,2025-07-29,2025-07
5182,951,2025-06-12,2025-06-12 12:58:00,Delhi,Tier 1,Credit Card,Returned,5301.0,2,,,,2025-06
5183,1126,2024-11-16,2024-11-16 13:10:00,Bhopal,Tier 2,UPI,Delivered,1992.0,2,2.0,False,2024-11-18,2024-11
5184,836,2025-04-15,2025-04-15 22:14:00,Patna,Tier 3,UPI,Returned,8199.0,3,,,,2025-04
5185,1130,2025-03-31,2025-03-31 21:04:00,Patna,Tier 3,Cash on Delivery,RTO,30969.0,3,,,,2025-03
5186,837,2026-06-11,2026-06-11 14:09:00,Delhi,Tier 1,Credit Card,Cancelled,648.75,5,,,,2026-06
5187,1129,2026-05-22,2026-05-22 06:58:00,Indore,Tier 2,UPI,RTO,3747.0,5,,,,2026-05
5188,213,2026-05-07,2026-05-07 00:47:00,Indore,Tier 2,UPI,Cancelled,784.35,3,,,,2026-05
5189,60,2026-01-08,2026-01-08 14:47:00,Hyderabad,Tier 1,Debit Card,Delivered,1118.0,4,4.0,False,2026-01-12,2026-01
5190,70,2026-05-29,2026-05-29 18:39:00,Pune,Tier 1,UPI,Delivered,5644.0,3,3.0,False,2026-06-01,2026-05
5191,316,2026-06-16,2026-06-16 20:41:00,Kolkata,Tier 1,UPI,Delivered,3462.5,4,5.0,True,2026-06-21,2026-06
5192,940,2025-08-06,2025-08-06 21:14:00,Mumbai,Tier 1,UPI,Delivered,374.85,4,4.0,False,2025-08-10,2025-08
5193,121,2024-09-22,2024-09-22 16:33:00,Guwahati,Tier 3,UPI,Cancelled,63152.0,4,,,,2024-09
5194,141,2025-12-22,2025-12-22 07:05:00,Vadodara,Tier 2,Debit Card,Delivered,1864.0,2,5.0,True,2025-12-27,2025-12
5195,790,2026-05-11,2026-05-11 04:52:00,Pune,Tier 1,UPI,Delivered,1906.6,7,7.0,False,2026-05-18,2026-05
5196,178,2026-03-18,2026-03-18 06:08:00,Ghaziabad,Tier 3,Credit Card,Delivered,71452.0,2,2.0,False,2026-03-20,2026-03
5197,1013,2026-05-06,2026-05-06 13:09:00,Jaipur,Tier 2,Cash on Delivery,Delivered,2236.5,4,5.0,True,2026-05-11,2026-05
5198,328,2026-04-24,2026-04-24 18:49:00,Indore,Tier 2,UPI,Delivered,42710.85,5,6.0,True,2026-04-30,2026-04
5199,451,2025-11-06,2025-11-06 03:45:00,Mumbai,Tier 1,UPI,Cancelled,997.2,4,,,,2025-11
5200,679,2025-09-13,2025-09-13 19:44:00,Bengaluru,Tier 1,UPI,Delivered,36264.6,2,1.0,False,2025-09-14,2025-09
5201,877,2024-07-22,2024-07-22 15:41:00,Ahmedabad,Tier 2,Net Banking,Delivered,6074.45,2,2.0,False,2024-07-24,2024-07
5202,812,2024-09-03,2024-09-03 12:45:00,Mumbai,Tier 1,Net Banking,Returned,38882.95,7,,,,2024-09
5203,166,2025-07-06,2025-07-06 11:12:00,Kanpur,Tier 2,Credit Card,Delivered,7909.95,7,8.0,True,2025-07-14,2025-07
5204,898,2026-06-20,2026-06-20 03:15:00,Guwahati,Tier 3,UPI,Delivered,12689.9,4,6.0,True,2026-06-26,2026-06
5205,576,2026-06-05,2026-06-05 07:22:00,Coimbatore,Tier 2,UPI,Delivered,5027.65,5,8.0,True,2026-06-13,2026-06
5206,239,2025-06-05,2025-06-05 01:19:00,Delhi,Tier 1,Cash on Delivery,Delivered,46005.9,4,5.0,True,2025-06-10,2025-06
5207,655,2026-01-02,2026-01-02 19:54:00,Bhopal,Tier 2,Credit Card,Delivered,37597.5,5,7.0,True,2026-01-09,2026-01
5208,615,2026-06-25,2026-06-25 19:25:00,Surat,Tier 2,Net Banking,Delivered,30690.4,7,8.0,True,2026-07-03,2026-06
5209,322,2025-05-20,2025-05-20 10:13:00,Indore,Tier 2,Credit Card,Delivered,40207.0,2,2.0,False,2025-05-22,2025-05
5210,548,2026-03-20,2026-03-20 21:53:00,Bhopal,Tier 2,Credit Card,Delivered,518.7,2,2.0,False,2026-03-22,2026-03
5211,289,2025-10-24,2025-10-24 22:01:00,Ghaziabad,Tier 3,Cash on Delivery,Delivered,913.0,2,4.0,True,2025-10-28,2025-10
5212,689,2026-06-19,2026-06-19 01:04:00,Kolkata,Tier 1,Cash on Delivery,Delivered,12774.65,5,6.0,True,2026-06-25,2026-06
5213,728,2024-12-14,2024-12-14 22:26:00,Hyderabad,Tier 1,UPI,Cancelled,8916.5,2,,,,2024-12
5214,796,2025-11-16,2025-11-16 09:02:00,Coimbatore,Tier 2,Debit Card,Delivered,29225.4,7,10.0,True,2025-11-26,2025-11
5215,1030,2025-02-05,2025-02-05 02:24:00,Mumbai,Tier 1,UPI,Delivered,26958.8,3,3.0,False,2025-02-08,2025-02
5216,1012,2026-05-04,2026-05-04 04:55:00,Delhi,Tier 1,Net Banking,RTO,2822.0,2,,,,2026-05
5217,1016,2024-07-08,2024-07-08 17:11:00,Coimbatore,Tier 2,Credit Card,Delivered,64853.3,2,1.0,False,2024-07-09,2024-07
5218,1177,2025-12-20,2025-12-20 14:05:00,Guwahati,Tier 3,UPI,Cancelled,5197.15,5,,,,2025-12
5219,484,2025-10-10,2025-10-10 07:57:00,Coimbatore,Tier 2,UPI,Delivered,459.75,5,6.0,True,2025-10-16,2025-10
5220,935,2025-05-28,2025-05-28 06:16:00,Vadodara,Tier 2,UPI,Returned,11040.2,5,,,,2025-05
5221,1139,2025-01-25,2025-01-25 07:14:00,Chennai,Tier 1,UPI,Delivered,467.2,3,3.0,False,2025-01-28,2025-01
5222,582,2024-11-23,2024-11-23 20:11:00,Indore,Tier 2,UPI,Delivered,6646.0,7,8.0,True,2024-12-01,2024-11
5223,257,2025-07-23,2025-07-23 00:06:00,Bengaluru,Tier 1,UPI,Delivered,441.0,7,10.0,True,2025-08-02,2025-07
5224,525,2026-06-22,2026-06-22 21:18:00,Ghaziabad,Tier 3,UPI,Delivered,1159.0,5,4.0,False,2026-06-26,2026-06
5225,208,2026-06-01,2026-06-01 01:40:00,Delhi,Tier 1,Net Banking,Delivered,2603.95,5,6.0,True,2026-06-07,2026-06
5226,332,2024-11-05,2024-11-05 08:15:00,Ghaziabad,Tier 3,Cash on Delivery,Delivered,15426.6,5,7.0,True,2024-11-12,2024-11
5227,395,2026-05-15,2026-05-15 01:03:00,Pune,Tier 1,Credit Card,Cancelled,7588.0,3,,,,2026-05
5228,916,2026-05-25,2026-05-25 03:38:00,Bhopal,Tier 2,UPI,Delivered,1256.0,7,8.0,True,2026-06-02,2026-05
5229,1062,2026-06-21,2026-06-21 09:03:00,Hyderabad,Tier 1,UPI,Delivered,2645.6,4,6.0,True,2026-06-27,2026-06
5230,820,2025-09-10,2025-09-10 17:16:00,Bengaluru,Tier 1,Credit Card,Delivered,909.5,5,8.0,True,2025-09-18,2025-09
5231,215,2025-07-10,2025-07-10 11:23:00,Lucknow,Tier 2,Cash on Delivery,Delivered,3491.5,4,4.0,False,2025-07-14,2025-07
5232,280,2025-08-30,2025-08-30 19:01:00,Nagpur,Tier 2,UPI,Delivered,30476.8,3,4.0,True,2025-09-03,2025-08
5233,676,2025-09-01,2025-09-01 00:06:00,Guwahati,Tier 3,Net Banking,Delivered,11042.0,7,8.0,True,2025-09-09,2025-09
5234,836,2025-01-21,2025-01-21 08:11:00,Patna,Tier 3,UPI,Delivered,6680.5,3,4.0,True,2025-01-25,2025-01
5235,352,2025-08-23,2025-08-23 21:45:00,Mumbai,Tier 1,Cash on Delivery,Delivered,27918.0,3,4.0,True,2025-08-27,2025-08
5236,44,2025-12-22,2025-12-22 03:40:00,Mumbai,Tier 1,UPI,Delivered,3571.2,7,10.0,True,2026-01-01,2025-12
5237,414,2026-06-08,2026-06-08 18:23:00,Kolkata,Tier 1,Net Banking,Delivered,111675.25,4,5.0,True,2026-06-13,2026-06
5238,738,2025-10-18,2025-10-18 10:17:00,Delhi,Tier 1,Cash on Delivery,Delivered,5470.2,3,6.0,True,2025-10-24,2025-10
5239,679,2025-09-19,2025-09-19 09:15:00,Bengaluru,Tier 1,Cash on Delivery,Delivered,692.0,2,4.0,True,2025-09-23,2025-09
5240,265,2026-02-23,2026-02-23 20:07:00,Kolkata,Tier 1,UPI,Delivered,44912.0,7,9.0,True,2026-03-04,2026-02
5241,367,2026-05-28,2026-05-28 06:15:00,Pune,Tier 1,Credit Card,RTO,33632.4,2,,,,2026-05
5242,402,2025-10-22,2025-10-22 17:00:00,Surat,Tier 2,UPI,Delivered,34286.4,4,3.0,False,2025-10-25,2025-10
5243,807,2026-02-22,2026-02-22 10:57:00,Hyderabad,Tier 1,Debit Card,RTO,2812.8,4,,,,2026-02
5244,120,2025-09-19,2025-09-19 15:02:00,Vadodara,Tier 2,Credit Card,Delivered,68117.7,7,7.0,False,2025-09-26,2025-09
5245,1105,2026-04-09,2026-04-09 01:22:00,Lucknow,Tier 2,Cash on Delivery,Delivered,424.0,3,6.0,True,2026-04-15,2026-04
5246,15,2026-02-21,2026-02-21 11:16:00,Indore,Tier 2,Credit Card,Returned,1270.0,7,,,,2026-02
5247,925,2025-11-13,2025-11-13 00:15:00,Hyderabad,Tier 1,UPI,Returned,7800.1,2,,,,2025-11
5248,760,2025-01-07,2025-01-07 00:17:00,Guwahati,Tier 3,UPI,Delivered,5050.9,4,4.0,False,2025-01-11,2025-01
5249,476,2026-06-04,2026-06-04 09:40:00,Patna,Tier 3,UPI,Cancelled,10622.3,4,,,,2026-06
5250,815,2025-05-31,2025-05-31 13:24:00,Vadodara,Tier 2,UPI,Delivered,33027.7,7,6.0,False,2025-06-06,2025-05
5251,476,2025-07-08,2025-07-08 11:21:00,Patna,Tier 3,UPI,Returned,35362.8,3,,,,2025-07
5252,1059,2024-04-21,2024-04-21 19:40:00,Ahmedabad,Tier 2,UPI,Delivered,568.0,7,7.0,False,2024-04-28,2024-04
5253,784,2025-02-14,2025-02-14 21:02:00,Delhi,Tier 1,Credit Card,Delivered,4766.0,2,5.0,True,2025-02-19,2025-02
5254,885,2026-03-21,2026-03-21 15:50:00,Lucknow,Tier 2,Debit Card,Delivered,33946.1,2,4.0,True,2026-03-25,2026-03
5255,1049,2026-03-14,2026-03-14 13:32:00,Hyderabad,Tier 1,Credit Card,Returned,81301.9,3,,,,2026-03
5256,476,2026-05-31,2026-05-31 17:04:00,Patna,Tier 3,UPI,Returned,5245.0,2,,,,2026-05
5257,412,2025-09-23,2025-09-23 01:23:00,Jaipur,Tier 2,UPI,Delivered,1562.25,7,8.0,True,2025-10-01,2025-09
5258,679,2025-11-20,2025-11-20 18:20:00,Bengaluru,Tier 1,Cash on Delivery,Delivered,898.0,2,3.0,True,2025-11-23,2025-11
5259,532,2026-05-14,2026-05-14 07:42:00,Jaipur,Tier 2,Credit Card,Delivered,7768.0,3,2.0,False,2026-05-16,2026-05
5260,264,2026-02-06,2026-02-06 00:07:00,Lucknow,Tier 2,Debit Card,RTO,28580.8,2,,,,2026-02
5261,239,2025-04-18,2025-04-18 15:14:00,Delhi,Tier 1,UPI,Delivered,2687.0,5,7.0,True,2025-04-25,2025-04
5262,51,2026-01-15,2026-01-15 09:10:00,Vadodara,Tier 2,Net Banking,Delivered,432.8,5,8.0,True,2026-01-23,2026-01
5263,337,2026-04-30,2026-04-30 22:00:00,Bengaluru,Tier 1,Debit Card,Delivered,1281.0,5,6.0,True,2026-05-06,2026-04
5264,794,2026-04-23,2026-04-23 03:12:00,Ahmedabad,Tier 2,Debit Card,Delivered,1395.7,5,6.0,True,2026-04-29,2026-04
5265,1066,2025-09-21,2025-09-21 11:09:00,Lucknow,Tier 2,UPI,Delivered,559.0,2,3.0,True,2025-09-24,2025-09
5266,46,2026-04-25,2026-04-25 07:28:00,Chennai,Tier 1,Cash on Delivery,Delivered,762.85,5,5.0,False,2026-04-30,2026-04
5267,803,2026-04-27,2026-04-27 06:54:00,Indore,Tier 2,Credit Card,Delivered,4585.0,2,2.0,False,2026-04-29,2026-04
5268,523,2025-07-17,2025-07-17 05:01:00,Ahmedabad,Tier 2,Net Banking,Delivered,3321.0,5,7.0,True,2025-07-24,2025-07
5269,918,2026-02-25,2026-02-25 11:42:00,Bhopal,Tier 2,UPI,Cancelled,3578.8,3,,,,2026-02
5270,907,2026-05-05,2026-05-05 09:32:00,Nagpur,Tier 2,UPI,Delivered,1780.5,4,4.0,False,2026-05-09,2026-05
5271,115,2025-05-15,2025-05-15 22:39:00,Indore,Tier 2,UPI,Delivered,5875.0,3,5.0,True,2025-05-20,2025-05
5272,807,2025-12-08,2025-12-08 03:27:00,Hyderabad,Tier 1,Debit Card,Delivered,2741.0,3,5.0,True,2025-12-13,2025-12
5273,218,2026-06-30,2026-06-30 07:44:00,Kanpur,Tier 2,Debit Card,Delivered,9937.8,2,3.0,True,2026-07-03,2026-06
5274,1149,2026-05-15,2026-05-15 20:58:00,Ahmedabad,Tier 2,UPI,Delivered,1643.5,3,2.0,False,2026-05-17,2026-05
5275,800,2026-05-03,2026-05-03 16:30:00,Guwahati,Tier 3,UPI,Delivered,5623.45,2,3.0,True,2026-05-06,2026-05
5276,1062,2026-06-17,2026-06-17 14:40:00,Hyderabad,Tier 1,UPI,Returned,33420.0,3,,,,2026-06
5277,227,2025-08-03,2025-08-03 12:16:00,Chennai,Tier 1,UPI,Delivered,40207.0,3,3.0,False,2025-08-06,2025-08
5278,941,2025-02-22,2025-02-22 00:04:00,Coimbatore,Tier 2,UPI,RTO,3821.55,3,,,,2025-02
5279,907,2025-06-24,2025-06-24 13:51:00,Nagpur,Tier 2,Credit Card,RTO,205.0,3,,,,2025-06
5280,500,2025-05-12,2025-05-12 07:23:00,Bengaluru,Tier 1,UPI,Delivered,3699.0,7,8.0,True,2025-05-20,2025-05
5281,265,2026-04-15,2026-04-15 14:01:00,Kolkata,Tier 1,UPI,Delivered,405.0,2,2.0,False,2026-04-17,2026-04
5282,772,2025-04-03,2025-04-03 08:30:00,Indore,Tier 2,Cash on Delivery,Delivered,2420.1,2,3.0,True,2025-04-06,2025-04
5283,954,2025-03-04,2025-03-04 07:28:00,Surat,Tier 2,Credit Card,Delivered,670.5,4,4.0,False,2025-03-08,2025-03
5284,325,2026-02-15,2026-02-15 07:48:00,Chennai,Tier 1,UPI,Returned,503.1,7,,,,2026-02
5285,183,2026-03-08,2026-03-08 12:23:00,Kanpur,Tier 2,Credit Card,Delivered,107429.55,7,9.0,True,2026-03-17,2026-03
5286,1125,2025-12-30,2025-12-30 04:04:00,Ahmedabad,Tier 2,UPI,RTO,1101.0,4,,,,2025-12
5287,1187,2026-04-08,2026-04-08 05:56:00,Guwahati,Tier 3,Net Banking,Delivered,10713.6,4,4.0,False,2026-04-12,2026-04
5288,479,2024-10-12,2024-10-12 18:25:00,Jaipur,Tier 2,Net Banking,RTO,1792.8,2,,,,2024-10
5289,796,2025-12-22,2025-12-22 21:00:00,Coimbatore,Tier 2,UPI,Delivered,1193.2,7,6.0,False,2025-12-28,2025-12
5290,680,2026-06-30,2026-06-30 21:38:00,Jaipur,Tier 2,Net Banking,Delivered,91161.0,7,9.0,True,2026-07-09,2026-06
5291,799,2026-06-17,2026-06-17 03:44:00,Ahmedabad,Tier 2,Credit Card,Cancelled,11214.4,7,,,,2026-06
5292,738,2026-04-30,2026-04-30 00:54:00,Delhi,Tier 1,Cash on Delivery,Returned,763.3,5,,,,2026-04
5293,26,2025-10-24,2025-10-24 22:37:00,Bhopal,Tier 2,UPI,Returned,4762.2,5,,,,2025-10
5294,518,2026-05-11,2026-05-11 17:34:00,Coimbatore,Tier 2,UPI,Delivered,4068.85,7,8.0,True,2026-05-19,2026-05
5295,350,2024-08-06,2024-08-06 20:33:00,Pune,Tier 1,Credit Card,Delivered,2583.15,4,4.0,False,2024-08-10,2024-08
5296,1114,2026-02-02,2026-02-02 11:01:00,Indore,Tier 2,Credit Card,Delivered,3390.0,2,4.0,True,2026-02-06,2026-02
5297,708,2026-03-05,2026-03-05 17:31:00,Guwahati,Tier 3,UPI,Delivered,6853.3,4,7.0,True,2026-03-12,2026-03
5298,479,2026-05-08,2026-05-08 03:44:00,Jaipur,Tier 2,Credit Card,Delivered,680.0,3,4.0,True,2026-05-12,2026-05
5299,400,2025-06-28,2025-06-28 21:24:00,Hyderabad,Tier 1,UPI,Delivered,3802.35,7,8.0,True,2025-07-06,2025-06
5300,606,2026-01-30,2026-01-30 00:02:00,Indore,Tier 2,Credit Card,Delivered,3626.85,7,7.0,False,2026-02-06,2026-01
5301,205,2026-02-22,2026-02-22 06:34:00,Bhopal,Tier 2,Cash on Delivery,Delivered,37768.0,3,5.0,True,2026-02-27,2026-02
5302,1164,2024-10-24,2024-10-24 18:10:00,Hyderabad,Tier 1,UPI,Delivered,6249.2,7,8.0,True,2024-11-01,2024-10
5303,1049,2025-12-09,2025-12-09 05:45:00,Hyderabad,Tier 1,UPI,Delivered,10794.5,4,5.0,True,2025-12-14,2025-12
5304,95,2026-02-14,2026-02-14 20:00:00,Indore,Tier 2,Cash on Delivery,Delivered,1738.5,5,6.0,True,2026-02-20,2026-02
5305,297,2025-06-28,2025-06-28 15:49:00,Ahmedabad,Tier 2,UPI,Delivered,43815.0,2,4.0,True,2025-07-02,2025-06
5306,1123,2026-06-13,2026-06-13 04:36:00,Nagpur,Tier 2,Credit Card,Delivered,6499.7,3,6.0,True,2026-06-19,2026-06
5307,113,2026-03-09,2026-03-09 19:48:00,Guwahati,Tier 3,Cash on Delivery,Delivered,44863.75,3,2.0,False,2026-03-11,2026-03
5308,409,2026-03-13,2026-03-13 22:46:00,Coimbatore,Tier 2,Cash on Delivery,Delivered,41004.75,2,5.0,True,2026-03-18,2026-03
5309,218,2025-05-20,2025-05-20 01:55:00,Kanpur,Tier 2,UPI,Delivered,898.0,4,5.0,True,2025-05-25,2025-05
5310,513,2025-03-07,2025-03-07 02:02:00,Bhopal,Tier 2,Debit Card,Delivered,375.0,3,5.0,True,2025-03-12,2025-03
5311,662,2026-05-18,2026-05-18 20:54:00,Patna,Tier 3,Net Banking,Delivered,701.25,4,4.0,False,2026-05-22,2026-05
5312,612,2025-09-17,2025-09-17 00:50:00,Mumbai,Tier 1,Credit Card,Cancelled,6078.0,7,,,,2025-09
5313,384,2025-10-05,2025-10-05 07:49:00,Bhopal,Tier 2,UPI,Delivered,4892.05,4,3.0,False,2025-10-08,2025-10
5314,1142,2026-06-06,2026-06-06 17:08:00,Guwahati,Tier 3,Debit Card,Delivered,36026.0,7,10.0,True,2026-06-16,2026-06
5315,485,2024-11-20,2024-11-20 16:35:00,Patna,Tier 3,Debit Card,Returned,670.5,7,,,,2024-11
5316,812,2024-12-08,2024-12-08 05:12:00,Mumbai,Tier 1,Net Banking,Delivered,3261.0,4,3.0,False,2024-12-11,2024-12
5317,1103,2026-05-26,2026-05-26 13:17:00,Hyderabad,Tier 1,UPI,Delivered,2497.3,4,5.0,True,2026-05-31,2026-05
5318,1024,2025-12-02,2025-12-02 13:27:00,Patna,Tier 3,Cash on Delivery,Delivered,556.0,5,4.0,False,2025-12-06,2025-12
5319,711,2026-06-21,2026-06-21 03:10:00,Bhopal,Tier 2,UPI,Returned,6909.0,3,,,,2026-06
5320,1183,2025-03-07,2025-03-07 00:37:00,Guwahati,Tier 3,Debit Card,Delivered,42070.0,3,2.0,False,2025-03-09,2025-03
5321,997,2025-04-01,2025-04-01 06:04:00,Patna,Tier 3,UPI,Delivered,778.5,4,4.0,False,2025-04-05,2025-04
5322,95,2025-01-01,2025-01-01 18:22:00,Indore,Tier 2,Cash on Delivery,RTO,1593.6,7,,,,2025-01
5323,1019,2025-09-10,2025-09-10 09:09:00,Indore,Tier 2,Net Banking,Cancelled,72689.1,5,,,,2025-09
5324,262,2024-09-28,2024-09-28 15:43:00,Kanpur,Tier 2,UPI,Delivered,35007.6,3,2.0,False,2024-09-30,2024-09
5325,778,2025-07-27,2025-07-27 14:18:00,Chennai,Tier 1,Debit Card,Delivered,40207.0,5,8.0,True,2025-08-04,2025-07
5326,1123,2026-04-28,2026-04-28 09:44:00,Nagpur,Tier 2,Cash on Delivery,Delivered,635.0,2,3.0,True,2026-05-01,2026-04
5327,249,2024-04-11,2024-04-11 14:41:00,Delhi,Tier 1,Net Banking,Delivered,110809.6,5,4.0,False,2024-04-15,2024-04
5328,356,2026-02-01,2026-02-01 16:51:00,Pune,Tier 1,Cash on Delivery,Delivered,2887.05,4,4.0,False,2026-02-05,2026-02
5329,443,2026-03-12,2026-03-12 15:03:00,Coimbatore,Tier 2,Debit Card,Delivered,3039.0,3,3.0,False,2026-03-15,2026-03
5330,183,2026-01-31,2026-01-31 22:28:00,Kanpur,Tier 2,UPI,RTO,1332.1,3,,,,2026-01
5331,2,2024-12-24,2024-12-24 03:17:00,Vadodara,Tier 2,Debit Card,Delivered,13272.3,5,5.0,False,2024-12-29,2024-12
5332,1091,2026-06-22,2026-06-22 15:05:00,Delhi,Tier 1,UPI,Delivered,1758.0,5,5.0,False,2026-06-27,2026-06
5333,532,2025-12-29,2025-12-29 11:59:00,Jaipur,Tier 2,UPI,Delivered,3667.5,5,8.0,True,2026-01-06,2025-12
5334,519,2026-01-26,2026-01-26 13:17:00,Jaipur,Tier 2,Debit Card,Delivered,558.75,4,4.0,False,2026-01-30,2026-01
5335,938,2024-10-07,2024-10-07 09:44:00,Delhi,Tier 1,UPI,Delivered,12224.2,3,3.0,False,2024-10-10,2024-10
5336,545,2025-11-28,2025-11-28 22:16:00,Hyderabad,Tier 1,UPI,RTO,4036.5,3,,,,2025-11
5337,272,2025-09-28,2025-09-28 09:25:00,Ghaziabad,Tier 3,UPI,Delivered,682.55,7,6.0,False,2025-10-04,2025-09
5338,3,2025-06-28,2025-06-28 10:53:00,Pune,Tier 1,UPI,Delivered,5311.0,5,4.0,False,2025-07-02,2025-06
5339,1148,2026-03-20,2026-03-20 19:42:00,Kanpur,Tier 2,Credit Card,Delivered,3950.1,7,10.0,True,2026-03-30,2026-03
5340,1093,2026-06-29,2026-06-29 01:02:00,Hyderabad,Tier 1,Credit Card,Delivered,9030.0,2,1.0,False,2026-06-30,2026-06
5341,306,2026-03-01,2026-03-01 11:02:00,Vadodara,Tier 2,UPI,Cancelled,6919.85,2,,,,2026-03
5342,551,2025-06-30,2025-06-30 13:17:00,Nagpur,Tier 2,UPI,Delivered,77740.0,2,3.0,True,2025-07-03,2025-06
5343,506,2026-05-27,2026-05-27 10:00:00,Surat,Tier 2,Cash on Delivery,Delivered,7936.0,4,5.0,True,2026-06-01,2026-05
5344,1153,2026-06-17,2026-06-17 11:36:00,Vadodara,Tier 2,Cash on Delivery,Cancelled,2639.0,7,,,,2026-06
5345,83,2026-06-23,2026-06-23 14:07:00,Chennai,Tier 1,UPI,Delivered,69342.4,2,2.0,False,2026-06-25,2026-06
5346,707,2026-06-09,2026-06-09 02:06:00,Kanpur,Tier 2,Credit Card,Returned,995.0,3,,,,2026-06
5347,848,2024-12-25,2024-12-25 22:22:00,Lucknow,Tier 2,Credit Card,Delivered,1557.0,7,7.0,False,2025-01-01,2024-12
5348,844,2026-05-20,2026-05-20 18:09:00,Patna,Tier 3,Debit Card,Delivered,3850.0,2,2.0,False,2026-05-22,2026-05
5349,523,2025-08-31,2025-08-31 13:35:00,Ahmedabad,Tier 2,Cash on Delivery,Delivered,513.95,5,4.0,False,2025-09-04,2025-08
5350,803,2026-04-06,2026-04-06 03:23:00,Indore,Tier 2,Credit Card,Delivered,5116.7,4,6.0,True,2026-04-12,2026-04
5351,987,2026-05-01,2026-05-01 07:05:00,Ahmedabad,Tier 2,Debit Card,Delivered,5245.0,3,4.0,True,2026-05-05,2026-05
5352,499,2025-07-06,2025-07-06 08:45:00,Bengaluru,Tier 1,UPI,Returned,1582.0,3,,,,2025-07
5353,906,2024-12-09,2024-12-09 10:14:00,Lucknow,Tier 2,UPI,Cancelled,35305.7,3,,,,2024-12
5354,982,2024-05-31,2024-05-31 10:45:00,Delhi,Tier 1,UPI,Delivered,33930.45,5,4.0,False,2024-06-04,2024-05
5355,1003,2024-12-17,2024-12-17 15:18:00,Lucknow,Tier 2,UPI,Delivered,318.75,3,3.0,False,2024-12-20,2024-12
5356,377,2026-03-16,2026-03-16 07:27:00,Lucknow,Tier 2,UPI,Cancelled,1458.65,4,,,,2026-03
5357,94,2026-06-29,2026-06-29 04:21:00,Indore,Tier 2,UPI,Delivered,391.2,4,7.0,True,2026-07-06,2026-06
5358,781,2024-11-10,2024-11-10 10:00:00,Hyderabad,Tier 1,Net Banking,Delivered,4344.0,5,5.0,False,2024-11-15,2024-11
5359,767,2026-06-30,2026-06-30 08:43:00,Coimbatore,Tier 2,Credit Card,Returned,865.6,5,,,,2026-06
5360,754,2026-06-13,2026-06-13 14:12:00,Delhi,Tier 1,Cash on Delivery,Delivered,2188.8,3,5.0,True,2026-06-18,2026-06
5361,122,2024-10-20,2024-10-20 06:34:00,Coimbatore,Tier 2,Credit Card,Cancelled,291.0,3,,,,2024-10
5362,1092,2024-08-08,2024-08-08 09:12:00,Bhopal,Tier 2,UPI,RTO,21718.2,5,,,,2024-08
5363,532,2025-12-11,2025-12-11 16:52:00,Jaipur,Tier 2,Net Banking,RTO,2616.2,2,,,,2025-12
5364,836,2025-04-04,2025-04-04 01:11:00,Patna,Tier 3,Debit Card,Delivered,3039.0,5,6.0,True,2025-04-10,2025-04
5365,1172,2025-08-06,2025-08-06 02:13:00,Patna,Tier 3,UPI,Delivered,8734.0,4,5.0,True,2025-08-11,2025-08
5366,337,2025-06-10,2025-06-10 07:56:00,Bengaluru,Tier 1,Net Banking,Delivered,36241.55,7,7.0,False,2025-06-17,2025-06
5367,31,2026-04-05,2026-04-05 07:42:00,Hyderabad,Tier 1,UPI,Cancelled,3493.6,3,,,,2026-04
5368,512,2025-09-27,2025-09-27 22:09:00,Surat,Tier 2,Debit Card,Delivered,4551.0,4,5.0,True,2025-10-02,2025-09
5369,582,2026-04-25,2026-04-25 08:51:00,Indore,Tier 2,UPI,Delivered,3236.8,7,9.0,True,2026-05-04,2026-04
5370,734,2025-10-30,2025-10-30 18:11:00,Kolkata,Tier 1,Credit Card,Delivered,1916.0,7,9.0,True,2025-11-08,2025-10
5371,1184,2025-04-30,2025-04-30 10:58:00,Indore,Tier 2,Credit Card,Delivered,42598.3,2,2.0,False,2025-05-02,2025-04
5372,1150,2025-07-11,2025-07-11 09:19:00,Bhopal,Tier 2,Credit Card,Returned,551.7,4,,,,2025-07
5373,1012,2026-03-28,2026-03-28 23:49:00,Delhi,Tier 1,Net Banking,Delivered,568.0,3,3.0,False,2026-03-31,2026-03
5374,402,2026-03-30,2026-03-30 18:50:00,Surat,Tier 2,UPI,Delivered,43735.9,4,4.0,False,2026-04-03,2026-03
5375,1021,2025-06-20,2025-06-20 03:40:00,Delhi,Tier 1,Cash on Delivery,Delivered,302.0,3,4.0,True,2025-06-24,2025-06
5376,1075,2025-12-03,2025-12-03 05:06:00,Kolkata,Tier 1,Cash on Delivery,Returned,15349.25,7,,,,2025-12
5377,578,2025-09-20,2025-09-20 15:01:00,Chennai,Tier 1,Credit Card,Delivered,5835.5,4,3.0,False,2025-09-23,2025-09
5378,135,2026-01-13,2026-01-13 16:11:00,Bhopal,Tier 2,Debit Card,Delivered,1071.6,4,4.0,False,2026-01-17,2026-01
5379,397,2026-02-21,2026-02-21 19:40:00,Mumbai,Tier 1,Credit Card,Returned,65216.0,2,,,,2026-02
5380,854,2026-03-04,2026-03-04 11:32:00,Guwahati,Tier 3,Credit Card,Cancelled,1118.0,7,,,,2026-03
5381,412,2026-05-31,2026-05-31 16:20:00,Jaipur,Tier 2,Cash on Delivery,RTO,37224.0,7,,,,2026-05
5382,501,2025-10-30,2025-10-30 15:50:00,Guwahati,Tier 3,UPI,Delivered,8762.55,4,5.0,True,2025-11-04,2025-10
5383,944,2025-06-18,2025-06-18 05:53:00,Guwahati,Tier 3,UPI,Delivered,8348.75,3,5.0,True,2025-06-23,2025-06
5384,1187,2026-03-02,2026-03-02 07:15:00,Guwahati,Tier 3,UPI,Returned,83267.0,3,,,,2026-03
5385,928,2024-06-24,2024-06-24 00:40:00,Bengaluru,Tier 1,Credit Card,Delivered,4022.2,5,7.0,True,2024-07-01,2024-06
5386,532,2025-12-16,2025-12-16 04:38:00,Jaipur,Tier 2,Debit Card,Delivered,3516.0,2,3.0,True,2025-12-19,2025-12
5387,631,2026-02-10,2026-02-10 20:54:00,Patna,Tier 3,UPI,Delivered,30132.0,2,2.0,False,2026-02-12,2026-02
5388,66,2026-06-13,2026-06-13 00:13:00,Vadodara,Tier 2,UPI,Delivered,7032.7,2,3.0,True,2026-06-16,2026-06
5389,582,2024-09-24,2024-09-24 02:34:00,Indore,Tier 2,Credit Card,Returned,291.0,7,,,,2024-09
5390,1177,2026-03-22,2026-03-22 20:30:00,Guwahati,Tier 3,Debit Card,Delivered,3612.0,2,1.0,False,2026-03-23,2026-03
5391,271,2026-03-08,2026-03-08 09:05:00,Lucknow,Tier 2,Net Banking,Delivered,142152.3,4,4.0,False,2026-03-12,2026-03
5392,1062,2026-04-08,2026-04-08 02:37:00,Hyderabad,Tier 1,UPI,Cancelled,4229.2,7,,,,2026-04
5393,70,2025-12-31,2025-12-31 01:27:00,Pune,Tier 1,Cash on Delivery,Delivered,5601.95,5,5.0,False,2026-01-05,2025-12
5394,1039,2024-05-07,2024-05-07 10:54:00,Delhi,Tier 1,Debit Card,Delivered,848.0,3,6.0,True,2024-05-13,2024-05
5395,1075,2026-01-07,2026-01-07 01:07:00,Kolkata,Tier 1,Credit Card,Delivered,5198.4,7,8.0,True,2026-01-15,2026-01
5396,1053,2025-04-14,2025-04-14 03:04:00,Bhopal,Tier 2,Credit Card,RTO,1799.0,3,,,,2025-04
5397,325,2025-10-17,2025-10-17 08:20:00,Chennai,Tier 1,UPI,RTO,26630.5,2,,,,2025-10
5398,111,2026-04-26,2026-04-26 06:31:00,Surat,Tier 2,UPI,RTO,66166.0,5,,,,2026-04
5399,213,2026-03-10,2026-03-10 10:45:00,Indore,Tier 2,Debit Card,Delivered,1172.0,7,7.0,False,2026-03-17,2026-03
5400,870,2025-06-20,2025-06-20 17:46:00,Surat,Tier 2,UPI,Delivered,1855.5,5,4.0,False,2025-06-24,2025-06
5401,944,2025-08-27,2025-08-27 06:58:00,Guwahati,Tier 3,Cash on Delivery,Delivered,4359.95,4,6.0,True,2025-09-02,2025-08
5402,582,2024-05-27,2024-05-27 11:57:00,Indore,Tier 2,UPI,Returned,1087.0,2,,,,2024-05
5403,462,2025-10-06,2025-10-06 08:05:00,Hyderabad,Tier 1,Cash on Delivery,Delivered,1388.4,5,6.0,True,2025-10-12,2025-10
5404,463,2026-03-05,2026-03-05 22:14:00,Ahmedabad,Tier 2,Cash on Delivery,Delivered,38196.65,7,9.0,True,2026-03-14,2026-03
5405,31,2026-05-25,2026-05-25 16:34:00,Hyderabad,Tier 1,UPI,Delivered,4329.4,7,8.0,True,2026-06-02,2026-05
5406,438,2026-06-14,2026-06-14 01:38:00,Nagpur,Tier 2,Cash on Delivery,Delivered,1069.0,3,3.0,False,2026-06-17,2026-06
5407,724,2026-05-27,2026-05-27 23:16:00,Pune,Tier 1,Net Banking,Delivered,1912.5,4,3.0,False,2026-05-30,2026-05
5408,885,2026-03-18,2026-03-18 05:51:00,Lucknow,Tier 2,UPI,RTO,8688.0,4,,,,2026-03
5409,1196,2026-04-08,2026-04-08 12:52:00,Delhi,Tier 1,Cash on Delivery,Delivered,12474.0,7,9.0,True,2026-04-17,2026-04
5410,647,2025-06-19,2025-06-19 02:04:00,Bengaluru,Tier 1,UPI,Delivered,40207.0,2,2.0,False,2025-06-21,2025-06
5411,246,2026-06-30,2026-06-30 22:38:00,Guwahati,Tier 3,UPI,Delivered,42316.0,4,7.0,True,2026-07-07,2026-06
5412,696,2024-12-02,2024-12-02 16:41:00,Hyderabad,Tier 1,UPI,Returned,4452.0,3,,,,2024-12
5413,52,2025-01-28,2025-01-28 12:30:00,Vadodara,Tier 2,UPI,Delivered,5443.6,2,3.0,True,2025-01-31,2025-01
5414,923,2025-02-20,2025-02-20 23:43:00,Guwahati,Tier 3,Net Banking,Returned,1990.0,2,,,,2025-02
5415,1109,2026-05-07,2026-05-07 10:22:00,Indore,Tier 2,UPI,Delivered,798.0,2,1.0,False,2026-05-08,2026-05
5416,458,2025-11-22,2025-11-22 16:34:00,Mumbai,Tier 1,Credit Card,RTO,33925.65,3,,,,2025-11
5417,1093,2025-05-18,2025-05-18 16:23:00,Hyderabad,Tier 1,Cash on Delivery,Delivered,1670.1,2,3.0,True,2025-05-21,2025-05
5418,1135,2026-06-03,2026-06-03 07:22:00,Surat,Tier 2,Credit Card,Delivered,30387.0,3,3.0,False,2026-06-06,2026-06
5419,199,2026-03-17,2026-03-17 13:55:00,Mumbai,Tier 1,Cash on Delivery,RTO,22950.75,5,,,,2026-03
5420,189,2026-04-07,2026-04-07 02:06:00,Bengaluru,Tier 1,Net Banking,Delivered,1819.55,7,7.0,False,2026-04-14,2026-04
5421,910,2024-09-05,2024-09-05 10:34:00,Hyderabad,Tier 1,UPI,Delivered,50296.85,5,5.0,False,2024-09-10,2024-09
5422,708,2025-06-09,2025-06-09 18:29:00,Guwahati,Tier 3,Debit Card,RTO,86434.0,5,,,,2025-06
5423,1054,2026-01-29,2026-01-29 21:02:00,Kolkata,Tier 1,Debit Card,Delivered,68505.65,2,3.0,True,2026-02-01,2026-01
5424,1126,2024-10-25,2024-10-25 11:14:00,Bhopal,Tier 2,Credit Card,Returned,330.4,5,,,,2024-10
5425,382,2026-06-26,2026-06-26 07:08:00,Bhopal,Tier 2,Cash on Delivery,Delivered,4340.5,7,10.0,True,2026-07-06,2026-06
5426,616,2025-10-17,2025-10-17 15:53:00,Vadodara,Tier 2,UPI,Delivered,13447.0,2,4.0,True,2025-10-21,2025-10
5427,151,2026-06-24,2026-06-24 13:11:00,Surat,Tier 2,UPI,Cancelled,14736.3,4,,,,2026-06
5428,812,2024-12-23,2024-12-23 12:34:00,Mumbai,Tier 1,Debit Card,Delivered,2822.0,5,6.0,True,2024-12-29,2024-12
5429,1085,2026-05-25,2026-05-25 19:38:00,Indore,Tier 2,Cash on Delivery,Delivered,12774.65,3,2.0,False,2026-05-27,2026-05
5430,596,2025-11-28,2025-11-28 09:08:00,Ghaziabad,Tier 3,Credit Card,Delivered,34438.6,5,6.0,True,2025-12-04,2025-11
5431,507,2025-07-01,2025-07-01 23:00:00,Nagpur,Tier 2,UPI,Delivered,612.0,4,4.0,False,2025-07-05,2025-07
5432,262,2025-06-29,2025-06-29 06:05:00,Kanpur,Tier 2,Debit Card,Delivered,1849.2,2,1.0,False,2025-06-30,2025-06
5433,1104,2025-11-05,2025-11-05 07:14:00,Bhopal,Tier 2,Credit Card,Delivered,453.0,4,4.0,False,2025-11-09,2025-11
5434,417,2024-09-25,2024-09-25 04:47:00,Pune,Tier 1,Credit Card,Delivered,3991.55,5,4.0,False,2024-09-29,2024-09
5435,541,2026-06-13,2026-06-13 04:46:00,Pune,Tier 1,Debit Card,Delivered,559.0,5,5.0,False,2026-06-18,2026-06
5436,1149,2026-05-06,2026-05-06 04:03:00,Ahmedabad,Tier 2,UPI,Delivered,2079.0,5,5.0,False,2026-05-11,2026-05
5437,187,2025-03-10,2025-03-10 12:53:00,Chennai,Tier 1,Credit Card,Cancelled,13880.65,4,,,,2025-03
5438,367,2026-01-09,2026-01-09 01:33:00,Pune,Tier 1,Net Banking,Delivered,2383.0,4,6.0,True,2026-01-15,2026-01
5439,1024,2026-02-16,2026-02-16 02:27:00,Patna,Tier 3,Net Banking,Delivered,8366.65,3,5.0,True,2026-02-21,2026-02
5440,675,2024-04-14,2024-04-14 15:07:00,Bhopal,Tier 2,UPI,Delivered,1680.55,5,5.0,False,2024-04-19,2024-04
5441,1045,2024-12-23,2024-12-23 02:49:00,Nagpur,Tier 2,UPI,Delivered,825.45,3,3.0,False,2024-12-26,2024-12
5442,1121,2025-11-30,2025-11-30 10:35:00,Vadodara,Tier 2,Debit Card,Delivered,6043.0,4,4.0,False,2025-12-04,2025-11
5443,685,2026-05-18,2026-05-18 04:23:00,Pune,Tier 1,Cash on Delivery,Returned,7650.35,2,,,,2026-05
5444,575,2025-09-18,2025-09-18 17:50:00,Indore,Tier 2,Cash on Delivery,Delivered,881.1,2,3.0,True,2025-09-21,2025-09
5445,350,2025-05-22,2025-05-22 12:05:00,Pune,Tier 1,Cash on Delivery,Delivered,130017.0,7,8.0,True,2025-05-30,2025-05
5446,850,2026-05-15,2026-05-15 16:54:00,Ghaziabad,Tier 3,Net Banking,Delivered,846.0,7,9.0,True,2026-05-24,2026-05
5447,1037,2026-01-21,2026-01-21 06:27:00,Vadodara,Tier 2,Net Banking,Delivered,564.0,7,7.0,False,2026-01-28,2026-01
5448,749,2026-06-20,2026-06-20 17:23:00,Indore,Tier 2,Cash on Delivery,Delivered,845.9,3,4.0,True,2026-06-24,2026-06
5449,1151,2025-03-20,2025-03-20 09:10:00,Lucknow,Tier 2,Debit Card,RTO,13904.0,3,,,,2025-03
5450,1167,2026-02-23,2026-02-23 02:20:00,Bhopal,Tier 2,UPI,RTO,4677.8,3,,,,2026-02
5451,478,2026-02-09,2026-02-09 14:13:00,Kanpur,Tier 2,UPI,Delivered,69532.0,7,10.0,True,2026-02-19,2026-02
5452,1042,2025-12-03,2025-12-03 22:22:00,Coimbatore,Tier 2,UPI,Delivered,6690.2,2,1.0,False,2025-12-04,2025-12
5453,141,2025-12-05,2025-12-05 11:08:00,Vadodara,Tier 2,Credit Card,Delivered,33372.65,3,3.0,False,2025-12-08,2025-12
5454,299,2025-10-03,2025-10-03 18:32:00,Hyderabad,Tier 1,Debit Card,Delivered,1386.0,4,5.0,True,2025-10-08,2025-10
5455,1167,2026-02-18,2026-02-18 19:45:00,Bhopal,Tier 2,Net Banking,Delivered,424.0,4,4.0,False,2026-02-22,2026-02
5456,201,2026-05-12,2026-05-12 07:48:00,Bengaluru,Tier 1,Debit Card,Delivered,5291.2,2,2.0,False,2026-05-14,2026-05
5457,179,2025-03-25,2025-03-25 23:12:00,Bhopal,Tier 2,UPI,Returned,35362.8,2,,,,2025-03
5458,523,2025-01-21,2025-01-21 03:42:00,Ahmedabad,Tier 2,Debit Card,Returned,486.4,5,,,,2025-01
5459,9,2025-03-20,2025-03-20 16:11:00,Hyderabad,Tier 1,Cash on Delivery,RTO,8608.9,2,,,,2025-03
5460,542,2024-11-01,2024-11-01 02:06:00,Vadodara,Tier 2,Credit Card,Delivered,7589.15,2,2.0,False,2024-11-03,2024-11
5461,781,2025-05-19,2025-05-19 16:51:00,Hyderabad,Tier 1,Debit Card,Returned,11538.4,3,,,,2025-05
5462,933,2024-07-15,2024-07-15 16:09:00,Pune,Tier 1,Credit Card,Delivered,35804.4,3,3.0,False,2024-07-18,2024-07
5463,758,2026-03-13,2026-03-13 10:59:00,Vadodara,Tier 2,Net Banking,Returned,2916.75,4,,,,2026-03
5464,243,2026-05-18,2026-05-18 16:49:00,Kanpur,Tier 2,Credit Card,Delivered,9055.05,4,5.0,True,2026-05-23,2026-05
5465,35,2024-09-14,2024-09-14 06:41:00,Mumbai,Tier 1,Cash on Delivery,Delivered,104013.6,4,5.0,True,2024-09-19,2024-09
5466,756,2025-07-06,2025-07-06 22:46:00,Kolkata,Tier 1,Credit Card,RTO,1379.5,4,,,,2025-07
5467,350,2024-11-26,2024-11-26 04:50:00,Pune,Tier 1,Cash on Delivery,Delivered,1254.0,5,5.0,False,2024-12-01,2024-11
5468,499,2026-01-31,2026-01-31 06:41:00,Bengaluru,Tier 1,Debit Card,Returned,902.4,4,,,,2026-01
5469,852,2026-05-17,2026-05-17 12:26:00,Guwahati,Tier 3,Credit Card,Returned,8910.7,4,,,,2026-05
5470,288,2025-12-15,2025-12-15 13:29:00,Coimbatore,Tier 2,Net Banking,Cancelled,103779.7,5,,,,2025-12
5471,21,2026-03-05,2026-03-05 16:42:00,Kanpur,Tier 2,UPI,Delivered,729.6,5,5.0,False,2026-03-10,2026-03
5472,800,2025-06-18,2025-06-18 09:42:00,Guwahati,Tier 3,UPI,Delivered,205.0,7,8.0,True,2025-06-26,2025-06
5473,1028,2025-12-28,2025-12-28 03:03:00,Kanpur,Tier 2,UPI,Delivered,205.0,3,3.0,False,2025-12-31,2025-12
5474,892,2025-12-19,2025-12-19 20:21:00,Ahmedabad,Tier 2,UPI,Cancelled,1652.4,4,,,,2025-12
5475,508,2025-03-22,2025-03-22 05:56:00,Delhi,Tier 1,Credit Card,RTO,5722.4,2,,,,2025-03
5476,1168,2026-06-25,2026-06-25 23:17:00,Ahmedabad,Tier 2,Credit Card,Delivered,73875.45,4,7.0,True,2026-07-02,2026-06
5477,406,2026-06-04,2026-06-04 16:08:00,Kolkata,Tier 1,Debit Card,Delivered,990.75,3,2.0,False,2026-06-06,2026-06
5478,929,2025-07-16,2025-07-16 13:22:00,Chennai,Tier 1,Debit Card,Cancelled,3061.8,3,,,,2025-07
5479,92,2026-01-26,2026-01-26 09:59:00,Coimbatore,Tier 2,Credit Card,Delivered,4070.3,2,2.0,False,2026-01-28,2026-01
5480,964,2025-08-25,2025-08-25 06:52:00,Bhopal,Tier 2,UPI,RTO,8145.5,4,,,,2025-08
5481,151,2026-05-25,2026-05-25 13:44:00,Surat,Tier 2,UPI,Delivered,2589.5,2,3.0,True,2026-05-28,2026-05
5482,893,2026-05-26,2026-05-26 10:55:00,Bhopal,Tier 2,UPI,Delivered,80915.5,5,5.0,False,2026-05-31,2026-05
5483,486,2025-05-20,2025-05-20 11:53:00,Ghaziabad,Tier 3,UPI,Delivered,1128.4,5,5.0,False,2025-05-25,2025-05
5484,840,2025-06-11,2025-06-11 07:47:00,Guwahati,Tier 3,UPI,Delivered,1237.65,4,4.0,False,2025-06-15,2025-06
5485,859,2026-02-06,2026-02-06 02:52:00,Bengaluru,Tier 1,Debit Card,Delivered,32381.6,2,2.0,False,2026-02-08,2026-02
5486,1103,2026-06-24,2026-06-24 03:37:00,Hyderabad,Tier 1,Credit Card,Delivered,27657.55,4,4.0,False,2026-06-28,2026-06
5487,1197,2026-06-29,2026-06-29 19:16:00,Coimbatore,Tier 2,UPI,Delivered,1899.2,7,7.0,False,2026-07-06,2026-06
5488,1076,2025-11-21,2025-11-21 08:30:00,Pune,Tier 1,Cash on Delivery,Delivered,990.9,5,5.0,False,2025-11-26,2025-11
5489,532,2026-02-20,2026-02-20 08:43:00,Jaipur,Tier 2,Credit Card,RTO,14911.6,5,,,,2026-02
5490,1025,2025-10-28,2025-10-28 03:43:00,Ahmedabad,Tier 2,Debit Card,Delivered,34766.0,3,6.0,True,2025-11-03,2025-10
5491,147,2025-02-01,2025-02-01 18:43:00,Coimbatore,Tier 2,Credit Card,Cancelled,2962.8,4,,,,2025-02
5492,135,2026-04-07,2026-04-07 17:57:00,Bhopal,Tier 2,UPI,Delivered,36191.2,4,3.0,False,2026-04-10,2026-04
5493,1198,2025-08-31,2025-08-31 07:08:00,Bengaluru,Tier 1,Credit Card,Delivered,2976.3,7,8.0,True,2025-09-08,2025-08
5494,205,2026-02-20,2026-02-20 00:18:00,Bhopal,Tier 2,UPI,Delivered,83754.0,7,8.0,True,2026-02-28,2026-02
5495,281,2025-09-30,2025-09-30 13:45:00,Hyderabad,Tier 1,UPI,Delivered,4513.65,7,7.0,False,2025-10-07,2025-09
5496,364,2025-11-30,2025-11-30 17:43:00,Hyderabad,Tier 1,UPI,Delivered,42178.0,7,10.0,True,2025-12-10,2025-11
5497,356,2026-06-20,2026-06-20 21:59:00,Pune,Tier 1,Cash on Delivery,Delivered,5668.25,3,3.0,False,2026-06-23,2026-06
5498,482,2026-05-16,2026-05-16 03:57:00,Coimbatore,Tier 2,UPI,RTO,70244.05,5,,,,2026-05
5499,712,2025-03-31,2025-03-31 12:30:00,Chennai,Tier 1,Cash on Delivery,Delivered,41267.65,2,3.0,True,2025-04-03,2025-03
5500,98,2025-10-24,2025-10-24 20:24:00,Mumbai,Tier 1,Debit Card,Delivered,49466.9,7,8.0,True,2025-11-01,2025-10
5501,576,2026-03-19,2026-03-19 15:18:00,Coimbatore,Tier 2,UPI,Delivered,1272.0,3,4.0,True,2026-03-23,2026-03
5502,1025,2026-03-23,2026-03-23 07:42:00,Ahmedabad,Tier 2,Cash on Delivery,Delivered,3307.0,4,4.0,False,2026-03-27,2026-03
5503,674,2026-04-24,2026-04-24 16:42:00,Guwahati,Tier 3,UPI,Delivered,20170.5,3,4.0,True,2026-04-28,2026-04
5504,121,2026-05-28,2026-05-28 05:34:00,Guwahati,Tier 3,Cash on Delivery,Delivered,1826.4,4,7.0,True,2026-06-04,2026-05
5505,248,2025-08-10,2025-08-10 16:43:00,Bhopal,Tier 2,UPI,Delivered,4924.0,3,3.0,False,2025-08-13,2025-08
5506,577,2025-05-14,2025-05-14 15:08:00,Pune,Tier 1,Cash on Delivery,Delivered,1491.0,4,6.0,True,2025-05-20,2025-05
5507,499,2024-12-21,2024-12-21 05:58:00,Bengaluru,Tier 1,UPI,Delivered,546.0,2,2.0,False,2024-12-23,2024-12
5508,908,2025-02-04,2025-02-04 14:34:00,Patna,Tier 3,UPI,Delivered,957.6,4,4.0,False,2025-02-08,2025-02
5509,718,2026-01-30,2026-01-30 07:35:00,Guwahati,Tier 3,UPI,Delivered,1680.55,3,2.0,False,2026-02-01,2026-01
5510,1025,2025-02-27,2025-02-27 22:45:00,Ahmedabad,Tier 2,Credit Card,RTO,63142.8,3,,,,2025-02
5511,844,2026-01-30,2026-01-30 20:24:00,Patna,Tier 3,UPI,Delivered,218.25,2,3.0,True,2026-02-02,2026-01
5512,647,2025-08-14,2025-08-14 18:12:00,Bengaluru,Tier 1,UPI,Delivered,102204.75,2,2.0,False,2025-08-16,2025-08
5513,154,2025-07-09,2025-07-09 04:11:00,Bhopal,Tier 2,UPI,Delivered,803.0,7,8.0,True,2025-07-17,2025-07
5514,524,2025-04-28,2025-04-28 02:01:00,Kolkata,Tier 1,UPI,Delivered,34766.0,3,3.0,False,2025-05-01,2025-04
5515,929,2026-03-26,2026-03-26 17:20:00,Chennai,Tier 1,Cash on Delivery,Delivered,288.8,4,3.0,False,2026-03-29,2026-03
5516,454,2026-01-03,2026-01-03 04:06:00,Ghaziabad,Tier 3,UPI,RTO,8588.8,7,,,,2026-01
5517,138,2025-12-24,2025-12-24 10:14:00,Delhi,Tier 1,UPI,Returned,2116.5,7,,,,2025-12
5518,933,2026-04-14,2026-04-14 09:42:00,Pune,Tier 1,Net Banking,Delivered,19211.5,7,8.0,True,2026-04-22,2026-04
5519,402,2026-04-03,2026-04-03 22:07:00,Surat,Tier 2,Cash on Delivery,Cancelled,2027.0,5,,,,2026-04
5520,179,2025-10-11,2025-10-11 07:01:00,Bhopal,Tier 2,UPI,Returned,13947.4,3,,,,2025-10
5521,439,2026-02-05,2026-02-05 03:52:00,Bengaluru,Tier 1,Debit Card,Delivered,42652.0,2,4.0,True,2026-02-09,2026-02
5522,464,2025-06-30,2025-06-30 21:22:00,Bhopal,Tier 2,Cash on Delivery,Delivered,43411.4,3,6.0,True,2025-07-06,2025-06
5523,532,2025-12-16,2025-12-16 13:49:00,Jaipur,Tier 2,UPI,Delivered,1472.8,4,4.0,False,2025-12-20,2025-12
5524,442,2025-01-04,2025-01-04 23:40:00,Bengaluru,Tier 1,UPI,Delivered,556.0,5,8.0,True,2025-01-12,2025-01
5525,472,2024-05-19,2024-05-19 04:29:00,Mumbai,Tier 1,UPI,Cancelled,1193.2,2,,,,2024-05
5526,752,2025-08-05,2025-08-05 18:28:00,Kanpur,Tier 2,UPI,Delivered,1758.0,4,7.0,True,2025-08-12,2025-08
5527,134,2026-01-24,2026-01-24 14:42:00,Surat,Tier 2,UPI,Delivered,8330.7,2,2.0,False,2026-01-26,2026-01
5528,492,2026-05-24,2026-05-24 22:43:00,Nagpur,Tier 2,Net Banking,Delivered,507.6,2,3.0,True,2026-05-27,2026-05
5529,1038,2025-05-28,2025-05-28 04:25:00,Jaipur,Tier 2,UPI,RTO,3211.4,3,,,,2025-05
5530,766,2026-03-04,2026-03-04 10:51:00,Kolkata,Tier 1,UPI,Delivered,66851.2,2,3.0,True,2026-03-07,2026-03
5531,133,2025-02-15,2025-02-15 20:47:00,Ahmedabad,Tier 2,Credit Card,Cancelled,86928.2,4,,,,2025-02
5532,1069,2026-06-24,2026-06-24 09:39:00,Pune,Tier 1,Credit Card,RTO,9563.0,3,,,,2026-06
5533,738,2026-03-10,2026-03-10 18:32:00,Delhi,Tier 1,UPI,Delivered,344.25,3,3.0,False,2026-03-13,2026-03
5534,74,2026-04-30,2026-04-30 09:52:00,Ghaziabad,Tier 3,UPI,Delivered,1703.25,3,3.0,False,2026-05-03,2026-04
5535,536,2025-08-22,2025-08-22 22:11:00,Kanpur,Tier 2,Cash on Delivery,RTO,3321.0,4,,,,2025-08
5536,303,2026-02-08,2026-02-08 08:21:00,Bengaluru,Tier 1,Credit Card,Cancelled,43249.25,4,,,,2026-02
5537,1103,2026-06-20,2026-06-20 07:49:00,Hyderabad,Tier 1,Net Banking,Cancelled,65991.8,2,,,,2026-06
5538,183,2026-04-12,2026-04-12 11:17:00,Kanpur,Tier 2,UPI,Delivered,6193.4,7,8.0,True,2026-04-20,2026-04
5539,220,2026-05-22,2026-05-22 04:11:00,Vadodara,Tier 2,UPI,Delivered,113242.2,3,6.0,True,2026-05-28,2026-05
5540,1166,2026-06-28,2026-06-28 13:47:00,Nagpur,Tier 2,UPI,Delivered,71029.4,2,3.0,True,2026-07-01,2026-06
5541,1192,2025-12-28,2025-12-28 17:41:00,Mumbai,Tier 1,UPI,Returned,3340.2,7,,,,2025-12
5542,492,2026-06-25,2026-06-25 05:32:00,Nagpur,Tier 2,Cash on Delivery,Returned,2413.15,7,,,,2026-06
5543,200,2026-05-24,2026-05-24 11:06:00,Indore,Tier 2,UPI,Delivered,12098.45,5,7.0,True,2026-05-31,2026-05
5544,81,2026-01-08,2026-01-08 11:24:00,Mumbai,Tier 1,Cash on Delivery,Delivered,40207.0,4,4.0,False,2026-01-12,2026-01
5545,1147,2025-05-15,2025-05-15 10:37:00,Lucknow,Tier 2,UPI,Delivered,1494.0,4,5.0,True,2025-05-20,2025-05
5546,990,2026-03-29,2026-03-29 18:18:00,Coimbatore,Tier 2,UPI,Delivered,459.75,3,4.0,True,2026-04-02,2026-03
5547,379,2026-06-29,2026-06-29 04:44:00,Surat,Tier 2,UPI,Delivered,3437.5,5,6.0,True,2026-07-05,2026-06
5548,1137,2026-05-26,2026-05-26 03:42:00,Kolkata,Tier 1,UPI,Delivered,5084.35,4,7.0,True,2026-06-02,2026-05
5549,533,2026-03-31,2026-03-31 09:00:00,Chennai,Tier 1,UPI,Delivered,3493.6,2,5.0,True,2026-04-05,2026-03
5550,1032,2026-03-10,2026-03-10 02:03:00,Ghaziabad,Tier 3,Credit Card,Delivered,539.6,7,7.0,False,2026-03-17,2026-03
5551,472,2024-12-19,2024-12-19 18:41:00,Mumbai,Tier 1,Cash on Delivery,Delivered,339.2,7,7.0,False,2024-12-26,2024-12
5552,377,2025-12-08,2025-12-08 10:05:00,Lucknow,Tier 2,UPI,Delivered,1687.65,5,8.0,True,2025-12-16,2025-12
5553,815,2025-11-16,2025-11-16 02:31:00,Vadodara,Tier 2,UPI,RTO,1301.25,7,,,,2025-11
5554,399,2026-05-21,2026-05-21 15:24:00,Ghaziabad,Tier 3,Debit Card,RTO,3372.8,2,,,,2026-05
5555,743,2025-05-25,2025-05-25 10:59:00,Vadodara,Tier 2,Cash on Delivery,Delivered,7766.5,5,5.0,False,2025-05-30,2025-05
5556,829,2026-04-29,2026-04-29 09:24:00,Ghaziabad,Tier 3,Credit Card,Delivered,2310.05,3,5.0,True,2026-05-04,2026-04
5557,443,2026-01-22,2026-01-22 21:10:00,Coimbatore,Tier 2,UPI,Delivered,35664.0,2,5.0,True,2026-01-27,2026-01
5558,70,2025-08-23,2025-08-23 13:24:00,Pune,Tier 1,Cash on Delivery,RTO,49064.05,5,,,,2025-08
5559,576,2026-05-17,2026-05-17 05:59:00,Coimbatore,Tier 2,UPI,Returned,798.0,4,,,,2026-05
5560,1198,2025-10-01,2025-10-01 22:27:00,Bengaluru,Tier 1,UPI,Delivered,7567.5,4,3.0,False,2025-10-04,2025-10
5561,177,2026-02-08,2026-02-08 05:25:00,Vadodara,Tier 2,Cash on Delivery,Delivered,27234.6,4,7.0,True,2026-02-15,2026-02
5562,439,2024-07-14,2024-07-14 08:44:00,Bengaluru,Tier 1,Credit Card,Delivered,37224.0,5,5.0,False,2024-07-19,2024-07
5563,1164,2025-04-03,2025-04-03 16:40:00,Hyderabad,Tier 1,UPI,Delivered,2465.0,7,7.0,False,2025-04-10,2025-04
5564,250,2026-06-01,2026-06-01 16:40:00,Ahmedabad,Tier 2,UPI,RTO,39165.2,4,,,,2026-06
5565,1025,2025-05-17,2025-05-17 07:41:00,Ahmedabad,Tier 2,UPI,Returned,36218.4,2,,,,2025-05
5566,814,2026-05-02,2026-05-02 18:25:00,Bhopal,Tier 2,UPI,Returned,8054.05,4,,,,2026-05
5567,582,2025-07-30,2025-07-30 12:13:00,Indore,Tier 2,Debit Card,Delivered,84307.4,2,4.0,True,2025-08-03,2025-07
5568,2,2024-06-14,2024-06-14 12:25:00,Vadodara,Tier 2,Debit Card,Returned,39622.7,4,,,,2024-06
5569,1197,2026-06-12,2026-06-12 11:12:00,Coimbatore,Tier 2,Cash on Delivery,Cancelled,5482.0,4,,,,2026-06
5570,287,2026-05-30,2026-05-30 00:32:00,Surat,Tier 2,Cash on Delivery,Delivered,1130.4,7,10.0,True,2026-06-09,2026-05
5571,610,2026-01-03,2026-01-03 16:45:00,Vadodara,Tier 2,Net Banking,Delivered,8223.85,5,5.0,False,2026-01-08,2026-01
5572,490,2026-03-07,2026-03-07 21:18:00,Vadodara,Tier 2,Cash on Delivery,RTO,865.0,4,,,,2026-03
5573,446,2025-09-07,2025-09-07 06:41:00,Mumbai,Tier 1,Cash on Delivery,Delivered,1998.6,4,7.0,True,2025-09-14,2025-09
5574,34,2026-01-02,2026-01-02 16:10:00,Pune,Tier 1,UPI,Delivered,3263.2,2,2.0,False,2026-01-04,2026-01
5575,532,2026-03-10,2026-03-10 02:26:00,Jaipur,Tier 2,Cash on Delivery,Delivered,30418.7,3,3.0,False,2026-03-13,2026-03
5576,1102,2025-08-22,2025-08-22 11:25:00,Lucknow,Tier 2,Debit Card,Delivered,4651.2,5,4.0,False,2025-08-26,2025-08
5577,1149,2026-06-20,2026-06-20 01:50:00,Ahmedabad,Tier 2,UPI,Delivered,8606.7,3,3.0,False,2026-06-23,2026-06
5578,1198,2026-04-18,2026-04-18 13:09:00,Bengaluru,Tier 1,UPI,Cancelled,6906.6,3,,,,2026-04
5579,519,2025-09-29,2025-09-29 11:28:00,Jaipur,Tier 2,Net Banking,Delivered,2356.2,5,6.0,True,2025-10-05,2025-09
5580,367,2026-06-06,2026-06-06 04:52:00,Pune,Tier 1,UPI,Delivered,4344.0,7,10.0,True,2026-06-16,2026-06
5581,365,2025-12-18,2025-12-18 21:42:00,Mumbai,Tier 1,Credit Card,Delivered,32412.8,4,5.0,True,2025-12-23,2025-12
5582,954,2025-04-27,2025-04-27 03:43:00,Surat,Tier 2,Credit Card,Delivered,3905.95,2,4.0,True,2025-05-01,2025-04
5583,1062,2026-04-02,2026-04-02 09:16:00,Hyderabad,Tier 1,Debit Card,Delivered,1936.1,4,5.0,True,2026-04-07,2026-04
5584,972,2026-04-12,2026-04-12 02:26:00,Surat,Tier 2,Debit Card,Returned,36494.8,2,,,,2026-04
5585,465,2026-05-31,2026-05-31 21:05:00,Hyderabad,Tier 1,Debit Card,Delivered,1386.0,3,5.0,True,2026-06-05,2026-05
5586,814,2026-06-22,2026-06-22 05:27:00,Bhopal,Tier 2,UPI,Delivered,8223.0,5,4.0,False,2026-06-26,2026-06
5587,823,2024-11-09,2024-11-09 10:01:00,Delhi,Tier 1,Debit Card,Delivered,937.6,3,4.0,True,2024-11-13,2024-11
5588,342,2026-05-04,2026-05-04 23:00:00,Kanpur,Tier 2,UPI,Delivered,3972.0,7,7.0,False,2026-05-11,2026-05
5589,304,2024-04-21,2024-04-21 02:56:00,Chennai,Tier 1,Net Banking,Delivered,2782.65,3,4.0,True,2024-04-25,2024-04
5590,1197,2026-06-03,2026-06-03 12:59:00,Coimbatore,Tier 2,Credit Card,Delivered,7109.65,5,5.0,False,2026-06-08,2026-06
5591,764,2025-12-13,2025-12-13 00:15:00,Delhi,Tier 1,Cash on Delivery,Delivered,6264.2,3,4.0,True,2025-12-17,2025-12
5592,342,2024-11-28,2024-11-28 16:33:00,Kanpur,Tier 2,UPI,Delivered,8128.55,4,5.0,True,2024-12-03,2024-11
5593,717,2025-09-28,2025-09-28 17:15:00,Bhopal,Tier 2,Debit Card,Delivered,2555.1,3,3.0,False,2025-10-01,2025-09
5594,906,2024-11-07,2024-11-07 18:17:00,Lucknow,Tier 2,Cash on Delivery,Delivered,1297.5,7,8.0,True,2024-11-15,2024-11
5595,1161,2026-04-25,2026-04-25 16:37:00,Mumbai,Tier 1,UPI,Delivered,80676.9,4,4.0,False,2026-04-29,2026-04
5596,682,2026-06-14,2026-06-14 07:42:00,Hyderabad,Tier 1,Debit Card,RTO,33509.6,2,,,,2026-06
5597,628,2024-07-12,2024-07-12 22:16:00,Ahmedabad,Tier 2,Credit Card,Delivered,5041.4,4,5.0,True,2024-07-17,2024-07
5598,428,2025-10-18,2025-10-18 06:43:00,Bhopal,Tier 2,UPI,RTO,9784.6,3,,,,2025-10
5599,1000,2026-03-25,2026-03-25 07:16:00,Bhopal,Tier 2,Net Banking,Delivered,8791.6,4,7.0,True,2026-04-01,2026-03
5600,1154,2026-06-27,2026-06-27 01:22:00,Ghaziabad,Tier 3,Debit Card,Returned,2669.1,7,,,,2026-06
5601,35,2024-10-12,2024-10-12 08:37:00,Mumbai,Tier 1,UPI,Delivered,3692.4,7,7.0,False,2024-10-19,2024-10
5602,990,2025-10-23,2025-10-23 20:32:00,Coimbatore,Tier 2,UPI,Cancelled,913.75,7,,,,2025-10
5603,3,2026-06-09,2026-06-09 08:51:00,Pune,Tier 1,UPI,Delivered,5173.05,5,8.0,True,2026-06-17,2026-06
5604,999,2026-03-09,2026-03-09 09:49:00,Coimbatore,Tier 2,Debit Card,Returned,121.6,3,,,,2026-03
5605,1004,2026-03-14,2026-03-14 05:54:00,Vadodara,Tier 2,Credit Card,Delivered,102806.1,4,4.0,False,2026-03-18,2026-03
5606,1072,2026-03-30,2026-03-30 15:35:00,Lucknow,Tier 2,UPI,Delivered,610.0,3,3.0,False,2026-04-02,2026-03
5607,70,2025-06-19,2025-06-19 03:40:00,Pune,Tier 1,Debit Card,Returned,4367.0,4,,,,2025-06
5608,895,2025-09-19,2025-09-19 15:39:00,Surat,Tier 2,Cash on Delivery,Cancelled,70881.95,2,,,,2025-09
5609,815,2026-03-20,2026-03-20 16:13:00,Vadodara,Tier 2,UPI,Returned,6609.05,5,,,,2026-03
5610,389,2025-05-27,2025-05-27 00:23:00,Kanpur,Tier 2,UPI,Cancelled,54538.4,3,,,,2025-05
5611,325,2025-11-20,2025-11-20 06:44:00,Chennai,Tier 1,Credit Card,RTO,375.0,2,,,,2025-11
5612,263,2025-05-07,2025-05-07 04:22:00,Ghaziabad,Tier 3,UPI,Cancelled,1476.0,2,,,,2025-05
5613,394,2025-08-11,2025-08-11 08:42:00,Pune,Tier 1,Credit Card,Delivered,33733.0,3,6.0,True,2025-08-17,2025-08
5614,1060,2026-05-16,2026-05-16 12:56:00,Patna,Tier 3,UPI,RTO,1944.0,7,,,,2026-05
5615,199,2025-07-22,2025-07-22 21:45:00,Mumbai,Tier 1,Net Banking,Delivered,2126.4,7,7.0,False,2025-07-29,2025-07
5616,1186,2026-04-08,2026-04-08 21:35:00,Jaipur,Tier 2,Credit Card,RTO,2634.8,2,,,,2026-04
5617,250,2026-06-20,2026-06-20 10:49:00,Ahmedabad,Tier 2,UPI,Delivered,39937.95,5,6.0,True,2026-06-26,2026-06
5618,719,2026-02-12,2026-02-12 14:20:00,Patna,Tier 3,Net Banking,Delivered,3307.0,4,5.0,True,2026-02-17,2026-02
5619,428,2025-10-31,2025-10-31 06:48:00,Bhopal,Tier 2,Cash on Delivery,Cancelled,40460.5,5,,,,2025-10
5620,232,2024-08-15,2024-08-15 06:51:00,Bengaluru,Tier 1,Cash on Delivery,Delivered,8627.2,4,5.0,True,2024-08-20,2024-08
5621,861,2026-05-06,2026-05-06 18:03:00,Lucknow,Tier 2,Cash on Delivery,RTO,897.75,3,,,,2026-05
5622,424,2025-10-11,2025-10-11 19:37:00,Bhopal,Tier 2,Credit Card,Delivered,2151.2,4,5.0,True,2025-10-16,2025-10
5623,943,2026-04-26,2026-04-26 16:52:00,Bengaluru,Tier 1,UPI,RTO,5105.7,2,,,,2026-04
5624,576,2026-01-20,2026-01-20 03:36:00,Coimbatore,Tier 2,UPI,Delivered,46785.4,5,5.0,False,2026-01-25,2026-01
5625,51,2026-02-25,2026-02-25 09:14:00,Vadodara,Tier 2,UPI,Delivered,825.0,2,4.0,True,2026-03-01,2026-02
5626,697,2025-11-27,2025-11-27 11:16:00,Jaipur,Tier 2,Cash on Delivery,Delivered,5066.3,2,5.0,True,2025-12-02,2025-11
5627,1184,2024-08-20,2024-08-20 02:52:00,Indore,Tier 2,Credit Card,Delivered,8999.8,3,3.0,False,2024-08-23,2024-08
5628,179,2025-08-06,2025-08-06 22:28:00,Bhopal,Tier 2,UPI,Delivered,405.0,5,5.0,False,2025-08-11,2025-08
5629,1137,2026-05-02,2026-05-02 22:56:00,Kolkata,Tier 1,UPI,Delivered,15817.0,7,10.0,True,2026-05-12,2026-05
5630,407,2026-03-22,2026-03-22 16:48:00,Indore,Tier 2,UPI,Delivered,7196.0,5,6.0,True,2026-03-28,2026-03
5631,1153,2025-01-04,2025-01-04 16:41:00,Vadodara,Tier 2,UPI,Delivered,454.4,3,3.0,False,2025-01-07,2025-01
5632,578,2025-06-05,2025-06-05 01:53:00,Chennai,Tier 1,UPI,Delivered,547.2,2,4.0,True,2025-06-09,2025-06
5633,442,2025-10-15,2025-10-15 13:33:00,Bengaluru,Tier 1,Net Banking,Delivered,3212.25,2,4.0,True,2025-10-19,2025-10
5634,49,2025-07-03,2025-07-03 09:27:00,Jaipur,Tier 2,Credit Card,Delivered,6424.5,4,4.0,False,2025-07-07,2025-07
5635,273,2025-04-20,2025-04-20 15:50:00,Bhopal,Tier 2,UPI,Delivered,80299.55,2,3.0,True,2025-04-23,2025-04
5636,70,2025-11-25,2025-11-25 22:44:00,Pune,Tier 1,Cash on Delivery,Delivered,979.0,3,5.0,True,2025-11-30,2025-11
5637,306,2025-08-27,2025-08-27 01:06:00,Vadodara,Tier 2,UPI,Delivered,2676.2,3,3.0,False,2025-08-30,2025-08
5638,524,2025-05-08,2025-05-08 17:01:00,Kolkata,Tier 1,UPI,Delivered,845.75,3,4.0,True,2025-05-12,2025-05
5639,467,2026-02-04,2026-02-04 02:12:00,Bengaluru,Tier 1,UPI,RTO,392.35,5,,,,2026-02
5640,465,2025-04-01,2025-04-01 14:33:00,Hyderabad,Tier 1,Cash on Delivery,Delivered,35514.7,7,7.0,False,2025-04-08,2025-04
5641,1118,2026-03-16,2026-03-16 16:31:00,Bhopal,Tier 2,UPI,Delivered,598.5,3,3.0,False,2026-03-19,2026-03
5642,756,2025-08-27,2025-08-27 17:33:00,Kolkata,Tier 1,Debit Card,Delivered,2129.25,4,5.0,True,2025-09-01,2025-08
5643,532,2025-11-21,2025-11-21 06:56:00,Jaipur,Tier 2,Credit Card,Delivered,4720.5,2,3.0,True,2025-11-24,2025-11
5644,718,2026-03-30,2026-03-30 09:31:00,Guwahati,Tier 3,UPI,Delivered,3340.2,5,4.0,False,2026-04-03,2026-03
5645,1173,2025-12-09,2025-12-09 01:50:00,Surat,Tier 2,Debit Card,Delivered,2247.0,4,4.0,False,2025-12-13,2025-12
5646,478,2025-05-12,2025-05-12 22:30:00,Kanpur,Tier 2,Credit Card,Delivered,4042.3,3,5.0,True,2025-05-17,2025-05
5647,518,2026-03-10,2026-03-10 00:17:00,Coimbatore,Tier 2,Cash on Delivery,RTO,34313.25,5,,,,2026-03
5648,1058,2026-05-23,2026-05-23 11:14:00,Indore,Tier 2,UPI,Delivered,4797.4,3,6.0,True,2026-05-29,2026-05
5649,532,2025-12-05,2025-12-05 08:19:00,Jaipur,Tier 2,Credit Card,Delivered,130017.0,3,5.0,True,2025-12-10,2025-12
5650,424,2026-02-08,2026-02-08 10:59:00,Bhopal,Tier 2,UPI,Delivered,44760.0,3,4.0,True,2026-02-12,2026-02
5651,1009,2026-02-03,2026-02-03 16:23:00,Surat,Tier 2,Cash on Delivery,Delivered,1893.5,3,6.0,True,2026-02-09,2026-02
5652,75,2024-07-03,2024-07-03 13:42:00,Bhopal,Tier 2,UPI,Delivered,3499.2,7,9.0,True,2024-07-12,2024-07
5653,779,2026-06-19,2026-06-19 17:51:00,Delhi,Tier 1,Credit Card,Delivered,2689.0,4,6.0,True,2026-06-25,2026-06
5654,1075,2025-11-09,2025-11-09 00:21:00,Kolkata,Tier 1,Cash on Delivery,RTO,2595.0,4,,,,2025-11
5655,533,2026-02-07,2026-02-07 15:38:00,Chennai,Tier 1,Cash on Delivery,Delivered,64763.2,2,3.0,True,2026-02-10,2026-02
5656,519,2025-11-02,2025-11-02 19:00:00,Jaipur,Tier 2,Net Banking,Delivered,5521.0,5,4.0,False,2025-11-06,2025-11
5657,382,2026-05-15,2026-05-15 02:01:00,Bhopal,Tier 2,UPI,Returned,2982.0,5,,,,2026-05
5658,167,2026-05-13,2026-05-13 03:59:00,Kolkata,Tier 1,Debit Card,Cancelled,40207.0,5,,,,2026-05
5659,499,2026-04-24,2026-04-24 23:16:00,Bengaluru,Tier 1,Credit Card,Delivered,5548.7,2,2.0,False,2026-04-26,2026-04
5660,775,2026-01-29,2026-01-29 23:54:00,Nagpur,Tier 2,UPI,Delivered,42761.5,5,8.0,True,2026-02-06,2026-01
5661,790,2025-05-28,2025-05-28 01:37:00,Pune,Tier 1,UPI,Delivered,465.6,7,7.0,False,2025-06-04,2025-05
5662,982,2025-12-08,2025-12-08 21:56:00,Delhi,Tier 1,Cash on Delivery,RTO,37224.0,7,,,,2025-12
5663,933,2026-05-18,2026-05-18 17:34:00,Pune,Tier 1,Cash on Delivery,Delivered,36858.7,4,7.0,True,2026-05-25,2026-05
5664,297,2026-05-09,2026-05-09 13:52:00,Ahmedabad,Tier 2,UPI,Returned,979.0,3,,,,2026-05
5665,316,2026-02-20,2026-02-20 01:46:00,Kolkata,Tier 1,UPI,Cancelled,978.3,5,,,,2026-02
5666,278,2024-11-15,2024-11-15 00:26:00,Indore,Tier 2,Credit Card,Returned,107835.45,5,,,,2024-11
5667,943,2026-05-31,2026-05-31 02:37:00,Bengaluru,Tier 1,UPI,Returned,2202.0,7,,,,2026-05
5668,1012,2026-06-20,2026-06-20 21:44:00,Delhi,Tier 1,Credit Card,Delivered,608.0,3,5.0,True,2026-06-25,2026-06
5669,80,2026-04-07,2026-04-07 19:55:00,Nagpur,Tier 2,Debit Card,Returned,3716.3,3,,,,2026-04
5670,70,2026-05-16,2026-05-16 13:20:00,Pune,Tier 1,Net Banking,Returned,562.5,3,,,,2026-05
5671,913,2026-02-25,2026-02-25 20:41:00,Patna,Tier 3,UPI,Delivered,718.4,7,7.0,False,2026-03-04,2026-02
5672,715,2025-03-22,2025-03-22 07:01:00,Nagpur,Tier 2,Debit Card,Delivered,29779.2,2,1.0,False,2025-03-23,2025-03
5673,166,2024-05-12,2024-05-12 20:05:00,Kanpur,Tier 2,Debit Card,Delivered,49411.4,2,2.0,False,2024-05-14,2024-05
5674,973,2025-07-04,2025-07-04 02:08:00,Patna,Tier 3,Debit Card,Delivered,4068.2,2,1.0,False,2025-07-05,2025-07
5675,386,2025-11-23,2025-11-23 01:28:00,Pune,Tier 1,UPI,Returned,348.5,2,,,,2025-11
5676,308,2026-02-01,2026-02-01 18:58:00,Mumbai,Tier 1,UPI,Cancelled,45982.0,7,,,,2026-02
5677,922,2026-06-14,2026-06-14 11:40:00,Pune,Tier 1,UPI,Delivered,5641.9,2,2.0,False,2026-06-16,2026-06
5678,1181,2026-05-15,2026-05-15 05:46:00,Ghaziabad,Tier 3,UPI,Delivered,1903.5,4,3.0,False,2026-05-18,2026-05
5679,674,2026-03-15,2026-03-15 05:25:00,Guwahati,Tier 3,Net Banking,Delivered,1039.5,3,2.0,False,2026-03-17,2026-03
5680,39,2026-04-02,2026-04-02 19:37:00,Delhi,Tier 1,UPI,Delivered,76962.1,5,5.0,False,2026-04-07,2026-04
5681,476,2026-04-04,2026-04-04 15:20:00,Patna,Tier 3,UPI,RTO,4148.65,4,,,,2026-04
5682,367,2026-05-18,2026-05-18 23:15:00,Pune,Tier 1,Cash on Delivery,Delivered,682.55,3,5.0,True,2026-05-23,2026-05
5683,1055,2025-05-30,2025-05-30 09:59:00,Indore,Tier 2,Debit Card,Delivered,2172.9,4,7.0,True,2025-06-06,2025-05
5684,756,2025-12-11,2025-12-11 00:51:00,Kolkata,Tier 1,Net Banking,RTO,1018.6,5,,,,2025-12
5685,499,2025-06-30,2025-06-30 20:24:00,Bengaluru,Tier 1,Cash on Delivery,Delivered,38343.6,4,7.0,True,2025-07-07,2025-06
5686,535,2026-06-23,2026-06-23 02:30:00,Ghaziabad,Tier 3,Credit Card,Delivered,676.8,3,6.0,True,2026-06-29,2026-06
5687,790,2025-07-03,2025-07-03 01:54:00,Pune,Tier 1,UPI,RTO,8041.85,3,,,,2025-07
5688,526,2026-05-19,2026-05-19 12:33:00,Ghaziabad,Tier 3,Cash on Delivery,Delivered,815.25,7,6.0,False,2026-05-25,2026-05
5689,742,2025-01-10,2025-01-10 23:29:00,Nagpur,Tier 2,Cash on Delivery,Returned,869.6,7,,,,2025-01
5690,10,2025-11-17,2025-11-17 01:52:00,Kolkata,Tier 1,UPI,Delivered,4692.85,2,5.0,True,2025-11-22,2025-11
5691,1055,2025-09-22,2025-09-22 16:06:00,Indore,Tier 2,UPI,Delivered,80841.6,4,6.0,True,2025-09-28,2025-09
5692,1019,2026-04-15,2026-04-15 05:25:00,Indore,Tier 2,UPI,Delivered,36858.7,3,3.0,False,2026-04-18,2026-04
5693,963,2026-01-14,2026-01-14 08:58:00,Ghaziabad,Tier 3,Cash on Delivery,Returned,81728.4,7,,,,2026-01
5694,74,2026-06-07,2026-06-07 05:29:00,Ghaziabad,Tier 3,Credit Card,Delivered,37306.35,2,4.0,True,2026-06-11,2026-06
5695,1186,2026-02-27,2026-02-27 01:05:00,Jaipur,Tier 2,UPI,Delivered,2407.5,7,10.0,True,2026-03-09,2026-02
5696,632,2025-01-29,2025-01-29 17:30:00,Kolkata,Tier 1,Debit Card,Returned,803.0,7,,,,2025-01
5697,895,2025-09-02,2025-09-02 01:36:00,Surat,Tier 2,Cash on Delivery,Delivered,735.25,7,8.0,True,2025-09-10,2025-09
5698,866,2025-03-15,2025-03-15 01:38:00,Surat,Tier 2,UPI,Returned,2285.65,2,,,,2025-03
5699,1089,2026-01-29,2026-01-29 13:45:00,Kanpur,Tier 2,Debit Card,Delivered,71452.0,5,4.0,False,2026-02-02,2026-01
5700,613,2025-07-30,2025-07-30 11:47:00,Lucknow,Tier 2,Debit Card,Delivered,4278.15,4,4.0,False,2025-08-03,2025-07
5701,990,2026-06-28,2026-06-28 00:11:00,Coimbatore,Tier 2,Cash on Delivery,Delivered,304.0,5,8.0,True,2026-07-06,2026-06
5702,954,2025-01-18,2025-01-18 06:31:00,Surat,Tier 2,Debit Card,Cancelled,4572.6,3,,,,2025-01
5703,155,2024-08-24,2024-08-24 03:43:00,Indore,Tier 2,UPI,Cancelled,66840.0,4,,,,2024-08
5704,1173,2025-11-09,2025-11-09 00:16:00,Surat,Tier 2,UPI,Delivered,5500.55,4,5.0,True,2025-11-14,2025-11
5705,140,2026-06-26,2026-06-26 15:07:00,Patna,Tier 3,Cash on Delivery,Delivered,345.75,2,3.0,True,2026-06-29,2026-06
5706,215,2026-04-17,2026-04-17 22:58:00,Lucknow,Tier 2,UPI,Delivered,3307.0,5,5.0,False,2026-04-22,2026-04
5707,266,2025-09-26,2025-09-26 02:09:00,Chennai,Tier 1,UPI,Delivered,93492.7,5,6.0,True,2025-10-02,2025-09
5708,1122,2026-06-09,2026-06-09 15:20:00,Bhopal,Tier 2,Credit Card,Returned,7736.25,2,,,,2026-06
5709,802,2025-12-27,2025-12-27 19:29:00,Nagpur,Tier 2,Credit Card,Delivered,44391.8,2,3.0,True,2025-12-30,2025-12
5710,12,2024-12-10,2024-12-10 03:00:00,Delhi,Tier 1,Credit Card,Returned,16897.8,5,,,,2024-12
5711,412,2025-03-04,2025-03-04 19:03:00,Jaipur,Tier 2,Debit Card,Cancelled,36730.8,4,,,,2025-03
5712,89,2026-01-13,2026-01-13 16:05:00,Ahmedabad,Tier 2,Net Banking,Delivered,58870.5,2,2.0,False,2026-01-15,2026-01
5713,521,2025-12-03,2025-12-03 10:44:00,Nagpur,Tier 2,Cash on Delivery,Delivered,1137.15,7,7.0,False,2025-12-10,2025-12
5714,277,2026-02-17,2026-02-17 17:10:00,Delhi,Tier 1,UPI,Delivered,39692.9,4,5.0,True,2026-02-22,2026-02
5715,561,2025-08-13,2025-08-13 06:17:00,Ghaziabad,Tier 3,UPI,Delivered,3692.4,7,7.0,False,2025-08-20,2025-08
5716,276,2025-06-29,2025-06-29 16:29:00,Nagpur,Tier 2,UPI,Delivered,35945.15,4,7.0,True,2025-07-06,2025-06
5717,500,2024-12-13,2024-12-13 06:53:00,Bengaluru,Tier 1,Credit Card,RTO,1292.0,3,,,,2024-12
5718,848,2024-09-24,2024-09-24 00:29:00,Lucknow,Tier 2,UPI,RTO,1828.0,2,,,,2024-09
5719,1003,2025-03-24,2025-03-24 04:25:00,Lucknow,Tier 2,Credit Card,Cancelled,461.0,3,,,,2025-03
5720,1055,2025-08-17,2025-08-17 18:58:00,Indore,Tier 2,UPI,Delivered,24941.25,2,1.0,False,2025-08-18,2025-08
5721,229,2026-05-29,2026-05-29 19:34:00,Nagpur,Tier 2,UPI,Delivered,556.0,4,7.0,True,2026-06-05,2026-05
5722,419,2025-04-11,2025-04-11 17:08:00,Bengaluru,Tier 1,UPI,RTO,2394.0,2,,,,2025-04
5723,519,2026-03-15,2026-03-15 16:16:00,Jaipur,Tier 2,Credit Card,Delivered,5618.2,7,7.0,False,2026-03-22,2026-03
5724,982,2026-03-13,2026-03-13 01:13:00,Delhi,Tier 1,UPI,Delivered,46756.35,2,2.0,False,2026-03-15,2026-03
5725,717,2025-12-07,2025-12-07 19:35:00,Bhopal,Tier 2,Cash on Delivery,RTO,5482.0,4,,,,2025-12
5726,119,2025-09-21,2025-09-21 15:53:00,Surat,Tier 2,Net Banking,RTO,34766.0,7,,,,2025-09
5727,524,2025-05-09,2025-05-09 07:37:00,Kolkata,Tier 1,Credit Card,Delivered,1992.0,3,3.0,False,2025-05-12,2025-05
5728,434,2026-04-23,2026-04-23 14:27:00,Ahmedabad,Tier 2,Debit Card,Delivered,1172.0,2,2.0,False,2026-04-25,2026-04
5729,92,2026-03-11,2026-03-11 00:52:00,Coimbatore,Tier 2,Debit Card,Returned,4968.9,7,,,,2026-03
5730,187,2025-07-27,2025-07-27 19:09:00,Chennai,Tier 1,Credit Card,Delivered,20138.4,5,5.0,False,2025-08-01,2025-07
5731,470,2024-10-04,2024-10-04 09:21:00,Bhopal,Tier 2,UPI,Delivered,37569.05,3,6.0,True,2024-10-10,2024-10
5732,812,2026-06-05,2026-06-05 12:02:00,Mumbai,Tier 1,UPI,Delivered,1928.0,5,5.0,False,2026-06-10,2026-06
5733,519,2026-02-25,2026-02-25 18:37:00,Jaipur,Tier 2,UPI,Delivered,1525.7,7,9.0,True,2026-03-06,2026-02
5734,140,2026-04-07,2026-04-07 05:17:00,Patna,Tier 3,UPI,Delivered,1909.95,4,5.0,True,2026-04-12,2026-04
5735,519,2026-05-22,2026-05-22 03:10:00,Jaipur,Tier 2,UPI,Delivered,67989.6,7,6.0,False,2026-05-28,2026-05
5736,235,2025-12-14,2025-12-14 01:24:00,Surat,Tier 2,UPI,Delivered,21246.75,5,7.0,True,2025-12-21,2025-12
5737,1,2026-01-05,2026-01-05 15:20:00,Hyderabad,Tier 1,UPI,Delivered,1449.65,4,3.0,False,2026-01-08,2026-01
5738,721,2025-10-27,2025-10-27 16:33:00,Surat,Tier 2,Cash on Delivery,Delivered,5112.9,5,6.0,True,2025-11-02,2025-10
5739,500,2025-04-09,2025-04-09 02:55:00,Bengaluru,Tier 1,Credit Card,Delivered,3083.2,7,7.0,False,2025-04-16,2025-04
5740,509,2025-12-07,2025-12-07 08:31:00,Delhi,Tier 1,Credit Card,Delivered,4982.75,5,4.0,False,2025-12-11,2025-12
5741,489,2026-02-18,2026-02-18 05:04:00,Surat,Tier 2,UPI,Delivered,3791.9,2,3.0,True,2026-02-21,2026-02
5742,518,2026-04-14,2026-04-14 12:18:00,Coimbatore,Tier 2,Credit Card,Cancelled,113511.0,2,,,,2026-04
5743,501,2025-11-18,2025-11-18 11:10:00,Guwahati,Tier 3,UPI,Delivered,34095.35,4,4.0,False,2025-11-22,2025-11
5744,650,2025-06-08,2025-06-08 15:31:00,Chennai,Tier 1,UPI,Delivered,5191.55,7,7.0,False,2025-06-15,2025-06
5745,874,2026-02-22,2026-02-22 17:15:00,Nagpur,Tier 2,UPI,Cancelled,1925.65,7,,,,2026-02
5746,582,2025-12-25,2025-12-25 03:46:00,Indore,Tier 2,Debit Card,Delivered,9372.1,3,3.0,False,2025-12-28,2025-12
5747,732,2026-05-14,2026-05-14 21:31:00,Jaipur,Tier 2,UPI,Delivered,3850.9,7,8.0,True,2026-05-22,2026-05
5748,807,2025-08-25,2025-08-25 04:18:00,Hyderabad,Tier 1,UPI,Delivered,230.4,5,5.0,False,2025-08-30,2025-08
5749,350,2025-08-05,2025-08-05 07:41:00,Pune,Tier 1,UPI,Delivered,38643.85,3,3.0,False,2025-08-08,2025-08
5750,532,2025-12-06,2025-12-06 21:28:00,Jaipur,Tier 2,UPI,Delivered,7675.5,7,7.0,False,2025-12-13,2025-12
5751,815,2025-12-02,2025-12-02 21:17:00,Vadodara,Tier 2,Cash on Delivery,Returned,1966.0,7,,,,2025-12
5752,486,2026-05-02,2026-05-02 04:18:00,Ghaziabad,Tier 3,Cash on Delivery,RTO,2698.65,4,,,,2026-05
5753,1177,2026-06-06,2026-06-06 19:31:00,Guwahati,Tier 3,UPI,Delivered,34766.0,2,2.0,False,2026-06-08,2026-06
5754,752,2026-04-08,2026-04-08 15:49:00,Kanpur,Tier 2,Debit Card,Delivered,2383.0,7,7.0,False,2026-04-15,2026-04
5755,1092,2025-07-06,2025-07-06 14:28:00,Bhopal,Tier 2,UPI,Delivered,64763.2,4,5.0,True,2025-07-11,2025-07
5756,406,2026-05-20,2026-05-20 08:46:00,Kolkata,Tier 1,UPI,Delivered,46069.7,3,4.0,True,2026-05-24,2026-05
5757,281,2025-11-06,2025-11-06 06:12:00,Hyderabad,Tier 1,Debit Card,Delivered,39686.25,5,6.0,True,2025-11-12,2025-11
5758,1196,2025-06-24,2025-06-24 07:38:00,Delhi,Tier 1,Cash on Delivery,Delivered,7993.6,4,4.0,False,2025-06-28,2025-06
5759,1081,2025-01-17,2025-01-17 04:55:00,Guwahati,Tier 3,UPI,Delivered,42723.15,4,7.0,True,2025-01-24,2025-01
5760,90,2024-10-07,2024-10-07 15:05:00,Kanpur,Tier 2,Debit Card,Delivered,4289.25,3,3.0,False,2024-10-10,2024-10
5761,343,2026-05-22,2026-05-22 12:10:00,Patna,Tier 3,Debit Card,RTO,4788.6,2,,,,2026-05
5762,1197,2026-06-27,2026-06-27 01:45:00,Coimbatore,Tier 2,UPI,RTO,35362.8,5,,,,2026-06
5763,366,2025-08-04,2025-08-04 21:08:00,Vadodara,Tier 2,Cash on Delivery,Delivered,1056.0,3,3.0,False,2025-08-07,2025-08
5764,56,2026-04-17,2026-04-17 20:27:00,Indore,Tier 2,Cash on Delivery,RTO,46331.2,7,,,,2026-04
5765,1115,2026-01-25,2026-01-25 13:51:00,Ghaziabad,Tier 3,Credit Card,Delivered,42493.5,4,6.0,True,2026-01-31,2026-01
5766,104,2025-11-28,2025-11-28 03:36:00,Pune,Tier 1,Debit Card,Delivered,17605.0,3,4.0,True,2025-12-02,2025-11
5767,290,2026-05-15,2026-05-15 20:13:00,Coimbatore,Tier 2,Cash on Delivery,Delivered,5207.9,3,6.0,True,2026-05-21,2026-05
5768,314,2026-01-23,2026-01-23 06:08:00,Surat,Tier 2,Debit Card,Cancelled,1667.0,2,,,,2026-01
5769,128,2024-10-18,2024-10-18 07:46:00,Delhi,Tier 1,UPI,RTO,4148.65,3,,,,2024-10
5770,386,2025-12-17,2025-12-17 07:38:00,Pune,Tier 1,Cash on Delivery,Returned,59240.4,2,,,,2025-12
5771,271,2026-04-01,2026-04-01 02:47:00,Lucknow,Tier 2,UPI,Delivered,38946.1,7,7.0,False,2026-04-08,2026-04
5772,218,2024-08-02,2024-08-02 19:26:00,Kanpur,Tier 2,UPI,RTO,6906.0,2,,,,2024-08
5773,422,2025-09-25,2025-09-25 14:00:00,Surat,Tier 2,UPI,Delivered,738.9,3,3.0,False,2025-09-28,2025-09
5774,400,2025-07-16,2025-07-16 22:17:00,Hyderabad,Tier 1,Credit Card,Cancelled,882.0,4,,,,2025-07
5775,797,2026-05-22,2026-05-22 17:33:00,Lucknow,Tier 2,Debit Card,Delivered,863.0,4,5.0,True,2026-05-27,2026-05
5776,108,2024-06-26,2024-06-26 16:56:00,Hyderabad,Tier 1,UPI,Delivered,1070.0,2,5.0,True,2024-07-01,2024-06
5777,990,2025-11-18,2025-11-18 23:53:00,Coimbatore,Tier 2,Debit Card,Delivered,71781.4,2,1.0,False,2025-11-19,2025-11
5778,272,2026-02-26,2026-02-26 01:54:00,Ghaziabad,Tier 3,Credit Card,RTO,7743.75,3,,,,2026-02
5779,797,2026-06-22,2026-06-22 01:37:00,Lucknow,Tier 2,Debit Card,Delivered,80258.85,2,3.0,True,2026-06-25,2026-06
5780,46,2025-09-11,2025-09-11 06:04:00,Chennai,Tier 1,Debit Card,Cancelled,2152.4,5,,,,2025-09
5781,1102,2024-12-26,2024-12-26 23:51:00,Lucknow,Tier 2,UPI,Delivered,1117.5,3,4.0,True,2024-12-30,2024-12
5782,82,2024-10-19,2024-10-19 15:24:00,Pune,Tier 1,UPI,Delivered,8273.0,2,3.0,True,2024-10-22,2024-10
5783,309,2026-06-14,2026-06-14 08:32:00,Guwahati,Tier 3,UPI,Delivered,5633.35,2,4.0,True,2026-06-18,2026-06
5784,277,2025-01-06,2025-01-06 13:45:00,Delhi,Tier 1,Credit Card,Delivered,3199.6,5,5.0,False,2025-01-11,2025-01
5785,633,2026-03-28,2026-03-28 05:09:00,Ahmedabad,Tier 2,UPI,Returned,36241.55,5,,,,2026-03
5786,443,2026-01-25,2026-01-25 19:07:00,Coimbatore,Tier 2,Cash on Delivery,Delivered,37837.0,2,2.0,False,2026-01-27,2026-01
5787,356,2026-05-08,2026-05-08 10:52:00,Pune,Tier 1,Credit Card,Delivered,3097.95,3,4.0,True,2026-05-12,2026-05
5788,470,2025-10-08,2025-10-08 13:08:00,Bhopal,Tier 2,UPI,Delivered,117288.0,2,1.0,False,2025-10-09,2025-10
5789,183,2025-12-13,2025-12-13 08:40:00,Kanpur,Tier 2,Cash on Delivery,Delivered,513.4,5,7.0,True,2025-12-20,2025-12
5790,1077,2026-06-09,2026-06-09 10:48:00,Bhopal,Tier 2,Credit Card,Delivered,81032.0,3,4.0,True,2026-06-13,2026-06
5791,993,2026-05-09,2026-05-09 15:16:00,Chennai,Tier 1,UPI,Delivered,9084.85,7,7.0,False,2026-05-16,2026-05
5792,797,2026-06-22,2026-06-22 18:01:00,Lucknow,Tier 2,Debit Card,Delivered,656.8,5,4.0,False,2026-06-26,2026-06
5793,513,2024-11-26,2024-11-26 12:42:00,Bhopal,Tier 2,Credit Card,RTO,4158.0,2,,,,2024-11
5794,892,2026-04-17,2026-04-17 13:42:00,Ahmedabad,Tier 2,Debit Card,RTO,676.8,7,,,,2026-04
5795,1105,2026-04-12,2026-04-12 22:37:00,Lucknow,Tier 2,UPI,Delivered,2741.0,5,6.0,True,2026-04-18,2026-04
5796,1189,2026-03-30,2026-03-30 21:57:00,Delhi,Tier 1,Cash on Delivery,Returned,2477.25,5,,,,2026-03
5797,1027,2026-03-29,2026-03-29 13:39:00,Indore,Tier 2,UPI,RTO,57651.6,5,,,,2026-03
5798,659,2024-12-13,2024-12-13 09:18:00,Guwahati,Tier 3,Debit Card,Delivered,79290.55,7,7.0,False,2024-12-20,2024-12
5799,201,2025-06-09,2025-06-09 15:08:00,Bengaluru,Tier 1,UPI,Returned,33216.95,3,,,,2025-06
5800,662,2026-03-27,2026-03-27 20:31:00,Patna,Tier 3,UPI,Returned,1884.0,3,,,,2026-03
5801,676,2025-12-16,2025-12-16 15:29:00,Guwahati,Tier 3,Credit Card,Cancelled,6632.2,3,,,,2025-12
5802,413,2026-06-06,2026-06-06 01:58:00,Kanpur,Tier 2,Credit Card,Delivered,9829.6,3,3.0,False,2026-06-09,2026-06
5803,1180,2025-12-12,2025-12-12 17:19:00,Bengaluru,Tier 1,Cash on Delivery,Delivered,1877.6,3,6.0,True,2025-12-18,2025-12
5804,1176,2026-03-21,2026-03-21 17:07:00,Bhopal,Tier 2,UPI,Delivered,1077.3,4,3.0,False,2026-03-24,2026-03
5805,1055,2026-02-07,2026-02-07 12:28:00,Indore,Tier 2,UPI,RTO,781.8,4,,,,2026-02
5806,447,2024-07-12,2024-07-12 12:22:00,Kanpur,Tier 2,UPI,Delivered,1791.0,5,5.0,False,2024-07-17,2024-07
5807,1139,2025-11-03,2025-11-03 01:17:00,Chennai,Tier 1,Net Banking,Delivered,29551.1,3,3.0,False,2025-11-06,2025-11
5808,807,2026-01-16,2026-01-16 14:28:00,Hyderabad,Tier 1,Credit Card,RTO,18120.55,4,,,,2026-01
5809,140,2026-04-24,2026-04-24 01:26:00,Patna,Tier 3,Credit Card,Returned,33938.7,7,,,,2026-04
5810,772,2025-02-19,2025-02-19 05:12:00,Indore,Tier 2,Cash on Delivery,Delivered,6790.65,5,7.0,True,2025-02-26,2025-02
5811,1053,2024-11-27,2024-11-27 04:40:00,Bhopal,Tier 2,Debit Card,Delivered,729.6,5,7.0,True,2024-12-04,2024-11
5812,1159,2026-05-30,2026-05-30 01:15:00,Surat,Tier 2,Credit Card,Delivered,38109.0,4,6.0,True,2026-06-05,2026-05
5813,948,2026-06-23,2026-06-23 00:02:00,Indore,Tier 2,UPI,Delivered,1783.2,4,5.0,True,2026-06-28,2026-06
5814,525,2026-06-07,2026-06-07 22:38:00,Ghaziabad,Tier 3,Debit Card,Delivered,37224.0,3,6.0,True,2026-06-13,2026-06
5815,314,2025-06-15,2025-06-15 13:41:00,Surat,Tier 2,UPI,Delivered,4233.0,4,4.0,False,2025-06-19,2025-06
5816,1159,2026-06-20,2026-06-20 08:46:00,Surat,Tier 2,Cash on Delivery,Delivered,49698.75,5,5.0,False,2026-06-25,2026-06
5817,147,2025-07-26,2025-07-26 18:13:00,Coimbatore,Tier 2,UPI,Delivered,33683.1,7,6.0,False,2025-08-01,2025-07
5818,504,2025-10-06,2025-10-06 21:14:00,Delhi,Tier 1,UPI,Delivered,2151.9,5,6.0,True,2025-10-12,2025-10
5819,51,2026-05-21,2026-05-21 08:26:00,Vadodara,Tier 2,Net Banking,Delivered,123412.6,4,6.0,True,2026-05-27,2026-05
5820,95,2025-10-19,2025-10-19 09:41:00,Indore,Tier 2,UPI,RTO,1022.4,7,,,,2025-10
5821,535,2026-05-06,2026-05-06 14:41:00,Ghaziabad,Tier 3,Cash on Delivery,Returned,71893.7,2,,,,2026-05
5822,713,2025-04-30,2025-04-30 22:39:00,Chennai,Tier 1,Debit Card,Delivered,5169.55,4,3.0,False,2025-05-03,2025-04
5823,135,2025-07-14,2025-07-14 21:42:00,Bhopal,Tier 2,UPI,Delivered,1787.25,7,10.0,True,2025-07-24,2025-07
5824,732,2026-06-08,2026-06-08 09:50:00,Jaipur,Tier 2,Credit Card,Returned,40048.2,5,,,,2026-06
5825,151,2026-03-14,2026-03-14 12:04:00,Surat,Tier 2,UPI,Delivered,518.5,2,2.0,False,2026-03-16,2026-03
5826,421,2026-04-20,2026-04-20 11:04:00,Vadodara,Tier 2,Net Banking,Delivered,3443.0,3,3.0,False,2026-04-23,2026-04
5827,1131,2026-03-20,2026-03-20 21:18:00,Delhi,Tier 1,UPI,Delivered,5916.0,7,8.0,True,2026-03-28,2026-03
5828,518,2026-06-16,2026-06-16 17:01:00,Coimbatore,Tier 2,UPI,Returned,664.4,2,,,,2026-06
5829,1103,2026-06-23,2026-06-23 20:41:00,Hyderabad,Tier 1,Cash on Delivery,Delivered,11042.0,5,5.0,False,2026-06-28,2026-06
5830,177,2026-03-08,2026-03-08 03:06:00,Vadodara,Tier 2,UPI,Delivered,19019.6,7,8.0,True,2026-03-16,2026-03
5831,1021,2024-06-02,2024-06-02 18:12:00,Delhi,Tier 1,Debit Card,Delivered,3971.0,4,5.0,True,2024-06-07,2024-06
5832,179,2025-10-29,2025-10-29 00:29:00,Bhopal,Tier 2,UPI,Delivered,546.0,2,2.0,False,2025-10-31,2025-10
5833,89,2026-02-01,2026-02-01 10:10:00,Ahmedabad,Tier 2,UPI,Delivered,29132.0,3,3.0,False,2026-02-04,2026-02
5834,1030,2024-07-01,2024-07-01 11:55:00,Mumbai,Tier 1,Credit Card,Delivered,43683.2,2,4.0,True,2024-07-05,2024-07
5835,4,2025-09-13,2025-09-13 10:52:00,Bhopal,Tier 2,Credit Card,Delivered,11798.8,3,3.0,False,2025-09-16,2025-09
5836,127,2025-11-28,2025-11-28 14:44:00,Bhopal,Tier 2,Cash on Delivery,Delivered,831.0,4,4.0,False,2025-12-02,2025-11
5837,1105,2026-03-27,2026-03-27 16:28:00,Lucknow,Tier 2,Cash on Delivery,Delivered,41782.0,7,7.0,False,2026-04-03,2026-03
5838,541,2025-12-16,2025-12-16 03:34:00,Pune,Tier 1,Cash on Delivery,Delivered,1567.5,3,3.0,False,2025-12-19,2025-12
5839,532,2026-05-25,2026-05-25 08:03:00,Jaipur,Tier 2,UPI,Delivered,680.0,2,4.0,True,2026-05-29,2026-05
5840,305,2026-05-08,2026-05-08 01:59:00,Mumbai,Tier 1,UPI,Delivered,2803.5,4,3.0,False,2026-05-11,2026-05
5841,1004,2026-04-05,2026-04-05 15:09:00,Vadodara,Tier 2,Credit Card,Delivered,6468.3,5,6.0,True,2026-04-11,2026-04
5842,141,2026-02-07,2026-02-07 07:17:00,Vadodara,Tier 2,UPI,Delivered,598.5,2,4.0,True,2026-02-11,2026-02
5843,536,2025-09-01,2025-09-01 14:08:00,Kanpur,Tier 2,Credit Card,Delivered,578.0,4,4.0,False,2025-09-05,2025-09
5844,1109,2026-02-15,2026-02-15 22:40:00,Indore,Tier 2,Debit Card,Returned,2151.2,7,,,,2026-02
5845,353,2025-06-30,2025-06-30 03:56:00,Surat,Tier 2,Net Banking,Delivered,45545.6,2,1.0,False,2025-07-01,2025-06
5846,120,2025-10-18,2025-10-18 21:17:00,Vadodara,Tier 2,UPI,Cancelled,4397.25,2,,,,2025-10
5847,442,2025-03-12,2025-03-12 17:23:00,Bengaluru,Tier 1,UPI,Delivered,26894.0,2,5.0,True,2025-03-17,2025-03
5848,1080,2025-03-15,2025-03-15 14:35:00,Bhopal,Tier 2,Credit Card,Returned,897.75,2,,,,2025-03
5849,814,2026-04-01,2026-04-01 10:30:00,Bhopal,Tier 2,Credit Card,Delivered,1137.15,7,9.0,True,2026-04-10,2026-04
5850,1105,2026-04-09,2026-04-09 02:29:00,Lucknow,Tier 2,Cash on Delivery,Delivered,109531.5,5,5.0,False,2026-04-14,2026-04
5851,1,2025-01-12,2025-01-12 19:44:00,Hyderabad,Tier 1,UPI,Delivered,9612.0,2,2.0,False,2025-01-14,2025-01
5852,12,2025-02-16,2025-02-16 19:55:00,Delhi,Tier 1,Credit Card,Cancelled,4815.35,5,,,,2025-02
5853,1099,2026-04-13,2026-04-13 22:05:00,Hyderabad,Tier 1,Cash on Delivery,Delivered,808.2,4,4.0,False,2026-04-17,2026-04
5854,274,2025-11-17,2025-11-17 15:38:00,Pune,Tier 1,Debit Card,Delivered,1667.05,7,7.0,False,2025-11-24,2025-11
5855,458,2026-01-06,2026-01-06 13:24:00,Mumbai,Tier 1,Cash on Delivery,Delivered,5306.3,5,6.0,True,2026-01-12,2026-01
5856,87,2026-06-08,2026-06-08 01:33:00,Mumbai,Tier 1,UPI,Delivered,82637.0,5,5.0,False,2026-06-13,2026-06
5857,1064,2025-03-18,2025-03-18 13:33:00,Indore,Tier 2,UPI,Delivered,5110.2,5,6.0,True,2025-03-24,2025-03
5858,977,2026-01-26,2026-01-26 11:28:00,Kolkata,Tier 1,Cash on Delivery,Delivered,4766.0,5,7.0,True,2026-02-02,2026-01
5859,56,2026-06-11,2026-06-11 19:45:00,Indore,Tier 2,UPI,Delivered,84608.35,3,4.0,True,2026-06-15,2026-06
5860,422,2025-12-04,2025-12-04 04:39:00,Surat,Tier 2,Debit Card,Delivered,811.5,7,8.0,True,2025-12-12,2025-12
5861,631,2025-09-12,2025-09-12 14:16:00,Patna,Tier 3,UPI,Delivered,10832.7,7,7.0,False,2025-09-19,2025-09
5862,176,2026-02-23,2026-02-23 05:23:00,Bengaluru,Tier 1,UPI,Delivered,7203.9,4,3.0,False,2026-02-26,2026-02
5863,854,2025-11-07,2025-11-07 06:02:00,Guwahati,Tier 3,Debit Card,Delivered,10915.0,2,3.0,True,2025-11-10,2025-11
5864,1184,2024-08-09,2024-08-09 03:03:00,Indore,Tier 2,Cash on Delivery,Delivered,5507.0,7,6.0,False,2024-08-15,2024-08
5865,1189,2024-09-27,2024-09-27 18:19:00,Delhi,Tier 1,UPI,Delivered,42188.8,7,7.0,False,2024-10-04,2024-09
5866,749,2026-01-29,2026-01-29 04:18:00,Indore,Tier 2,UPI,Cancelled,1906.4,5,,,,2026-01
5867,499,2025-01-16,2025-01-16 21:51:00,Bengaluru,Tier 1,Cash on Delivery,Delivered,30938.15,4,7.0,True,2025-01-23,2025-01
5868,1055,2026-06-15,2026-06-15 14:29:00,Indore,Tier 2,UPI,Delivered,36771.2,7,7.0,False,2026-06-22,2026-06
5869,428,2024-03-25,2024-03-25 20:37:00,Bhopal,Tier 2,Debit Card,Returned,461.0,2,,,,2024-03
5870,524,2025-10-21,2025-10-21 23:32:00,Kolkata,Tier 1,UPI,Returned,9891.3,5,,,,2025-10
5871,31,2025-12-23,2025-12-23 21:23:00,Hyderabad,Tier 1,Cash on Delivery,Delivered,2822.0,3,4.0,True,2025-12-27,2025-12
5872,140,2026-04-16,2026-04-16 23:39:00,Patna,Tier 3,UPI,Delivered,856.0,4,5.0,True,2026-04-21,2026-04
5873,350,2024-10-25,2024-10-25 03:13:00,Pune,Tier 1,Cash on Delivery,Delivered,508.0,2,2.0,False,2024-10-27,2024-10
5874,1024,2026-03-06,2026-03-06 16:11:00,Patna,Tier 3,Cash on Delivery,Delivered,41447.55,4,3.0,False,2026-03-09,2026-03
5875,290,2026-04-17,2026-04-17 04:18:00,Coimbatore,Tier 2,Credit Card,RTO,30576.75,7,,,,2026-04
5876,155,2024-07-20,2024-07-20 17:51:00,Indore,Tier 2,Credit Card,Delivered,610.0,5,8.0,True,2024-07-28,2024-07
5877,861,2025-09-15,2025-09-15 02:22:00,Lucknow,Tier 2,Cash on Delivery,RTO,33684.0,3,,,,2025-09
5878,100,2026-05-12,2026-05-12 13:05:00,Kolkata,Tier 1,UPI,Delivered,8392.0,3,3.0,False,2026-05-15,2026-05
5879,844,2026-03-04,2026-03-04 06:24:00,Patna,Tier 3,Debit Card,Delivered,19223.75,3,5.0,True,2026-03-09,2026-03
5880,192,2026-03-30,2026-03-30 02:51:00,Patna,Tier 3,Net Banking,RTO,1299.4,7,,,,2026-03
5881,764,2025-11-26,2025-11-26 16:04:00,Delhi,Tier 1,UPI,Delivered,963.0,2,4.0,True,2025-11-30,2025-11
5882,412,2025-06-17,2025-06-17 13:42:00,Jaipur,Tier 2,UPI,Returned,4746.2,3,,,,2025-06
5883,693,2024-09-01,2024-09-01 04:28:00,Coimbatore,Tier 2,Debit Card,Delivered,14402.05,7,9.0,True,2024-09-10,2024-09
5884,752,2025-01-18,2025-01-18 14:14:00,Kanpur,Tier 2,Net Banking,Delivered,83550.0,7,8.0,True,2025-01-26,2025-01
5885,1085,2026-04-09,2026-04-09 13:31:00,Indore,Tier 2,UPI,Delivered,1582.2,2,3.0,True,2026-04-12,2026-04
5886,652,2025-07-10,2025-07-10 17:22:00,Mumbai,Tier 1,UPI,Returned,1593.6,7,,,,2025-07
5887,8,2026-04-22,2026-04-22 07:30:00,Kolkata,Tier 1,UPI,Delivered,734.25,5,5.0,False,2026-04-27,2026-04
5888,447,2026-04-26,2026-04-26 22:23:00,Kanpur,Tier 2,Debit Card,Delivered,7979.5,4,4.0,False,2026-04-30,2026-04
5889,1003,2025-06-27,2025-06-27 22:36:00,Lucknow,Tier 2,Credit Card,Returned,7078.7,4,,,,2025-06
5890,280,2025-08-20,2025-08-20 03:20:00,Nagpur,Tier 2,UPI,Delivered,912.2,7,7.0,False,2025-08-27,2025-08
5891,716,2026-06-23,2026-06-23 04:33:00,Ghaziabad,Tier 3,UPI,RTO,3640.55,3,,,,2026-06
5892,1013,2025-10-27,2025-10-27 18:51:00,Jaipur,Tier 2,Debit Card,Delivered,149736.1,5,7.0,True,2025-11-03,2025-10
5893,1002,2026-06-18,2026-06-18 14:13:00,Kolkata,Tier 1,UPI,Delivered,4198.2,3,4.0,True,2026-06-22,2026-06
5894,612,2024-06-04,2024-06-04 14:04:00,Mumbai,Tier 1,Net Banking,Returned,39308.85,5,,,,2024-06
5895,993,2026-06-04,2026-06-04 22:55:00,Chennai,Tier 1,UPI,Returned,2192.8,4,,,,2026-06
5896,1168,2025-07-10,2025-07-10 07:05:00,Ahmedabad,Tier 2,UPI,RTO,10490.0,3,,,,2025-07
5897,684,2025-10-17,2025-10-17 22:55:00,Coimbatore,Tier 2,UPI,Delivered,4246.6,5,4.0,False,2025-10-21,2025-10
5898,229,2026-04-01,2026-04-01 18:03:00,Nagpur,Tier 2,Debit Card,Delivered,4189.2,4,5.0,True,2026-04-06,2026-04
5899,119,2026-03-11,2026-03-11 00:13:00,Surat,Tier 2,UPI,Returned,4377.6,3,,,,2026-03
5900,468,2024-11-21,2024-11-21 15:20:00,Ahmedabad,Tier 2,UPI,Delivered,43071.4,5,4.0,False,2024-11-25,2024-11
5901,862,2025-05-19,2025-05-19 15:35:00,Coimbatore,Tier 2,Cash on Delivery,Delivered,9449.4,5,6.0,True,2025-05-25,2025-05
5902,1123,2026-06-18,2026-06-18 23:16:00,Nagpur,Tier 2,UPI,RTO,41775.0,3,,,,2026-06
5903,332,2024-09-01,2024-09-01 15:40:00,Ghaziabad,Tier 3,UPI,Delivered,2741.0,5,8.0,True,2024-09-09,2024-09
5904,918,2026-04-10,2026-04-10 03:23:00,Bhopal,Tier 2,UPI,Delivered,1042.65,4,4.0,False,2026-04-14,2026-04
5905,1178,2025-01-04,2025-01-04 20:53:00,Vadodara,Tier 2,UPI,Returned,5908.1,3,,,,2025-01
5906,1139,2026-02-03,2026-02-03 05:06:00,Chennai,Tier 1,Credit Card,Delivered,979.0,4,3.0,False,2026-02-06,2026-02
5907,476,2026-05-10,2026-05-10 09:49:00,Patna,Tier 3,UPI,Delivered,2027.0,5,4.0,False,2026-05-14,2026-05
5908,621,2024-02-27,2024-02-27 20:11:00,Vadodara,Tier 2,UPI,RTO,110514.45,5,,,,2024-02
5909,918,2026-05-28,2026-05-28 19:39:00,Bhopal,Tier 2,UPI,Delivered,503.1,2,5.0,True,2026-06-02,2026-05
5910,933,2026-01-04,2026-01-04 21:04:00,Pune,Tier 1,Credit Card,Delivered,2704.8,2,3.0,True,2026-01-07,2026-01
5911,281,2025-09-03,2025-09-03 19:09:00,Hyderabad,Tier 1,Cash on Delivery,Returned,68898.4,5,,,,2025-09
5912,569,2026-06-25,2026-06-25 14:48:00,Mumbai,Tier 1,Credit Card,Delivered,3146.85,4,7.0,True,2026-07-02,2026-06
5913,660,2026-02-27,2026-02-27 17:24:00,Ghaziabad,Tier 3,UPI,Cancelled,4054.0,4,,,,2026-02
5914,999,2024-02-24,2024-02-24 17:03:00,Coimbatore,Tier 2,Cash on Delivery,Delivered,36191.2,4,5.0,True,2024-02-29,2024-02
5915,689,2026-06-13,2026-06-13 15:06:00,Kolkata,Tier 1,UPI,Delivered,1758.0,7,7.0,False,2026-06-20,2026-06
5916,365,2026-01-12,2026-01-12 22:04:00,Mumbai,Tier 1,UPI,Delivered,27485.4,3,4.0,True,2026-01-16,2026-01
5917,718,2025-06-12,2025-06-12 05:55:00,Guwahati,Tier 3,UPI,Delivered,12489.8,5,7.0,True,2025-06-19,2025-06
5918,222,2026-03-31,2026-03-31 01:53:00,Delhi,Tier 1,Debit Card,RTO,2121.4,2,,,,2026-03
5919,197,2026-02-17,2026-02-17 22:07:00,Nagpur,Tier 2,UPI,Returned,886.4,2,,,,2026-02
5920,853,2025-03-27,2025-03-27 11:55:00,Delhi,Tier 1,Debit Card,Delivered,1651.5,2,3.0,True,2025-03-30,2025-03
5921,337,2025-05-08,2025-05-08 01:19:00,Bengaluru,Tier 1,UPI,Delivered,997.2,5,4.0,False,2025-05-12,2025-05
5922,1196,2026-06-24,2026-06-24 19:01:00,Delhi,Tier 1,Debit Card,RTO,6640.25,7,,,,2026-06
5923,49,2025-12-06,2025-12-06 09:46:00,Jaipur,Tier 2,UPI,RTO,10144.8,4,,,,2025-12
5924,327,2026-01-26,2026-01-26 17:25:00,Pune,Tier 1,UPI,Delivered,3711.95,4,5.0,True,2026-01-31,2026-01
5925,720,2026-04-03,2026-04-03 10:48:00,Indore,Tier 2,Debit Card,Cancelled,62140.0,5,,,,2026-04
5926,842,2025-06-17,2025-06-17 15:02:00,Surat,Tier 2,UPI,Delivered,271.8,3,3.0,False,2025-06-20,2025-06
5927,1042,2025-12-23,2025-12-23 20:02:00,Coimbatore,Tier 2,Cash on Delivery,RTO,3493.6,2,,,,2025-12
5928,970,2026-06-18,2026-06-18 19:26:00,Pune,Tier 1,Debit Card,Delivered,3996.8,2,2.0,False,2026-06-20,2026-06
5929,582,2025-03-03,2025-03-03 02:20:00,Indore,Tier 2,UPI,Delivered,2145.4,2,2.0,False,2025-03-05,2025-03
5930,823,2024-04-30,2024-04-30 19:26:00,Delhi,Tier 1,Cash on Delivery,Cancelled,955.65,5,,,,2024-04
5931,1013,2024-05-19,2024-05-19 11:23:00,Jaipur,Tier 2,UPI,Delivered,44538.6,5,6.0,True,2024-05-25,2024-05
5932,130,2026-06-01,2026-06-01 22:55:00,Mumbai,Tier 1,Debit Card,Returned,38467.0,4,,,,2026-06
5933,365,2026-04-21,2026-04-21 00:54:00,Mumbai,Tier 1,Cash on Delivery,Delivered,889.6,3,4.0,True,2026-04-25,2026-04
5934,161,2026-05-01,2026-05-01 03:03:00,Surat,Tier 2,UPI,Delivered,11408.0,4,6.0,True,2026-05-07,2026-05
5935,509,2025-10-11,2025-10-11 15:26:00,Delhi,Tier 1,Debit Card,Returned,7172.25,2,,,,2025-10
5936,1189,2025-10-04,2025-10-04 09:05:00,Delhi,Tier 1,Credit Card,Delivered,66828.2,4,5.0,True,2025-10-09,2025-10
5937,624,2025-05-13,2025-05-13 03:21:00,Pune,Tier 1,Credit Card,Returned,6095.3,2,,,,2025-05
5938,368,2025-01-13,2025-01-13 07:41:00,Nagpur,Tier 2,Cash on Delivery,Returned,17366.7,3,,,,2025-01
5939,1150,2026-03-23,2026-03-23 09:53:00,Bhopal,Tier 2,Cash on Delivery,Cancelled,31331.25,4,,,,2026-03
5940,330,2024-10-26,2024-10-26 13:13:00,Bhopal,Tier 2,Cash on Delivery,Delivered,7534.9,2,3.0,True,2024-10-29,2024-10
5941,806,2025-11-27,2025-11-27 11:26:00,Nagpur,Tier 2,Net Banking,Delivered,7146.9,3,3.0,False,2025-11-30,2025-11
5942,446,2024-07-12,2024-07-12 11:18:00,Mumbai,Tier 1,Net Banking,Delivered,825.0,4,4.0,False,2024-07-16,2024-07
5943,1000,2026-03-18,2026-03-18 17:11:00,Bhopal,Tier 2,UPI,Delivered,1313.85,7,7.0,False,2026-03-25,2026-03
5944,933,2024-08-03,2024-08-03 01:37:00,Pune,Tier 1,UPI,Returned,2493.0,2,,,,2024-08
5945,402,2025-05-10,2025-05-10 11:45:00,Surat,Tier 2,Credit Card,Delivered,634.5,4,4.0,False,2025-05-14,2025-05
5946,540,2025-04-09,2025-04-09 03:21:00,Nagpur,Tier 2,UPI,Delivered,6196.9,5,4.0,False,2025-04-13,2025-04
5947,212,2026-04-10,2026-04-10 18:31:00,Ghaziabad,Tier 3,Credit Card,Delivered,70934.1,7,9.0,True,2026-04-19,2026-04
5948,509,2025-12-09,2025-12-09 16:49:00,Delhi,Tier 1,UPI,Delivered,1006.45,4,6.0,True,2025-12-15,2025-12
5949,1075,2026-05-23,2026-05-23 09:20:00,Kolkata,Tier 1,Credit Card,Delivered,38273.8,3,4.0,True,2026-05-27,2026-05
5950,861,2026-02-19,2026-02-19 06:32:00,Lucknow,Tier 2,UPI,RTO,12474.0,3,,,,2026-02
5951,70,2025-06-02,2025-06-02 19:05:00,Pune,Tier 1,UPI,Delivered,36229.1,2,2.0,False,2025-06-04,2025-06
5952,275,2025-08-20,2025-08-20 15:45:00,Patna,Tier 3,UPI,Delivered,613.0,4,5.0,True,2025-08-25,2025-08
5953,550,2026-05-30,2026-05-30 04:55:00,Chennai,Tier 1,Credit Card,Delivered,42405.5,4,6.0,True,2026-06-05,2026-05
5954,309,2026-06-05,2026-06-05 19:52:00,Guwahati,Tier 3,Debit Card,Returned,825.0,7,,,,2026-06
5955,911,2025-03-20,2025-03-20 10:12:00,Patna,Tier 3,UPI,Delivered,559.0,5,7.0,True,2025-03-27,2025-03
5956,18,2026-02-21,2026-02-21 08:44:00,Vadodara,Tier 2,Cash on Delivery,Delivered,4164.1,2,2.0,False,2026-02-23,2026-02
5957,194,2025-10-06,2025-10-06 04:04:00,Pune,Tier 1,Debit Card,Delivered,1118.25,4,5.0,True,2025-10-11,2025-10
5958,671,2025-10-11,2025-10-11 01:03:00,Vadodara,Tier 2,UPI,Delivered,54517.85,3,4.0,True,2025-10-15,2025-10
5959,274,2026-03-23,2026-03-23 09:49:00,Pune,Tier 1,Debit Card,Returned,2887.05,7,,,,2026-03
5960,870,2026-01-10,2026-01-10 06:19:00,Surat,Tier 2,Credit Card,Delivered,652.8,3,3.0,False,2026-01-13,2026-01
5961,34,2024-08-19,2024-08-19 10:12:00,Pune,Tier 1,Credit Card,RTO,9361.5,2,,,,2024-08
5962,436,2026-04-30,2026-04-30 09:35:00,Delhi,Tier 1,UPI,Delivered,808.2,5,5.0,False,2026-05-05,2026-04
5963,1141,2026-04-16,2026-04-16 01:20:00,Kanpur,Tier 2,UPI,Delivered,16657.1,3,4.0,True,2026-04-20,2026-04
5964,1179,2026-04-06,2026-04-06 14:43:00,Mumbai,Tier 1,UPI,Delivered,4708.6,2,2.0,False,2026-04-08,2026-04
5965,479,2025-02-16,2025-02-16 01:51:00,Jaipur,Tier 2,Cash on Delivery,Delivered,9992.0,3,3.0,False,2025-02-19,2025-02
5966,972,2026-03-09,2026-03-09 03:57:00,Surat,Tier 2,Net Banking,RTO,3823.0,7,,,,2026-03
5967,468,2025-07-13,2025-07-13 06:53:00,Ahmedabad,Tier 2,UPI,Returned,8253.6,3,,,,2025-07
5968,786,2025-11-19,2025-11-19 04:27:00,Surat,Tier 2,Cash on Delivery,Delivered,2027.0,2,5.0,True,2025-11-24,2025-11
5969,282,2026-01-31,2026-01-31 19:34:00,Kolkata,Tier 1,Debit Card,Delivered,1992.0,4,5.0,True,2026-02-05,2026-01
5970,319,2026-02-06,2026-02-06 09:02:00,Coimbatore,Tier 2,Net Banking,Delivered,27818.2,7,7.0,False,2026-02-13,2026-02
5971,950,2025-07-03,2025-07-03 06:39:00,Coimbatore,Tier 2,Cash on Delivery,Delivered,437.95,3,3.0,False,2025-07-06,2025-07
5972,1085,2026-05-10,2026-05-10 08:49:00,Indore,Tier 2,Credit Card,Delivered,937.6,4,4.0,False,2026-05-14,2026-05
5973,938,2024-03-11,2024-03-11 11:19:00,Delhi,Tier 1,Credit Card,Delivered,42666.4,3,4.0,True,2024-03-15,2024-03
5974,960,2026-05-20,2026-05-20 19:05:00,Bhopal,Tier 2,UPI,Delivered,3888.0,5,5.0,False,2026-05-25,2026-05
5975,1166,2026-02-27,2026-02-27 05:13:00,Nagpur,Tier 2,UPI,Delivered,3720.0,4,3.0,False,2026-03-02,2026-02
5976,194,2025-10-15,2025-10-15 00:04:00,Pune,Tier 1,Net Banking,Delivered,613.0,5,6.0,True,2025-10-21,2025-10
5977,102,2026-06-30,2026-06-30 16:32:00,Surat,Tier 2,UPI,Delivered,3837.75,7,7.0,False,2026-07-07,2026-06
5978,166,2024-05-06,2024-05-06 15:32:00,Kanpur,Tier 2,Credit Card,Delivered,1787.25,3,4.0,True,2024-05-10,2024-05
5979,452,2024-08-25,2024-08-25 11:14:00,Ahmedabad,Tier 2,UPI,Delivered,1685.25,5,4.0,False,2024-08-29,2024-08
5980,227,2025-04-16,2025-04-16 15:56:00,Chennai,Tier 1,Net Banking,Returned,1237.5,3,,,,2025-04
5981,749,2025-11-07,2025-11-07 06:26:00,Indore,Tier 2,Cash on Delivery,Delivered,897.7,2,2.0,False,2025-11-09,2025-11
5982,1132,2025-08-02,2025-08-02 06:21:00,Indore,Tier 2,Credit Card,Delivered,35749.25,3,5.0,True,2025-08-07,2025-08
5983,797,2026-05-18,2026-05-18 19:23:00,Lucknow,Tier 2,UPI,Returned,558.75,5,,,,2026-05
5984,676,2026-01-17,2026-01-17 20:18:00,Guwahati,Tier 3,Credit Card,Delivered,39030.2,7,6.0,False,2026-01-23,2026-01
5985,1089,2025-12-19,2025-12-19 05:01:00,Kanpur,Tier 2,Credit Card,Delivered,41782.0,5,6.0,True,2025-12-25,2025-12
5986,971,2026-02-27,2026-02-27 04:52:00,Patna,Tier 3,Cash on Delivery,Delivered,1383.0,4,5.0,True,2026-03-04,2026-02
5987,272,2025-10-07,2025-10-07 10:01:00,Ghaziabad,Tier 3,Net Banking,Delivered,2279.25,3,6.0,True,2025-10-13,2025-10
5988,51,2026-04-06,2026-04-06 01:42:00,Vadodara,Tier 2,Credit Card,Delivered,4982.75,3,3.0,False,2026-04-09,2026-04
5989,391,2025-03-11,2025-03-11 20:21:00,Kanpur,Tier 2,Net Banking,Delivered,3781.95,7,8.0,True,2025-03-19,2025-03
5990,1025,2025-11-03,2025-11-03 23:55:00,Ahmedabad,Tier 2,Credit Card,Delivered,4780.8,2,3.0,True,2025-11-06,2025-11
5991,994,2026-04-06,2026-04-06 21:39:00,Coimbatore,Tier 2,Credit Card,Delivered,846.0,5,6.0,True,2026-04-12,2026-04
5992,1192,2024-10-08,2024-10-08 13:59:00,Mumbai,Tier 1,Debit Card,Delivered,3591.0,7,6.0,False,2024-10-14,2024-10
5993,1025,2026-01-19,2026-01-19 21:24:00,Ahmedabad,Tier 2,Debit Card,Returned,1537.7,4,,,,2026-01
5994,974,2024-12-03,2024-12-03 18:26:00,Bhopal,Tier 2,Cash on Delivery,Delivered,64650.4,3,5.0,True,2024-12-08,2024-12
5995,74,2025-12-24,2025-12-24 12:53:00,Ghaziabad,Tier 3,UPI,Delivered,46106.2,5,6.0,True,2025-12-30,2025-12
5996,98,2025-10-31,2025-10-31 16:57:00,Mumbai,Tier 1,Credit Card,Cancelled,848.0,5,,,,2025-10
5997,1161,2026-04-11,2026-04-11 04:30:00,Mumbai,Tier 1,UPI,Delivered,3324.0,7,8.0,True,2026-04-19,2026-04
5998,46,2025-10-23,2025-10-23 04:15:00,Chennai,Tier 1,Cash on Delivery,Delivered,4510.6,2,4.0,True,2025-10-27,2025-10
5999,528,2026-02-11,2026-02-11 05:37:00,Bhopal,Tier 2,UPI,Delivered,4289.4,5,4.0,False,2026-02-15,2026-02
6000,582,2026-03-03,2026-03-03 21:37:00,Indore,Tier 2,UPI,Returned,40308.0,4,,,,2026-03
6001,1030,2025-03-12,2025-03-12 11:09:00,Mumbai,Tier 1,UPI,Cancelled,44912.0,2,,,,2025-03
6002,663,2025-09-27,2025-09-27 15:41:00,Ahmedabad,Tier 2,Cash on Delivery,Delivered,4367.0,5,5.0,False,2025-10-02,2025-09
6003,839,2024-12-15,2024-12-15 06:03:00,Mumbai,Tier 1,Credit Card,Delivered,7775.4,4,4.0,False,2024-12-19,2024-12
6004,277,2026-06-28,2026-06-28 08:49:00,Delhi,Tier 1,UPI,RTO,2653.5,7,,,,2026-06
6005,442,2026-05-15,2026-05-15 21:42:00,Bengaluru,Tier 1,Cash on Delivery,Delivered,405.0,5,4.0,False,2026-05-19,2026-05
6006,325,2025-10-13,2025-10-13 01:34:00,Chennai,Tier 1,Debit Card,RTO,6545.0,5,,,,2025-10
6007,770,2025-07-26,2025-07-26 21:05:00,Delhi,Tier 1,UPI,Delivered,424.0,4,4.0,False,2025-07-30,2025-07
6008,179,2024-10-11,2024-10-11 16:51:00,Bhopal,Tier 2,Net Banking,Delivered,676.8,2,5.0,True,2024-10-16,2024-10
6009,258,2025-12-30,2025-12-30 17:06:00,Ghaziabad,Tier 3,Cash on Delivery,Delivered,29636.85,3,3.0,False,2026-01-02,2025-12
6010,231,2026-06-16,2026-06-16 23:13:00,Surat,Tier 2,Debit Card,Returned,6167.0,2,,,,2026-06
6011,891,2026-05-19,2026-05-19 08:10:00,Pune,Tier 1,UPI,Delivered,4635.0,2,3.0,True,2026-05-22,2026-05
6012,858,2026-01-16,2026-01-16 13:13:00,Chennai,Tier 1,UPI,Delivered,35726.0,2,4.0,True,2026-01-20,2026-01
6013,296,2025-02-21,2025-02-21 03:54:00,Jaipur,Tier 2,Cash on Delivery,Delivered,14025.85,2,2.0,False,2025-02-23,2025-02
6014,1099,2025-09-25,2025-09-25 08:22:00,Hyderabad,Tier 1,UPI,Delivered,41836.7,7,7.0,False,2025-10-02,2025-09
6015,117,2026-06-01,2026-06-01 05:40:00,Coimbatore,Tier 2,UPI,Delivered,1892.4,2,3.0,True,2026-06-04,2026-06
6016,1124,2026-05-11,2026-05-11 09:09:00,Hyderabad,Tier 1,Debit Card,Delivered,762.85,4,4.0,False,2026-05-15,2026-05
6017,135,2026-06-17,2026-06-17 05:07:00,Bhopal,Tier 2,UPI,Delivered,2554.85,2,5.0,True,2026-06-22,2026-06
6018,1146,2024-09-08,2024-09-08 06:00:00,Ahmedabad,Tier 2,UPI,RTO,4158.0,4,,,,2024-09
6019,720,2024-12-02,2024-12-02 03:44:00,Indore,Tier 2,Cash on Delivery,Delivered,128.0,2,1.0,False,2024-12-03,2024-12
6020,227,2025-12-15,2025-12-15 22:07:00,Chennai,Tier 1,Debit Card,Delivered,596.0,5,6.0,True,2025-12-21,2025-12
6021,1111,2026-04-08,2026-04-08 22:38:00,Coimbatore,Tier 2,Credit Card,Delivered,945.25,2,4.0,True,2026-04-12,2026-04
6022,188,2025-01-19,2025-01-19 23:38:00,Chennai,Tier 1,Debit Card,Delivered,763.3,5,6.0,True,2025-01-25,2025-01
6023,620,2025-10-22,2025-10-22 17:21:00,Bhopal,Tier 2,UPI,Delivered,33272.05,4,4.0,False,2025-10-26,2025-10
6024,1021,2024-08-28,2024-08-28 04:45:00,Delhi,Tier 1,Net Banking,Delivered,34266.0,2,2.0,False,2024-08-30,2024-08
6025,532,2026-04-27,2026-04-27 20:40:00,Jaipur,Tier 2,UPI,Delivered,205.0,5,5.0,False,2026-05-02,2026-04
6026,995,2024-10-14,2024-10-14 09:32:00,Ahmedabad,Tier 2,UPI,Delivered,76192.0,2,5.0,True,2024-10-19,2024-10
6027,205,2026-04-05,2026-04-05 17:07:00,Bhopal,Tier 2,UPI,Delivered,1780.5,3,3.0,False,2026-04-08,2026-04
6028,454,2026-05-16,2026-05-16 20:11:00,Ghaziabad,Tier 3,Net Banking,Delivered,2822.85,7,9.0,True,2026-05-25,2026-05
6029,582,2026-04-01,2026-04-01 15:56:00,Indore,Tier 2,Debit Card,Delivered,1662.0,3,3.0,False,2026-04-04,2026-04
6030,623,2026-02-07,2026-02-07 20:55:00,Bhopal,Tier 2,UPI,Delivered,3499.2,3,3.0,False,2026-02-10,2026-02
6031,71,2026-05-31,2026-05-31 00:58:00,Kolkata,Tier 1,Credit Card,Returned,1190.1,5,,,,2026-05
6032,382,2026-05-09,2026-05-09 21:35:00,Bhopal,Tier 2,Credit Card,Cancelled,2144.7,3,,,,2026-05
6033,918,2026-02-25,2026-02-25 21:40:00,Bhopal,Tier 2,UPI,Delivered,9869.05,4,4.0,False,2026-03-01,2026-02
6034,1026,2025-09-19,2025-09-19 17:51:00,Kanpur,Tier 2,Debit Card,Delivered,3995.15,3,3.0,False,2025-09-22,2025-09
6035,490,2025-12-19,2025-12-19 03:34:00,Vadodara,Tier 2,Credit Card,Delivered,3742.2,4,4.0,False,2025-12-23,2025-12
6036,201,2026-05-11,2026-05-11 02:23:00,Bengaluru,Tier 1,Debit Card,Delivered,6461.05,5,5.0,False,2026-05-16,2026-05
6037,12,2026-01-12,2026-01-12 04:16:00,Delhi,Tier 1,Credit Card,Delivered,1555.2,5,6.0,True,2026-01-18,2026-01
6038,913,2025-11-06,2025-11-06 00:29:00,Patna,Tier 3,Credit Card,Delivered,3534.3,3,5.0,True,2025-11-11,2025-11
6039,863,2026-01-29,2026-01-29 11:43:00,Nagpur,Tier 2,UPI,Delivered,12019.5,2,2.0,False,2026-01-31,2026-01
6040,662,2026-03-19,2026-03-19 01:55:00,Patna,Tier 3,UPI,Delivered,38196.65,2,3.0,True,2026-03-22,2026-03
6041,442,2024-12-03,2024-12-03 15:51:00,Bengaluru,Tier 1,UPI,RTO,12888.75,2,,,,2024-12
6042,1089,2026-05-13,2026-05-13 20:57:00,Kanpur,Tier 2,Debit Card,Delivered,22376.0,4,4.0,False,2026-05-17,2026-05
6043,501,2025-06-27,2025-06-27 17:19:00,Guwahati,Tier 3,Credit Card,Delivered,3429.35,3,6.0,True,2025-07-03,2025-06
6044,1198,2025-11-03,2025-11-03 02:44:00,Bengaluru,Tier 1,Credit Card,Delivered,4289.25,7,7.0,False,2025-11-10,2025-11
6045,13,2026-05-29,2026-05-29 21:45:00,Kolkata,Tier 1,UPI,RTO,4246.6,5,,,,2026-05
6046,988,2025-03-14,2025-03-14 04:53:00,Kanpur,Tier 2,UPI,Delivered,5039.1,7,10.0,True,2025-03-24,2025-03
6047,924,2026-04-20,2026-04-20 08:55:00,Surat,Tier 2,Debit Card,Cancelled,30633.6,3,,,,2026-04
6048,490,2026-03-04,2026-03-04 03:36:00,Vadodara,Tier 2,UPI,Delivered,26912.55,4,5.0,True,2026-03-09,2026-03
6049,844,2026-01-26,2026-01-26 21:23:00,Patna,Tier 3,Debit Card,RTO,1328.1,3,,,,2026-01
6050,803,2026-04-12,2026-04-12 06:28:00,Indore,Tier 2,Credit Card,Returned,344.25,7,,,,2026-04
6051,428,2024-03-10,2024-03-10 10:53:00,Bhopal,Tier 2,UPI,Delivered,5991.3,4,3.0,False,2024-03-13,2024-03
6052,412,2025-11-18,2025-11-18 19:21:00,Jaipur,Tier 2,UPI,Delivered,2466.9,3,3.0,False,2025-11-21,2025-11
6053,865,2026-04-26,2026-04-26 06:03:00,Coimbatore,Tier 2,UPI,Delivered,761.4,7,10.0,True,2026-05-06,2026-04
6054,527,2025-05-12,2025-05-12 09:53:00,Delhi,Tier 1,Credit Card,Delivered,128301.3,4,7.0,True,2025-05-19,2025-05
6055,1150,2025-08-04,2025-08-04 06:12:00,Bhopal,Tier 2,Debit Card,Returned,33027.7,7,,,,2025-08
6056,17,2025-09-11,2025-09-11 08:49:00,Nagpur,Tier 2,Net Banking,Delivered,1525.7,5,7.0,True,2025-09-18,2025-09
6057,265,2025-10-17,2025-10-17 08:37:00,Kolkata,Tier 1,Credit Card,Delivered,30387.0,2,3.0,True,2025-10-20,2025-10
6058,58,2025-11-25,2025-11-25 18:57:00,Pune,Tier 1,Credit Card,Returned,803.0,5,,,,2025-11
6059,505,2026-02-26,2026-02-26 02:14:00,Hyderabad,Tier 1,UPI,Delivered,9169.2,3,3.0,False,2026-03-01,2026-02
6060,404,2025-09-25,2025-09-25 04:04:00,Chennai,Tier 1,UPI,Delivered,1037.0,2,5.0,True,2025-09-30,2025-09
6061,1104,2025-10-12,2025-10-12 19:50:00,Bhopal,Tier 2,UPI,Delivered,4610.85,2,4.0,True,2025-10-16,2025-10
6062,1044,2026-05-04,2026-05-04 10:47:00,Mumbai,Tier 1,Cash on Delivery,Delivered,1828.2,2,3.0,True,2026-05-07,2026-05
6063,887,2025-01-12,2025-01-12 23:55:00,Coimbatore,Tier 2,UPI,Delivered,34053.3,7,7.0,False,2025-01-19,2025-01
6064,115,2026-06-01,2026-06-01 20:52:00,Indore,Tier 2,UPI,Delivered,4258.5,7,7.0,False,2026-06-08,2026-06
6065,428,2024-10-12,2024-10-12 11:25:00,Bhopal,Tier 2,UPI,Delivered,802.5,3,5.0,True,2024-10-17,2024-10
6066,955,2026-06-26,2026-06-26 09:54:00,Bhopal,Tier 2,Cash on Delivery,Returned,70031.6,3,,,,2026-06
6067,601,2026-06-02,2026-06-02 03:20:00,Pune,Tier 1,Cash on Delivery,Delivered,865.0,3,5.0,True,2026-06-07,2026-06
6068,1019,2025-02-27,2025-02-27 16:27:00,Indore,Tier 2,Cash on Delivery,Delivered,680.0,3,3.0,False,2025-03-02,2025-02
6069,726,2025-04-05,2025-04-05 16:06:00,Surat,Tier 2,Credit Card,Delivered,4496.4,4,3.0,False,2025-04-08,2025-04
6070,770,2025-06-02,2025-06-02 10:29:00,Delhi,Tier 1,Credit Card,Returned,205.0,3,,,,2025-06
6071,229,2026-04-27,2026-04-27 20:21:00,Nagpur,Tier 2,Debit Card,Delivered,1592.1,4,3.0,False,2026-04-30,2026-04
6072,533,2025-10-07,2025-10-07 10:29:00,Chennai,Tier 1,Credit Card,Cancelled,39827.0,3,,,,2025-10
6073,620,2026-06-12,2026-06-12 22:39:00,Bhopal,Tier 2,UPI,Delivered,1622.05,5,6.0,True,2026-06-18,2026-06
6074,377,2026-04-20,2026-04-20 07:00:00,Lucknow,Tier 2,Debit Card,Delivered,30763.8,4,4.0,False,2026-04-24,2026-04
6075,661,2026-05-06,2026-05-06 00:41:00,Ghaziabad,Tier 3,UPI,Delivered,34767.55,2,2.0,False,2026-05-08,2026-05
6076,1062,2025-11-17,2025-11-17 12:30:00,Hyderabad,Tier 1,UPI,Delivered,4996.0,2,1.0,False,2025-11-18,2025-11
6077,807,2026-01-02,2026-01-02 10:57:00,Hyderabad,Tier 1,Debit Card,RTO,5976.75,3,,,,2026-01
6078,1058,2025-09-20,2025-09-20 19:19:00,Indore,Tier 2,Debit Card,Delivered,44912.0,7,7.0,False,2025-09-27,2025-09
6079,1063,2025-01-15,2025-01-15 00:36:00,Bengaluru,Tier 1,Credit Card,Delivered,735.25,5,5.0,False,2025-01-20,2025-01
6080,929,2026-02-17,2026-02-17 22:58:00,Chennai,Tier 1,Cash on Delivery,Delivered,4303.0,7,7.0,False,2026-02-24,2026-02
6081,311,2025-06-07,2025-06-07 17:13:00,Mumbai,Tier 1,Credit Card,Delivered,441.0,5,4.0,False,2025-06-11,2025-06
6082,907,2025-04-07,2025-04-07 14:22:00,Nagpur,Tier 2,UPI,Delivered,35508.75,2,2.0,False,2025-04-09,2025-04
6083,12,2026-06-13,2026-06-13 02:26:00,Delhi,Tier 1,Net Banking,Returned,39283.55,7,,,,2026-06
6084,592,2026-04-03,2026-04-03 17:00:00,Hyderabad,Tier 1,UPI,Delivered,1101.0,7,10.0,True,2026-04-13,2026-04
6085,1105,2026-02-02,2026-02-02 21:19:00,Lucknow,Tier 2,UPI,Delivered,68947.3,2,2.0,False,2026-02-04,2026-02
6086,1062,2025-08-20,2025-08-20 09:55:00,Hyderabad,Tier 1,Credit Card,Delivered,610.0,7,9.0,True,2025-08-29,2025-08
6087,556,2024-09-03,2024-09-03 22:45:00,Pune,Tier 1,UPI,Delivered,57223.5,3,4.0,True,2024-09-07,2024-09
6088,721,2025-08-15,2025-08-15 04:10:00,Surat,Tier 2,UPI,Delivered,369.0,3,6.0,True,2025-08-21,2025-08
6089,752,2025-10-18,2025-10-18 16:09:00,Kanpur,Tier 2,UPI,Returned,5041.3,4,,,,2025-10
6090,242,2026-05-10,2026-05-10 22:10:00,Nagpur,Tier 2,Debit Card,Returned,802.5,4,,,,2026-05
6091,158,2024-11-30,2024-11-30 07:50:00,Nagpur,Tier 2,UPI,Delivered,1006.2,2,2.0,False,2024-12-02,2024-11
6092,962,2026-02-17,2026-02-17 15:40:00,Kolkata,Tier 1,Cash on Delivery,Delivered,1172.0,2,2.0,False,2026-02-19,2026-02
6093,1003,2025-04-08,2025-04-08 05:07:00,Lucknow,Tier 2,UPI,RTO,43898.0,3,,,,2025-04
6094,1105,2026-06-02,2026-06-02 16:34:00,Lucknow,Tier 2,Debit Card,Cancelled,1255.85,3,,,,2026-06
6095,1103,2026-05-10,2026-05-10 13:54:00,Hyderabad,Tier 1,UPI,RTO,41869.6,7,,,,2026-05
6096,1065,2026-02-06,2026-02-06 15:43:00,Indore,Tier 2,Credit Card,Returned,1415.2,3,,,,2026-02
6097,919,2026-04-20,2026-04-20 20:30:00,Pune,Tier 1,UPI,Delivered,798.0,5,6.0,True,2026-04-26,2026-04
6098,307,2026-06-07,2026-06-07 05:54:00,Kolkata,Tier 1,Credit Card,Delivered,8999.05,5,5.0,False,2026-06-12,2026-06
6099,1084,2026-04-18,2026-04-18 23:18:00,Kolkata,Tier 1,Debit Card,Delivered,31620.2,7,7.0,False,2026-04-25,2026-04
6100,359,2026-02-09,2026-02-09 01:36:00,Delhi,Tier 1,UPI,Delivered,1087.0,5,6.0,True,2026-02-15,2026-02
6101,806,2025-12-28,2025-12-28 15:55:00,Nagpur,Tier 2,Cash on Delivery,Delivered,1386.0,3,3.0,False,2025-12-31,2025-12
6102,782,2025-03-08,2025-03-08 12:49:00,Kolkata,Tier 1,Credit Card,Delivered,10757.6,7,7.0,False,2025-03-15,2025-03
6103,53,2026-03-28,2026-03-28 15:41:00,Delhi,Tier 1,UPI,Delivered,1525.0,4,3.0,False,2026-03-31,2026-03
6104,386,2026-05-29,2026-05-29 07:27:00,Pune,Tier 1,UPI,RTO,2116.5,3,,,,2026-05
6105,859,2026-02-27,2026-02-27 20:14:00,Bengaluru,Tier 1,Debit Card,Delivered,4826.3,4,5.0,True,2026-03-04,2026-02
6106,262,2024-05-22,2024-05-22 11:48:00,Kanpur,Tier 2,Net Banking,Delivered,745.0,3,3.0,False,2024-05-25,2024-05
6107,9,2026-06-16,2026-06-16 03:30:00,Hyderabad,Tier 1,Credit Card,Delivered,3315.3,3,4.0,True,2026-06-20,2026-06
6108,218,2024-08-13,2024-08-13 07:56:00,Kanpur,Tier 2,UPI,Delivered,3837.75,5,7.0,True,2024-08-20,2024-08
6109,821,2024-07-23,2024-07-23 22:03:00,Kolkata,Tier 1,Cash on Delivery,Returned,7315.0,2,,,,2024-07
6110,579,2026-03-02,2026-03-02 22:23:00,Lucknow,Tier 2,Net Banking,Delivered,5245.0,7,9.0,True,2026-03-11,2026-03
6111,582,2024-06-30,2024-06-30 11:14:00,Indore,Tier 2,UPI,Cancelled,2016.75,4,,,,2024-06
6112,698,2025-06-08,2025-06-08 04:16:00,Kolkata,Tier 1,Debit Card,Delivered,48310.4,5,5.0,False,2025-06-13,2025-06
6113,212,2026-01-14,2026-01-14 07:56:00,Ghaziabad,Tier 3,UPI,Delivered,4153.5,4,5.0,True,2026-01-19,2026-01
6114,421,2026-01-12,2026-01-12 16:39:00,Vadodara,Tier 2,UPI,Delivered,5606.25,7,9.0,True,2026-01-21,2026-01
6115,79,2026-04-29,2026-04-29 10:41:00,Indore,Tier 2,Credit Card,RTO,2797.35,5,,,,2026-04
6116,1089,2025-11-14,2025-11-14 00:29:00,Kanpur,Tier 2,Credit Card,Delivered,88653.3,2,2.0,False,2025-11-16,2025-11
6117,389,2026-04-17,2026-04-17 09:30:00,Kanpur,Tier 2,UPI,Delivered,523.8,3,2.0,False,2026-04-19,2026-04
6118,1024,2025-12-27,2025-12-27 00:58:00,Patna,Tier 3,UPI,Delivered,106206.6,4,7.0,True,2026-01-03,2025-12
6119,1147,2026-01-15,2026-01-15 23:24:00,Lucknow,Tier 2,UPI,RTO,33425.6,5,,,,2026-01
6120,706,2025-09-04,2025-09-04 14:35:00,Hyderabad,Tier 1,UPI,Delivered,91915.05,2,3.0,True,2025-09-07,2025-09
6121,827,2026-05-20,2026-05-20 11:58:00,Kolkata,Tier 1,UPI,Delivered,10479.0,2,3.0,True,2026-05-23,2026-05
6122,616,2026-06-03,2026-06-03 11:27:00,Vadodara,Tier 2,Cash on Delivery,Delivered,3475.0,3,5.0,True,2026-06-08,2026-06
6123,56,2026-04-19,2026-04-19 08:43:00,Indore,Tier 2,UPI,Delivered,11229.6,3,3.0,False,2026-04-22,2026-04
6124,1146,2025-12-23,2025-12-23 10:50:00,Ahmedabad,Tier 2,UPI,RTO,67572.8,5,,,,2025-12
6125,808,2025-08-25,2025-08-25 21:55:00,Vadodara,Tier 2,UPI,Delivered,4515.0,3,6.0,True,2025-08-31,2025-08
6126,418,2026-03-18,2026-03-18 02:19:00,Coimbatore,Tier 2,UPI,Delivered,15691.95,7,8.0,True,2026-03-26,2026-03
6127,839,2025-06-10,2025-06-10 21:15:00,Mumbai,Tier 1,Cash on Delivery,Delivered,19648.25,4,5.0,True,2025-06-15,2025-06
6128,509,2025-11-29,2025-11-29 23:18:00,Delhi,Tier 1,Cash on Delivery,Cancelled,6344.8,2,,,,2025-11
6129,877,2024-05-29,2024-05-29 11:54:00,Ahmedabad,Tier 2,UPI,Delivered,648.75,5,7.0,True,2024-06-05,2024-05
6130,454,2026-03-23,2026-03-23 16:24:00,Ghaziabad,Tier 3,Net Banking,Returned,3038.5,3,,,,2026-03
6131,1029,2025-10-01,2025-10-01 06:29:00,Bhopal,Tier 2,UPI,Delivered,670.5,5,7.0,True,2025-10-08,2025-10
6132,25,2026-02-18,2026-02-18 06:05:00,Vadodara,Tier 2,Credit Card,Delivered,42666.4,3,5.0,True,2026-02-23,2026-02
6133,569,2026-06-07,2026-06-07 02:17:00,Mumbai,Tier 1,UPI,Delivered,436.5,7,6.0,False,2026-06-13,2026-06
6134,1147,2025-04-17,2025-04-17 14:48:00,Lucknow,Tier 2,UPI,Delivered,36215.95,2,2.0,False,2025-04-19,2025-04
6135,572,2024-05-15,2024-05-15 19:33:00,Hyderabad,Tier 1,Cash on Delivery,Delivered,508.0,5,4.0,False,2024-05-19,2024-05
6136,70,2025-05-06,2025-05-06 09:30:00,Pune,Tier 1,Debit Card,Delivered,89824.0,3,2.0,False,2025-05-08,2025-05
6137,248,2026-04-08,2026-04-08 01:12:00,Bhopal,Tier 2,UPI,Delivered,77215.8,2,3.0,True,2026-04-11,2026-04
6138,720,2025-04-09,2025-04-09 10:48:00,Indore,Tier 2,Debit Card,Returned,8203.75,7,,,,2025-04
6139,598,2026-03-18,2026-03-18 13:12:00,Mumbai,Tier 1,Cash on Delivery,Delivered,37406.3,2,3.0,True,2026-03-21,2026-03
6140,672,2026-05-26,2026-05-26 14:18:00,Bengaluru,Tier 1,Debit Card,Delivered,1528.0,7,7.0,False,2026-06-02,2026-05
6141,359,2026-03-31,2026-03-31 10:30:00,Delhi,Tier 1,Debit Card,Delivered,40076.3,2,3.0,True,2026-04-03,2026-03
6142,316,2026-03-12,2026-03-12 14:57:00,Kolkata,Tier 1,Credit Card,RTO,798.0,5,,,,2026-03
6143,612,2025-10-09,2025-10-09 12:39:00,Mumbai,Tier 1,Credit Card,RTO,638.4,5,,,,2025-10
6144,519,2025-08-22,2025-08-22 14:44:00,Jaipur,Tier 2,Debit Card,Cancelled,32199.4,7,,,,2025-08
6145,848,2026-05-29,2026-05-29 13:27:00,Lucknow,Tier 2,UPI,Delivered,10493.0,4,3.0,False,2026-06-01,2026-05
6146,249,2024-07-22,2024-07-22 01:21:00,Delhi,Tier 1,Debit Card,Delivered,1730.0,5,6.0,True,2024-07-28,2024-07
6147,656,2024-09-29,2024-09-29 23:00:00,Guwahati,Tier 3,UPI,Delivered,4025.25,7,7.0,False,2024-10-06,2024-09
6148,402,2025-04-18,2025-04-18 04:24:00,Surat,Tier 2,Debit Card,Delivered,2235.0,5,7.0,True,2025-04-25,2025-04
6149,127,2026-04-26,2026-04-26 00:27:00,Bhopal,Tier 2,Debit Card,RTO,564.0,7,,,,2026-04
6150,8,2026-01-11,2026-01-11 21:30:00,Kolkata,Tier 1,Debit Card,RTO,898.0,2,,,,2026-01
6151,1099,2026-06-27,2026-06-27 22:03:00,Hyderabad,Tier 1,Net Banking,Cancelled,42065.65,3,,,,2026-06
6152,876,2026-02-03,2026-02-03 06:27:00,Ahmedabad,Tier 2,Debit Card,Delivered,503.1,2,2.0,False,2026-02-05,2026-02
6153,337,2026-04-24,2026-04-24 18:46:00,Bengaluru,Tier 1,UPI,Delivered,826.0,3,6.0,True,2026-04-30,2026-04
6154,519,2025-07-19,2025-07-19 05:07:00,Jaipur,Tier 2,UPI,Delivered,4283.0,7,7.0,False,2025-07-26,2025-07
6155,1084,2026-06-13,2026-06-13 18:08:00,Kolkata,Tier 1,Credit Card,Returned,41775.0,7,,,,2026-06
6156,535,2026-06-05,2026-06-05 17:25:00,Ghaziabad,Tier 3,UPI,Delivered,3850.0,5,7.0,True,2026-06-12,2026-06
6157,1053,2025-02-20,2025-02-20 08:09:00,Bhopal,Tier 2,Debit Card,Cancelled,4575.9,5,,,,2025-02
6158,1091,2025-11-29,2025-11-29 06:32:00,Delhi,Tier 1,Debit Card,Returned,2689.0,2,,,,2025-11
6159,716,2026-05-19,2026-05-19 07:41:00,Ghaziabad,Tier 3,UPI,Delivered,61684.4,2,3.0,True,2026-05-22,2026-05
6160,470,2024-06-20,2024-06-20 14:42:00,Bhopal,Tier 2,Debit Card,Delivered,2338.9,7,7.0,False,2024-06-27,2024-06
6161,756,2025-10-03,2025-10-03 17:05:00,Kolkata,Tier 1,Credit Card,Delivered,330.75,4,4.0,False,2025-10-07,2025-10
6162,895,2026-04-19,2026-04-19 21:56:00,Surat,Tier 2,UPI,Delivered,2465.25,5,8.0,True,2026-04-27,2026-04
6163,470,2026-04-12,2026-04-12 02:14:00,Bhopal,Tier 2,UPI,Delivered,5384.45,2,2.0,False,2026-04-14,2026-04
6164,728,2025-08-27,2025-08-27 12:19:00,Hyderabad,Tier 1,Cash on Delivery,Delivered,5508.0,3,4.0,True,2025-08-31,2025-08
6165,58,2026-03-12,2026-03-12 07:53:00,Pune,Tier 1,Debit Card,Delivered,4312.0,2,2.0,False,2026-03-14,2026-03
6166,464,2026-03-29,2026-03-29 02:32:00,Bhopal,Tier 2,Debit Card,Delivered,1899.2,4,5.0,True,2026-04-03,2026-03
6167,524,2026-01-29,2026-01-29 01:15:00,Kolkata,Tier 1,UPI,Returned,821.0,3,,,,2026-01
6168,92,2026-02-18,2026-02-18 13:35:00,Coimbatore,Tier 2,UPI,RTO,1935.3,2,,,,2026-02
6169,1111,2026-05-16,2026-05-16 09:30:00,Coimbatore,Tier 2,Cash on Delivery,Delivered,865.0,5,8.0,True,2026-05-24,2026-05
6170,767,2026-06-21,2026-06-21 04:30:00,Coimbatore,Tier 2,Cash on Delivery,RTO,3388.9,3,,,,2026-06
6171,672,2026-05-31,2026-05-31 20:08:00,Bengaluru,Tier 1,Credit Card,Delivered,4867.3,3,4.0,True,2026-06-04,2026-05
6172,509,2024-10-17,2024-10-17 21:40:00,Delhi,Tier 1,UPI,Delivered,405.75,3,4.0,True,2024-10-21,2024-10
6173,439,2026-04-28,2026-04-28 05:25:00,Bengaluru,Tier 1,UPI,Delivered,56658.0,4,4.0,False,2026-05-02,2026-04
6174,990,2025-09-23,2025-09-23 06:25:00,Coimbatore,Tier 2,UPI,Delivered,34671.2,2,3.0,True,2025-09-26,2025-09
6175,249,2024-07-06,2024-07-06 00:01:00,Delhi,Tier 1,Cash on Delivery,Delivered,2560.5,3,5.0,True,2024-07-11,2024-07
6176,609,2025-11-07,2025-11-07 13:09:00,Lucknow,Tier 2,UPI,Delivered,64916.35,4,4.0,False,2025-11-11,2025-11
6177,184,2026-02-19,2026-02-19 15:46:00,Hyderabad,Tier 1,UPI,Delivered,2016.75,4,4.0,False,2026-02-23,2026-02
6178,891,2026-04-08,2026-04-08 10:34:00,Pune,Tier 1,UPI,Cancelled,18874.05,7,,,,2026-04
6179,1080,2026-01-18,2026-01-18 09:27:00,Bhopal,Tier 2,Cash on Delivery,Returned,44752.0,5,,,,2026-01
6180,414,2026-04-07,2026-04-07 06:11:00,Kolkata,Tier 1,Credit Card,Returned,4053.75,7,,,,2026-04
6181,1006,2026-04-08,2026-04-08 09:06:00,Ahmedabad,Tier 2,Cash on Delivery,Returned,1416.45,4,,,,2026-04
6182,262,2024-09-24,2024-09-24 16:35:00,Kanpur,Tier 2,Cash on Delivery,Delivered,635.0,3,3.0,False,2024-09-27,2024-09
6183,198,2025-08-21,2025-08-21 06:42:00,Coimbatore,Tier 2,UPI,RTO,4366.6,7,,,,2025-08
6184,674,2026-04-28,2026-04-28 17:02:00,Guwahati,Tier 3,Credit Card,Delivered,337.5,5,8.0,True,2026-05-06,2026-04
6185,93,2024-12-21,2024-12-21 18:37:00,Delhi,Tier 1,Cash on Delivery,Delivered,304.0,5,5.0,False,2024-12-26,2024-12
6186,638,2026-05-31,2026-05-31 02:15:00,Mumbai,Tier 1,Debit Card,Delivered,74637.2,7,10.0,True,2026-06-10,2026-05
6187,199,2025-08-29,2025-08-29 04:10:00,Mumbai,Tier 1,Cash on Delivery,Delivered,21197.7,5,6.0,True,2025-09-04,2025-08
6188,533,2026-02-08,2026-02-08 19:46:00,Chennai,Tier 1,Cash on Delivery,Delivered,1769.0,5,4.0,False,2026-02-12,2026-02
6189,944,2025-09-07,2025-09-07 19:16:00,Guwahati,Tier 3,Debit Card,Returned,1243.95,4,,,,2025-09
6190,797,2026-05-30,2026-05-30 02:43:00,Lucknow,Tier 2,Debit Card,Returned,1390.7,5,,,,2026-05
6191,1028,2026-06-17,2026-06-17 15:51:00,Kanpur,Tier 2,UPI,Delivered,5342.4,2,5.0,True,2026-06-22,2026-06
6192,519,2025-06-06,2025-06-06 13:03:00,Jaipur,Tier 2,Cash on Delivery,Delivered,848.0,5,6.0,True,2025-06-12,2025-06
6193,454,2026-05-29,2026-05-29 01:41:00,Ghaziabad,Tier 3,UPI,Delivered,27665.8,5,5.0,False,2026-06-03,2026-05
6194,895,2026-03-16,2026-03-16 08:50:00,Surat,Tier 2,Cash on Delivery,Delivered,1320.0,4,7.0,True,2026-03-23,2026-03
6195,279,2024-08-06,2024-08-06 21:17:00,Nagpur,Tier 2,Net Banking,Delivered,5367.75,7,7.0,False,2024-08-13,2024-08
6196,616,2025-10-20,2025-10-20 06:58:00,Vadodara,Tier 2,UPI,Delivered,39574.3,3,3.0,False,2025-10-23,2025-10
6197,1137,2025-11-05,2025-11-05 15:07:00,Kolkata,Tier 1,Credit Card,Delivered,3640.55,5,5.0,False,2025-11-10,2025-11
6198,391,2025-05-20,2025-05-20 09:41:00,Kanpur,Tier 2,UPI,Delivered,226.5,7,10.0,True,2025-05-30,2025-05
6199,532,2026-01-28,2026-01-28 20:04:00,Jaipur,Tier 2,UPI,Delivered,4520.0,3,3.0,False,2026-01-31,2026-01
6200,420,2025-12-07,2025-12-07 21:27:00,Lucknow,Tier 2,Credit Card,Delivered,1131.3,3,6.0,True,2025-12-13,2025-12
6201,214,2024-08-22,2024-08-22 09:22:00,Lucknow,Tier 2,Debit Card,Delivered,1520.25,4,4.0,False,2024-08-26,2024-08
6202,360,2025-12-27,2025-12-27 19:18:00,Bengaluru,Tier 1,Credit Card,Delivered,356.25,5,5.0,False,2026-01-01,2025-12
6203,184,2026-06-25,2026-06-25 18:52:00,Hyderabad,Tier 1,Cash on Delivery,Delivered,43011.75,7,8.0,True,2026-07-03,2026-06
6204,650,2025-10-11,2025-10-11 10:39:00,Chennai,Tier 1,Cash on Delivery,Delivered,2588.0,5,6.0,True,2025-10-17,2025-10
6205,436,2026-03-23,2026-03-23 16:18:00,Delhi,Tier 1,Cash on Delivery,Delivered,291.0,4,4.0,False,2026-03-27,2026-03
6206,368,2025-11-25,2025-11-25 04:38:00,Nagpur,Tier 2,Cash on Delivery,Delivered,4140.75,3,2.0,False,2025-11-27,2025-11
6207,314,2025-12-10,2025-12-10 14:11:00,Surat,Tier 2,Credit Card,Delivered,82344.1,3,5.0,True,2025-12-15,2025-12
6208,297,2025-01-26,2025-01-26 12:39:00,Ahmedabad,Tier 2,Credit Card,Delivered,44258.5,4,4.0,False,2025-01-30,2025-01
6209,157,2024-11-10,2024-11-10 14:45:00,Bengaluru,Tier 1,Net Banking,Cancelled,1178.1,4,,,,2024-11
6210,430,2026-03-20,2026-03-20 01:03:00,Kanpur,Tier 2,Cash on Delivery,RTO,125990.6,3,,,,2026-03
6211,164,2026-05-04,2026-05-04 11:47:00,Hyderabad,Tier 1,Debit Card,Delivered,670.5,2,5.0,True,2026-05-09,2026-05
6212,710,2026-01-08,2026-01-08 04:48:00,Pune,Tier 1,Cash on Delivery,Delivered,1118.0,7,7.0,False,2026-01-15,2026-01
6213,325,2026-01-30,2026-01-30 07:07:00,Chennai,Tier 1,Debit Card,Delivered,461.0,4,5.0,True,2026-02-04,2026-01
6214,360,2025-12-12,2025-12-12 14:31:00,Bengaluru,Tier 1,Debit Card,RTO,86678.0,5,,,,2025-12
6215,815,2026-06-27,2026-06-27 04:59:00,Vadodara,Tier 2,UPI,Delivered,3738.0,5,8.0,True,2026-07-05,2026-06
6216,218,2024-08-29,2024-08-29 03:48:00,Kanpur,Tier 2,Net Banking,Delivered,848.0,5,6.0,True,2024-09-04,2024-08
6217,187,2025-04-17,2025-04-17 15:34:00,Chennai,Tier 1,Credit Card,Returned,472.6,7,,,,2025-04
6218,643,2026-04-21,2026-04-21 02:17:00,Kanpur,Tier 2,Debit Card,Delivered,479.4,7,6.0,False,2026-04-27,2026-04
6219,478,2026-05-10,2026-05-10 18:40:00,Kanpur,Tier 2,UPI,Delivered,128.0,4,5.0,True,2026-05-15,2026-05
6220,560,2026-05-01,2026-05-01 17:55:00,Kolkata,Tier 1,UPI,Delivered,2826.0,4,6.0,True,2026-05-07,2026-05
6221,1026,2026-01-29,2026-01-29 16:43:00,Kanpur,Tier 2,UPI,Cancelled,1323.0,5,,,,2026-01
6222,738,2025-10-01,2025-10-01 01:35:00,Delhi,Tier 1,UPI,Delivered,4163.2,4,7.0,True,2025-10-08,2025-10
6223,752,2025-11-25,2025-11-25 11:40:00,Kanpur,Tier 2,Debit Card,Returned,8396.7,4,,,,2025-11
6224,713,2025-06-30,2025-06-30 18:02:00,Chennai,Tier 1,Credit Card,Returned,604.0,3,,,,2025-06
6225,659,2025-09-05,2025-09-05 21:51:00,Guwahati,Tier 3,Net Banking,Delivered,1016.25,5,6.0,True,2025-09-11,2025-09
6226,532,2026-02-21,2026-02-21 10:42:00,Jaipur,Tier 2,Net Banking,Delivered,15786.9,3,6.0,True,2026-02-27,2026-02
6227,155,2024-07-07,2024-07-07 12:59:00,Indore,Tier 2,Cash on Delivery,Returned,1179.25,7,,,,2024-07
6228,811,2026-03-02,2026-03-02 05:37:00,Coimbatore,Tier 2,UPI,Delivered,2982.0,3,3.0,False,2026-03-05,2026-03
6229,965,2026-03-29,2026-03-29 17:05:00,Guwahati,Tier 3,UPI,Returned,5797.85,3,,,,2026-03
6230,1055,2024-12-11,2024-12-11 02:56:00,Indore,Tier 2,Net Banking,Delivered,4968.9,7,7.0,False,2024-12-18,2024-12
6231,262,2026-06-01,2026-06-01 05:40:00,Kanpur,Tier 2,Credit Card,Delivered,1131.15,2,3.0,True,2026-06-04,2026-06
6232,493,2025-11-24,2025-11-24 04:41:00,Coimbatore,Tier 2,Cash on Delivery,Delivered,728.0,3,2.0,False,2025-11-26,2025-11
6233,817,2026-01-03,2026-01-03 20:13:00,Surat,Tier 2,UPI,Delivered,3428.0,2,2.0,False,2026-01-05,2026-01
6234,1153,2025-09-20,2025-09-20 19:09:00,Vadodara,Tier 2,Cash on Delivery,Delivered,5952.6,3,4.0,True,2025-09-24,2025-09
6235,775,2026-05-04,2026-05-04 23:38:00,Nagpur,Tier 2,Net Banking,Delivered,3039.0,5,6.0,True,2026-05-10,2026-05
6236,1024,2026-03-19,2026-03-19 04:30:00,Patna,Tier 3,Credit Card,Delivered,3742.2,4,6.0,True,2026-03-25,2026-03
6237,1038,2025-08-28,2025-08-28 05:43:00,Jaipur,Tier 2,Cash on Delivery,Delivered,174.25,3,5.0,True,2025-09-02,2025-08
6238,918,2026-01-22,2026-01-22 12:20:00,Bhopal,Tier 2,Credit Card,Delivered,38879.1,3,3.0,False,2026-01-25,2026-01
6239,35,2025-07-10,2025-07-10 22:30:00,Mumbai,Tier 1,Debit Card,Delivered,41513.25,4,6.0,True,2025-07-16,2025-07
6240,1075,2026-06-08,2026-06-08 03:34:00,Kolkata,Tier 1,UPI,Delivered,413.0,5,6.0,True,2026-06-14,2026-06
6241,982,2025-01-26,2025-01-26 00:42:00,Delhi,Tier 1,UPI,Delivered,4178.7,2,1.0,False,2025-01-27,2025-01
6242,374,2025-07-08,2025-07-08 20:33:00,Jaipur,Tier 2,Cash on Delivery,RTO,6348.8,5,,,,2025-07
6243,1013,2025-10-05,2025-10-05 19:52:00,Jaipur,Tier 2,UPI,RTO,28377.75,2,,,,2025-10
6244,249,2024-08-13,2024-08-13 08:57:00,Delhi,Tier 1,Credit Card,Delivered,866.15,3,2.0,False,2024-08-15,2024-08
6245,1055,2025-11-12,2025-11-12 12:11:00,Indore,Tier 2,Debit Card,Delivered,2747.0,4,4.0,False,2025-11-16,2025-11
6246,1087,2026-03-09,2026-03-09 03:03:00,Ahmedabad,Tier 2,Debit Card,Delivered,33425.6,2,4.0,True,2026-03-13,2026-03
6247,474,2026-03-03,2026-03-03 01:56:00,Patna,Tier 3,Debit Card,Delivered,2116.5,4,4.0,False,2026-03-07,2026-03
6248,706,2025-06-07,2025-06-07 02:29:00,Hyderabad,Tier 1,UPI,Delivered,39005.1,7,7.0,False,2025-06-14,2025-06
6249,680,2026-01-24,2026-01-24 18:12:00,Jaipur,Tier 2,Debit Card,Delivered,436.8,7,8.0,True,2026-02-01,2026-01
6250,1122,2026-01-10,2026-01-10 13:56:00,Bhopal,Tier 2,Cash on Delivery,Delivered,43339.0,3,4.0,True,2026-01-14,2026-01
6251,339,2025-07-24,2025-07-24 19:57:00,Vadodara,Tier 2,Debit Card,RTO,5245.0,7,,,,2025-07
6252,496,2025-07-07,2025-07-07 17:07:00,Mumbai,Tier 1,Debit Card,Returned,31650.75,5,,,,2025-07
6253,135,2025-10-07,2025-10-07 21:15:00,Bhopal,Tier 2,UPI,Delivered,1112.0,7,8.0,True,2025-10-15,2025-10
6254,227,2025-11-26,2025-11-26 02:35:00,Chennai,Tier 1,Credit Card,Delivered,737.6,4,4.0,False,2025-11-30,2025-11
6255,551,2025-12-05,2025-12-05 03:16:00,Nagpur,Tier 2,UPI,Delivered,51330.05,3,3.0,False,2025-12-08,2025-12
6256,269,2026-02-20,2026-02-20 00:57:00,Patna,Tier 3,Debit Card,RTO,111918.0,3,,,,2026-02
6257,1081,2025-07-24,2025-07-24 15:09:00,Guwahati,Tier 3,Cash on Delivery,RTO,4751.15,2,,,,2025-07
6258,154,2025-11-03,2025-11-03 13:23:00,Bhopal,Tier 2,Credit Card,Delivered,825.0,3,3.0,False,2025-11-06,2025-11
6259,786,2026-02-26,2026-02-26 09:39:00,Surat,Tier 2,UPI,Cancelled,1039.5,4,,,,2026-02
6260,287,2026-03-26,2026-03-26 10:56:00,Surat,Tier 2,UPI,Delivered,5638.0,5,8.0,True,2026-04-03,2026-03
6261,391,2025-03-09,2025-03-09 11:04:00,Kanpur,Tier 2,Cash on Delivery,Delivered,898.0,5,4.0,False,2025-03-13,2025-03
6262,1051,2025-07-20,2025-07-20 05:47:00,Vadodara,Tier 2,UPI,Delivered,1906.4,2,3.0,True,2025-07-23,2025-07
6263,932,2025-02-14,2025-02-14 14:17:00,Ahmedabad,Tier 2,UPI,Delivered,35547.3,2,2.0,False,2025-02-16,2025-02
6264,1024,2026-04-14,2026-04-14 04:31:00,Patna,Tier 3,Cash on Delivery,Delivered,28446.65,7,8.0,True,2026-04-22,2026-04
6265,758,2026-05-23,2026-05-23 14:38:00,Vadodara,Tier 2,Cash on Delivery,Delivered,7700.0,2,2.0,False,2026-05-25,2026-05
6266,1091,2025-12-25,2025-12-25 20:24:00,Delhi,Tier 1,UPI,Delivered,737.6,3,3.0,False,2025-12-28,2025-12
6267,451,2025-06-14,2025-06-14 03:59:00,Mumbai,Tier 1,UPI,Returned,28377.75,2,,,,2025-06
6268,1172,2025-08-16,2025-08-16 14:58:00,Patna,Tier 3,UPI,Delivered,83564.0,5,4.0,False,2025-08-20,2025-08
6269,412,2025-07-18,2025-07-18 21:28:00,Jaipur,Tier 2,UPI,Delivered,559.0,5,6.0,True,2025-07-24,2025-07
6270,106,2025-10-02,2025-10-02 07:51:00,Kolkata,Tier 1,Debit Card,Returned,3039.0,5,,,,2025-10
6271,552,2025-04-10,2025-04-10 08:17:00,Mumbai,Tier 1,Cash on Delivery,Returned,2480.25,7,,,,2025-04
6272,532,2026-04-23,2026-04-23 23:08:00,Jaipur,Tier 2,UPI,Returned,12849.0,7,,,,2026-04
6273,1131,2025-09-17,2025-09-17 06:30:00,Delhi,Tier 1,Cash on Delivery,Cancelled,1431.35,2,,,,2025-09
6274,892,2026-03-14,2026-03-14 13:01:00,Ahmedabad,Tier 2,Cash on Delivery,Delivered,676.8,4,4.0,False,2026-03-18,2026-03
6275,262,2024-08-02,2024-08-02 11:58:00,Kanpur,Tier 2,UPI,Delivered,546.0,2,4.0,True,2024-08-06,2024-08
6276,852,2026-01-25,2026-01-25 20:01:00,Guwahati,Tier 3,Credit Card,Delivered,35577.5,2,2.0,False,2026-01-27,2026-01
6277,246,2026-06-16,2026-06-16 00:02:00,Guwahati,Tier 3,Net Banking,Delivered,15912.0,3,3.0,False,2026-06-19,2026-06
6278,1161,2025-12-17,2025-12-17 16:08:00,Mumbai,Tier 1,Cash on Delivery,RTO,43339.0,2,,,,2025-12
6279,442,2026-04-08,2026-04-08 21:33:00,Bengaluru,Tier 1,UPI,Delivered,46951.0,5,6.0,True,2026-04-14,2026-04
6280,396,2026-02-17,2026-02-17 13:34:00,Mumbai,Tier 1,UPI,Delivered,4532.6,2,1.0,False,2026-02-18,2026-02
6281,359,2026-05-12,2026-05-12 06:21:00,Delhi,Tier 1,Credit Card,Delivered,4494.0,2,1.0,False,2026-05-13,2026-05
6282,536,2026-01-23,2026-01-23 10:42:00,Kanpur,Tier 2,UPI,Delivered,6893.75,4,4.0,False,2026-01-27,2026-01
6283,799,2026-03-03,2026-03-03 19:49:00,Ahmedabad,Tier 2,UPI,Delivered,4720.5,3,3.0,False,2026-03-06,2026-03
6284,982,2025-02-09,2025-02-09 19:10:00,Delhi,Tier 1,Net Banking,Returned,83550.0,4,,,,2025-02
6285,651,2025-08-17,2025-08-17 00:09:00,Hyderabad,Tier 1,Credit Card,Delivered,1208.0,3,3.0,False,2025-08-20,2025-08
6286,1032,2026-03-13,2026-03-13 15:57:00,Ghaziabad,Tier 3,Debit Card,Delivered,510.0,4,5.0,True,2026-03-18,2026-03
6287,1166,2026-05-06,2026-05-06 20:55:00,Nagpur,Tier 2,UPI,Delivered,1113.5,7,6.0,False,2026-05-12,2026-05
6288,379,2026-06-13,2026-06-13 15:26:00,Surat,Tier 2,Credit Card,Delivered,1193.2,4,4.0,False,2026-06-17,2026-06
6289,163,2026-05-22,2026-05-22 07:22:00,Kanpur,Tier 2,Net Banking,Returned,424.0,2,,,,2026-05
6290,800,2024-11-07,2024-11-07 16:48:00,Guwahati,Tier 3,UPI,Returned,4158.0,3,,,,2024-11
6291,1012,2026-05-12,2026-05-12 06:30:00,Delhi,Tier 1,Cash on Delivery,RTO,898.0,3,,,,2026-05
6292,447,2025-01-13,2025-01-13 23:59:00,Kanpur,Tier 2,UPI,Delivered,11838.95,4,7.0,True,2025-01-20,2025-01
6293,754,2026-05-23,2026-05-23 13:51:00,Delhi,Tier 1,UPI,Delivered,11837.1,3,6.0,True,2026-05-29,2026-05
6294,1032,2026-06-10,2026-06-10 07:11:00,Ghaziabad,Tier 3,UPI,Delivered,1407.75,2,2.0,False,2026-06-12,2026-06
6295,848,2025-01-28,2025-01-28 19:19:00,Lucknow,Tier 2,UPI,RTO,49237.0,2,,,,2025-01
6296,738,2025-11-21,2025-11-21 18:15:00,Delhi,Tier 1,Debit Card,Cancelled,3402.75,7,,,,2025-11
6297,490,2026-05-05,2026-05-05 11:40:00,Vadodara,Tier 2,UPI,Delivered,7954.0,2,2.0,False,2026-05-07,2026-05
6298,672,2026-04-27,2026-04-27 07:10:00,Bengaluru,Tier 1,UPI,Cancelled,4554.8,3,,,,2026-04
6299,183,2026-01-06,2026-01-06 04:05:00,Kanpur,Tier 2,UPI,RTO,8218.5,3,,,,2026-01
6300,278,2026-02-12,2026-02-12 10:24:00,Indore,Tier 2,UPI,Delivered,36605.0,3,2.0,False,2026-02-14,2026-02
6301,532,2025-12-11,2025-12-11 00:49:00,Jaipur,Tier 2,UPI,Delivered,1990.0,4,5.0,True,2025-12-16,2025-12
6302,654,2025-09-08,2025-09-08 19:13:00,Ghaziabad,Tier 3,Credit Card,Delivered,564.0,3,3.0,False,2025-09-11,2025-09
6303,476,2025-07-11,2025-07-11 07:33:00,Patna,Tier 3,UPI,Delivered,750.0,4,4.0,False,2025-07-15,2025-07
6304,938,2025-02-19,2025-02-19 19:26:00,Delhi,Tier 1,Cash on Delivery,Delivered,218.25,5,5.0,False,2025-02-24,2025-02
6305,1024,2026-06-04,2026-06-04 20:11:00,Patna,Tier 3,UPI,Delivered,34934.1,7,7.0,False,2026-06-11,2026-06
6306,760,2025-04-28,2025-04-28 18:06:00,Guwahati,Tier 3,UPI,Delivered,88653.3,5,6.0,True,2025-05-04,2025-04
6307,183,2025-11-28,2025-11-28 09:15:00,Kanpur,Tier 2,Cash on Delivery,Delivered,764.25,7,8.0,True,2025-12-06,2025-11
6308,1184,2024-12-15,2024-12-15 19:23:00,Indore,Tier 2,Debit Card,Delivered,4748.0,7,8.0,True,2024-12-23,2024-12
6309,177,2026-02-15,2026-02-15 17:56:00,Vadodara,Tier 2,UPI,Delivered,8128.55,5,5.0,False,2026-02-20,2026-02
6310,790,2026-02-08,2026-02-08 00:11:00,Pune,Tier 1,Credit Card,Returned,461.0,2,,,,2026-02
6311,324,2025-11-10,2025-11-10 20:05:00,Bhopal,Tier 2,UPI,Delivered,10778.85,4,6.0,True,2025-11-16,2025-11
6312,861,2025-12-03,2025-12-03 17:58:00,Lucknow,Tier 2,Cash on Delivery,Delivered,6078.0,7,10.0,True,2025-12-13,2025-12
6313,267,2026-04-26,2026-04-26 07:39:00,Delhi,Tier 1,Debit Card,Delivered,1624.3,4,5.0,True,2026-05-01,2026-04
6314,746,2026-03-06,2026-03-06 04:46:00,Mumbai,Tier 1,UPI,Delivered,2257.6,7,7.0,False,2026-03-13,2026-03
6315,1180,2025-03-05,2025-03-05 10:40:00,Bengaluru,Tier 1,UPI,Delivered,17301.7,5,5.0,False,2025-03-10,2025-03
6316,918,2026-05-11,2026-05-11 10:23:00,Bhopal,Tier 2,UPI,Delivered,2027.2,4,5.0,True,2026-05-16,2026-05
6317,659,2024-07-03,2024-07-03 15:08:00,Guwahati,Tier 3,UPI,Delivered,3969.15,7,8.0,True,2024-07-11,2024-07
6318,472,2024-12-16,2024-12-16 12:06:00,Mumbai,Tier 1,UPI,Delivered,2539.8,4,7.0,True,2024-12-23,2024-12
6319,32,2026-03-24,2026-03-24 21:00:00,Hyderabad,Tier 1,Debit Card,Delivered,3968.0,3,5.0,True,2026-03-29,2026-03
6320,533,2025-09-22,2025-09-22 04:40:00,Chennai,Tier 1,Credit Card,Delivered,10371.75,2,4.0,True,2025-09-26,2025-09
6321,1198,2026-06-05,2026-06-05 09:32:00,Bengaluru,Tier 1,Cash on Delivery,Delivered,2025.55,7,9.0,True,2026-06-14,2026-06
6322,799,2026-02-04,2026-02-04 19:51:00,Ahmedabad,Tier 2,Cash on Delivery,Returned,4747.3,5,,,,2026-02
6323,744,2025-10-29,2025-10-29 08:04:00,Kanpur,Tier 2,UPI,Returned,41775.0,7,,,,2025-10
6324,451,2025-04-11,2025-04-11 01:27:00,Mumbai,Tier 1,Debit Card,RTO,5521.0,5,,,,2025-04
6325,393,2026-04-29,2026-04-29 23:49:00,Delhi,Tier 1,UPI,Cancelled,1621.6,5,,,,2026-04
6326,448,2026-01-02,2026-01-02 16:54:00,Indore,Tier 2,UPI,Delivered,21697.75,7,8.0,True,2026-01-10,2026-01
6327,863,2026-02-07,2026-02-07 17:25:00,Nagpur,Tier 2,Credit Card,Delivered,256.7,4,7.0,True,2026-02-14,2026-02
6328,409,2026-02-27,2026-02-27 02:49:00,Coimbatore,Tier 2,Debit Card,Delivered,2247.0,7,10.0,True,2026-03-09,2026-02
6329,280,2025-06-09,2025-06-09 13:12:00,Nagpur,Tier 2,Credit Card,Delivered,423.0,3,5.0,True,2025-06-14,2025-06
6330,250,2026-06-16,2026-06-16 23:13:00,Ahmedabad,Tier 2,Cash on Delivery,Delivered,38484.15,5,6.0,True,2026-06-22,2026-06
6331,807,2025-05-01,2025-05-01 15:44:00,Hyderabad,Tier 1,UPI,Delivered,3033.0,2,5.0,True,2025-05-06,2025-05
6332,1012,2026-05-01,2026-05-01 20:37:00,Delhi,Tier 1,Debit Card,Delivered,691.2,2,2.0,False,2026-05-03,2026-05
6333,597,2025-10-31,2025-10-31 08:21:00,Patna,Tier 3,Cash on Delivery,Cancelled,898.0,4,,,,2025-10
6334,470,2026-02-19,2026-02-19 21:05:00,Bhopal,Tier 2,UPI,Delivered,2569.45,4,4.0,False,2026-02-23,2026-02
6335,166,2024-11-15,2024-11-15 07:19:00,Kanpur,Tier 2,Credit Card,Delivered,1969.6,7,7.0,False,2024-11-22,2024-11
6336,787,2025-09-21,2025-09-21 11:04:00,Patna,Tier 3,UPI,Delivered,7772.4,7,7.0,False,2025-09-28,2025-09
6337,476,2025-07-19,2025-07-19 18:18:00,Patna,Tier 3,Credit Card,Delivered,2512.0,5,4.0,False,2025-07-23,2025-07
6338,51,2026-04-09,2026-04-09 00:28:00,Vadodara,Tier 2,Debit Card,Delivered,6209.0,3,5.0,True,2026-04-14,2026-04
6339,1122,2026-05-14,2026-05-14 03:31:00,Bhopal,Tier 2,UPI,Returned,38143.5,2,,,,2026-05
6340,926,2026-03-26,2026-03-26 20:29:00,Indore,Tier 2,Cash on Delivery,Cancelled,53012.4,4,,,,2026-03
6341,1103,2026-06-15,2026-06-15 12:00:00,Hyderabad,Tier 1,UPI,Cancelled,44912.0,5,,,,2026-06
6342,112,2025-07-02,2025-07-02 01:36:00,Nagpur,Tier 2,Credit Card,Returned,5301.5,4,,,,2025-07
6343,555,2025-06-08,2025-06-08 03:05:00,Ahmedabad,Tier 2,Net Banking,RTO,675.2,3,,,,2025-06
6344,1029,2025-04-08,2025-04-08 20:25:00,Bhopal,Tier 2,Cash on Delivery,Returned,2151.2,4,,,,2025-04
6345,532,2026-04-18,2026-04-18 12:40:00,Jaipur,Tier 2,UPI,Returned,902.4,7,,,,2026-04
6346,215,2025-04-24,2025-04-24 00:49:00,Lucknow,Tier 2,UPI,RTO,9810.7,7,,,,2025-04
6347,34,2025-07-12,2025-07-12 02:51:00,Pune,Tier 1,UPI,RTO,1009.6,3,,,,2025-07
6348,13,2025-10-02,2025-10-02 07:15:00,Kolkata,Tier 1,UPI,Delivered,810.0,5,6.0,True,2025-10-08,2025-10
6349,852,2025-11-04,2025-11-04 09:30:00,Guwahati,Tier 3,Net Banking,Delivered,8316.0,4,7.0,True,2025-11-11,2025-11
6350,539,2026-06-12,2026-06-12 22:05:00,Ahmedabad,Tier 2,UPI,Delivered,1140.0,5,5.0,False,2026-06-17,2026-06
6351,821,2025-07-29,2025-07-29 10:45:00,Kolkata,Tier 1,UPI,Delivered,330.4,4,5.0,True,2025-08-03,2025-07
6352,122,2026-06-27,2026-06-27 00:38:00,Coimbatore,Tier 2,Net Banking,Delivered,4887.5,4,3.0,False,2026-06-30,2026-06
6353,724,2025-10-23,2025-10-23 18:47:00,Pune,Tier 1,UPI,Delivered,324.0,3,4.0,True,2025-10-27,2025-10
6354,821,2025-07-04,2025-07-04 08:02:00,Kolkata,Tier 1,Credit Card,Delivered,41507.1,2,2.0,False,2025-07-06,2025-07
6355,878,2026-06-30,2026-06-30 16:59:00,Bhopal,Tier 2,Cash on Delivery,Delivered,535.8,4,5.0,True,2026-07-05,2026-06
6356,428,2024-06-06,2024-06-06 12:14:00,Bhopal,Tier 2,UPI,Delivered,451.2,2,5.0,True,2024-06-11,2024-06
6357,568,2026-05-31,2026-05-31 19:38:00,Kanpur,Tier 2,Credit Card,Delivered,922.0,2,1.0,False,2026-06-01,2026-05
6358,1135,2026-04-21,2026-04-21 06:06:00,Surat,Tier 2,UPI,Delivered,4592.5,2,3.0,True,2026-04-24,2026-04
6359,778,2024-12-28,2024-12-28 21:16:00,Chennai,Tier 1,Credit Card,Delivered,2830.4,7,6.0,False,2025-01-03,2024-12
6360,351,2026-05-28,2026-05-28 07:54:00,Delhi,Tier 1,Credit Card,Delivered,1736.0,2,3.0,True,2026-05-31,2026-05
6361,432,2025-12-30,2025-12-30 23:33:00,Ahmedabad,Tier 2,UPI,Cancelled,2558.5,5,,,,2025-12
6362,1028,2026-03-16,2026-03-16 06:39:00,Kanpur,Tier 2,Cash on Delivery,Delivered,20138.4,5,4.0,False,2026-03-20,2026-03
6363,783,2026-03-27,2026-03-27 20:07:00,Mumbai,Tier 1,Debit Card,Delivered,4766.0,3,3.0,False,2026-03-30,2026-03
6364,10,2026-04-07,2026-04-07 20:45:00,Kolkata,Tier 1,UPI,Delivered,2398.7,5,5.0,False,2026-04-12,2026-04
6365,915,2025-10-10,2025-10-10 22:02:00,Surat,Tier 2,Debit Card,Delivered,66109.5,3,2.0,False,2025-10-12,2025-10
6366,500,2026-02-04,2026-02-04 19:25:00,Bengaluru,Tier 1,Cash on Delivery,Delivered,2230.45,7,10.0,True,2026-02-14,2026-02
6367,570,2025-02-03,2025-02-03 06:54:00,Guwahati,Tier 3,Credit Card,Delivered,3411.45,7,10.0,True,2025-02-13,2025-02
6368,314,2025-05-25,2025-05-25 00:58:00,Surat,Tier 2,UPI,Delivered,34438.6,5,7.0,True,2025-06-01,2025-05
6369,277,2025-10-12,2025-10-12 14:19:00,Delhi,Tier 1,Cash on Delivery,Delivered,36466.7,5,5.0,False,2025-10-17,2025-10
6370,1045,2026-06-29,2026-06-29 22:54:00,Nagpur,Tier 2,Credit Card,RTO,613.0,4,,,,2026-06
6371,541,2026-05-17,2026-05-17 01:16:00,Pune,Tier 1,Cash on Delivery,Delivered,121.6,2,3.0,True,2026-05-20,2026-05
6372,933,2024-07-03,2024-07-03 00:48:00,Pune,Tier 1,Debit Card,Delivered,1130.4,7,8.0,True,2024-07-11,2024-07
6373,51,2026-06-08,2026-06-08 17:18:00,Vadodara,Tier 2,UPI,Delivered,1386.0,5,6.0,True,2026-06-14,2026-06
6374,128,2025-03-07,2025-03-07 14:24:00,Delhi,Tier 1,UPI,Delivered,1905.0,4,7.0,True,2025-03-14,2025-03
6375,1105,2026-06-14,2026-06-14 16:07:00,Lucknow,Tier 2,UPI,Returned,392.35,4,,,,2026-06
6376,1175,2025-05-13,2025-05-13 08:43:00,Bhopal,Tier 2,UPI,RTO,3839.4,4,,,,2025-05
6377,377,2026-01-13,2026-01-13 18:01:00,Lucknow,Tier 2,Net Banking,Delivered,1322.1,7,8.0,True,2026-01-21,2026-01
6378,1046,2026-06-05,2026-06-05 17:36:00,Patna,Tier 3,UPI,Delivered,1523.6,4,5.0,True,2026-06-10,2026-06
6379,1089,2026-05-24,2026-05-24 22:19:00,Kanpur,Tier 2,UPI,Delivered,2736.0,3,3.0,False,2026-05-27,2026-05
6380,800,2026-03-17,2026-03-17 12:48:00,Guwahati,Tier 3,UPI,Cancelled,1633.0,5,,,,2026-03
6381,415,2025-05-03,2025-05-03 17:24:00,Chennai,Tier 1,Net Banking,Delivered,37837.0,5,5.0,False,2025-05-08,2025-05
6382,421,2025-08-02,2025-08-02 19:02:00,Vadodara,Tier 2,UPI,Delivered,2526.15,4,4.0,False,2025-08-06,2025-08
6383,828,2026-06-27,2026-06-27 08:32:00,Guwahati,Tier 3,UPI,Delivered,9761.65,7,8.0,True,2026-07-05,2026-06
6384,183,2026-03-21,2026-03-21 16:35:00,Kanpur,Tier 2,Cash on Delivery,Delivered,7665.55,7,10.0,True,2026-03-31,2026-03
6385,256,2025-08-21,2025-08-21 05:40:00,Bengaluru,Tier 1,UPI,Delivered,241.6,3,4.0,True,2025-08-25,2025-08
6386,1197,2026-06-29,2026-06-29 18:39:00,Coimbatore,Tier 2,UPI,Delivered,10139.4,3,4.0,True,2026-07-03,2026-06
6387,1022,2026-06-24,2026-06-24 10:26:00,Guwahati,Tier 3,Cash on Delivery,Cancelled,41775.0,5,,,,2026-06
6388,870,2025-04-21,2025-04-21 07:27:00,Surat,Tier 2,Credit Card,Returned,3557.7,3,,,,2025-04
6389,817,2025-10-27,2025-10-27 03:22:00,Surat,Tier 2,UPI,Returned,79079.05,4,,,,2025-10
6390,436,2026-05-21,2026-05-21 15:34:00,Delhi,Tier 1,Cash on Delivery,Cancelled,36186.3,4,,,,2026-05
6391,242,2026-04-20,2026-04-20 18:01:00,Nagpur,Tier 2,Cash on Delivery,Delivered,6424.5,7,7.0,False,2026-04-27,2026-04
6392,800,2025-07-21,2025-07-21 14:12:00,Guwahati,Tier 3,Cash on Delivery,Delivered,1491.0,3,6.0,True,2025-07-27,2025-07
6393,1053,2025-06-09,2025-06-09 20:22:00,Bhopal,Tier 2,UPI,Delivered,23795.9,2,2.0,False,2025-06-11,2025-06
6394,273,2025-11-11,2025-11-11 08:50:00,Bhopal,Tier 2,Credit Card,Returned,36130.4,3,,,,2025-11
6395,760,2026-01-27,2026-01-27 02:39:00,Guwahati,Tier 3,UPI,Delivered,680.0,3,3.0,False,2026-01-30,2026-01
6396,566,2026-06-21,2026-06-21 23:18:00,Bengaluru,Tier 1,UPI,Delivered,288.8,3,3.0,False,2026-06-24,2026-06
6397,1148,2025-10-17,2025-10-17 12:59:00,Kanpur,Tier 2,UPI,Delivered,75467.0,5,8.0,True,2025-10-25,2025-10
6398,954,2026-05-10,2026-05-10 16:45:00,Surat,Tier 2,Credit Card,Delivered,7472.25,2,1.0,False,2026-05-11,2026-05
6399,689,2026-06-28,2026-06-28 12:11:00,Kolkata,Tier 1,UPI,Delivered,9145.9,4,3.0,False,2026-07-01,2026-06
6400,848,2026-03-30,2026-03-30 05:12:00,Lucknow,Tier 2,Net Banking,Cancelled,62578.8,4,,,,2026-03
6401,536,2026-04-02,2026-04-02 00:29:00,Kanpur,Tier 2,Net Banking,RTO,318.75,5,,,,2026-04
6402,523,2025-11-27,2025-11-27 10:08:00,Ahmedabad,Tier 2,UPI,Delivered,17921.0,7,7.0,False,2025-12-04,2025-11
6403,1111,2025-11-16,2025-11-16 02:32:00,Coimbatore,Tier 2,Credit Card,RTO,30269.6,3,,,,2025-11
6404,1095,2025-09-13,2025-09-13 21:16:00,Chennai,Tier 1,UPI,Delivered,410.0,3,6.0,True,2025-09-19,2025-09
6405,184,2025-08-21,2025-08-21 07:16:00,Hyderabad,Tier 1,Cash on Delivery,Delivered,2400.4,2,2.0,False,2025-08-23,2025-08
6406,327,2026-03-02,2026-03-02 14:40:00,Pune,Tier 1,UPI,Delivered,3738.0,7,7.0,False,2026-03-09,2026-03
6407,815,2026-02-17,2026-02-17 11:17:00,Vadodara,Tier 2,Credit Card,Delivered,43636.6,7,8.0,True,2026-02-25,2026-02
6408,535,2026-06-27,2026-06-27 20:52:00,Ghaziabad,Tier 3,UPI,Delivered,286.9,3,3.0,False,2026-06-30,2026-06
6409,269,2024-09-29,2024-09-29 04:03:00,Patna,Tier 3,Net Banking,Delivered,941.8,3,4.0,True,2024-10-03,2024-09
6410,898,2026-01-23,2026-01-23 05:35:00,Guwahati,Tier 3,UPI,Delivered,1058.5,3,3.0,False,2026-01-26,2026-01
6411,28,2025-09-12,2025-09-12 12:05:00,Delhi,Tier 1,UPI,Delivered,676.8,3,2.0,False,2025-09-14,2025-09
6412,89,2026-05-25,2026-05-25 10:50:00,Ahmedabad,Tier 2,UPI,RTO,4571.3,2,,,,2026-05
6413,582,2024-10-11,2024-10-11 01:56:00,Indore,Tier 2,Net Banking,Cancelled,4422.0,5,,,,2024-10
6414,192,2026-02-08,2026-02-08 20:39:00,Patna,Tier 3,Net Banking,Delivered,40420.8,4,6.0,True,2026-02-14,2026-02
6415,652,2025-03-03,2025-03-03 02:22:00,Mumbai,Tier 1,UPI,Delivered,441.0,5,5.0,False,2025-03-08,2025-03
6416,265,2026-04-12,2026-04-12 15:22:00,Kolkata,Tier 1,Net Banking,Cancelled,2247.0,4,,,,2026-04
6417,786,2026-01-16,2026-01-16 08:54:00,Surat,Tier 2,UPI,Cancelled,764.25,7,,,,2026-01
6418,243,2026-06-13,2026-06-13 04:38:00,Kanpur,Tier 2,UPI,Delivered,3379.2,2,2.0,False,2026-06-15,2026-06
6419,20,2026-06-29,2026-06-29 14:55:00,Hyderabad,Tier 1,Cash on Delivery,Delivered,38149.0,2,4.0,True,2026-07-03,2026-06
6420,1055,2025-02-23,2025-02-23 17:02:00,Indore,Tier 2,Cash on Delivery,Delivered,37246.8,3,3.0,False,2025-02-26,2025-02
6421,51,2026-04-07,2026-04-07 06:23:00,Vadodara,Tier 2,Net Banking,Cancelled,4063.5,4,,,,2026-04
6422,1023,2025-07-10,2025-07-10 00:28:00,Indore,Tier 2,Cash on Delivery,Delivered,1087.0,4,5.0,True,2025-07-15,2025-07
6423,1150,2026-02-26,2026-02-26 07:39:00,Bhopal,Tier 2,Credit Card,Delivered,3738.0,4,4.0,False,2026-03-02,2026-02
6424,115,2025-09-16,2025-09-16 22:32:00,Indore,Tier 2,Credit Card,Delivered,2462.0,2,2.0,False,2025-09-18,2025-09
6425,1118,2025-10-25,2025-10-25 23:13:00,Bhopal,Tier 2,UPI,Delivered,33027.7,3,3.0,False,2025-10-28,2025-10
6426,228,2026-05-02,2026-05-02 19:06:00,Pune,Tier 1,UPI,RTO,6100.5,7,,,,2026-05
6427,814,2026-03-27,2026-03-27 07:32:00,Bhopal,Tier 2,UPI,Delivered,41441.15,4,4.0,False,2026-03-31,2026-03
6428,969,2026-04-03,2026-04-03 19:03:00,Bhopal,Tier 2,UPI,Returned,21291.05,5,,,,2026-04
6429,521,2025-05-05,2025-05-05 23:48:00,Nagpur,Tier 2,Debit Card,Delivered,656.8,5,7.0,True,2025-05-12,2025-05
6430,141,2025-07-22,2025-07-22 07:32:00,Vadodara,Tier 2,UPI,Delivered,4158.0,2,4.0,True,2025-07-26,2025-07
6431,397,2026-01-10,2026-01-10 16:03:00,Mumbai,Tier 1,UPI,Delivered,68888.55,3,5.0,True,2026-01-15,2026-01
6432,1184,2025-02-04,2025-02-04 21:59:00,Indore,Tier 2,UPI,Delivered,68351.9,4,4.0,False,2025-02-08,2025-02
6433,299,2026-03-11,2026-03-11 21:25:00,Hyderabad,Tier 1,Credit Card,Cancelled,51370.0,7,,,,2026-03
6434,638,2026-04-22,2026-04-22 14:30:00,Mumbai,Tier 1,UPI,Returned,3270.0,2,,,,2026-04
6435,720,2026-01-03,2026-01-03 18:21:00,Indore,Tier 2,Credit Card,Delivered,309.75,5,7.0,True,2026-01-10,2026-01
6436,748,2025-12-31,2025-12-31 04:05:00,Ghaziabad,Tier 3,Credit Card,RTO,1790.1,5,,,,2025-12
6437,342,2025-11-14,2025-11-14 14:18:00,Kanpur,Tier 2,Cash on Delivery,Delivered,8320.7,3,3.0,False,2025-11-17,2025-11
6438,933,2025-12-30,2025-12-30 03:32:00,Pune,Tier 1,Net Banking,Delivered,43292.2,4,4.0,False,2026-01-03,2025-12
6439,1161,2025-10-25,2025-10-25 08:02:00,Mumbai,Tier 1,UPI,Delivered,5450.0,4,6.0,True,2025-10-31,2025-10
6440,712,2025-07-22,2025-07-22 04:31:00,Chennai,Tier 1,UPI,Delivered,1784.75,2,2.0,False,2025-07-24,2025-07
6441,44,2026-02-02,2026-02-02 01:15:00,Mumbai,Tier 1,Net Banking,Delivered,2555.1,5,5.0,False,2026-02-07,2026-02
6442,1187,2025-04-12,2025-04-12 12:49:00,Guwahati,Tier 3,UPI,Delivered,825.0,7,8.0,True,2025-04-20,2025-04
6443,759,2025-09-17,2025-09-17 02:13:00,Lucknow,Tier 2,Debit Card,Returned,84676.0,5,,,,2025-09
6444,327,2026-04-19,2026-04-19 13:06:00,Pune,Tier 1,Credit Card,Delivered,5940.5,4,4.0,False,2026-04-23,2026-04
6445,1158,2026-03-26,2026-03-26 07:07:00,Lucknow,Tier 2,UPI,Delivered,2680.9,3,6.0,True,2026-04-01,2026-03
6446,971,2026-02-25,2026-02-25 15:01:00,Patna,Tier 3,UPI,Delivered,43616.85,4,4.0,False,2026-03-01,2026-02
6447,533,2026-03-31,2026-03-31 04:40:00,Chennai,Tier 1,Credit Card,RTO,2865.3,2,,,,2026-03
6448,366,2026-05-24,2026-05-24 23:35:00,Vadodara,Tier 2,UPI,RTO,3645.2,5,,,,2026-05
6449,13,2026-05-11,2026-05-11 10:07:00,Kolkata,Tier 1,UPI,Cancelled,32426.65,7,,,,2026-05
6450,980,2026-01-17,2026-01-17 19:09:00,Ghaziabad,Tier 3,Debit Card,Delivered,2736.0,2,2.0,False,2026-01-19,2026-01
6451,689,2026-06-12,2026-06-12 03:25:00,Kolkata,Tier 1,UPI,Delivered,35726.0,2,5.0,True,2026-06-17,2026-06
6452,55,2026-04-03,2026-04-03 09:01:00,Chennai,Tier 1,Debit Card,Delivered,32504.25,3,6.0,True,2026-04-09,2026-04
6453,727,2025-09-26,2025-09-26 16:03:00,Kolkata,Tier 1,UPI,Delivered,2614.75,3,6.0,True,2025-10-02,2025-09
6454,653,2026-04-06,2026-04-06 01:40:00,Ghaziabad,Tier 3,UPI,Delivered,41775.0,7,8.0,True,2026-04-14,2026-04
6455,359,2026-01-31,2026-01-31 02:58:00,Delhi,Tier 1,Cash on Delivery,Delivered,1621.6,5,7.0,True,2026-02-07,2026-01
6456,356,2026-04-18,2026-04-18 23:16:00,Pune,Tier 1,Debit Card,Delivered,486.4,4,5.0,True,2026-04-23,2026-04
6457,138,2025-11-22,2025-11-22 21:52:00,Delhi,Tier 1,Net Banking,RTO,1054.8,4,,,,2025-11
6458,121,2025-01-30,2025-01-30 09:21:00,Guwahati,Tier 3,Cash on Delivery,Delivered,3985.5,3,5.0,True,2025-02-04,2025-01
6459,1037,2026-05-21,2026-05-21 23:18:00,Vadodara,Tier 2,UPI,Delivered,5952.0,5,7.0,True,2026-05-28,2026-05
6460,1010,2026-02-08,2026-02-08 07:06:00,Pune,Tier 1,UPI,Delivered,3275.25,7,7.0,False,2026-02-15,2026-02
6461,474,2024-08-04,2024-08-04 02:05:00,Patna,Tier 3,UPI,Delivered,796.0,7,8.0,True,2024-08-12,2024-08
6462,938,2024-03-20,2024-03-20 12:13:00,Delhi,Tier 1,UPI,Delivered,43158.6,5,5.0,False,2024-03-25,2024-03
6463,942,2025-06-28,2025-06-28 22:15:00,Pune,Tier 1,UPI,Delivered,35726.0,7,10.0,True,2025-07-08,2025-06
6464,325,2025-07-09,2025-07-09 00:21:00,Chennai,Tier 1,UPI,Delivered,38182.25,4,6.0,True,2025-07-15,2025-07
6465,228,2026-05-01,2026-05-01 16:11:00,Pune,Tier 1,UPI,Delivered,1824.3,7,10.0,True,2026-05-11,2026-05
6466,71,2026-03-12,2026-03-12 04:26:00,Kolkata,Tier 1,UPI,Delivered,30849.2,3,6.0,True,2026-03-18,2026-03
6467,396,2026-04-30,2026-04-30 14:40:00,Mumbai,Tier 1,UPI,Delivered,159697.0,7,7.0,False,2026-05-07,2026-04
6468,995,2025-12-14,2025-12-14 17:39:00,Ahmedabad,Tier 2,Cash on Delivery,Delivered,75390.0,3,3.0,False,2025-12-17,2025-12
6469,526,2025-12-01,2025-12-01 20:53:00,Ghaziabad,Tier 3,UPI,Delivered,738.9,4,6.0,True,2025-12-07,2025-12
6470,1109,2026-03-24,2026-03-24 17:13:00,Indore,Tier 2,Debit Card,Returned,12102.3,7,,,,2026-03
6471,218,2024-03-31,2024-03-31 12:47:00,Kanpur,Tier 2,Credit Card,Cancelled,2431.2,2,,,,2024-03
6472,92,2026-01-26,2026-01-26 19:27:00,Coimbatore,Tier 2,Debit Card,RTO,10070.85,2,,,,2026-01
6473,746,2026-04-11,2026-04-11 05:17:00,Mumbai,Tier 1,UPI,Delivered,1670.85,5,5.0,False,2026-04-16,2026-04
6474,274,2025-09-13,2025-09-13 13:35:00,Pune,Tier 1,UPI,RTO,7709.4,7,,,,2025-09
6475,1005,2025-10-19,2025-10-19 00:33:00,Surat,Tier 2,Cash on Delivery,RTO,38246.5,3,,,,2025-10
6476,616,2026-03-18,2026-03-18 00:39:00,Vadodara,Tier 2,Credit Card,Delivered,815.4,2,1.0,False,2026-03-19,2026-03
6477,1051,2025-09-03,2025-09-03 12:59:00,Vadodara,Tier 2,UPI,Delivered,318.0,3,5.0,True,2025-09-08,2025-09
6478,767,2026-05-03,2026-05-03 16:33:00,Coimbatore,Tier 2,Credit Card,Delivered,909.5,3,3.0,False,2026-05-06,2026-05
6479,508,2025-10-30,2025-10-30 09:57:00,Delhi,Tier 1,Debit Card,Delivered,8930.0,7,7.0,False,2025-11-06,2025-10
6480,113,2026-05-03,2026-05-03 21:53:00,Guwahati,Tier 3,Debit Card,Returned,247.35,3,,,,2026-05
6481,116,2026-01-14,2026-01-14 23:58:00,Surat,Tier 2,Debit Card,Delivered,7423.9,7,8.0,True,2026-01-22,2026-01
6482,347,2026-04-28,2026-04-28 07:12:00,Patna,Tier 3,Credit Card,Delivered,4611.8,7,6.0,False,2026-05-04,2026-04
6483,770,2025-03-05,2025-03-05 14:29:00,Delhi,Tier 1,Cash on Delivery,Delivered,2666.5,5,4.0,False,2025-03-09,2025-03
6484,316,2026-03-22,2026-03-22 19:40:00,Kolkata,Tier 1,UPI,Delivered,4875.0,4,4.0,False,2026-03-26,2026-03
6485,1161,2025-11-03,2025-11-03 08:27:00,Mumbai,Tier 1,Credit Card,Delivered,39049.0,3,3.0,False,2025-11-06,2025-11
6486,804,2025-11-01,2025-11-01 01:50:00,Kolkata,Tier 1,UPI,Cancelled,719.1,7,,,,2025-11
6487,726,2025-01-29,2025-01-29 00:18:00,Surat,Tier 2,UPI,Delivered,6765.9,2,5.0,True,2025-02-03,2025-01
6488,957,2026-02-09,2026-02-09 10:57:00,Nagpur,Tier 2,Credit Card,Delivered,31336.5,4,3.0,False,2026-02-12,2026-02
6489,1108,2026-05-29,2026-05-29 13:33:00,Chennai,Tier 1,Net Banking,Delivered,4494.0,4,5.0,True,2026-06-03,2026-05
6490,265,2026-02-07,2026-02-07 07:16:00,Kolkata,Tier 1,Cash on Delivery,Delivered,30519.2,7,6.0,False,2026-02-13,2026-02
6491,532,2025-10-30,2025-10-30 04:11:00,Jaipur,Tier 2,Debit Card,Delivered,256.7,3,3.0,False,2025-11-02,2025-10
6492,821,2026-02-14,2026-02-14 23:31:00,Kolkata,Tier 1,UPI,Returned,4602.85,3,,,,2026-02
6493,1177,2026-01-26,2026-01-26 21:07:00,Guwahati,Tier 3,Credit Card,Delivered,8253.6,5,4.0,False,2026-01-30,2026-01
6494,119,2025-07-26,2025-07-26 14:21:00,Surat,Tier 2,UPI,Delivered,6154.45,7,7.0,False,2025-08-02,2025-07
6495,183,2026-02-17,2026-02-17 20:38:00,Kanpur,Tier 2,UPI,Delivered,36241.55,3,3.0,False,2026-02-20,2026-02
6496,808,2026-06-10,2026-06-10 12:25:00,Vadodara,Tier 2,UPI,Delivered,2462.0,2,5.0,True,2026-06-15,2026-06
6497,374,2025-08-04,2025-08-04 04:21:00,Jaipur,Tier 2,UPI,Delivered,1108.0,4,4.0,False,2025-08-08,2025-08
6498,256,2025-07-07,2025-07-07 09:27:00,Bengaluru,Tier 1,UPI,Returned,3850.0,7,,,,2025-07
6499,771,2025-11-21,2025-11-21 16:21:00,Delhi,Tier 1,UPI,Delivered,42666.4,7,9.0,True,2025-11-30,2025-11
6500,1066,2025-08-08,2025-08-08 01:45:00,Lucknow,Tier 2,Credit Card,Delivered,44913.4,5,5.0,False,2025-08-13,2025-08
6501,447,2025-09-19,2025-09-19 14:11:00,Kanpur,Tier 2,Cash on Delivery,Delivered,3738.0,2,2.0,False,2025-09-21,2025-09
6502,256,2025-09-07,2025-09-07 17:49:00,Bengaluru,Tier 1,UPI,Delivered,1019.0,2,2.0,False,2025-09-09,2025-09
6503,938,2024-09-02,2024-09-02 01:08:00,Delhi,Tier 1,UPI,Delivered,2741.0,7,7.0,False,2024-09-09,2024-09
6504,915,2025-07-27,2025-07-27 19:44:00,Surat,Tier 2,Cash on Delivery,Returned,1244.2,5,,,,2025-07
6505,685,2026-05-01,2026-05-01 00:44:00,Pune,Tier 1,Cash on Delivery,Delivered,10653.3,5,5.0,False,2026-05-06,2026-05
6506,70,2025-09-23,2025-09-23 02:07:00,Pune,Tier 1,UPI,Cancelled,1164.7,5,,,,2025-09
6507,964,2025-06-06,2025-06-06 13:44:00,Bhopal,Tier 2,UPI,Delivered,2202.0,3,2.0,False,2025-06-08,2025-06
6508,97,2025-04-29,2025-04-29 11:29:00,Jaipur,Tier 2,UPI,Delivered,9563.0,7,7.0,False,2025-05-06,2025-04
6509,470,2024-12-02,2024-12-02 07:52:00,Bhopal,Tier 2,UPI,Delivered,3014.4,7,7.0,False,2024-12-09,2024-12
6510,532,2026-04-15,2026-04-15 14:49:00,Jaipur,Tier 2,UPI,Delivered,47506.05,5,4.0,False,2026-04-19,2026-04
6511,680,2025-01-10,2025-01-10 06:42:00,Jaipur,Tier 2,Cash on Delivery,Returned,1758.0,4,,,,2025-01
6512,204,2025-08-30,2025-08-30 16:30:00,Jaipur,Tier 2,UPI,Cancelled,29551.1,2,,,,2025-08
6513,155,2025-02-18,2025-02-18 14:03:00,Indore,Tier 2,Debit Card,Delivered,62801.25,7,6.0,False,2025-02-24,2025-02
6514,1137,2026-01-02,2026-01-02 15:32:00,Kolkata,Tier 1,Cash on Delivery,Returned,33425.6,5,,,,2026-01
6515,675,2025-10-04,2025-10-04 20:50:00,Bhopal,Tier 2,Debit Card,Delivered,50102.85,2,2.0,False,2025-10-06,2025-10
6516,533,2025-10-03,2025-10-03 06:57:00,Chennai,Tier 1,UPI,Delivered,40516.0,2,3.0,True,2025-10-06,2025-10
6517,365,2026-05-12,2026-05-12 16:40:00,Mumbai,Tier 1,UPI,Delivered,573.8,3,3.0,False,2026-05-15,2026-05
6518,1007,2024-10-21,2024-10-21 16:27:00,Bhopal,Tier 2,Debit Card,Delivered,5279.85,3,4.0,True,2024-10-25,2024-10
6519,532,2026-04-02,2026-04-02 06:31:00,Jaipur,Tier 2,Net Banking,RTO,476.25,5,,,,2026-04
6520,503,2024-10-15,2024-10-15 17:58:00,Pune,Tier 1,Cash on Delivery,Delivered,46444.0,5,6.0,True,2024-10-21,2024-10
6521,231,2026-06-21,2026-06-21 01:47:00,Surat,Tier 2,UPI,Delivered,37689.8,4,4.0,False,2026-06-25,2026-06
6522,916,2026-06-25,2026-06-25 18:05:00,Bhopal,Tier 2,UPI,Delivered,413.0,3,2.0,False,2026-06-27,2026-06
6523,242,2026-06-01,2026-06-01 04:52:00,Nagpur,Tier 2,Cash on Delivery,Delivered,38149.0,2,4.0,True,2026-06-05,2026-06
6524,200,2026-06-09,2026-06-09 23:18:00,Indore,Tier 2,UPI,Returned,7227.55,5,,,,2026-06
6525,1186,2026-05-03,2026-05-03 02:04:00,Jaipur,Tier 2,UPI,Returned,37837.0,7,,,,2026-05
6526,814,2026-02-01,2026-02-01 03:16:00,Bhopal,Tier 2,UPI,Cancelled,28329.0,3,,,,2026-02
6527,1089,2025-12-27,2025-12-27 11:45:00,Kanpur,Tier 2,Cash on Delivery,Cancelled,3574.5,3,,,,2025-12
6528,746,2026-06-11,2026-06-11 13:10:00,Mumbai,Tier 1,UPI,RTO,1706.2,7,,,,2026-06
6529,396,2026-02-18,2026-02-18 13:20:00,Mumbai,Tier 1,Credit Card,Delivered,38298.9,2,2.0,False,2026-02-20,2026-02
6530,1186,2026-04-16,2026-04-16 09:33:00,Jaipur,Tier 2,Cash on Delivery,RTO,719.1,4,,,,2026-04
6531,1044,2025-12-15,2025-12-15 13:45:00,Mumbai,Tier 1,Cash on Delivery,Delivered,1001.5,5,6.0,True,2025-12-21,2025-12
6532,1102,2024-04-02,2024-04-02 15:09:00,Lucknow,Tier 2,Net Banking,Delivered,7327.1,5,6.0,True,2024-04-08,2024-04
6533,987,2026-03-29,2026-03-29 13:18:00,Ahmedabad,Tier 2,UPI,Delivered,10559.2,7,6.0,False,2026-04-04,2026-03
6534,138,2024-12-18,2024-12-18 17:11:00,Delhi,Tier 1,Cash on Delivery,Delivered,291.0,7,7.0,False,2024-12-25,2024-12
6535,579,2025-07-16,2025-07-16 06:24:00,Lucknow,Tier 2,Cash on Delivery,Delivered,128.0,7,6.0,False,2025-07-22,2025-07
6536,1156,2025-04-18,2025-04-18 13:36:00,Surat,Tier 2,Credit Card,Delivered,3854.2,4,6.0,True,2025-04-24,2025-04
6537,524,2026-06-06,2026-06-06 11:04:00,Kolkata,Tier 1,Credit Card,Delivered,528.2,2,1.0,False,2026-06-07,2026-06
6538,1102,2024-06-15,2024-06-15 16:32:00,Lucknow,Tier 2,Cash on Delivery,Delivered,2040.0,7,8.0,True,2024-06-23,2024-06
6539,929,2026-05-11,2026-05-11 09:21:00,Chennai,Tier 1,Net Banking,Delivered,8854.0,3,6.0,True,2026-05-17,2026-05
6540,230,2025-08-29,2025-08-29 08:01:00,Mumbai,Tier 1,UPI,Delivered,7293.6,7,10.0,True,2025-09-08,2025-08
6541,70,2025-12-29,2025-12-29 19:03:00,Pune,Tier 1,Cash on Delivery,Delivered,7256.2,3,3.0,False,2026-01-01,2025-12
6542,281,2026-04-04,2026-04-04 12:37:00,Hyderabad,Tier 1,Cash on Delivery,Delivered,15300.8,7,10.0,True,2026-04-14,2026-04
6543,364,2026-01-15,2026-01-15 14:52:00,Hyderabad,Tier 1,UPI,Cancelled,5645.7,7,,,,2026-01
6544,985,2025-06-11,2025-06-11 06:54:00,Mumbai,Tier 1,Credit Card,Delivered,1860.1,2,3.0,True,2025-06-14,2025-06
6545,239,2025-05-04,2025-05-04 21:25:00,Delhi,Tier 1,UPI,Delivered,40715.0,4,5.0,True,2025-05-09,2025-05
6546,74,2026-03-18,2026-03-18 11:04:00,Ghaziabad,Tier 3,UPI,Delivered,881.1,7,6.0,False,2026-03-24,2026-03
6547,54,2025-02-24,2025-02-24 04:51:00,Hyderabad,Tier 1,Net Banking,Delivered,6237.0,2,5.0,True,2025-03-01,2025-02
6548,1089,2026-06-06,2026-06-06 18:54:00,Kanpur,Tier 2,Debit Card,Delivered,783.75,3,3.0,False,2026-06-09,2026-06
6549,332,2025-08-31,2025-08-31 21:03:00,Ghaziabad,Tier 3,Debit Card,Cancelled,5793.85,3,,,,2025-08
6550,444,2025-02-02,2025-02-02 05:15:00,Delhi,Tier 1,UPI,Returned,30049.9,3,,,,2025-02
6551,314,2025-03-13,2025-03-13 19:36:00,Surat,Tier 2,UPI,Returned,1113.4,7,,,,2025-03
6552,718,2026-03-09,2026-03-09 01:46:00,Guwahati,Tier 3,UPI,Delivered,1436.8,5,5.0,False,2026-03-14,2026-03
6553,898,2026-02-18,2026-02-18 16:22:00,Guwahati,Tier 3,UPI,Delivered,70725.6,7,8.0,True,2026-02-26,2026-02
6554,315,2026-06-26,2026-06-26 09:30:00,Bhopal,Tier 2,Credit Card,Returned,2263.85,7,,,,2026-06
6555,815,2025-03-14,2025-03-14 19:09:00,Vadodara,Tier 2,UPI,Delivered,513.95,3,6.0,True,2025-03-20,2025-03
6556,95,2025-03-24,2025-03-24 00:58:00,Indore,Tier 2,Cash on Delivery,Delivered,7172.25,4,4.0,False,2025-03-28,2025-03
6557,74,2025-12-06,2025-12-06 02:34:00,Ghaziabad,Tier 3,UPI,Delivered,2695.05,2,3.0,True,2025-12-09,2025-12
6558,394,2025-07-13,2025-07-13 04:06:00,Pune,Tier 1,UPI,Delivered,375.0,2,3.0,True,2025-07-16,2025-07
6559,1075,2025-12-03,2025-12-03 11:05:00,Kolkata,Tier 1,UPI,Delivered,44150.2,2,2.0,False,2025-12-05,2025-12
6560,759,2025-09-28,2025-09-28 11:14:00,Lucknow,Tier 2,UPI,Delivered,2232.8,2,3.0,True,2025-10-01,2025-09
6561,500,2026-02-08,2026-02-08 00:00:00,Bengaluru,Tier 1,UPI,Returned,3353.0,3,,,,2026-02
6562,385,2026-05-05,2026-05-05 18:31:00,Delhi,Tier 1,Debit Card,Delivered,1884.0,2,1.0,False,2026-05-06,2026-05
6563,768,2026-04-18,2026-04-18 22:51:00,Delhi,Tier 1,Cash on Delivery,Delivered,29751.55,3,3.0,False,2026-04-21,2026-04
6564,1099,2025-06-07,2025-06-07 06:42:00,Hyderabad,Tier 1,UPI,Delivered,4685.7,4,4.0,False,2025-06-11,2025-06
6565,718,2026-06-05,2026-06-05 13:44:00,Guwahati,Tier 3,UPI,Delivered,26614.1,2,4.0,True,2026-06-09,2026-06
6566,676,2025-09-26,2025-09-26 16:10:00,Guwahati,Tier 3,UPI,Delivered,8151.3,3,4.0,True,2025-09-30,2025-09
6567,772,2026-04-26,2026-04-26 08:13:00,Indore,Tier 2,Credit Card,Cancelled,60745.7,7,,,,2026-04
6568,396,2026-03-14,2026-03-14 18:55:00,Mumbai,Tier 1,UPI,Delivered,94785.0,5,6.0,True,2026-03-20,2026-03
6569,222,2025-06-06,2025-06-06 22:55:00,Delhi,Tier 1,Credit Card,Delivered,3262.3,3,2.0,False,2025-06-08,2025-06
6570,535,2026-05-15,2026-05-15 17:14:00,Ghaziabad,Tier 3,UPI,Returned,578.0,2,,,,2026-05
6571,710,2025-02-06,2025-02-06 10:10:00,Pune,Tier 1,Debit Card,RTO,2645.6,4,,,,2025-02
6572,2,2025-09-20,2025-09-20 13:07:00,Vadodara,Tier 2,UPI,Returned,146469.4,4,,,,2025-09
6573,749,2026-05-12,2026-05-12 22:39:00,Indore,Tier 2,UPI,Returned,6160.0,3,,,,2026-05
6574,917,2026-04-26,2026-04-26 19:41:00,Kolkata,Tier 1,Credit Card,Cancelled,444.8,5,,,,2026-04
6575,472,2025-10-11,2025-10-11 23:39:00,Mumbai,Tier 1,Cash on Delivery,Delivered,1969.6,4,4.0,False,2025-10-15,2025-10
6576,1105,2026-04-02,2026-04-02 19:17:00,Lucknow,Tier 2,UPI,Delivered,5852.2,3,4.0,True,2026-04-06,2026-04
6577,533,2026-03-12,2026-03-12 02:52:00,Chennai,Tier 1,UPI,Delivered,44516.0,5,5.0,False,2026-03-17,2026-03
6578,790,2026-04-03,2026-04-03 14:55:00,Pune,Tier 1,UPI,Delivered,3493.6,5,4.0,False,2026-04-07,2026-04
6579,1128,2025-10-31,2025-10-31 04:37:00,Surat,Tier 2,UPI,Delivered,74448.0,3,4.0,True,2025-11-04,2025-10
6580,472,2024-05-07,2024-05-07 09:42:00,Mumbai,Tier 1,Net Banking,Delivered,120621.0,5,7.0,True,2024-05-14,2024-05
6581,779,2026-04-17,2026-04-17 21:43:00,Delhi,Tier 1,Credit Card,Cancelled,2116.5,7,,,,2026-04
6582,114,2025-01-16,2025-01-16 16:24:00,Bengaluru,Tier 1,UPI,Delivered,865.0,2,4.0,True,2025-01-20,2025-01
6583,921,2025-09-21,2025-09-21 23:19:00,Hyderabad,Tier 1,Net Banking,Delivered,808.2,3,2.0,False,2025-09-23,2025-09
6584,906,2024-12-06,2024-12-06 04:08:00,Lucknow,Tier 2,Debit Card,Delivered,344.25,4,4.0,False,2024-12-10,2024-12
6585,659,2024-08-10,2024-08-10 16:30:00,Guwahati,Tier 3,Debit Card,Delivered,85180.0,5,5.0,False,2024-08-15,2024-08
6586,409,2026-05-05,2026-05-05 19:55:00,Coimbatore,Tier 2,UPI,Delivered,3930.3,2,5.0,True,2026-05-10,2026-05
6587,297,2025-08-21,2025-08-21 18:12:00,Ahmedabad,Tier 2,UPI,Delivered,3562.05,7,10.0,True,2025-08-31,2025-08
6588,812,2025-04-10,2025-04-10 09:56:00,Mumbai,Tier 1,UPI,Delivered,461.0,3,6.0,True,2025-04-16,2025-04
6589,1198,2025-09-12,2025-09-12 00:55:00,Bengaluru,Tier 1,Credit Card,Delivered,2374.0,5,6.0,True,2025-09-18,2025-09
6590,183,2026-03-20,2026-03-20 01:24:00,Kanpur,Tier 2,Cash on Delivery,Delivered,70830.6,5,5.0,False,2026-03-25,2026-03
6591,12,2024-12-15,2024-12-15 16:43:00,Delhi,Tier 1,UPI,Delivered,82445.0,4,3.0,False,2024-12-18,2024-12
6592,499,2026-05-09,2026-05-09 15:14:00,Bengaluru,Tier 1,UPI,RTO,5527.6,4,,,,2026-05
6593,362,2025-11-30,2025-11-30 06:22:00,Chennai,Tier 1,Debit Card,Cancelled,3692.4,3,,,,2025-11
6594,1158,2026-04-04,2026-04-04 05:41:00,Lucknow,Tier 2,Debit Card,Delivered,7396.0,2,4.0,True,2026-04-08,2026-04
6595,1182,2026-04-20,2026-04-20 16:49:00,Kolkata,Tier 1,Cash on Delivery,Delivered,2822.0,3,4.0,True,2026-04-24,2026-04
6596,412,2025-09-20,2025-09-20 15:47:00,Jaipur,Tier 2,Debit Card,Delivered,134736.0,5,7.0,True,2025-09-27,2025-09
6597,840,2025-01-11,2025-01-11 09:35:00,Guwahati,Tier 3,Cash on Delivery,Delivered,36044.7,3,6.0,True,2025-01-17,2025-01
6598,1197,2026-06-28,2026-06-28 01:47:00,Coimbatore,Tier 2,UPI,Delivered,10156.85,5,4.0,False,2026-07-02,2026-06
6599,612,2026-04-12,2026-04-12 20:59:00,Mumbai,Tier 1,UPI,RTO,996.2,2,,,,2026-04
6600,721,2025-10-13,2025-10-13 08:40:00,Surat,Tier 2,Cash on Delivery,Delivered,2257.6,2,3.0,True,2025-10-16,2025-10
6601,840,2025-03-17,2025-03-17 00:38:00,Guwahati,Tier 3,UPI,Delivered,3486.0,4,3.0,False,2025-03-20,2025-03
6602,1103,2026-05-12,2026-05-12 20:00:00,Hyderabad,Tier 1,Debit Card,Delivered,1857.4,7,7.0,False,2026-05-19,2026-05
6603,842,2025-08-31,2025-08-31 09:20:00,Surat,Tier 2,Debit Card,Delivered,9253.35,3,5.0,True,2025-09-05,2025-08
6604,793,2025-06-17,2025-06-17 09:45:00,Ahmedabad,Tier 2,UPI,Delivered,7476.0,4,7.0,True,2025-06-24,2025-06
6605,918,2026-05-08,2026-05-08 17:08:00,Bhopal,Tier 2,Debit Card,Returned,503.1,4,,,,2026-05
6606,1127,2026-03-08,2026-03-08 15:08:00,Bhopal,Tier 2,UPI,Delivered,660.0,2,1.0,False,2026-03-09,2026-03
6607,1102,2024-06-18,2024-06-18 13:33:00,Lucknow,Tier 2,Debit Card,Delivered,226.5,5,5.0,False,2024-06-23,2024-06
6608,510,2026-03-30,2026-03-30 01:08:00,Indore,Tier 2,Net Banking,Cancelled,3177.3,4,,,,2026-03
6609,990,2026-03-07,2026-03-07 21:49:00,Coimbatore,Tier 2,Debit Card,Delivered,3950.1,5,7.0,True,2026-03-14,2026-03
6610,736,2026-03-06,2026-03-06 02:05:00,Delhi,Tier 1,UPI,Delivered,9563.0,7,7.0,False,2026-03-13,2026-03
6611,579,2026-03-29,2026-03-29 12:10:00,Lucknow,Tier 2,Debit Card,Cancelled,1670.1,5,,,,2026-03
6612,382,2026-05-09,2026-05-09 19:49:00,Bhopal,Tier 2,Cash on Delivery,Delivered,108.8,2,2.0,False,2026-05-11,2026-05
6613,113,2024-05-20,2024-05-20 10:33:00,Guwahati,Tier 3,UPI,RTO,6038.7,7,,,,2024-05
6614,1186,2026-04-09,2026-04-09 09:40:00,Jaipur,Tier 2,UPI,Returned,3231.9,2,,,,2026-04
6615,710,2025-03-02,2025-03-02 05:13:00,Pune,Tier 1,UPI,Delivered,34438.6,2,4.0,True,2025-03-06,2025-03
6616,391,2026-06-25,2026-06-25 12:29:00,Kanpur,Tier 2,UPI,Returned,16443.45,2,,,,2026-06
6617,949,2024-08-31,2024-08-31 15:20:00,Jaipur,Tier 2,UPI,Delivered,7077.15,7,10.0,True,2024-09-10,2024-08
6618,513,2026-05-11,2026-05-11 02:58:00,Bhopal,Tier 2,UPI,Delivered,2530.9,5,7.0,True,2026-05-18,2026-05
6619,923,2026-06-17,2026-06-17 16:22:00,Guwahati,Tier 3,UPI,Delivered,38775.8,5,5.0,False,2026-06-22,2026-06
6620,721,2026-01-04,2026-01-04 22:28:00,Surat,Tier 2,Cash on Delivery,Delivered,3747.0,4,5.0,True,2026-01-09,2026-01
6621,442,2026-05-05,2026-05-05 18:39:00,Bengaluru,Tier 1,UPI,Delivered,34525.0,4,5.0,True,2026-05-10,2026-05
6622,472,2024-10-01,2024-10-01 11:47:00,Mumbai,Tier 1,UPI,Delivered,9921.0,2,1.0,False,2024-10-02,2024-10
6623,923,2025-04-17,2025-04-17 21:53:00,Guwahati,Tier 3,UPI,Delivered,64725.3,3,2.0,False,2025-04-19,2025-04
6624,700,2025-08-07,2025-08-07 20:51:00,Pune,Tier 1,Credit Card,Returned,2741.0,5,,,,2025-08
6625,470,2025-01-21,2025-01-21 21:09:00,Bhopal,Tier 2,UPI,RTO,35945.15,2,,,,2025-01
6626,1123,2026-06-19,2026-06-19 09:15:00,Nagpur,Tier 2,UPI,Delivered,3603.7,3,6.0,True,2026-06-25,2026-06
6627,447,2025-03-09,2025-03-09 03:56:00,Kanpur,Tier 2,Debit Card,Delivered,64331.2,5,6.0,True,2025-03-15,2025-03
6628,391,2025-10-31,2025-10-31 21:48:00,Kanpur,Tier 2,UPI,Delivered,1737.2,5,5.0,False,2025-11-05,2025-10
6629,386,2026-06-13,2026-06-13 09:34:00,Pune,Tier 1,Credit Card,Delivered,2383.0,3,3.0,False,2026-06-16,2026-06
6630,712,2025-06-29,2025-06-29 06:49:00,Chennai,Tier 1,Credit Card,RTO,35140.3,7,,,,2025-06
6631,714,2025-07-21,2025-07-21 07:00:00,Nagpur,Tier 2,Cash on Delivery,Delivered,613.0,5,5.0,False,2025-07-26,2025-07
6632,306,2026-04-24,2026-04-24 10:45:00,Vadodara,Tier 2,UPI,Delivered,3742.2,4,4.0,False,2026-04-28,2026-04
6633,337,2026-01-09,2026-01-09 11:43:00,Bengaluru,Tier 1,Credit Card,Delivered,72478.7,2,3.0,True,2026-01-12,2026-01
6634,155,2025-09-17,2025-09-17 07:23:00,Indore,Tier 2,Cash on Delivery,Delivered,1652.4,4,7.0,True,2025-09-24,2025-09
6635,97,2025-11-01,2025-11-01 05:00:00,Jaipur,Tier 2,Cash on Delivery,Delivered,11956.1,5,5.0,False,2025-11-06,2025-11
6636,815,2026-05-05,2026-05-05 00:58:00,Vadodara,Tier 2,UPI,Returned,5729.9,3,,,,2026-05
6637,257,2025-09-25,2025-09-25 13:19:00,Bengaluru,Tier 1,Cash on Delivery,RTO,3888.0,4,,,,2025-09
6638,1053,2025-10-07,2025-10-07 03:18:00,Bhopal,Tier 2,Credit Card,Delivered,85917.0,2,1.0,False,2025-10-08,2025-10
6639,242,2026-05-05,2026-05-05 12:15:00,Nagpur,Tier 2,Debit Card,Cancelled,5678.0,7,,,,2026-05
6640,923,2025-10-04,2025-10-04 00:28:00,Guwahati,Tier 3,UPI,RTO,4182.05,2,,,,2025-10
6641,911,2025-09-07,2025-09-07 21:30:00,Patna,Tier 3,Cash on Delivery,Delivered,6834.4,7,7.0,False,2025-09-14,2025-09
6642,633,2025-08-24,2025-08-24 05:16:00,Ahmedabad,Tier 2,Cash on Delivery,Delivered,1034.7,4,4.0,False,2025-08-28,2025-08
6643,502,2026-01-21,2026-01-21 10:31:00,Indore,Tier 2,Credit Card,Delivered,42369.3,2,3.0,True,2026-01-24,2026-01
6644,175,2025-10-16,2025-10-16 06:32:00,Delhi,Tier 1,Cash on Delivery,Delivered,1846.8,2,2.0,False,2025-10-18,2025-10
6645,780,2026-05-05,2026-05-05 06:35:00,Delhi,Tier 1,UPI,RTO,117985.4,2,,,,2026-05
6646,273,2026-05-14,2026-05-14 09:12:00,Bhopal,Tier 2,UPI,Delivered,4367.0,7,10.0,True,2026-05-24,2026-05
6647,116,2026-05-15,2026-05-15 17:09:00,Surat,Tier 2,UPI,Delivered,102316.3,5,4.0,False,2026-05-19,2026-05
6648,1126,2025-04-02,2025-04-02 16:33:00,Bhopal,Tier 2,UPI,Delivered,4515.0,5,4.0,False,2025-04-06,2025-04
6649,397,2026-01-18,2026-01-18 15:29:00,Mumbai,Tier 1,UPI,Delivered,1797.6,4,5.0,True,2026-01-23,2026-01
6650,469,2026-04-24,2026-04-24 12:23:00,Jaipur,Tier 2,UPI,Delivered,37603.8,2,3.0,True,2026-04-27,2026-04
6651,1091,2025-09-03,2025-09-03 15:29:00,Delhi,Tier 1,Cash on Delivery,Delivered,43662.05,3,6.0,True,2025-09-09,2025-09
6652,1159,2026-02-07,2026-02-07 16:14:00,Surat,Tier 2,UPI,RTO,43128.25,2,,,,2026-02
6653,1086,2025-02-25,2025-02-25 14:28:00,Pune,Tier 1,Cash on Delivery,Delivered,44576.2,7,7.0,False,2025-03-04,2025-02
6654,337,2025-06-04,2025-06-04 14:27:00,Bengaluru,Tier 1,Cash on Delivery,Cancelled,44637.65,4,,,,2025-06
6655,1030,2025-08-26,2025-08-26 16:27:00,Mumbai,Tier 1,UPI,Delivered,886.4,2,3.0,True,2025-08-29,2025-08
6656,970,2026-06-14,2026-06-14 20:03:00,Pune,Tier 1,Credit Card,Delivered,3272.5,2,1.0,False,2026-06-15,2026-06
6657,1012,2026-06-14,2026-06-14 15:34:00,Delhi,Tier 1,UPI,RTO,6606.7,2,,,,2026-06
6658,821,2024-03-25,2024-03-25 16:08:00,Kolkata,Tier 1,Cash on Delivery,Delivered,676.8,4,6.0,True,2024-03-31,2024-03
6659,582,2024-07-10,2024-07-10 04:42:00,Indore,Tier 2,UPI,Delivered,541.0,2,2.0,False,2024-07-12,2024-07
6660,523,2026-05-13,2026-05-13 23:13:00,Ahmedabad,Tier 2,Debit Card,RTO,3019.0,7,,,,2026-05
6661,396,2026-05-18,2026-05-18 01:28:00,Mumbai,Tier 1,Credit Card,Delivered,3039.0,2,5.0,True,2026-05-23,2026-05
6662,406,2026-04-23,2026-04-23 08:18:00,Kolkata,Tier 1,UPI,Returned,32504.25,4,,,,2026-04
6663,470,2026-01-21,2026-01-21 12:28:00,Bhopal,Tier 2,Cash on Delivery,Delivered,1019.0,2,5.0,True,2026-01-26,2026-01
6664,787,2026-03-18,2026-03-18 12:00:00,Patna,Tier 3,Credit Card,Delivered,2656.8,2,3.0,True,2026-03-21,2026-03
6665,192,2026-02-01,2026-02-01 01:39:00,Patna,Tier 3,Cash on Delivery,Delivered,8116.65,4,4.0,False,2026-02-05,2026-02
6666,1158,2026-02-28,2026-02-28 01:15:00,Lucknow,Tier 2,UPI,Delivered,79385.8,2,5.0,True,2026-03-05,2026-02
6667,1151,2025-07-23,2025-07-23 23:08:00,Lucknow,Tier 2,UPI,Delivered,2462.0,2,3.0,True,2025-07-26,2025-07
6668,809,2026-03-10,2026-03-10 18:48:00,Nagpur,Tier 2,Cash on Delivery,Delivered,174.25,3,6.0,True,2026-03-16,2026-03
6669,212,2026-04-25,2026-04-25 04:34:00,Ghaziabad,Tier 3,UPI,Delivered,1606.0,4,4.0,False,2026-04-29,2026-04
6670,972,2026-04-12,2026-04-12 20:54:00,Surat,Tier 2,Debit Card,Delivered,935.85,7,7.0,False,2026-04-19,2026-04
6671,1018,2025-06-08,2025-06-08 01:34:00,Coimbatore,Tier 2,Net Banking,Delivered,1491.0,3,3.0,False,2025-06-11,2025-06
6672,116,2026-06-19,2026-06-19 17:55:00,Surat,Tier 2,UPI,RTO,86678.0,4,,,,2026-06
6673,714,2025-12-16,2025-12-16 09:56:00,Nagpur,Tier 2,UPI,Delivered,11221.7,3,3.0,False,2025-12-19,2025-12
6674,662,2026-04-07,2026-04-07 10:37:00,Patna,Tier 3,UPI,Returned,2789.6,4,,,,2026-04
6675,476,2026-02-22,2026-02-22 06:47:00,Patna,Tier 3,UPI,Cancelled,41782.0,2,,,,2026-02
6676,180,2025-08-29,2025-08-29 23:57:00,Lucknow,Tier 2,Cash on Delivery,Delivered,2172.9,7,7.0,False,2025-09-05,2025-08
6677,521,2026-01-24,2026-01-24 20:29:00,Nagpur,Tier 2,UPI,Delivered,4801.9,5,5.0,False,2026-01-29,2026-01
6678,442,2026-04-22,2026-04-22 11:04:00,Bengaluru,Tier 1,Net Banking,Delivered,2285.65,5,8.0,True,2026-04-30,2026-04
6679,532,2026-06-13,2026-06-13 18:18:00,Jaipur,Tier 2,UPI,Delivered,7015.3,5,5.0,False,2026-06-18,2026-06
6680,755,2025-12-22,2025-12-22 17:48:00,Bengaluru,Tier 1,UPI,Delivered,2822.85,2,2.0,False,2025-12-24,2025-12
6681,1168,2026-06-30,2026-06-30 00:00:00,Ahmedabad,Tier 2,UPI,Delivered,441.0,3,3.0,False,2026-07-03,2026-06
6682,404,2026-01-31,2026-01-31 04:43:00,Chennai,Tier 1,Net Banking,Delivered,3968.0,4,7.0,True,2026-02-07,2026-01
6683,907,2026-03-28,2026-03-28 14:26:00,Nagpur,Tier 2,Cash on Delivery,Delivered,351.05,2,5.0,True,2026-04-02,2026-03
6684,24,2026-04-30,2026-04-30 22:01:00,Patna,Tier 3,Debit Card,Returned,5521.0,3,,,,2026-04
6685,119,2026-04-16,2026-04-16 00:49:00,Surat,Tier 2,Cash on Delivery,Delivered,39942.8,3,2.0,False,2026-04-18,2026-04
6686,779,2026-04-23,2026-04-23 03:48:00,Delhi,Tier 1,Debit Card,Delivered,967.45,7,7.0,False,2026-04-30,2026-04
6687,466,2026-03-16,2026-03-16 02:55:00,Kanpur,Tier 2,Cash on Delivery,Delivered,3587.0,7,8.0,True,2026-03-24,2026-03
6688,453,2026-01-19,2026-01-19 12:26:00,Indore,Tier 2,Debit Card,Delivered,68798.6,2,1.0,False,2026-01-20,2026-01
6689,131,2026-03-01,2026-03-01 23:06:00,Ahmedabad,Tier 2,Debit Card,Delivered,34671.2,2,4.0,True,2026-03-05,2026-03
6690,280,2026-03-01,2026-03-01 18:09:00,Nagpur,Tier 2,Credit Card,Delivered,3968.0,5,6.0,True,2026-03-07,2026-03
6691,898,2026-03-31,2026-03-31 21:46:00,Guwahati,Tier 3,UPI,Delivered,5952.6,7,10.0,True,2026-04-10,2026-03
6692,536,2026-02-17,2026-02-17 07:36:00,Kanpur,Tier 2,UPI,Delivered,32153.4,2,4.0,True,2026-02-21,2026-02
6693,48,2025-05-07,2025-05-07 21:35:00,Vadodara,Tier 2,UPI,Delivered,40188.35,4,4.0,False,2025-05-11,2025-05
6694,523,2026-01-20,2026-01-20 14:33:00,Ahmedabad,Tier 2,UPI,Returned,488.0,5,,,,2026-01
6695,807,2026-05-10,2026-05-10 11:41:00,Hyderabad,Tier 1,Credit Card,Cancelled,36726.2,4,,,,2026-05
6696,870,2026-04-12,2026-04-12 23:13:00,Surat,Tier 2,UPI,Delivered,6552.4,5,5.0,False,2026-04-17,2026-04
6697,468,2025-06-07,2025-06-07 23:50:00,Ahmedabad,Tier 2,Credit Card,Cancelled,2135.2,5,,,,2025-06
6698,800,2025-10-21,2025-10-21 00:21:00,Guwahati,Tier 3,Credit Card,Returned,2147.0,7,,,,2025-10
6699,932,2025-11-15,2025-11-15 08:25:00,Ahmedabad,Tier 2,Cash on Delivery,Delivered,424.0,4,6.0,True,2025-11-21,2025-11
6700,199,2025-01-14,2025-01-14 05:49:00,Mumbai,Tier 1,Credit Card,Delivered,2988.0,5,5.0,False,2025-01-19,2025-01
6701,1108,2025-09-15,2025-09-15 16:36:00,Chennai,Tier 1,UPI,Delivered,38797.0,5,6.0,True,2025-09-21,2025-09
6702,707,2024-12-16,2024-12-16 01:47:00,Kanpur,Tier 2,Cash on Delivery,Returned,75972.8,3,,,,2024-12
6703,672,2026-05-16,2026-05-16 00:32:00,Bengaluru,Tier 1,UPI,Returned,2016.75,4,,,,2026-05
6704,932,2026-01-16,2026-01-16 12:03:00,Ahmedabad,Tier 2,UPI,Delivered,4158.0,2,4.0,True,2026-01-20,2026-01
6705,918,2026-06-21,2026-06-21 01:43:00,Bhopal,Tier 2,Credit Card,Cancelled,2955.2,4,,,,2026-06
6706,517,2025-12-23,2025-12-23 08:47:00,Indore,Tier 2,Credit Card,Delivered,60539.2,2,2.0,False,2025-12-25,2025-12
6707,905,2025-12-09,2025-12-09 04:26:00,Chennai,Tier 1,UPI,Delivered,432.8,5,5.0,False,2025-12-14,2025-12
6708,472,2025-08-24,2025-08-24 05:52:00,Mumbai,Tier 1,UPI,Delivered,38280.85,7,7.0,False,2025-08-31,2025-08
6709,243,2026-04-20,2026-04-20 18:33:00,Kanpur,Tier 2,Cash on Delivery,Delivered,111116.4,4,4.0,False,2026-04-24,2026-04
6710,1104,2026-04-09,2026-04-09 15:04:00,Bhopal,Tier 2,Credit Card,Delivered,424.0,7,7.0,False,2026-04-16,2026-04
6711,934,2025-04-03,2025-04-03 15:27:00,Guwahati,Tier 3,UPI,RTO,44567.7,2,,,,2025-04
6712,997,2024-12-09,2024-12-09 06:03:00,Patna,Tier 3,Cash on Delivery,Cancelled,13855.25,2,,,,2024-12
6713,67,2026-01-23,2026-01-23 21:32:00,Guwahati,Tier 3,Cash on Delivery,RTO,3312.1,5,,,,2026-01
6714,96,2026-06-27,2026-06-27 03:38:00,Indore,Tier 2,Credit Card,Delivered,648.0,7,10.0,True,2026-07-07,2026-06
6715,94,2026-06-03,2026-06-03 21:26:00,Indore,Tier 2,Debit Card,Delivered,6482.0,7,10.0,True,2026-06-13,2026-06
6716,688,2026-04-23,2026-04-23 16:24:00,Patna,Tier 3,Cash on Delivery,Delivered,2288.55,4,7.0,True,2026-04-30,2026-04
6717,1058,2025-07-19,2025-07-19 21:42:00,Indore,Tier 2,UPI,Cancelled,192925.0,2,,,,2025-07
6718,253,2025-02-15,2025-02-15 23:48:00,Kanpur,Tier 2,UPI,Delivered,261.9,3,5.0,True,2025-02-20,2025-02
6719,1008,2026-02-05,2026-02-05 08:33:00,Surat,Tier 2,UPI,Delivered,14826.65,4,3.0,False,2026-02-08,2026-02
6720,67,2026-06-19,2026-06-19 20:16:00,Guwahati,Tier 3,UPI,Delivered,1466.4,2,2.0,False,2026-06-21,2026-06
6721,866,2026-05-07,2026-05-07 21:12:00,Surat,Tier 2,Net Banking,Delivered,5521.0,5,4.0,False,2026-05-11,2026-05
6722,447,2025-07-24,2025-07-24 22:02:00,Kanpur,Tier 2,UPI,RTO,1087.0,5,,,,2025-07
6723,137,2026-02-15,2026-02-15 13:17:00,Delhi,Tier 1,UPI,Returned,1795.5,4,,,,2026-02
6724,712,2024-12-26,2024-12-26 00:22:00,Chennai,Tier 1,Debit Card,Delivered,4748.0,2,2.0,False,2024-12-28,2024-12
6725,39,2026-03-23,2026-03-23 00:44:00,Delhi,Tier 1,UPI,Delivered,9752.8,3,3.0,False,2026-03-26,2026-03
6726,274,2024-11-12,2024-11-12 13:47:00,Pune,Tier 1,Cash on Delivery,Returned,454.4,4,,,,2024-11
6727,102,2026-02-04,2026-02-04 01:40:00,Surat,Tier 2,UPI,Returned,37603.8,3,,,,2026-02
6728,532,2026-04-11,2026-04-11 11:54:00,Jaipur,Tier 2,UPI,Cancelled,758.1,7,,,,2026-04
6729,1144,2026-04-09,2026-04-09 10:50:00,Hyderabad,Tier 1,UPI,Delivered,5513.8,3,4.0,True,2026-04-13,2026-04
6730,721,2025-11-26,2025-11-26 03:59:00,Surat,Tier 2,Credit Card,Returned,39514.85,4,,,,2025-11
6731,1028,2025-10-08,2025-10-08 02:40:00,Kanpur,Tier 2,Cash on Delivery,Delivered,1494.3,7,8.0,True,2025-10-16,2025-10
6732,700,2026-06-22,2026-06-22 16:52:00,Pune,Tier 1,Debit Card,Returned,41774.6,5,,,,2026-06
6733,489,2025-10-21,2025-10-21 12:35:00,Surat,Tier 2,Debit Card,Delivered,7494.0,2,3.0,True,2025-10-24,2025-10
6734,763,2026-01-04,2026-01-04 21:01:00,Jaipur,Tier 2,Debit Card,Delivered,825.0,4,3.0,False,2026-01-07,2026-01
6735,413,2026-06-27,2026-06-27 03:31:00,Kanpur,Tier 2,Debit Card,Delivered,4158.0,2,2.0,False,2026-06-29,2026-06
6736,619,2026-04-20,2026-04-20 20:26:00,Jaipur,Tier 2,UPI,Returned,8137.7,7,,,,2026-04
6737,996,2025-11-07,2025-11-07 10:28:00,Chennai,Tier 1,UPI,Delivered,2017.9,7,8.0,True,2025-11-15,2025-11
6738,779,2026-05-08,2026-05-08 11:44:00,Delhi,Tier 1,UPI,Delivered,26074.5,2,3.0,True,2026-05-11,2026-05
6739,1091,2025-11-04,2025-11-04 00:53:00,Delhi,Tier 1,UPI,RTO,2225.35,4,,,,2025-11
6740,721,2025-04-26,2025-04-26 17:00:00,Surat,Tier 2,Credit Card,RTO,304.0,2,,,,2025-04
6741,504,2025-12-12,2025-12-12 09:54:00,Delhi,Tier 1,Net Banking,Cancelled,4635.05,7,,,,2025-12
6742,51,2026-06-19,2026-06-19 22:30:00,Vadodara,Tier 2,UPI,Delivered,1441.15,3,4.0,True,2026-06-23,2026-06
6743,892,2026-06-28,2026-06-28 02:02:00,Ahmedabad,Tier 2,Net Banking,Delivered,508.0,4,4.0,False,2026-07-02,2026-06
6744,499,2025-12-27,2025-12-27 09:16:00,Bengaluru,Tier 1,Debit Card,Cancelled,34175.95,4,,,,2025-12
6745,681,2025-08-24,2025-08-24 06:34:00,Chennai,Tier 1,Cash on Delivery,Delivered,2215.8,2,2.0,False,2025-08-26,2025-08
6746,1066,2026-02-25,2026-02-25 01:49:00,Lucknow,Tier 2,Cash on Delivery,Delivered,12516.6,3,3.0,False,2026-02-28,2026-02
6747,954,2025-11-13,2025-11-13 15:33:00,Surat,Tier 2,Credit Card,Delivered,309.75,5,4.0,False,2025-11-17,2025-11
6748,775,2026-02-25,2026-02-25 18:35:00,Nagpur,Tier 2,UPI,RTO,32507.05,7,,,,2026-02
6749,597,2025-12-09,2025-12-09 06:40:00,Patna,Tier 3,UPI,Delivered,39863.35,3,5.0,True,2025-12-14,2025-12
6750,486,2025-07-19,2025-07-19 16:21:00,Ghaziabad,Tier 3,Debit Card,RTO,2736.0,2,,,,2025-07
6751,468,2026-01-18,2026-01-18 08:53:00,Ahmedabad,Tier 2,Credit Card,Delivered,33425.6,7,6.0,False,2026-01-24,2026-01
6752,379,2026-04-25,2026-04-25 01:44:00,Surat,Tier 2,UPI,Delivered,738.9,5,5.0,False,2026-04-30,2026-04
6753,578,2026-02-25,2026-02-25 23:28:00,Chennai,Tier 1,UPI,RTO,83737.2,4,,,,2026-02
6754,987,2026-06-20,2026-06-20 04:54:00,Ahmedabad,Tier 2,Credit Card,Returned,85490.1,7,,,,2026-06
6755,676,2025-10-06,2025-10-06 13:58:00,Guwahati,Tier 3,Cash on Delivery,RTO,4901.4,4,,,,2025-10
6756,698,2026-01-29,2026-01-29 11:46:00,Kolkata,Tier 1,UPI,Delivered,447.2,2,5.0,True,2026-02-03,2026-01
6757,32,2026-03-26,2026-03-26 05:53:00,Hyderabad,Tier 1,UPI,Delivered,6519.0,2,5.0,True,2026-03-31,2026-03
6758,334,2026-04-22,2026-04-22 04:43:00,Indore,Tier 2,UPI,Delivered,436.8,7,8.0,True,2026-04-30,2026-04
6759,1084,2026-01-12,2026-01-12 17:31:00,Kolkata,Tier 1,UPI,Cancelled,1193.2,3,,,,2026-01
6760,1161,2025-06-14,2025-06-14 00:26:00,Mumbai,Tier 1,UPI,Delivered,4284.4,3,4.0,True,2025-06-18,2025-06
6761,367,2026-05-10,2026-05-10 21:23:00,Pune,Tier 1,Credit Card,Delivered,12820.5,4,4.0,False,2026-05-14,2026-05
6762,711,2026-06-29,2026-06-29 01:51:00,Bhopal,Tier 2,UPI,Delivered,1692.0,4,3.0,False,2026-07-02,2026-06
6763,102,2026-04-02,2026-04-02 20:13:00,Surat,Tier 2,Cash on Delivery,RTO,39116.15,3,,,,2026-04
6764,509,2025-06-19,2025-06-19 00:38:00,Delhi,Tier 1,Cash on Delivery,Delivered,1469.0,5,5.0,False,2025-06-24,2025-06
6765,95,2025-10-25,2025-10-25 11:05:00,Indore,Tier 2,Cash on Delivery,Delivered,1118.0,3,6.0,True,2025-10-31,2025-10
6766,679,2025-08-01,2025-08-01 01:09:00,Bengaluru,Tier 1,Cash on Delivery,Delivered,33939.7,7,7.0,False,2025-08-08,2025-08
6767,252,2025-08-15,2025-08-15 04:59:00,Bhopal,Tier 2,Credit Card,Delivered,8606.7,4,5.0,True,2025-08-20,2025-08
6768,184,2025-10-01,2025-10-01 05:09:00,Hyderabad,Tier 1,Credit Card,Delivered,9656.3,5,4.0,False,2025-10-05,2025-10
6769,807,2025-11-21,2025-11-21 22:25:00,Hyderabad,Tier 1,UPI,Delivered,5703.75,2,2.0,False,2025-11-23,2025-11
6770,1045,2025-12-10,2025-12-10 21:36:00,Nagpur,Tier 2,UPI,Cancelled,37837.0,7,,,,2025-12
6771,933,2026-03-24,2026-03-24 18:32:00,Pune,Tier 1,UPI,Delivered,979.0,4,5.0,True,2026-03-29,2026-03
6772,882,2026-06-06,2026-06-06 06:04:00,Ghaziabad,Tier 3,Debit Card,Delivered,3747.0,4,5.0,True,2026-06-11,2026-06
6773,1010,2025-12-19,2025-12-19 12:45:00,Pune,Tier 1,UPI,Delivered,6748.65,7,8.0,True,2025-12-27,2025-12
6774,1075,2026-01-31,2026-01-31 08:08:00,Kolkata,Tier 1,UPI,Delivered,2736.0,7,8.0,True,2026-02-08,2026-01
6775,500,2025-02-14,2025-02-14 02:23:00,Bengaluru,Tier 1,Net Banking,Delivered,24382.0,4,4.0,False,2025-02-18,2025-02
6776,941,2025-08-18,2025-08-18 05:21:00,Coimbatore,Tier 2,Debit Card,Delivered,9598.1,7,6.0,False,2025-08-24,2025-08
6777,379,2026-04-14,2026-04-14 14:38:00,Surat,Tier 2,Debit Card,Delivered,43191.35,7,10.0,True,2026-04-24,2026-04
6778,938,2025-04-04,2025-04-04 02:05:00,Delhi,Tier 1,Debit Card,Delivered,2008.5,7,9.0,True,2025-04-13,2025-04
6779,1084,2026-04-11,2026-04-11 23:52:00,Kolkata,Tier 1,Cash on Delivery,Returned,36119.6,5,,,,2026-04
6780,969,2026-02-21,2026-02-21 21:28:00,Bhopal,Tier 2,UPI,Delivered,3321.0,3,4.0,True,2026-02-25,2026-02
6781,969,2026-04-23,2026-04-23 03:42:00,Bhopal,Tier 2,UPI,Delivered,88163.2,5,8.0,True,2026-05-01,2026-04
6782,1024,2026-01-18,2026-01-18 01:32:00,Patna,Tier 3,Cash on Delivery,Delivered,846.0,3,6.0,True,2026-01-24,2026-01
6783,1036,2025-03-26,2025-03-26 15:44:00,Ahmedabad,Tier 2,Credit Card,Delivered,1128.0,4,6.0,True,2025-04-01,2025-03
6784,1100,2026-02-27,2026-02-27 07:40:00,Jaipur,Tier 2,Cash on Delivery,Delivered,1182.3,5,5.0,False,2026-03-04,2026-02
6785,119,2026-06-08,2026-06-08 19:43:00,Surat,Tier 2,Cash on Delivery,Delivered,78010.2,2,2.0,False,2026-06-10,2026-06
6786,472,2026-05-31,2026-05-31 09:31:00,Mumbai,Tier 1,UPI,Delivered,8411.5,3,6.0,True,2026-06-06,2026-05
6787,1112,2026-02-05,2026-02-05 03:29:00,Indore,Tier 2,UPI,Returned,1019.0,2,,,,2026-02
6788,569,2026-06-03,2026-06-03 16:54:00,Mumbai,Tier 1,Cash on Delivery,Delivered,128.0,2,4.0,True,2026-06-07,2026-06
6789,236,2026-06-20,2026-06-20 03:30:00,Bengaluru,Tier 1,UPI,Delivered,1347.0,2,5.0,True,2026-06-25,2026-06
6790,1019,2025-12-08,2025-12-08 14:10:00,Indore,Tier 2,Credit Card,Delivered,23806.15,4,5.0,True,2025-12-13,2025-12
6791,432,2025-10-15,2025-10-15 19:48:00,Ahmedabad,Tier 2,UPI,Delivered,38497.8,2,4.0,True,2025-10-19,2025-10
6792,1019,2026-02-05,2026-02-05 19:52:00,Indore,Tier 2,UPI,Delivered,4283.0,4,4.0,False,2026-02-09,2026-02
6793,1041,2026-03-17,2026-03-17 21:02:00,Kanpur,Tier 2,Credit Card,Delivered,1166.35,5,7.0,True,2026-03-24,2026-03
6794,739,2024-08-18,2024-08-18 23:40:00,Pune,Tier 1,UPI,Delivered,531.05,5,6.0,True,2024-08-24,2024-08
6795,510,2026-05-03,2026-05-03 06:57:00,Indore,Tier 2,UPI,Delivered,84987.0,2,3.0,True,2026-05-06,2026-05
6796,872,2024-06-25,2024-06-25 13:52:00,Delhi,Tier 1,UPI,Returned,21257.2,4,,,,2024-06
6797,1053,2026-03-11,2026-03-11 16:12:00,Bhopal,Tier 2,Credit Card,Cancelled,8730.8,5,,,,2026-03
6798,122,2025-01-06,2025-01-06 18:41:00,Coimbatore,Tier 2,UPI,Delivered,4068.85,3,3.0,False,2025-01-09,2025-01
6799,842,2024-11-01,2024-11-01 04:16:00,Surat,Tier 2,Credit Card,Returned,3303.0,5,,,,2024-11
6800,513,2025-03-23,2025-03-23 04:57:00,Bhopal,Tier 2,UPI,Returned,3692.45,7,,,,2025-03
6801,1158,2026-03-24,2026-03-24 15:13:00,Lucknow,Tier 2,Debit Card,Delivered,2554.55,7,8.0,True,2026-04-01,2026-03
6802,950,2025-02-02,2025-02-02 08:07:00,Coimbatore,Tier 2,Cash on Delivery,Delivered,7440.0,7,10.0,True,2025-02-12,2025-02
6803,801,2025-06-29,2025-06-29 04:17:00,Patna,Tier 3,Credit Card,Delivered,4982.75,2,1.0,False,2025-06-30,2025-06
6804,576,2026-06-07,2026-06-07 05:30:00,Coimbatore,Tier 2,UPI,Delivered,1386.0,4,7.0,True,2026-06-14,2026-06
6805,499,2025-01-10,2025-01-10 04:45:00,Bengaluru,Tier 1,Debit Card,Delivered,845.75,5,5.0,False,2025-01-15,2025-01
6806,1140,2025-08-23,2025-08-23 14:31:00,Guwahati,Tier 3,Debit Card,Delivered,69547.4,3,5.0,True,2025-08-28,2025-08
6807,56,2026-04-15,2026-04-15 16:55:00,Indore,Tier 2,UPI,Delivered,2227.1,3,5.0,True,2026-04-20,2026-04
6808,685,2026-06-12,2026-06-12 02:37:00,Pune,Tier 1,Credit Card,Delivered,1936.1,2,1.0,False,2026-06-13,2026-06
6809,711,2026-06-06,2026-06-06 06:01:00,Bhopal,Tier 2,UPI,Returned,17900.8,7,,,,2026-06
6810,546,2026-03-19,2026-03-19 21:31:00,Kolkata,Tier 1,Credit Card,Delivered,2071.9,3,3.0,False,2026-03-22,2026-03
6811,863,2025-09-18,2025-09-18 20:15:00,Nagpur,Tier 2,Debit Card,Returned,1495.25,3,,,,2025-09
6812,103,2025-05-11,2025-05-11 00:34:00,Vadodara,Tier 2,Debit Card,Delivered,28177.2,5,5.0,False,2025-05-16,2025-05
6813,886,2026-02-28,2026-02-28 02:54:00,Guwahati,Tier 3,Credit Card,Delivered,27096.5,5,5.0,False,2026-03-05,2026-02
6814,1172,2024-04-03,2024-04-03 06:15:00,Patna,Tier 3,Cash on Delivery,Delivered,44227.95,2,3.0,True,2024-04-06,2024-04
6815,812,2026-01-09,2026-01-09 23:56:00,Mumbai,Tier 1,Cash on Delivery,Cancelled,232.8,4,,,,2026-01
6816,1153,2025-04-19,2025-04-19 20:27:00,Vadodara,Tier 2,UPI,Returned,45986.4,7,,,,2025-04
6817,212,2026-03-15,2026-03-15 01:50:00,Ghaziabad,Tier 3,UPI,Delivered,4765.2,5,7.0,True,2026-03-22,2026-03
6818,327,2025-07-16,2025-07-16 18:01:00,Pune,Tier 1,UPI,Cancelled,37837.0,7,,,,2025-07
6819,513,2025-01-26,2025-01-26 23:37:00,Bhopal,Tier 2,UPI,Returned,1004.8,5,,,,2025-01
6820,718,2025-07-30,2025-07-30 10:02:00,Guwahati,Tier 3,Credit Card,Returned,230.4,5,,,,2025-07
6821,328,2026-01-11,2026-01-11 00:06:00,Indore,Tier 2,UPI,Cancelled,1984.5,4,,,,2026-01
6822,53,2025-02-20,2025-02-20 17:13:00,Delhi,Tier 1,Cash on Delivery,Returned,2741.0,5,,,,2025-02
6823,416,2026-04-13,2026-04-13 21:04:00,Hyderabad,Tier 1,Credit Card,Returned,2134.65,4,,,,2026-04
6824,906,2025-02-10,2025-02-10 14:11:00,Lucknow,Tier 2,UPI,Delivered,38554.0,4,4.0,False,2025-02-14,2025-02
6825,419,2025-10-11,2025-10-11 09:42:00,Bengaluru,Tier 1,Cash on Delivery,Delivered,895.4,7,9.0,True,2025-10-20,2025-10
6826,402,2025-09-03,2025-09-03 07:26:00,Surat,Tier 2,UPI,Delivered,31640.4,3,3.0,False,2025-09-06,2025-09
6827,1105,2026-04-20,2026-04-20 18:33:00,Lucknow,Tier 2,Cash on Delivery,RTO,35990.2,4,,,,2026-04
6828,854,2025-10-22,2025-10-22 11:04:00,Guwahati,Tier 3,UPI,Delivered,2475.0,3,4.0,True,2025-10-26,2025-10
6829,1012,2026-04-18,2026-04-18 21:27:00,Delhi,Tier 1,Debit Card,Delivered,40420.8,5,6.0,True,2026-04-24,2026-04
6830,227,2024-10-13,2024-10-13 06:15:00,Chennai,Tier 1,UPI,Delivered,1270.0,2,3.0,True,2024-10-16,2024-10
6831,486,2026-04-23,2026-04-23 04:28:00,Ghaziabad,Tier 3,UPI,Delivered,37626.55,7,8.0,True,2026-05-01,2026-04
6832,279,2025-04-15,2025-04-15 19:42:00,Nagpur,Tier 2,Cash on Delivery,Delivered,1660.0,3,3.0,False,2025-04-18,2025-04
6833,848,2026-04-07,2026-04-07 08:46:00,Lucknow,Tier 2,UPI,Returned,34334.1,3,,,,2026-04
6834,811,2026-02-14,2026-02-14 19:37:00,Coimbatore,Tier 2,Credit Card,RTO,43339.0,5,,,,2026-02
6835,219,2024-12-17,2024-12-17 19:14:00,Kolkata,Tier 1,Debit Card,Delivered,29548.25,7,6.0,False,2024-12-23,2024-12
6836,942,2026-01-26,2026-01-26 02:35:00,Pune,Tier 1,Net Banking,Delivered,79385.8,4,4.0,False,2026-01-30,2026-01
6837,672,2026-04-30,2026-04-30 10:54:00,Bengaluru,Tier 1,UPI,Delivered,5776.9,3,2.0,False,2026-05-02,2026-04
6838,715,2026-02-08,2026-02-08 16:57:00,Nagpur,Tier 2,UPI,Delivered,4494.0,3,6.0,True,2026-02-14,2026-02
6839,1013,2026-06-27,2026-06-27 10:56:00,Jaipur,Tier 2,Net Banking,Delivered,5270.5,4,4.0,False,2026-07-01,2026-06
6840,866,2025-09-18,2025-09-18 08:59:00,Surat,Tier 2,Credit Card,Delivered,2016.75,4,3.0,False,2025-09-21,2025-09
6841,844,2026-05-28,2026-05-28 16:40:00,Patna,Tier 3,Debit Card,Delivered,75573.1,3,3.0,False,2026-05-31,2026-05
6842,523,2025-07-29,2025-07-29 09:04:00,Ahmedabad,Tier 2,UPI,RTO,413.0,3,,,,2025-07
6843,749,2025-12-25,2025-12-25 02:26:00,Indore,Tier 2,Debit Card,Delivered,759.05,3,5.0,True,2025-12-30,2025-12
6844,850,2024-12-20,2024-12-20 07:09:00,Ghaziabad,Tier 3,UPI,Cancelled,44973.35,3,,,,2024-12
6845,1146,2024-09-04,2024-09-04 04:17:00,Ahmedabad,Tier 2,UPI,Delivered,5464.4,2,1.0,False,2024-09-05,2024-09
6846,1184,2025-08-17,2025-08-17 08:51:00,Indore,Tier 2,Debit Card,Cancelled,576.0,5,,,,2025-08
6847,87,2026-02-12,2026-02-12 20:55:00,Mumbai,Tier 1,Credit Card,Delivered,47270.6,4,3.0,False,2026-02-15,2026-02
6848,442,2026-06-07,2026-06-07 05:01:00,Bengaluru,Tier 1,Cash on Delivery,Returned,10625.0,7,,,,2026-06
6849,501,2025-11-26,2025-11-26 05:55:00,Guwahati,Tier 3,Cash on Delivery,RTO,27918.0,4,,,,2025-11
6850,1084,2026-02-14,2026-02-14 07:28:00,Kolkata,Tier 1,UPI,Delivered,112321.4,7,8.0,True,2026-02-22,2026-02
6851,533,2026-04-08,2026-04-08 09:12:00,Chennai,Tier 1,Debit Card,Delivered,2274.3,2,2.0,False,2026-04-10,2026-04
6852,231,2026-05-15,2026-05-15 16:15:00,Surat,Tier 2,Net Banking,RTO,2949.9,4,,,,2026-05
6853,1114,2025-03-02,2025-03-02 14:15:00,Indore,Tier 2,Debit Card,Delivered,9022.8,3,5.0,True,2025-03-07,2025-03
6854,1104,2026-04-18,2026-04-18 02:26:00,Bhopal,Tier 2,Cash on Delivery,Delivered,1256.0,7,10.0,True,2026-04-28,2026-04
6855,1158,2026-04-10,2026-04-10 21:47:00,Lucknow,Tier 2,Cash on Delivery,Delivered,28850.05,4,5.0,True,2026-04-15,2026-04
6856,659,2026-06-13,2026-06-13 04:17:00,Guwahati,Tier 3,Debit Card,Delivered,2052.0,3,2.0,False,2026-06-15,2026-06
6857,1047,2026-05-16,2026-05-16 14:49:00,Indore,Tier 2,Debit Card,Delivered,31331.25,5,5.0,False,2026-05-21,2026-05
6858,52,2025-12-12,2025-12-12 21:52:00,Vadodara,Tier 2,UPI,Cancelled,3940.0,3,,,,2025-12
6859,1025,2026-05-03,2026-05-03 22:55:00,Ahmedabad,Tier 2,Net Banking,Delivered,3366.0,3,6.0,True,2026-05-09,2026-05
6860,353,2026-02-11,2026-02-11 00:54:00,Surat,Tier 2,Credit Card,Delivered,2489.5,7,7.0,False,2026-02-18,2026-02
6861,248,2025-02-23,2025-02-23 01:00:00,Bhopal,Tier 2,UPI,Returned,35848.0,2,,,,2025-02
6862,625,2025-08-14,2025-08-14 05:52:00,Kanpur,Tier 2,Cash on Delivery,Delivered,384.0,3,6.0,True,2025-08-20,2025-08
6863,86,2026-06-28,2026-06-28 03:21:00,Lucknow,Tier 2,Cash on Delivery,Delivered,424.0,5,6.0,True,2026-07-04,2026-06
6864,379,2026-04-05,2026-04-05 01:51:00,Surat,Tier 2,Cash on Delivery,Delivered,8758.3,4,4.0,False,2026-04-09,2026-04
6865,933,2025-12-01,2025-12-01 15:03:00,Pune,Tier 1,Credit Card,Cancelled,3530.2,2,,,,2025-12
6866,465,2025-06-20,2025-06-20 17:42:00,Hyderabad,Tier 1,Cash on Delivery,Delivered,6130.0,4,5.0,True,2025-06-25,2025-06
6867,864,2025-11-18,2025-11-18 19:25:00,Lucknow,Tier 2,UPI,Delivered,2810.1,7,8.0,True,2025-11-26,2025-11
6868,1085,2026-04-10,2026-04-10 05:57:00,Indore,Tier 2,Cash on Delivery,Delivered,4720.5,3,3.0,False,2026-04-13,2026-04
6869,632,2024-12-31,2024-12-31 02:27:00,Kolkata,Tier 1,UPI,Returned,3080.0,5,,,,2024-12
6870,293,2026-03-13,2026-03-13 01:16:00,Chennai,Tier 1,UPI,RTO,2338.9,4,,,,2026-03
6871,279,2024-03-25,2024-03-25 16:45:00,Nagpur,Tier 2,UPI,Delivered,22769.6,3,4.0,True,2024-03-29,2024-03
6872,186,2026-06-26,2026-06-26 05:43:00,Vadodara,Tier 2,Debit Card,Delivered,1054.8,5,5.0,False,2026-07-01,2026-06
6873,999,2025-08-20,2025-08-20 23:56:00,Coimbatore,Tier 2,UPI,Cancelled,1491.0,4,,,,2025-08
6874,1025,2026-01-11,2026-01-11 10:52:00,Ahmedabad,Tier 2,UPI,Delivered,1483.9,7,7.0,False,2026-01-18,2026-01
6875,474,2025-04-08,2025-04-08 04:46:00,Patna,Tier 3,UPI,Delivered,488.0,3,4.0,True,2025-04-12,2025-04
6876,360,2026-01-29,2026-01-29 20:18:00,Bengaluru,Tier 1,UPI,Returned,6403.95,7,,,,2026-01
6877,14,2025-08-21,2025-08-21 18:14:00,Ahmedabad,Tier 2,Credit Card,Delivered,33568.7,3,3.0,False,2025-08-24,2025-08
6878,567,2024-12-24,2024-12-24 17:11:00,Surat,Tier 2,UPI,Delivered,9741.6,2,1.0,False,2024-12-25,2024-12
6879,1089,2026-06-24,2026-06-24 09:19:00,Kanpur,Tier 2,UPI,Delivered,153.75,7,9.0,True,2026-07-03,2026-06
6880,1149,2026-06-27,2026-06-27 05:33:00,Ahmedabad,Tier 2,Credit Card,Delivered,464.1,3,4.0,True,2026-07-01,2026-06
6881,233,2026-03-23,2026-03-23 16:03:00,Surat,Tier 2,Credit Card,Delivered,35726.0,4,5.0,True,2026-03-28,2026-03
6882,826,2025-11-25,2025-11-25 00:55:00,Ahmedabad,Tier 2,Debit Card,Delivered,11216.25,3,3.0,False,2025-11-28,2025-11
6883,555,2025-07-21,2025-07-21 11:54:00,Ahmedabad,Tier 2,UPI,Delivered,16080.75,5,6.0,True,2025-07-27,2025-07
6884,724,2025-05-24,2025-05-24 02:38:00,Pune,Tier 1,Cash on Delivery,Delivered,56801.1,2,3.0,True,2025-05-27,2025-05
6885,1132,2025-11-01,2025-11-01 14:11:00,Indore,Tier 2,Debit Card,Delivered,2188.8,5,4.0,False,2025-11-05,2025-11
6886,273,2025-01-08,2025-01-08 18:43:00,Bhopal,Tier 2,UPI,RTO,3307.0,5,,,,2025-01
6887,718,2025-04-12,2025-04-12 17:07:00,Guwahati,Tier 3,Credit Card,Delivered,2654.9,2,3.0,True,2025-04-15,2025-04
6888,818,2025-05-05,2025-05-05 16:23:00,Mumbai,Tier 1,UPI,Delivered,304.0,3,2.0,False,2025-05-07,2025-05
6889,921,2025-09-18,2025-09-18 21:07:00,Hyderabad,Tier 1,UPI,Delivered,30255.75,7,10.0,True,2025-09-28,2025-09
6890,271,2026-01-20,2026-01-20 07:40:00,Lucknow,Tier 2,UPI,Delivered,28649.55,2,1.0,False,2026-01-21,2026-01
6891,681,2025-03-23,2025-03-23 06:26:00,Chennai,Tier 1,Cash on Delivery,Delivered,12594.9,4,5.0,True,2025-03-28,2025-03
6892,242,2026-05-27,2026-05-27 13:47:00,Nagpur,Tier 2,UPI,Delivered,1346.8,4,4.0,False,2026-05-31,2026-05
6893,279,2026-04-03,2026-04-03 08:11:00,Nagpur,Tier 2,Debit Card,Delivered,5125.0,4,4.0,False,2026-04-07,2026-04
6894,1122,2026-05-18,2026-05-18 21:56:00,Bhopal,Tier 2,UPI,Delivered,9607.0,2,2.0,False,2026-05-20,2026-05
6895,346,2025-01-29,2025-01-29 00:19:00,Pune,Tier 1,UPI,Returned,2205.0,3,,,,2025-01
6896,1105,2026-04-09,2026-04-09 00:55:00,Lucknow,Tier 2,UPI,Cancelled,33939.7,2,,,,2026-04
6897,507,2024-10-05,2024-10-05 09:37:00,Nagpur,Tier 2,UPI,Delivered,507.6,4,5.0,True,2024-10-10,2024-10
6898,113,2024-05-08,2024-05-08 21:49:00,Guwahati,Tier 3,UPI,Delivered,7056.0,2,5.0,True,2024-05-13,2024-05
6899,1041,2025-11-29,2025-11-29 18:19:00,Kanpur,Tier 2,Cash on Delivery,Delivered,2027.0,2,1.0,False,2025-11-30,2025-11
6900,273,2025-04-14,2025-04-14 21:36:00,Bhopal,Tier 2,UPI,Delivered,8397.75,7,7.0,False,2025-04-21,2025-04
6901,574,2024-05-21,2024-05-21 04:07:00,Guwahati,Tier 3,UPI,Delivered,441.0,3,4.0,True,2024-05-25,2024-05
6902,1172,2025-12-19,2025-12-19 08:57:00,Patna,Tier 3,Debit Card,Delivered,41775.0,4,6.0,True,2025-12-25,2025-12
6903,519,2026-06-12,2026-06-12 07:57:00,Jaipur,Tier 2,Debit Card,Delivered,3842.0,2,3.0,True,2026-06-15,2026-06
6904,1099,2025-11-26,2025-11-26 09:00:00,Hyderabad,Tier 1,UPI,Cancelled,957.6,7,,,,2025-11
6905,510,2026-03-12,2026-03-12 08:35:00,Indore,Tier 2,UPI,Delivered,22663.2,7,7.0,False,2026-03-19,2026-03
6906,576,2026-01-16,2026-01-16 23:01:00,Coimbatore,Tier 2,Debit Card,RTO,21246.75,4,,,,2026-01
6907,1080,2026-05-09,2026-05-09 10:26:00,Bhopal,Tier 2,UPI,Delivered,413.0,3,3.0,False,2026-05-12,2026-05
6908,54,2025-10-04,2025-10-04 08:15:00,Hyderabad,Tier 1,Debit Card,Delivered,459.75,3,2.0,False,2025-10-06,2025-10
6909,1054,2025-12-29,2025-12-29 02:47:00,Kolkata,Tier 1,Debit Card,Delivered,67003.2,7,7.0,False,2026-01-05,2025-12
6910,757,2026-03-12,2026-03-12 03:41:00,Coimbatore,Tier 2,UPI,RTO,923.95,5,,,,2026-03
6911,297,2025-01-24,2025-01-24 19:25:00,Ahmedabad,Tier 2,Cash on Delivery,Delivered,3482.8,3,6.0,True,2025-01-30,2025-01
6912,595,2025-11-24,2025-11-24 04:30:00,Kolkata,Tier 1,Cash on Delivery,Delivered,3915.45,7,7.0,False,2025-12-01,2025-11
6913,164,2026-05-09,2026-05-09 00:13:00,Hyderabad,Tier 1,UPI,Delivered,1716.75,2,5.0,True,2026-05-14,2026-05
6914,323,2025-12-09,2025-12-09 16:04:00,Delhi,Tier 1,Credit Card,Delivered,28329.0,2,2.0,False,2025-12-11,2025-12
6915,383,2025-02-01,2025-02-01 12:56:00,Surat,Tier 2,Credit Card,Cancelled,69532.0,5,,,,2025-02
6916,1008,2026-01-20,2026-01-20 19:48:00,Surat,Tier 2,UPI,Delivered,41775.0,3,2.0,False,2026-01-22,2026-01
6917,1055,2026-01-28,2026-01-28 23:21:00,Indore,Tier 2,Cash on Delivery,Delivered,27918.0,4,4.0,False,2026-02-01,2026-01
6918,377,2025-07-15,2025-07-15 21:56:00,Lucknow,Tier 2,Credit Card,Delivered,31919.6,2,3.0,True,2025-07-18,2025-07
6919,830,2026-03-03,2026-03-03 09:31:00,Patna,Tier 3,Debit Card,Delivered,10303.85,5,5.0,False,2026-03-08,2026-03
6920,231,2026-06-03,2026-06-03 18:35:00,Surat,Tier 2,UPI,Delivered,2462.0,3,5.0,True,2026-06-08,2026-06
6921,892,2025-11-20,2025-11-20 11:55:00,Ahmedabad,Tier 2,Debit Card,Delivered,2741.0,5,5.0,False,2025-11-25,2025-11
6922,1055,2025-03-20,2025-03-20 15:55:00,Indore,Tier 2,Net Banking,Delivered,15861.0,4,4.0,False,2025-03-24,2025-03
6923,56,2026-04-12,2026-04-12 20:56:00,Indore,Tier 2,Credit Card,Cancelled,44061.1,2,,,,2026-04
6924,582,2025-11-06,2025-11-06 14:59:00,Indore,Tier 2,UPI,Delivered,2552.5,7,7.0,False,2025-11-13,2025-11
6925,870,2026-02-24,2026-02-24 06:05:00,Surat,Tier 2,UPI,Delivered,2398.7,7,7.0,False,2026-03-03,2026-02
6926,519,2025-10-15,2025-10-15 22:24:00,Jaipur,Tier 2,UPI,Cancelled,1524.0,3,,,,2025-10
6927,398,2025-03-18,2025-03-18 21:35:00,Chennai,Tier 1,UPI,Cancelled,120493.1,3,,,,2025-03
6928,647,2025-07-31,2025-07-31 16:37:00,Bengaluru,Tier 1,Debit Card,RTO,803.0,7,,,,2025-07
6929,468,2025-08-17,2025-08-17 22:13:00,Ahmedabad,Tier 2,Cash on Delivery,Delivered,635.0,5,8.0,True,2025-08-25,2025-08
6930,576,2026-04-01,2026-04-01 09:23:00,Coimbatore,Tier 2,Net Banking,RTO,652.8,5,,,,2026-04
6931,1057,2025-12-12,2025-12-12 21:27:00,Ahmedabad,Tier 2,UPI,Delivered,125944.0,2,2.0,False,2025-12-14,2025-12
6932,1018,2026-02-01,2026-02-01 22:34:00,Coimbatore,Tier 2,Credit Card,Delivered,2590.0,3,3.0,False,2026-02-04,2026-02
6933,204,2024-09-24,2024-09-24 03:31:00,Jaipur,Tier 2,Net Banking,Delivered,33421.6,4,7.0,True,2024-10-01,2024-09
6934,579,2026-04-18,2026-04-18 14:42:00,Lucknow,Tier 2,UPI,Cancelled,25496.1,7,,,,2026-04
6935,499,2025-03-20,2025-03-20 07:42:00,Bengaluru,Tier 1,Debit Card,Delivered,83314.2,4,4.0,False,2025-03-24,2025-03
6936,341,2025-08-02,2025-08-02 09:08:00,Pune,Tier 1,UPI,Delivered,1580.35,2,3.0,True,2025-08-05,2025-08
6937,519,2025-02-21,2025-02-21 06:25:00,Jaipur,Tier 2,Cash on Delivery,Returned,81150.5,3,,,,2025-02
6938,740,2025-12-08,2025-12-08 12:10:00,Kanpur,Tier 2,UPI,Delivered,3304.8,7,8.0,True,2025-12-16,2025-12
6939,113,2025-07-02,2025-07-02 04:36:00,Guwahati,Tier 3,Cash on Delivery,Delivered,568.0,2,2.0,False,2025-07-04,2025-07
6940,476,2025-09-21,2025-09-21 22:09:00,Patna,Tier 3,Cash on Delivery,Delivered,459.75,3,5.0,True,2025-09-26,2025-09
6941,1003,2024-12-06,2024-12-06 15:27:00,Lucknow,Tier 2,UPI,Delivered,4496.4,2,3.0,True,2024-12-09,2024-12
6942,943,2025-11-14,2025-11-14 17:43:00,Bengaluru,Tier 1,Cash on Delivery,Delivered,1313.1,7,8.0,True,2025-11-22,2025-11
6943,4,2025-09-23,2025-09-23 03:45:00,Bhopal,Tier 2,Debit Card,Delivered,7993.6,5,5.0,False,2025-09-28,2025-09
6944,262,2025-12-21,2025-12-21 07:48:00,Kanpur,Tier 2,Debit Card,RTO,44427.6,4,,,,2025-12
6945,721,2025-11-20,2025-11-20 23:02:00,Surat,Tier 2,Net Banking,Delivered,3764.15,7,7.0,False,2025-11-27,2025-11
6946,472,2025-02-24,2025-02-24 23:23:00,Mumbai,Tier 1,UPI,Delivered,419.25,5,8.0,True,2025-03-04,2025-02
6947,659,2025-12-08,2025-12-08 19:15:00,Guwahati,Tier 3,Debit Card,Delivered,1913.3,5,5.0,False,2025-12-13,2025-12
6948,970,2026-05-22,2026-05-22 15:28:00,Pune,Tier 1,UPI,Delivered,1797.6,3,3.0,False,2026-05-25,2026-05
6949,750,2025-05-06,2025-05-06 21:19:00,Ahmedabad,Tier 2,UPI,RTO,2383.0,3,,,,2025-05
6950,46,2026-01-14,2026-01-14 02:19:00,Chennai,Tier 1,Cash on Delivery,Delivered,12849.0,5,6.0,True,2026-01-20,2026-01
6951,1159,2026-05-21,2026-05-21 01:04:00,Surat,Tier 2,UPI,Delivered,102.4,4,4.0,False,2026-05-25,2026-05
6952,120,2025-08-15,2025-08-15 14:56:00,Vadodara,Tier 2,Debit Card,Delivered,2809.0,2,4.0,True,2025-08-19,2025-08
6953,1025,2025-09-30,2025-09-30 00:32:00,Ahmedabad,Tier 2,Cash on Delivery,Delivered,4417.7,7,7.0,False,2025-10-07,2025-09
6954,472,2025-08-08,2025-08-08 15:32:00,Mumbai,Tier 1,Debit Card,Returned,3230.2,3,,,,2025-08
6955,262,2025-12-03,2025-12-03 23:34:00,Kanpur,Tier 2,UPI,Delivered,9755.0,2,2.0,False,2025-12-05,2025-12
6956,267,2026-05-21,2026-05-21 18:50:00,Delhi,Tier 1,Cash on Delivery,Delivered,78558.6,2,4.0,True,2026-05-25,2026-05
6957,81,2025-07-24,2025-07-24 16:32:00,Mumbai,Tier 1,Net Banking,Delivered,2490.75,2,1.0,False,2025-07-25,2025-07
6958,955,2026-06-20,2026-06-20 14:20:00,Bhopal,Tier 2,Debit Card,Delivered,2822.0,7,6.0,False,2026-06-26,2026-06
6959,1062,2026-06-18,2026-06-18 17:05:00,Hyderabad,Tier 1,Credit Card,Delivered,1672.0,7,7.0,False,2026-06-25,2026-06
6960,619,2025-12-25,2025-12-25 15:06:00,Jaipur,Tier 2,UPI,Delivered,46390.0,4,5.0,True,2025-12-30,2025-12
6961,870,2025-04-04,2025-04-04 21:58:00,Surat,Tier 2,Cash on Delivery,RTO,490.4,7,,,,2025-04
6962,262,2024-07-06,2024-07-06 01:56:00,Kanpur,Tier 2,UPI,Delivered,490.4,3,6.0,True,2024-07-12,2024-07
6963,470,2025-07-15,2025-07-15 02:35:00,Bhopal,Tier 2,Credit Card,Delivered,7936.0,2,5.0,True,2025-07-20,2025-07
6964,1137,2025-10-28,2025-10-28 13:11:00,Kolkata,Tier 1,UPI,Delivered,8845.5,4,5.0,True,2025-11-02,2025-10
6965,26,2025-10-16,2025-10-16 15:38:00,Bhopal,Tier 2,Net Banking,Delivered,1958.0,5,4.0,False,2025-10-20,2025-10
6966,626,2026-03-03,2026-03-03 19:09:00,Mumbai,Tier 1,Cash on Delivery,Delivered,4458.25,7,7.0,False,2026-03-10,2026-03
6967,116,2026-01-03,2026-01-03 07:14:00,Surat,Tier 2,UPI,Delivered,9038.35,7,8.0,True,2026-01-11,2026-01
6968,394,2026-05-25,2026-05-25 14:49:00,Pune,Tier 1,UPI,Delivered,764.25,3,3.0,False,2026-05-28,2026-05
6969,104,2025-08-25,2025-08-25 07:27:00,Pune,Tier 1,Cash on Delivery,Delivered,5769.2,4,7.0,True,2025-09-01,2025-08
6970,971,2026-02-27,2026-02-27 21:06:00,Patna,Tier 3,UPI,Delivered,837.9,2,2.0,False,2026-03-01,2026-02
6971,882,2026-06-22,2026-06-22 06:18:00,Ghaziabad,Tier 3,UPI,Delivered,546.0,5,5.0,False,2026-06-27,2026-06
6972,509,2025-05-07,2025-05-07 20:28:00,Delhi,Tier 1,Cash on Delivery,Delivered,391.85,7,8.0,True,2025-05-15,2025-05
6973,2,2026-06-06,2026-06-06 07:57:00,Vadodara,Tier 2,UPI,Delivered,30367.1,7,8.0,True,2026-06-14,2026-06
6974,619,2026-04-29,2026-04-29 21:09:00,Jaipur,Tier 2,UPI,Delivered,546.0,7,8.0,True,2026-05-07,2026-04
6975,1199,2026-05-04,2026-05-04 12:59:00,Kolkata,Tier 1,Debit Card,Delivered,568.0,5,5.0,False,2026-05-09,2026-05
6976,1166,2025-12-30,2025-12-30 23:21:00,Nagpur,Tier 2,UPI,Delivered,475.15,4,4.0,False,2026-01-03,2025-12
6977,352,2025-12-17,2025-12-17 12:32:00,Mumbai,Tier 1,Cash on Delivery,Delivered,2144.1,4,7.0,True,2025-12-24,2025-12
6978,933,2024-11-19,2024-11-19 18:32:00,Pune,Tier 1,Credit Card,Returned,7819.2,2,,,,2024-11
6979,1038,2025-09-20,2025-09-20 14:59:00,Jaipur,Tier 2,Cash on Delivery,RTO,6843.4,7,,,,2025-09
6980,151,2026-03-12,2026-03-12 20:35:00,Surat,Tier 2,UPI,Delivered,37837.0,5,4.0,False,2026-03-16,2026-03
6981,782,2025-01-11,2025-01-11 20:03:00,Kolkata,Tier 1,Cash on Delivery,RTO,9992.0,4,,,,2025-01
6982,681,2025-11-23,2025-11-23 09:50:00,Chennai,Tier 1,Net Banking,Delivered,34286.4,7,8.0,True,2025-12-01,2025-11
6983,14,2026-02-28,2026-02-28 18:57:00,Ahmedabad,Tier 2,Cash on Delivery,Returned,1322.0,4,,,,2026-02
6984,1,2024-03-13,2024-03-13 18:06:00,Hyderabad,Tier 1,UPI,Delivered,14990.2,4,4.0,False,2024-03-17,2024-03
6985,127,2025-08-08,2025-08-08 15:01:00,Bhopal,Tier 2,Debit Card,Cancelled,2539.8,5,,,,2025-08
6986,306,2025-06-22,2025-06-22 10:39:00,Vadodara,Tier 2,Credit Card,Delivered,304.0,4,5.0,True,2025-06-27,2025-06
6987,1123,2026-06-04,2026-06-04 23:42:00,Nagpur,Tier 2,Debit Card,Delivered,1225.8,3,4.0,True,2026-06-08,2026-06
6988,713,2025-02-16,2025-02-16 11:03:00,Chennai,Tier 1,UPI,Delivered,12574.0,4,7.0,True,2025-02-23,2025-02
6989,1027,2026-04-02,2026-04-02 08:44:00,Indore,Tier 2,UPI,Returned,4140.75,3,,,,2026-04
6990,679,2026-05-10,2026-05-10 10:23:00,Bengaluru,Tier 1,UPI,Delivered,865.0,2,1.0,False,2026-05-11,2026-05
6991,974,2025-12-02,2025-12-02 15:41:00,Bhopal,Tier 2,UPI,Delivered,75674.0,3,3.0,False,2025-12-05,2025-12
6992,692,2025-10-12,2025-10-12 13:25:00,Jaipur,Tier 2,Credit Card,Delivered,612.0,7,7.0,False,2025-10-19,2025-10
6993,198,2025-09-11,2025-09-11 08:50:00,Coimbatore,Tier 2,Debit Card,Delivered,1430.2,4,3.0,False,2025-09-14,2025-09
6994,183,2025-11-24,2025-11-24 04:15:00,Kanpur,Tier 2,Net Banking,Returned,784.8,5,,,,2025-11
6995,647,2026-03-15,2026-03-15 05:34:00,Bengaluru,Tier 1,UPI,Delivered,4448.8,2,4.0,True,2026-03-19,2026-03
6996,662,2026-04-04,2026-04-04 01:36:00,Patna,Tier 3,UPI,Returned,31491.0,2,,,,2026-04
6997,151,2026-06-04,2026-06-04 06:03:00,Surat,Tier 2,UPI,RTO,1680.55,3,,,,2026-06
6998,504,2026-02-27,2026-02-27 16:19:00,Delhi,Tier 1,UPI,Cancelled,1846.8,4,,,,2026-02
6999,183,2026-05-19,2026-05-19 16:07:00,Kanpur,Tier 2,Debit Card,Delivered,10972.2,3,5.0,True,2026-05-24,2026-05
7000,231,2026-05-01,2026-05-01 10:26:00,Surat,Tier 2,UPI,Cancelled,1707.3,4,,,,2026-05
7001,714,2026-06-25,2026-06-25 21:51:00,Nagpur,Tier 2,Net Banking,Delivered,1087.0,2,1.0,False,2026-06-26,2026-06
7002,1159,2026-04-28,2026-04-28 14:00:00,Surat,Tier 2,Debit Card,Cancelled,2383.0,3,,,,2026-04
7003,352,2025-09-23,2025-09-23 13:49:00,Mumbai,Tier 1,UPI,Returned,457.5,2,,,,2025-09
7004,155,2024-07-31,2024-07-31 08:01:00,Indore,Tier 2,Cash on Delivery,Returned,2656.8,3,,,,2024-07
7005,1060,2026-05-19,2026-05-19 18:35:00,Patna,Tier 3,UPI,Cancelled,846.0,4,,,,2026-05
7006,646,2025-11-19,2025-11-19 23:40:00,Coimbatore,Tier 2,Cash on Delivery,Cancelled,2810.95,5,,,,2025-11
7007,862,2026-01-21,2026-01-21 07:20:00,Coimbatore,Tier 2,UPI,Delivered,45032.0,5,6.0,True,2026-01-27,2026-01
7008,46,2025-04-12,2025-04-12 00:26:00,Chennai,Tier 1,Debit Card,Returned,51339.8,2,,,,2025-04
7009,509,2025-05-02,2025-05-02 00:45:00,Delhi,Tier 1,Cash on Delivery,Delivered,4496.4,7,7.0,False,2025-05-09,2025-05
7010,438,2026-06-24,2026-06-24 14:39:00,Nagpur,Tier 2,Credit Card,RTO,73028.4,7,,,,2026-06
7011,243,2026-04-09,2026-04-09 15:22:00,Kanpur,Tier 2,Debit Card,RTO,5480.4,3,,,,2026-04
7012,1062,2025-09-21,2025-09-21 14:01:00,Hyderabad,Tier 1,Credit Card,Cancelled,153.75,2,,,,2025-09
7013,786,2026-03-12,2026-03-12 02:13:00,Surat,Tier 2,UPI,Delivered,2192.8,2,4.0,True,2026-03-16,2026-03
7014,13,2026-05-20,2026-05-20 03:53:00,Kolkata,Tier 1,Credit Card,RTO,42232.6,2,,,,2026-05
7015,417,2025-09-20,2025-09-20 12:55:00,Pune,Tier 1,UPI,Cancelled,81053.0,5,,,,2025-09
7016,77,2026-03-02,2026-03-02 20:20:00,Surat,Tier 2,Cash on Delivery,RTO,6840.6,3,,,,2026-03
7017,1051,2026-04-14,2026-04-14 18:18:00,Vadodara,Tier 2,UPI,Delivered,8802.8,7,8.0,True,2026-04-22,2026-04
7018,1097,2026-03-28,2026-03-28 04:42:00,Chennai,Tier 1,UPI,Delivered,3258.0,7,6.0,False,2026-04-03,2026-03
7019,1152,2025-01-23,2025-01-23 23:19:00,Coimbatore,Tier 2,Cash on Delivery,Delivered,22663.2,7,7.0,False,2025-01-30,2025-01
7020,812,2024-09-28,2024-09-28 11:13:00,Mumbai,Tier 1,UPI,Delivered,11002.0,5,7.0,True,2024-10-05,2024-09
7021,1005,2026-04-02,2026-04-02 18:57:00,Surat,Tier 2,UPI,Delivered,10490.0,2,5.0,True,2026-04-07,2026-04
7022,44,2026-01-24,2026-01-24 05:32:00,Mumbai,Tier 1,UPI,Delivered,39691.9,2,2.0,False,2026-01-26,2026-01
7023,273,2026-03-28,2026-03-28 07:19:00,Bhopal,Tier 2,UPI,Delivered,682.55,4,7.0,True,2026-04-04,2026-03
7024,446,2026-03-30,2026-03-30 15:03:00,Mumbai,Tier 1,Credit Card,Delivered,1458.0,7,8.0,True,2026-04-07,2026-03
7025,306,2026-04-29,2026-04-29 00:32:00,Vadodara,Tier 2,Net Banking,Delivered,107258.4,3,3.0,False,2026-05-02,2026-04
7026,80,2026-05-10,2026-05-10 20:15:00,Nagpur,Tier 2,UPI,Returned,1101.0,3,,,,2026-05
7027,339,2025-03-01,2025-03-01 17:16:00,Vadodara,Tier 2,Credit Card,Delivered,15723.0,4,7.0,True,2025-03-08,2025-03
7028,1025,2025-06-06,2025-06-06 11:58:00,Ahmedabad,Tier 2,UPI,Delivered,15263.1,5,7.0,True,2025-06-13,2025-06
7029,368,2025-08-19,2025-08-19 15:05:00,Nagpur,Tier 2,UPI,Delivered,603.25,4,5.0,True,2025-08-24,2025-08
7030,499,2025-10-15,2025-10-15 18:29:00,Bengaluru,Tier 1,UPI,Delivered,556.0,2,3.0,True,2025-10-18,2025-10
7031,576,2026-05-21,2026-05-21 07:09:00,Coimbatore,Tier 2,Debit Card,Delivered,37224.0,5,5.0,False,2026-05-26,2026-05
7032,772,2024-12-22,2024-12-22 02:28:00,Indore,Tier 2,Credit Card,Cancelled,745.0,7,,,,2024-12
7033,232,2024-12-29,2024-12-29 19:11:00,Bengaluru,Tier 1,Credit Card,Delivered,821.75,3,4.0,True,2025-01-02,2024-12
7034,1106,2025-12-15,2025-12-15 17:14:00,Surat,Tier 2,UPI,Delivered,582.0,2,4.0,True,2025-12-19,2025-12
7035,595,2025-07-13,2025-07-13 02:20:00,Kolkata,Tier 1,UPI,Returned,608.0,3,,,,2025-07
7036,1054,2026-03-09,2026-03-09 04:39:00,Kolkata,Tier 1,UPI,RTO,2452.15,2,,,,2026-03
7037,411,2026-04-17,2026-04-17 04:02:00,Hyderabad,Tier 1,Cash on Delivery,RTO,30367.1,3,,,,2026-04
7038,1091,2026-02-27,2026-02-27 21:29:00,Delhi,Tier 1,Debit Card,Returned,2536.4,7,,,,2026-02
7039,316,2026-05-02,2026-05-02 01:39:00,Kolkata,Tier 1,Cash on Delivery,Delivered,38175.0,5,4.0,False,2026-05-06,2026-05
7040,489,2026-04-18,2026-04-18 12:26:00,Surat,Tier 2,Cash on Delivery,Delivered,1070.0,5,5.0,False,2026-04-23,2026-04
7041,797,2026-06-11,2026-06-11 14:03:00,Lucknow,Tier 2,Cash on Delivery,Delivered,11853.15,7,7.0,False,2026-06-18,2026-06
7042,1036,2025-07-18,2025-07-18 12:19:00,Ahmedabad,Tier 2,Credit Card,Returned,9751.8,3,,,,2025-07
7043,1154,2025-11-22,2025-11-22 16:57:00,Ghaziabad,Tier 3,Credit Card,Cancelled,414.9,2,,,,2025-11
7044,687,2025-09-21,2025-09-21 07:02:00,Lucknow,Tier 2,Debit Card,Delivered,57688.0,3,5.0,True,2025-09-26,2025-09
7045,1081,2025-04-08,2025-04-08 04:20:00,Guwahati,Tier 3,UPI,Delivered,3184.2,3,2.0,False,2025-04-10,2025-04
7046,368,2026-05-29,2026-05-29 00:18:00,Nagpur,Tier 2,UPI,Delivered,4246.6,7,6.0,False,2026-06-04,2026-05
7047,55,2026-05-06,2026-05-06 14:23:00,Chennai,Tier 1,Debit Card,Delivered,558.75,2,2.0,False,2026-05-08,2026-05
7048,1152,2025-02-16,2025-02-16 18:20:00,Coimbatore,Tier 2,Debit Card,Delivered,436.8,7,7.0,False,2025-02-23,2025-02
7049,61,2026-05-17,2026-05-17 04:32:00,Kanpur,Tier 2,Credit Card,Delivered,768.0,5,5.0,False,2026-05-22,2026-05
7050,807,2026-05-15,2026-05-15 09:05:00,Hyderabad,Tier 1,Cash on Delivery,Cancelled,1309.1,3,,,,2026-05
7051,576,2026-01-25,2026-01-25 13:23:00,Coimbatore,Tier 2,Cash on Delivery,Delivered,10985.0,3,4.0,True,2026-01-29,2026-01
7052,1023,2025-06-28,2025-06-28 04:45:00,Indore,Tier 2,UPI,Delivered,6405.0,2,1.0,False,2025-06-29,2025-06
7053,391,2025-02-12,2025-02-12 05:34:00,Kanpur,Tier 2,Credit Card,Delivered,16560.85,3,4.0,True,2025-02-16,2025-02
7054,1051,2026-05-29,2026-05-29 17:45:00,Vadodara,Tier 2,Credit Card,Cancelled,3968.0,7,,,,2026-05
7055,2,2025-09-03,2025-09-03 18:27:00,Vadodara,Tier 2,UPI,Delivered,1067.6,5,6.0,True,2025-09-09,2025-09
7056,576,2026-01-16,2026-01-16 23:56:00,Coimbatore,Tier 2,UPI,Delivered,2338.9,3,2.0,False,2026-01-18,2026-01
7057,1100,2025-08-24,2025-08-24 16:35:00,Jaipur,Tier 2,UPI,Cancelled,1693.2,5,,,,2025-08
7058,396,2026-03-11,2026-03-11 15:59:00,Mumbai,Tier 1,UPI,Delivered,3562.6,3,4.0,True,2026-03-15,2026-03
7059,394,2025-06-18,2025-06-18 11:15:00,Pune,Tier 1,UPI,Delivered,40728.25,3,2.0,False,2025-06-20,2025-06
7060,203,2026-06-09,2026-06-09 08:05:00,Kanpur,Tier 2,UPI,Delivered,9563.0,2,3.0,True,2026-06-12,2026-06
7061,794,2025-02-06,2025-02-06 09:21:00,Ahmedabad,Tier 2,Credit Card,RTO,7076.5,2,,,,2025-02
7062,1087,2025-03-17,2025-03-17 20:32:00,Ahmedabad,Tier 2,Credit Card,Delivered,5175.65,5,6.0,True,2025-03-23,2025-03
7063,151,2026-02-09,2026-02-09 16:58:00,Surat,Tier 2,Net Banking,Delivered,9729.0,2,4.0,True,2026-02-13,2026-02
7064,767,2026-05-31,2026-05-31 03:52:00,Coimbatore,Tier 2,Cash on Delivery,Delivered,33564.0,3,3.0,False,2026-06-03,2026-05
7065,943,2025-12-07,2025-12-07 12:04:00,Bengaluru,Tier 1,Credit Card,Delivered,3275.25,5,6.0,True,2025-12-13,2025-12
7066,1085,2026-06-12,2026-06-12 23:38:00,Indore,Tier 2,UPI,Delivered,1458.0,2,3.0,True,2026-06-15,2026-06
7067,718,2025-04-20,2025-04-20 04:44:00,Guwahati,Tier 3,UPI,Delivered,482.8,7,7.0,False,2025-04-27,2025-04
7068,772,2025-12-02,2025-12-02 22:33:00,Indore,Tier 2,UPI,Delivered,1536.0,4,5.0,True,2025-12-07,2025-12
7069,52,2025-12-08,2025-12-08 23:23:00,Vadodara,Tier 2,Cash on Delivery,Returned,72928.8,5,,,,2025-12
7070,366,2025-09-17,2025-09-17 09:19:00,Vadodara,Tier 2,UPI,Delivered,1680.55,5,5.0,False,2025-09-22,2025-09
7071,359,2024-11-07,2024-11-07 06:00:00,Delhi,Tier 1,Debit Card,Delivered,37224.0,4,5.0,True,2024-11-12,2024-11
7072,433,2026-06-29,2026-06-29 09:00:00,Ahmedabad,Tier 2,UPI,Returned,571.5,4,,,,2026-06
7073,997,2025-04-15,2025-04-15 05:52:00,Patna,Tier 3,Credit Card,Delivered,2092.25,3,6.0,True,2025-04-21,2025-04
7074,919,2025-08-13,2025-08-13 08:49:00,Pune,Tier 1,UPI,Delivered,4344.0,4,5.0,True,2025-08-18,2025-08
7075,738,2026-01-11,2026-01-11 07:52:00,Delhi,Tier 1,Cash on Delivery,Delivered,36026.3,7,8.0,True,2026-01-19,2026-01
7076,198,2025-12-26,2025-12-26 05:47:00,Coimbatore,Tier 2,UPI,Delivered,558.75,5,6.0,True,2026-01-01,2025-12
7077,391,2025-03-03,2025-03-03 07:59:00,Kanpur,Tier 2,UPI,Delivered,29549.35,3,3.0,False,2025-03-06,2025-03
7078,97,2025-09-24,2025-09-24 19:41:00,Jaipur,Tier 2,UPI,Delivered,1386.0,4,5.0,True,2025-09-29,2025-09
7079,1118,2025-08-01,2025-08-01 21:18:00,Bhopal,Tier 2,UPI,Cancelled,5624.5,2,,,,2025-08
7080,1166,2025-11-27,2025-11-27 21:01:00,Nagpur,Tier 2,Credit Card,Delivered,1079.5,2,2.0,False,2025-11-29,2025-11
7081,1173,2024-10-08,2024-10-08 18:26:00,Surat,Tier 2,Cash on Delivery,Delivered,738.9,7,8.0,True,2024-10-16,2024-10
7082,734,2026-06-25,2026-06-25 15:51:00,Kolkata,Tier 1,Net Banking,Cancelled,3039.0,7,,,,2026-06
7083,187,2025-07-28,2025-07-28 22:19:00,Chennai,Tier 1,Credit Card,Delivered,38865.15,4,7.0,True,2025-08-04,2025-07
7084,38,2025-08-04,2025-08-04 08:39:00,Surat,Tier 2,UPI,Delivered,2741.0,4,3.0,False,2025-08-07,2025-08
7085,595,2025-01-17,2025-01-17 04:10:00,Kolkata,Tier 1,Credit Card,RTO,521.05,7,,,,2025-01
7086,798,2026-01-28,2026-01-28 14:24:00,Surat,Tier 2,UPI,Delivered,846.0,7,7.0,False,2026-02-04,2026-01
7087,848,2025-06-06,2025-06-06 19:03:00,Lucknow,Tier 2,Credit Card,Delivered,1176.05,2,3.0,True,2025-06-09,2025-06
7088,1089,2026-05-28,2026-05-28 21:27:00,Kanpur,Tier 2,Cash on Delivery,RTO,546.0,5,,,,2026-05
7089,906,2026-02-11,2026-02-11 23:32:00,Lucknow,Tier 2,UPI,Delivered,3272.7,4,7.0,True,2026-02-18,2026-02
7090,479,2025-12-01,2025-12-01 09:29:00,Jaipur,Tier 2,UPI,Delivered,479.4,2,3.0,True,2025-12-04,2025-12
7091,796,2025-07-30,2025-07-30 05:53:00,Coimbatore,Tier 2,UPI,Returned,45929.45,3,,,,2025-07
7092,997,2024-04-13,2024-04-13 08:13:00,Patna,Tier 3,UPI,Delivered,642.4,3,6.0,True,2024-04-19,2024-04
7093,679,2026-01-21,2026-01-21 19:38:00,Bengaluru,Tier 1,Net Banking,Returned,2215.8,5,,,,2026-01
7094,1196,2026-03-25,2026-03-25 16:58:00,Delhi,Tier 1,Credit Card,Delivered,36156.9,4,4.0,False,2026-03-29,2026-03
7095,1198,2026-02-19,2026-02-19 19:10:00,Bengaluru,Tier 1,Debit Card,Cancelled,34766.0,7,,,,2026-02
7096,476,2025-07-05,2025-07-05 01:22:00,Patna,Tier 3,Credit Card,Delivered,5301.3,4,3.0,False,2025-07-08,2025-07
7097,442,2025-11-22,2025-11-22 17:57:00,Bengaluru,Tier 1,UPI,Delivered,5521.0,4,5.0,True,2025-11-27,2025-11
7098,1105,2026-02-22,2026-02-22 12:01:00,Lucknow,Tier 2,Net Banking,Delivered,40516.0,5,5.0,False,2026-02-27,2026-02
7099,770,2026-04-21,2026-04-21 09:39:00,Delhi,Tier 1,UPI,Delivered,642.4,7,8.0,True,2026-04-29,2026-04
7100,938,2025-09-01,2025-09-01 11:02:00,Delhi,Tier 1,UPI,Delivered,40516.0,3,3.0,False,2025-09-04,2025-09
7101,490,2026-03-04,2026-03-04 23:20:00,Vadodara,Tier 2,UPI,RTO,635.0,4,,,,2026-03
7102,685,2026-06-01,2026-06-01 23:45:00,Pune,Tier 1,Cash on Delivery,Delivered,2601.8,3,2.0,False,2026-06-03,2026-06
7103,1089,2025-11-09,2025-11-09 20:06:00,Kanpur,Tier 2,UPI,Delivered,444.8,2,3.0,True,2025-11-12,2025-11
7104,663,2026-05-21,2026-05-21 20:25:00,Ahmedabad,Tier 2,UPI,Delivered,3850.0,2,2.0,False,2026-05-23,2026-05
7105,306,2025-08-12,2025-08-12 19:34:00,Vadodara,Tier 2,UPI,Delivered,865.0,7,7.0,False,2025-08-19,2025-08
7106,746,2026-05-06,2026-05-06 01:08:00,Mumbai,Tier 1,UPI,RTO,613.0,5,,,,2026-05
7107,768,2026-05-13,2026-05-13 15:56:00,Delhi,Tier 1,Cash on Delivery,Delivered,424.0,7,7.0,False,2026-05-20,2026-05
7108,647,2025-06-20,2025-06-20 03:00:00,Bengaluru,Tier 1,Credit Card,Delivered,43497.55,4,4.0,False,2025-06-24,2025-06
7109,764,2026-05-15,2026-05-15 21:46:00,Delhi,Tier 1,Credit Card,Delivered,4348.65,5,6.0,True,2026-05-21,2026-05
7110,1060,2026-05-23,2026-05-23 09:28:00,Patna,Tier 3,Debit Card,Delivered,28003.2,5,6.0,True,2026-05-29,2026-05
7111,102,2026-02-17,2026-02-17 12:25:00,Surat,Tier 2,Debit Card,Returned,1992.0,7,,,,2026-02
7112,44,2026-01-16,2026-01-16 04:38:00,Mumbai,Tier 1,Credit Card,Delivered,1142.6,4,5.0,True,2026-01-21,2026-01
7113,432,2025-11-18,2025-11-18 20:19:00,Ahmedabad,Tier 2,Cash on Delivery,Delivered,43339.0,5,5.0,False,2025-11-23,2025-11
7114,662,2026-05-01,2026-05-01 14:50:00,Patna,Tier 3,UPI,Delivered,1019.0,4,3.0,False,2026-05-04,2026-05
7115,1055,2025-11-11,2025-11-11 08:50:00,Indore,Tier 2,UPI,Delivered,4766.0,4,4.0,False,2025-11-15,2025-11
7116,391,2025-03-12,2025-03-12 21:45:00,Kanpur,Tier 2,UPI,RTO,2027.0,3,,,,2025-03
7117,597,2025-11-07,2025-11-07 14:03:00,Patna,Tier 3,UPI,Delivered,8606.7,2,2.0,False,2025-11-09,2025-11
7118,1108,2025-10-15,2025-10-15 07:09:00,Chennai,Tier 1,Cash on Delivery,Delivered,824.25,7,6.0,False,2025-10-21,2025-10
7119,954,2026-06-23,2026-06-23 08:41:00,Surat,Tier 2,UPI,Delivered,42317.8,5,8.0,True,2026-07-01,2026-06
7120,1122,2026-03-25,2026-03-25 06:19:00,Bhopal,Tier 2,Cash on Delivery,Returned,1438.2,3,,,,2026-03
7121,898,2026-04-02,2026-04-02 10:55:00,Guwahati,Tier 3,UPI,Delivered,3064.4,3,6.0,True,2026-04-08,2026-04
7122,738,2026-06-23,2026-06-23 12:32:00,Delhi,Tier 1,UPI,Delivered,7981.0,5,8.0,True,2026-07-01,2026-06
7123,532,2026-06-09,2026-06-09 23:35:00,Jaipur,Tier 2,UPI,Delivered,4571.3,7,7.0,False,2026-06-16,2026-06
7124,293,2026-02-18,2026-02-18 00:51:00,Chennai,Tier 1,UPI,Delivered,1406.4,5,4.0,False,2026-02-22,2026-02
7125,947,2025-12-03,2025-12-03 23:05:00,Surat,Tier 2,Credit Card,Delivered,30276.2,4,3.0,False,2025-12-06,2025-12
7126,967,2026-01-08,2026-01-08 00:29:00,Hyderabad,Tier 1,Debit Card,Delivered,3307.0,2,3.0,True,2026-01-11,2026-01
7127,454,2026-04-18,2026-04-18 06:03:00,Ghaziabad,Tier 3,Credit Card,Returned,38490.2,7,,,,2026-04
7128,1084,2025-11-20,2025-11-20 19:05:00,Kolkata,Tier 1,UPI,Delivered,990.9,2,2.0,False,2025-11-22,2025-11
7129,752,2026-01-21,2026-01-21 15:09:00,Kanpur,Tier 2,UPI,Delivered,42217.95,2,2.0,False,2026-01-23,2026-01
7130,409,2026-05-02,2026-05-02 18:58:00,Coimbatore,Tier 2,Debit Card,Delivered,76563.7,5,4.0,False,2026-05-06,2026-05
7131,1056,2026-04-01,2026-04-01 17:21:00,Chennai,Tier 1,Credit Card,Delivered,324.0,3,4.0,True,2026-04-05,2026-04
7132,533,2025-12-30,2025-12-30 03:57:00,Chennai,Tier 1,UPI,Delivered,42984.4,2,3.0,True,2026-01-02,2025-12
7133,337,2025-10-10,2025-10-10 22:58:00,Bengaluru,Tier 1,Credit Card,Returned,47177.2,5,,,,2025-10
7134,1197,2026-06-09,2026-06-09 18:48:00,Coimbatore,Tier 2,Cash on Delivery,Delivered,1016.5,2,5.0,True,2026-06-14,2026-06
7135,396,2026-01-31,2026-01-31 04:31:00,Mumbai,Tier 1,Cash on Delivery,Delivered,5553.75,5,6.0,True,2026-02-06,2026-01
7136,973,2025-01-24,2025-01-24 01:54:00,Patna,Tier 3,UPI,Returned,9618.7,5,,,,2025-01
7137,1042,2025-06-01,2025-06-01 05:20:00,Coimbatore,Tier 2,Debit Card,Delivered,4982.75,3,3.0,False,2025-06-04,2025-06
7138,1042,2025-11-19,2025-11-19 10:12:00,Coimbatore,Tier 2,UPI,Delivered,2741.0,3,3.0,False,2025-11-22,2025-11
7139,234,2025-12-20,2025-12-20 20:53:00,Bengaluru,Tier 1,Cash on Delivery,Delivered,2741.0,2,3.0,True,2025-12-23,2025-12
7140,504,2025-04-09,2025-04-09 17:46:00,Delhi,Tier 1,UPI,Delivered,5775.0,3,3.0,False,2025-04-12,2025-04
7141,858,2026-04-26,2026-04-26 03:03:00,Chennai,Tier 1,Credit Card,RTO,30155.25,2,,,,2026-04
7142,1184,2025-12-14,2025-12-14 19:35:00,Indore,Tier 2,UPI,Delivered,1372.45,3,5.0,True,2025-12-19,2025-12
7143,1166,2025-09-05,2025-09-05 18:25:00,Nagpur,Tier 2,UPI,Delivered,3326.4,2,2.0,False,2025-09-07,2025-09
7144,456,2025-02-23,2025-02-23 18:52:00,Bhopal,Tier 2,Credit Card,Delivered,28696.5,4,6.0,True,2025-03-01,2025-02
7145,928,2026-01-13,2026-01-13 12:38:00,Bengaluru,Tier 1,Debit Card,Delivered,898.0,7,7.0,False,2026-01-20,2026-01
7146,427,2025-11-02,2025-11-02 18:46:00,Mumbai,Tier 1,Net Banking,Returned,12637.6,2,,,,2025-11
7147,1054,2025-01-13,2025-01-13 15:36:00,Kolkata,Tier 1,Cash on Delivery,Delivered,64740.55,3,2.0,False,2025-01-15,2025-01
7148,615,2026-05-19,2026-05-19 09:54:00,Surat,Tier 2,Net Banking,Cancelled,950.3,4,,,,2026-05
7149,93,2025-02-06,2025-02-06 03:19:00,Delhi,Tier 1,UPI,Delivered,1761.6,5,4.0,False,2025-02-10,2025-02
7150,184,2026-02-06,2026-02-06 03:08:00,Hyderabad,Tier 1,UPI,Returned,935.85,3,,,,2026-02
7151,391,2025-11-12,2025-11-12 21:18:00,Kanpur,Tier 2,Cash on Delivery,Returned,1507.95,4,,,,2025-11
7152,36,2025-03-17,2025-03-17 17:16:00,Nagpur,Tier 2,UPI,Cancelled,3211.9,4,,,,2025-03
7153,339,2026-01-20,2026-01-20 10:54:00,Vadodara,Tier 2,UPI,Cancelled,1906.4,4,,,,2026-01
7154,1150,2026-03-30,2026-03-30 17:21:00,Bhopal,Tier 2,Debit Card,Delivered,166652.75,7,7.0,False,2026-04-06,2026-03
7155,887,2025-04-23,2025-04-23 05:24:00,Coimbatore,Tier 2,Cash on Delivery,Delivered,37337.95,7,7.0,False,2025-04-30,2025-04
7156,470,2024-11-11,2024-11-11 04:49:00,Bhopal,Tier 2,UPI,RTO,1797.6,5,,,,2024-11
7157,1062,2026-01-16,2026-01-16 06:02:00,Hyderabad,Tier 1,Cash on Delivery,Delivered,2776.15,2,3.0,True,2026-01-19,2026-01
7158,519,2025-10-04,2025-10-04 21:55:00,Jaipur,Tier 2,UPI,Delivered,2279.25,7,7.0,False,2025-10-11,2025-10
7159,818,2026-03-23,2026-03-23 16:08:00,Mumbai,Tier 1,Net Banking,Delivered,2383.0,7,7.0,False,2026-03-30,2026-03
7160,341,2025-09-22,2025-09-22 08:10:00,Pune,Tier 1,UPI,Delivered,40420.8,3,6.0,True,2025-09-28,2025-09
7161,743,2025-12-18,2025-12-18 15:25:00,Vadodara,Tier 2,UPI,Delivered,33027.7,2,2.0,False,2025-12-20,2025-12
7162,479,2024-12-11,2024-12-11 11:26:00,Jaipur,Tier 2,UPI,Delivered,413.0,4,3.0,False,2024-12-14,2024-12
7163,391,2025-10-21,2025-10-21 11:06:00,Kanpur,Tier 2,Cash on Delivery,Delivered,3184.75,7,7.0,False,2025-10-28,2025-10
7164,414,2026-05-25,2026-05-25 03:43:00,Kolkata,Tier 1,Cash on Delivery,RTO,2988.9,7,,,,2026-05
7165,1065,2025-11-18,2025-11-18 02:29:00,Indore,Tier 2,UPI,Delivered,5245.0,2,5.0,True,2025-11-23,2025-11
7166,195,2026-05-16,2026-05-16 23:45:00,Ahmedabad,Tier 2,Cash on Delivery,Delivered,371.7,5,6.0,True,2026-05-22,2026-05
7167,972,2026-05-02,2026-05-02 21:12:00,Surat,Tier 2,Cash on Delivery,Returned,865.0,3,,,,2026-05
7168,246,2026-06-23,2026-06-23 13:12:00,Guwahati,Tier 3,UPI,Returned,48462.6,2,,,,2026-06
7169,760,2026-03-11,2026-03-11 05:29:00,Guwahati,Tier 3,UPI,Delivered,4778.45,5,6.0,True,2026-03-17,2026-03
7170,501,2026-03-11,2026-03-11 02:52:00,Guwahati,Tier 3,Debit Card,Delivered,7281.1,5,4.0,False,2026-03-15,2026-03
7171,474,2026-06-07,2026-06-07 19:59:00,Patna,Tier 3,UPI,Delivered,38143.8,2,3.0,True,2026-06-10,2026-06
7172,929,2026-04-15,2026-04-15 04:35:00,Chennai,Tier 1,UPI,Delivered,40207.0,7,10.0,True,2026-04-25,2026-04
7173,954,2026-02-22,2026-02-22 16:27:00,Surat,Tier 2,Cash on Delivery,Delivered,1193.2,4,4.0,False,2026-02-26,2026-02
7174,870,2025-06-05,2025-06-05 03:14:00,Surat,Tier 2,UPI,Returned,1236.0,3,,,,2025-06
7175,183,2025-12-24,2025-12-24 10:36:00,Kanpur,Tier 2,Debit Card,Delivered,41464.3,4,5.0,True,2025-12-29,2025-12
7176,1016,2024-11-09,2024-11-09 04:47:00,Coimbatore,Tier 2,UPI,Delivered,1651.8,5,4.0,False,2024-11-13,2024-11
7177,151,2026-06-14,2026-06-14 03:31:00,Surat,Tier 2,UPI,Delivered,25496.1,7,8.0,True,2026-06-22,2026-06
7178,113,2024-04-26,2024-04-26 11:15:00,Guwahati,Tier 3,Cash on Delivery,Returned,2830.4,2,,,,2024-04
7179,2,2025-06-25,2025-06-25 13:35:00,Vadodara,Tier 2,Cash on Delivery,Delivered,1087.0,5,6.0,True,2025-07-01,2025-06
7180,306,2026-04-07,2026-04-07 13:16:00,Vadodara,Tier 2,UPI,Delivered,72238.95,5,5.0,False,2026-04-12,2026-04
7181,1168,2025-10-05,2025-10-05 17:39:00,Ahmedabad,Tier 2,UPI,Delivered,1298.4,4,4.0,False,2025-10-09,2025-10
7182,933,2026-02-28,2026-02-28 16:58:00,Pune,Tier 1,Credit Card,Cancelled,2430.0,4,,,,2026-02
7183,155,2025-08-08,2025-08-08 13:26:00,Indore,Tier 2,Debit Card,Delivered,10583.7,2,2.0,False,2025-08-10,2025-08
7184,1182,2025-07-12,2025-07-12 15:07:00,Kolkata,Tier 1,Cash on Delivery,Delivered,490.4,4,3.0,False,2025-07-15,2025-07
7185,98,2026-05-25,2026-05-25 18:04:00,Mumbai,Tier 1,Debit Card,Cancelled,27715.75,4,,,,2026-05
7186,1018,2025-05-07,2025-05-07 16:38:00,Coimbatore,Tier 2,Debit Card,Delivered,846.0,2,3.0,True,2025-05-10,2025-05
7187,650,2025-02-03,2025-02-03 18:05:00,Chennai,Tier 1,UPI,Delivered,1892.4,7,7.0,False,2025-02-10,2025-02
7188,955,2026-06-11,2026-06-11 19:44:00,Bhopal,Tier 2,Cash on Delivery,Cancelled,829.35,4,,,,2026-06
7189,246,2026-06-13,2026-06-13 07:11:00,Guwahati,Tier 3,Credit Card,Delivered,2255.3,3,6.0,True,2026-06-19,2026-06
7190,496,2025-02-02,2025-02-02 04:20:00,Mumbai,Tier 1,Credit Card,Delivered,2523.7,5,6.0,True,2025-02-08,2025-02
7191,676,2025-10-11,2025-10-11 14:59:00,Guwahati,Tier 3,Debit Card,Cancelled,33135.5,2,,,,2025-10
7192,797,2026-06-07,2026-06-07 02:48:00,Lucknow,Tier 2,Cash on Delivery,Cancelled,48764.65,5,,,,2026-06
7193,918,2026-03-18,2026-03-18 09:44:00,Bhopal,Tier 2,UPI,Cancelled,72263.55,7,,,,2026-03
7194,696,2025-01-24,2025-01-24 08:38:00,Hyderabad,Tier 1,UPI,Returned,551.7,2,,,,2025-01
7195,332,2024-08-24,2024-08-24 02:00:00,Ghaziabad,Tier 3,Debit Card,Delivered,43339.0,5,4.0,False,2024-08-28,2024-08
7196,933,2025-06-21,2025-06-21 19:50:00,Pune,Tier 1,Credit Card,Delivered,798.0,5,7.0,True,2025-06-28,2025-06
7197,1003,2026-01-28,2026-01-28 18:23:00,Lucknow,Tier 2,Cash on Delivery,RTO,8163.4,3,,,,2026-01
7198,766,2026-06-18,2026-06-18 08:31:00,Kolkata,Tier 1,UPI,RTO,106526.25,4,,,,2026-06
7199,790,2026-04-11,2026-04-11 15:02:00,Pune,Tier 1,UPI,Delivered,33684.0,5,8.0,True,2026-04-19,2026-04
7200,405,2026-03-03,2026-03-03 01:03:00,Bhopal,Tier 2,Credit Card,Delivered,30519.2,2,5.0,True,2026-03-08,2026-03
7201,537,2024-11-05,2024-11-05 02:37:00,Patna,Tier 3,UPI,Delivered,80885.1,5,7.0,True,2024-11-12,2024-11
7202,195,2026-03-19,2026-03-19 05:56:00,Ahmedabad,Tier 2,Debit Card,Delivered,7122.0,7,7.0,False,2026-03-26,2026-03
7203,746,2026-05-15,2026-05-15 21:28:00,Mumbai,Tier 1,Cash on Delivery,RTO,34334.1,2,,,,2026-05
7204,1105,2026-04-25,2026-04-25 09:31:00,Lucknow,Tier 2,Credit Card,Delivered,990.9,7,7.0,False,2026-05-02,2026-04
7205,128,2026-05-18,2026-05-18 13:42:00,Delhi,Tier 1,Credit Card,Delivered,635.0,5,6.0,True,2026-05-24,2026-05
7206,52,2025-11-24,2025-11-24 17:31:00,Vadodara,Tier 2,UPI,Cancelled,2409.0,4,,,,2025-11
7207,1122,2025-12-20,2025-12-20 00:02:00,Bhopal,Tier 2,Net Banking,RTO,4954.65,2,,,,2025-12
7208,368,2026-04-04,2026-04-04 10:17:00,Nagpur,Tier 2,UPI,RTO,4565.85,2,,,,2026-04
7209,463,2025-10-30,2025-10-30 22:37:00,Ahmedabad,Tier 2,UPI,Delivered,490.4,7,7.0,False,2025-11-06,2025-10
7210,243,2026-03-30,2026-03-30 03:55:00,Kanpur,Tier 2,UPI,Delivered,33237.65,2,3.0,True,2026-04-02,2026-03
7211,1167,2026-02-12,2026-02-12 17:47:00,Bhopal,Tier 2,UPI,RTO,34766.0,7,,,,2026-02
7212,75,2025-02-22,2025-02-22 02:44:00,Bhopal,Tier 2,UPI,Delivered,29779.2,3,3.0,False,2025-02-25,2025-02
7213,188,2024-06-29,2024-06-29 06:19:00,Chennai,Tier 1,Credit Card,Delivered,69075.9,3,5.0,True,2024-07-04,2024-06
7214,972,2026-03-01,2026-03-01 13:45:00,Surat,Tier 2,Credit Card,Delivered,5665.15,2,2.0,False,2026-03-03,2026-03
7215,1186,2026-06-01,2026-06-01 22:55:00,Jaipur,Tier 2,Debit Card,Returned,2641.85,5,,,,2026-06
7216,481,2025-01-14,2025-01-14 07:01:00,Hyderabad,Tier 1,Credit Card,RTO,41234.75,4,,,,2025-01
7217,317,2025-02-01,2025-02-01 00:53:00,Kanpur,Tier 2,Credit Card,Delivered,40207.0,5,5.0,False,2025-02-06,2025-02
7218,1105,2026-05-18,2026-05-18 03:55:00,Lucknow,Tier 2,Credit Card,Delivered,38196.65,2,5.0,True,2026-05-23,2026-05
7219,446,2024-11-11,2024-11-11 07:24:00,Mumbai,Tier 1,UPI,RTO,582.0,2,,,,2024-11
7220,1151,2025-03-10,2025-03-10 03:38:00,Lucknow,Tier 2,Debit Card,Delivered,47297.35,2,3.0,True,2025-03-13,2025-03
7221,1055,2026-03-06,2026-03-06 14:12:00,Indore,Tier 2,Debit Card,Delivered,2383.0,3,5.0,True,2026-03-11,2026-03
7222,1027,2026-06-15,2026-06-15 11:27:00,Indore,Tier 2,Net Banking,Delivered,7917.1,2,1.0,False,2026-06-16,2026-06
7223,826,2024-10-03,2024-10-03 16:32:00,Ahmedabad,Tier 2,Net Banking,Delivered,51469.65,3,3.0,False,2024-10-06,2024-10
7224,1019,2024-10-21,2024-10-21 16:13:00,Indore,Tier 2,Cash on Delivery,Returned,103315.8,2,,,,2024-10
7225,229,2026-05-23,2026-05-23 15:20:00,Nagpur,Tier 2,UPI,Returned,5887.1,7,,,,2026-05
7226,514,2026-01-07,2026-01-07 01:49:00,Bengaluru,Tier 1,Cash on Delivery,Delivered,2202.0,4,3.0,False,2026-01-10,2026-01
7227,263,2025-04-26,2025-04-26 18:35:00,Ghaziabad,Tier 3,Cash on Delivery,Returned,369.0,4,,,,2025-04
7228,288,2026-02-17,2026-02-17 21:40:00,Coimbatore,Tier 2,Cash on Delivery,Delivered,153545.05,4,4.0,False,2026-02-21,2026-02
7229,1055,2025-03-01,2025-03-01 11:07:00,Indore,Tier 2,Debit Card,Delivered,12303.0,2,2.0,False,2025-03-03,2025-03
7230,808,2025-11-21,2025-11-21 12:16:00,Vadodara,Tier 2,Credit Card,Returned,1652.0,5,,,,2025-11
7231,762,2025-07-03,2025-07-03 00:36:00,Ahmedabad,Tier 2,Cash on Delivery,Delivered,3200.0,2,1.0,False,2025-07-04,2025-07
7232,314,2025-06-01,2025-06-01 03:55:00,Surat,Tier 2,Cash on Delivery,Delivered,2144.7,2,5.0,True,2025-06-06,2025-06
7233,523,2025-02-22,2025-02-22 18:15:00,Ahmedabad,Tier 2,Cash on Delivery,Delivered,995.0,5,8.0,True,2025-03-02,2025-02
7234,171,2025-04-06,2025-04-06 16:22:00,Mumbai,Tier 1,UPI,Delivered,11241.0,3,3.0,False,2025-04-09,2025-04
7235,542,2024-07-28,2024-07-28 06:25:00,Vadodara,Tier 2,Cash on Delivery,Delivered,5811.45,5,6.0,True,2024-08-03,2024-07
7236,46,2026-04-25,2026-04-25 08:23:00,Chennai,Tier 1,Debit Card,Delivered,9943.4,4,4.0,False,2026-04-29,2026-04
7237,664,2025-04-21,2025-04-21 21:06:00,Indore,Tier 2,Debit Card,RTO,33027.7,3,,,,2025-04
7238,533,2025-12-06,2025-12-06 23:14:00,Chennai,Tier 1,UPI,Cancelled,1197.0,2,,,,2025-12
7239,933,2024-08-16,2024-08-16 11:01:00,Pune,Tier 1,Credit Card,RTO,705.6,3,,,,2024-08
7240,509,2025-07-01,2025-07-01 17:44:00,Delhi,Tier 1,Credit Card,Delivered,40207.0,2,5.0,True,2025-07-06,2025-07
7241,836,2025-01-04,2025-01-04 08:34:00,Patna,Tier 3,UPI,Returned,5521.0,4,,,,2025-01
7242,274,2025-10-29,2025-10-29 06:08:00,Pune,Tier 1,UPI,RTO,30519.2,3,,,,2025-10
7243,918,2026-04-23,2026-04-23 23:37:00,Bhopal,Tier 2,UPI,Delivered,8814.2,3,4.0,True,2026-04-27,2026-04
7244,166,2025-02-10,2025-02-10 17:57:00,Kanpur,Tier 2,UPI,Delivered,5280.2,7,7.0,False,2025-02-17,2025-02
7245,858,2026-02-03,2026-02-03 06:00:00,Chennai,Tier 1,Credit Card,Delivered,2288.75,4,4.0,False,2026-02-07,2026-02
7246,1124,2026-05-03,2026-05-03 22:33:00,Hyderabad,Tier 1,Cash on Delivery,Delivered,28329.0,3,4.0,True,2026-05-07,2026-05
7247,322,2026-04-02,2026-04-02 12:39:00,Indore,Tier 2,Debit Card,Cancelled,3118.5,3,,,,2026-04
7248,402,2025-04-18,2025-04-18 03:48:00,Surat,Tier 2,Credit Card,Delivered,318.0,3,4.0,True,2025-04-22,2025-04
7249,560,2026-06-05,2026-06-05 11:57:00,Kolkata,Tier 1,Cash on Delivery,Delivered,75401.5,7,8.0,True,2026-06-13,2026-06
7250,1152,2024-08-20,2024-08-20 03:18:00,Coimbatore,Tier 2,Cash on Delivery,Delivered,979.0,4,5.0,True,2024-08-25,2024-08
7251,179,2026-04-22,2026-04-22 22:29:00,Bhopal,Tier 2,Credit Card,RTO,37601.55,3,,,,2026-04
7252,1122,2026-01-15,2026-01-15 09:10:00,Bhopal,Tier 2,Debit Card,Delivered,38490.2,5,6.0,True,2026-01-21,2026-01
7253,852,2025-04-08,2025-04-08 19:22:00,Guwahati,Tier 3,UPI,Delivered,432.8,2,2.0,False,2025-04-10,2025-04
7254,648,2025-11-07,2025-11-07 12:24:00,Kanpur,Tier 2,Debit Card,Delivered,614.4,4,4.0,False,2025-11-11,2025-11
7255,1099,2026-04-27,2026-04-27 12:42:00,Hyderabad,Tier 1,Debit Card,Returned,3980.25,5,,,,2026-04
7256,318,2026-01-31,2026-01-31 08:37:00,Vadodara,Tier 2,UPI,Delivered,783.2,5,5.0,False,2026-02-05,2026-01
7257,1019,2025-12-15,2025-12-15 00:11:00,Indore,Tier 2,UPI,Delivered,42890.0,5,7.0,True,2025-12-22,2025-12
7258,268,2026-02-23,2026-02-23 14:07:00,Coimbatore,Tier 2,UPI,Delivered,3933.75,2,2.0,False,2026-02-25,2026-02
7259,967,2025-12-20,2025-12-20 05:40:00,Hyderabad,Tier 1,UPI,Delivered,276.45,3,5.0,True,2025-12-25,2025-12
7260,157,2026-01-13,2026-01-13 01:05:00,Bengaluru,Tier 1,Credit Card,Delivered,29621.0,5,6.0,True,2026-01-19,2026-01
7261,177,2026-02-09,2026-02-09 01:34:00,Vadodara,Tier 2,UPI,RTO,37224.0,3,,,,2026-02
7262,679,2026-06-30,2026-06-30 09:52:00,Bengaluru,Tier 1,UPI,Delivered,1318.5,7,9.0,True,2026-07-09,2026-06
7263,327,2026-01-07,2026-01-07 17:10:00,Pune,Tier 1,Credit Card,Delivered,821.0,5,6.0,True,2026-01-13,2026-01
7264,296,2026-04-26,2026-04-26 22:19:00,Jaipur,Tier 2,Credit Card,Returned,4547.5,2,,,,2026-04
7265,379,2026-04-08,2026-04-08 14:23:00,Surat,Tier 2,Debit Card,Delivered,6442.6,5,6.0,True,2026-04-14,2026-04
7266,48,2025-10-20,2025-10-20 03:32:00,Vadodara,Tier 2,Cash on Delivery,Delivered,2025.55,5,6.0,True,2025-10-26,2025-10
7267,1083,2026-06-10,2026-06-10 04:22:00,Kolkata,Tier 1,UPI,Delivered,30723.1,4,4.0,False,2026-06-14,2026-06
7268,406,2026-05-08,2026-05-08 06:33:00,Kolkata,Tier 1,Debit Card,Cancelled,40207.0,3,,,,2026-05
7269,924,2026-04-23,2026-04-23 13:34:00,Surat,Tier 2,UPI,Delivered,39675.6,2,2.0,False,2026-04-25,2026-04
7270,350,2024-11-26,2024-11-26 02:12:00,Pune,Tier 1,Debit Card,Delivered,2271.2,5,5.0,False,2024-12-01,2024-11
7271,421,2025-08-12,2025-08-12 02:20:00,Vadodara,Tier 2,Cash on Delivery,Delivered,2848.0,2,1.0,False,2025-08-13,2025-08
7272,76,2026-06-23,2026-06-23 16:04:00,Jaipur,Tier 2,Debit Card,Delivered,1006.0,7,7.0,False,2026-06-30,2026-06
7273,277,2026-01-29,2026-01-29 19:34:00,Delhi,Tier 1,UPI,RTO,5274.0,5,,,,2026-01
7274,949,2024-09-10,2024-09-10 08:48:00,Jaipur,Tier 2,Debit Card,Delivered,24262.45,4,5.0,True,2024-09-15,2024-09
7275,1129,2026-06-08,2026-06-08 00:58:00,Indore,Tier 2,Debit Card,Delivered,1172.0,5,5.0,False,2026-06-13,2026-06
7276,1176,2026-04-12,2026-04-12 11:38:00,Bhopal,Tier 2,Credit Card,RTO,1156.0,2,,,,2026-04
7277,968,2026-01-01,2026-01-01 22:47:00,Indore,Tier 2,Debit Card,Delivered,3326.4,7,8.0,True,2026-01-09,2026-01
7278,933,2025-12-13,2025-12-13 04:57:00,Pune,Tier 1,Credit Card,RTO,6539.0,2,,,,2025-12
7279,302,2026-04-14,2026-04-14 14:05:00,Patna,Tier 3,UPI,Returned,28232.5,4,,,,2026-04
7280,624,2026-05-06,2026-05-06 20:31:00,Pune,Tier 1,Debit Card,Delivered,37837.0,3,3.0,False,2026-05-09,2026-05
7281,940,2025-08-15,2025-08-15 01:42:00,Mumbai,Tier 1,Cash on Delivery,Delivered,356.25,2,1.0,False,2025-08-16,2025-08
7282,140,2026-04-19,2026-04-19 18:48:00,Patna,Tier 3,Credit Card,Delivered,559.0,5,5.0,False,2026-04-24,2026-04
7283,1071,2026-05-17,2026-05-17 04:04:00,Indore,Tier 2,UPI,Returned,461.0,4,,,,2026-05
7284,337,2026-02-09,2026-02-09 05:47:00,Bengaluru,Tier 1,UPI,Delivered,40516.0,4,6.0,True,2026-02-15,2026-02
7285,679,2026-05-19,2026-05-19 14:06:00,Bengaluru,Tier 1,Debit Card,Delivered,749.7,4,4.0,False,2026-05-23,2026-05
7286,35,2024-12-09,2024-12-09 06:02:00,Mumbai,Tier 1,UPI,Delivered,2665.1,2,3.0,True,2024-12-12,2024-12
7287,486,2026-02-10,2026-02-10 20:37:00,Ghaziabad,Tier 3,Credit Card,RTO,793.8,4,,,,2026-02
7288,71,2026-03-02,2026-03-02 09:48:00,Kolkata,Tier 1,Debit Card,Returned,1749.6,2,,,,2026-03
7289,918,2026-04-18,2026-04-18 23:24:00,Bhopal,Tier 2,UPI,Delivered,3426.4,5,5.0,False,2026-04-23,2026-04
7290,1150,2025-12-26,2025-12-26 00:28:00,Bhopal,Tier 2,Net Banking,Delivered,1899.2,2,2.0,False,2025-12-28,2025-12
7291,447,2024-08-12,2024-08-12 05:38:00,Kanpur,Tier 2,Debit Card,Delivered,3272.75,3,4.0,True,2024-08-16,2024-08
7292,616,2026-06-15,2026-06-15 03:39:00,Vadodara,Tier 2,Cash on Delivery,RTO,21246.75,3,,,,2026-06
7293,1193,2025-06-24,2025-06-24 17:04:00,Coimbatore,Tier 2,UPI,Delivered,38175.2,5,5.0,False,2025-06-29,2025-06
7294,21,2026-06-18,2026-06-18 11:28:00,Kanpur,Tier 2,Cash on Delivery,Delivered,2955.85,5,5.0,False,2026-06-23,2026-06
7295,1116,2024-11-15,2024-11-15 22:28:00,Ghaziabad,Tier 3,UPI,Delivered,38323.7,2,4.0,True,2024-11-19,2024-11
7296,541,2026-06-19,2026-06-19 11:22:00,Pune,Tier 1,UPI,Cancelled,8688.0,5,,,,2026-06
7297,482,2026-05-30,2026-05-30 07:44:00,Coimbatore,Tier 2,UPI,Delivered,457.5,3,3.0,False,2026-06-02,2026-05
7298,760,2026-05-27,2026-05-27 19:33:00,Guwahati,Tier 3,Cash on Delivery,Cancelled,602.25,3,,,,2026-05
7299,616,2025-09-15,2025-09-15 08:08:00,Vadodara,Tier 2,UPI,Delivered,43086.0,3,2.0,False,2025-09-17,2025-09
7300,446,2024-11-23,2024-11-23 10:13:00,Mumbai,Tier 1,UPI,Returned,906.0,3,,,,2024-11
7301,329,2025-11-18,2025-11-18 09:54:00,Bhopal,Tier 2,Debit Card,Delivered,3164.4,2,3.0,True,2025-11-21,2025-11
7302,456,2024-04-21,2024-04-21 06:42:00,Bhopal,Tier 2,Cash on Delivery,Delivered,6389.8,7,6.0,False,2024-04-27,2024-04
7303,932,2024-09-14,2024-09-14 11:29:00,Ahmedabad,Tier 2,UPI,RTO,1130.4,4,,,,2024-09
7304,724,2026-06-18,2026-06-18 07:03:00,Pune,Tier 1,Debit Card,Cancelled,582.35,3,,,,2026-06
7305,519,2025-06-19,2025-06-19 02:22:00,Jaipur,Tier 2,Cash on Delivery,Delivered,10490.0,3,3.0,False,2025-06-22,2025-06
7306,597,2025-11-04,2025-11-04 01:05:00,Patna,Tier 3,UPI,Delivered,3187.2,3,5.0,True,2025-11-09,2025-11
7307,858,2026-05-29,2026-05-29 09:22:00,Chennai,Tier 1,UPI,Delivered,3118.5,3,3.0,False,2026-06-01,2026-05
7308,1132,2025-05-31,2025-05-31 07:41:00,Indore,Tier 2,Credit Card,RTO,37837.0,4,,,,2025-05
7309,1190,2026-02-22,2026-02-22 05:52:00,Ghaziabad,Tier 3,Credit Card,Delivered,4266.4,7,8.0,True,2026-03-02,2026-02
7310,739,2025-06-21,2025-06-21 07:24:00,Pune,Tier 1,UPI,Returned,2016.75,3,,,,2025-06
7311,13,2026-03-24,2026-03-24 01:14:00,Kolkata,Tier 1,Debit Card,Delivered,7650.4,2,2.0,False,2026-03-26,2026-03
7312,472,2024-10-12,2024-10-12 06:52:00,Mumbai,Tier 1,Cash on Delivery,Delivered,1944.0,5,8.0,True,2024-10-20,2024-10
7313,279,2025-12-07,2025-12-07 00:08:00,Nagpur,Tier 2,Net Banking,Delivered,79223.5,4,4.0,False,2025-12-11,2025-12
7314,687,2025-04-13,2025-04-13 13:11:00,Lucknow,Tier 2,Cash on Delivery,Delivered,3039.0,2,2.0,False,2025-04-15,2025-04
7315,244,2026-06-15,2026-06-15 18:33:00,Indore,Tier 2,UPI,RTO,2639.7,2,,,,2026-06
7316,198,2025-12-05,2025-12-05 03:10:00,Coimbatore,Tier 2,UPI,Cancelled,1326.4,3,,,,2025-12
7317,786,2026-01-17,2026-01-17 06:26:00,Surat,Tier 2,UPI,RTO,337.5,7,,,,2026-01
7318,10,2026-03-12,2026-03-12 16:51:00,Kolkata,Tier 1,Credit Card,Delivered,405.0,7,6.0,False,2026-03-18,2026-03
7319,303,2026-04-21,2026-04-21 18:15:00,Bengaluru,Tier 1,Debit Card,Delivered,33184.25,4,7.0,True,2026-04-28,2026-04
7320,1173,2025-03-14,2025-03-14 02:24:00,Surat,Tier 2,UPI,Cancelled,6280.9,4,,,,2025-03
7321,257,2026-04-21,2026-04-21 20:09:00,Bengaluru,Tier 1,Debit Card,Delivered,3326.4,5,8.0,True,2026-04-29,2026-04
7322,1066,2025-12-26,2025-12-26 17:02:00,Lucknow,Tier 2,Credit Card,Returned,5368.55,2,,,,2025-12
7323,1055,2025-11-11,2025-11-11 16:55:00,Indore,Tier 2,Debit Card,Cancelled,32161.45,7,,,,2025-11
7324,296,2025-12-09,2025-12-09 16:21:00,Jaipur,Tier 2,Cash on Delivery,Delivered,43003.95,3,3.0,False,2025-12-12,2025-12
7325,1140,2026-02-21,2026-02-21 14:44:00,Guwahati,Tier 3,Cash on Delivery,Delivered,547.2,3,3.0,False,2026-02-24,2026-02
7326,362,2026-05-22,2026-05-22 19:42:00,Chennai,Tier 1,UPI,Delivered,1517.0,2,2.0,False,2026-05-24,2026-05
7327,662,2026-05-20,2026-05-20 11:38:00,Patna,Tier 3,UPI,Delivered,564.0,5,8.0,True,2026-05-28,2026-05
7328,248,2026-04-15,2026-04-15 21:10:00,Bhopal,Tier 2,Credit Card,Delivered,5678.0,5,6.0,True,2026-04-21,2026-04
7329,906,2025-07-12,2025-07-12 18:01:00,Lucknow,Tier 2,UPI,Delivered,12663.9,2,2.0,False,2025-07-14,2025-07
7330,311,2024-12-30,2024-12-30 18:08:00,Mumbai,Tier 1,Debit Card,Delivered,853.1,2,2.0,False,2025-01-01,2024-12
7331,304,2025-09-14,2025-09-14 14:14:00,Chennai,Tier 1,Net Banking,Cancelled,825.0,5,,,,2025-09
7332,468,2026-05-09,2026-05-09 09:02:00,Ahmedabad,Tier 2,UPI,Delivered,5995.45,7,6.0,False,2026-05-15,2026-05
7333,667,2026-04-16,2026-04-16 22:47:00,Kanpur,Tier 2,UPI,Delivered,24079.65,2,3.0,True,2026-04-19,2026-04
7334,360,2026-03-09,2026-03-09 06:36:00,Bengaluru,Tier 1,UPI,Delivered,25815.6,7,7.0,False,2026-03-16,2026-03
7335,1063,2024-10-13,2024-10-13 22:04:00,Bengaluru,Tier 1,Cash on Delivery,Delivered,4720.5,3,3.0,False,2024-10-16,2024-10
7336,356,2026-05-01,2026-05-01 18:36:00,Pune,Tier 1,Debit Card,Delivered,635.0,4,4.0,False,2026-05-05,2026-05
7337,518,2026-03-25,2026-03-25 11:59:00,Coimbatore,Tier 2,UPI,Delivered,2011.5,4,5.0,True,2026-03-30,2026-03
7338,582,2025-04-12,2025-04-12 18:37:00,Indore,Tier 2,UPI,RTO,52025.95,5,,,,2025-04
7339,1146,2025-03-15,2025-03-15 07:19:00,Ahmedabad,Tier 2,Credit Card,Delivered,392.35,3,6.0,True,2025-03-21,2025-03
7340,1176,2026-04-11,2026-04-11 06:09:00,Bhopal,Tier 2,Debit Card,Cancelled,33406.5,2,,,,2026-04
7341,243,2026-04-13,2026-04-13 06:30:00,Kanpur,Tier 2,Credit Card,Cancelled,68668.2,3,,,,2026-04
7342,347,2026-02-27,2026-02-27 14:59:00,Patna,Tier 3,UPI,Delivered,543.6,7,6.0,False,2026-03-05,2026-02
7343,964,2026-03-22,2026-03-22 14:35:00,Bhopal,Tier 2,Credit Card,Delivered,6995.25,5,6.0,True,2026-03-28,2026-03
7344,1027,2026-02-18,2026-02-18 01:41:00,Indore,Tier 2,Net Banking,RTO,63740.25,4,,,,2026-02
7345,576,2026-01-29,2026-01-29 21:29:00,Coimbatore,Tier 2,Credit Card,Delivered,86377.0,7,10.0,True,2026-02-08,2026-01
7346,89,2025-06-07,2025-06-07 02:36:00,Ahmedabad,Tier 2,Cash on Delivery,Delivered,2625.75,4,4.0,False,2025-06-11,2025-06
7347,272,2025-09-07,2025-09-07 12:09:00,Ghaziabad,Tier 3,Cash on Delivery,Returned,324.0,5,,,,2025-09
7348,229,2026-03-16,2026-03-16 19:38:00,Nagpur,Tier 2,UPI,RTO,1490.0,3,,,,2026-03
7349,1025,2026-03-20,2026-03-20 04:35:00,Ahmedabad,Tier 2,UPI,Cancelled,32426.65,3,,,,2026-03
7350,81,2026-02-15,2026-02-15 13:51:00,Mumbai,Tier 1,Credit Card,Delivered,9258.3,2,5.0,True,2026-02-20,2026-02
7351,907,2025-11-22,2025-11-22 10:49:00,Nagpur,Tier 2,UPI,Cancelled,43339.0,2,,,,2025-11
7352,428,2025-01-01,2025-01-01 14:01:00,Bhopal,Tier 2,Cash on Delivery,Cancelled,2660.7,5,,,,2025-01
7353,265,2026-05-24,2026-05-24 05:13:00,Kolkata,Tier 1,Credit Card,Delivered,978.3,3,5.0,True,2026-05-29,2026-05
7354,402,2026-06-30,2026-06-30 09:17:00,Surat,Tier 2,UPI,Cancelled,1347.0,7,,,,2026-06
7355,70,2025-05-07,2025-05-07 22:35:00,Pune,Tier 1,Cash on Delivery,Delivered,8192.05,7,8.0,True,2025-05-15,2025-05
7356,1137,2026-01-25,2026-01-25 03:27:00,Kolkata,Tier 1,Credit Card,Cancelled,10010.2,7,,,,2026-01
7357,1051,2025-09-21,2025-09-21 17:01:00,Vadodara,Tier 2,Net Banking,Delivered,4230.2,3,5.0,True,2025-09-26,2025-09
7358,685,2026-05-02,2026-05-02 14:51:00,Pune,Tier 1,Net Banking,Delivered,4389.25,5,5.0,False,2026-05-07,2026-05
7359,1025,2025-09-30,2025-09-30 14:11:00,Ahmedabad,Tier 2,Debit Card,Delivered,613.0,7,7.0,False,2025-10-07,2025-09
7360,648,2026-03-18,2026-03-18 01:10:00,Kanpur,Tier 2,UPI,Delivered,68106.6,4,3.0,False,2026-03-21,2026-03
7361,790,2025-07-06,2025-07-06 13:08:00,Pune,Tier 1,Cash on Delivery,Delivered,26382.65,4,7.0,True,2025-07-13,2025-07
7362,816,2024-12-14,2024-12-14 09:09:00,Ahmedabad,Tier 2,UPI,Delivered,4302.4,2,3.0,True,2024-12-17,2024-12
7363,227,2026-04-10,2026-04-10 01:35:00,Chennai,Tier 1,Net Banking,Delivered,6717.75,5,5.0,False,2026-04-15,2026-04
7364,162,2025-12-12,2025-12-12 10:59:00,Patna,Tier 3,UPI,Delivered,783.2,2,2.0,False,2025-12-14,2025-12
7365,1145,2026-06-13,2026-06-13 11:38:00,Bhopal,Tier 2,Debit Card,Delivered,145133.1,7,6.0,False,2026-06-19,2026-06
7366,117,2026-02-06,2026-02-06 02:23:00,Coimbatore,Tier 2,UPI,Delivered,29604.8,3,6.0,True,2026-02-12,2026-02
7367,535,2026-05-14,2026-05-14 10:51:00,Ghaziabad,Tier 3,Credit Card,RTO,3307.0,5,,,,2026-05
7368,684,2025-07-08,2025-07-08 18:21:00,Coimbatore,Tier 2,Net Banking,Delivered,3361.1,2,2.0,False,2025-07-10,2025-07
7369,943,2025-07-24,2025-07-24 17:21:00,Bengaluru,Tier 1,UPI,Delivered,13447.0,7,9.0,True,2025-08-02,2025-07
7370,905,2025-11-11,2025-11-11 15:29:00,Chennai,Tier 1,Debit Card,Delivered,3491.7,7,6.0,False,2025-11-17,2025-11
7371,929,2025-12-30,2025-12-30 22:50:00,Chennai,Tier 1,Credit Card,Cancelled,734.25,3,,,,2025-12
7372,119,2025-04-21,2025-04-21 10:57:00,Surat,Tier 2,Credit Card,Delivered,76327.2,7,7.0,False,2025-04-28,2025-04
7373,249,2025-08-08,2025-08-08 14:45:00,Delhi,Tier 1,Credit Card,Delivered,27999.55,4,3.0,False,2025-08-11,2025-08
7374,620,2026-04-23,2026-04-23 21:00:00,Bhopal,Tier 2,UPI,Returned,174.25,5,,,,2026-04
7375,268,2025-03-11,2025-03-11 09:07:00,Coimbatore,Tier 2,Credit Card,Delivered,22376.0,3,3.0,False,2025-03-14,2025-03
7376,550,2026-03-02,2026-03-02 08:11:00,Chennai,Tier 1,Net Banking,Returned,22977.4,2,,,,2026-03
7377,669,2026-05-20,2026-05-20 14:20:00,Surat,Tier 2,Credit Card,Returned,3475.2,3,,,,2026-05
7378,118,2026-05-06,2026-05-06 05:18:00,Jaipur,Tier 2,UPI,Delivered,7140.0,4,4.0,False,2026-05-10,2026-05
7379,439,2025-05-15,2025-05-15 10:05:00,Bengaluru,Tier 1,UPI,Delivered,83538.65,4,4.0,False,2025-05-19,2025-05
7380,628,2026-02-04,2026-02-04 21:22:00,Ahmedabad,Tier 2,UPI,Delivered,3080.0,4,4.0,False,2026-02-08,2026-02
7381,893,2026-03-25,2026-03-25 16:14:00,Bhopal,Tier 2,Credit Card,Delivered,39942.1,3,4.0,True,2026-03-29,2026-03
7382,175,2026-04-30,2026-04-30 19:46:00,Delhi,Tier 1,UPI,Delivered,13086.15,5,6.0,True,2026-05-06,2026-04
7383,173,2026-05-12,2026-05-12 00:44:00,Bhopal,Tier 2,Debit Card,Delivered,2247.0,7,7.0,False,2026-05-19,2026-05
7384,53,2025-09-15,2025-09-15 16:30:00,Delhi,Tier 1,Debit Card,Delivered,37967.6,4,4.0,False,2025-09-19,2025-09
7385,986,2025-02-27,2025-02-27 08:45:00,Patna,Tier 3,UPI,Delivered,73378.0,2,1.0,False,2025-02-28,2025-02
7386,1030,2025-05-15,2025-05-15 15:38:00,Mumbai,Tier 1,Credit Card,Delivered,8599.0,2,2.0,False,2025-05-17,2025-05
7387,698,2026-05-14,2026-05-14 13:43:00,Kolkata,Tier 1,Cash on Delivery,RTO,36999.75,5,,,,2026-05
7388,81,2025-10-09,2025-10-09 03:55:00,Mumbai,Tier 1,Debit Card,Cancelled,29410.4,2,,,,2025-10
7389,510,2026-06-15,2026-06-15 23:54:00,Indore,Tier 2,UPI,RTO,1491.0,2,,,,2026-06
7390,215,2026-06-07,2026-06-07 10:26:00,Lucknow,Tier 2,Debit Card,Delivered,32504.25,4,4.0,False,2026-06-11,2026-06
7391,779,2026-06-02,2026-06-02 08:31:00,Delhi,Tier 1,UPI,Returned,115.2,4,,,,2026-06
7392,719,2026-02-23,2026-02-23 04:42:00,Patna,Tier 3,UPI,Delivered,2937.0,2,4.0,True,2026-02-27,2026-02
7393,255,2026-05-11,2026-05-11 11:44:00,Bhopal,Tier 2,UPI,Delivered,4694.25,2,3.0,True,2026-05-14,2026-05
7394,811,2026-05-22,2026-05-22 17:19:00,Coimbatore,Tier 2,UPI,Delivered,38096.0,4,4.0,False,2026-05-26,2026-05
7395,634,2025-05-02,2025-05-02 12:51:00,Lucknow,Tier 2,Net Banking,Delivered,8223.0,3,5.0,True,2025-05-07,2025-05
7396,266,2025-09-11,2025-09-11 03:11:00,Chennai,Tier 1,Debit Card,Delivered,41782.0,5,7.0,True,2025-09-18,2025-09
7397,861,2025-08-15,2025-08-15 05:58:00,Lucknow,Tier 2,Cash on Delivery,Returned,36191.2,4,,,,2025-08
7398,113,2026-04-28,2026-04-28 13:35:00,Guwahati,Tier 3,Credit Card,Delivered,71438.8,3,3.0,False,2026-05-01,2026-04
7399,140,2026-05-04,2026-05-04 19:56:00,Patna,Tier 3,Credit Card,Delivered,437.95,7,10.0,True,2026-05-14,2026-05
7400,1174,2025-09-27,2025-09-27 04:53:00,Kanpur,Tier 2,UPI,Delivered,1019.0,2,5.0,True,2025-10-02,2025-09
7401,227,2024-11-22,2024-11-22 09:28:00,Chennai,Tier 1,UPI,Delivered,86678.0,5,4.0,False,2024-11-26,2024-11
7402,933,2025-07-16,2025-07-16 00:12:00,Pune,Tier 1,UPI,Delivered,3955.1,5,7.0,True,2025-07-23,2025-07
7403,718,2025-12-27,2025-12-27 05:30:00,Guwahati,Tier 3,Cash on Delivery,Delivered,1087.0,4,6.0,True,2026-01-02,2025-12
7404,960,2025-12-27,2025-12-27 10:39:00,Bhopal,Tier 2,Credit Card,Cancelled,4610.2,4,,,,2025-12
7405,451,2026-06-22,2026-06-22 21:21:00,Mumbai,Tier 1,UPI,Delivered,880.8,2,2.0,False,2026-06-24,2026-06
7406,767,2026-06-01,2026-06-01 05:12:00,Coimbatore,Tier 2,Credit Card,Delivered,4730.25,5,4.0,False,2026-06-05,2026-06
7407,314,2025-06-01,2025-06-01 17:31:00,Surat,Tier 2,Cash on Delivery,Delivered,3090.0,3,3.0,False,2025-06-04,2025-06
7408,555,2026-03-30,2026-03-30 18:39:00,Ahmedabad,Tier 2,Net Banking,Returned,36838.15,4,,,,2026-03
7409,1004,2025-11-22,2025-11-22 06:22:00,Vadodara,Tier 2,Credit Card,Delivered,4290.15,2,3.0,True,2025-11-25,2025-11
7410,1084,2026-04-27,2026-04-27 03:19:00,Kolkata,Tier 1,Debit Card,Delivered,48092.8,4,4.0,False,2026-05-01,2026-04
7411,850,2025-11-25,2025-11-25 08:29:00,Ghaziabad,Tier 3,UPI,Delivered,1032.65,3,5.0,True,2025-11-30,2025-11
7412,152,2025-11-01,2025-11-01 09:13:00,Delhi,Tier 1,Debit Card,Delivered,368.8,5,5.0,False,2025-11-06,2025-11
7413,488,2026-06-20,2026-06-20 02:21:00,Ghaziabad,Tier 3,Credit Card,Delivered,131610.15,4,4.0,False,2026-06-24,2026-06
7414,27,2026-03-07,2026-03-07 00:19:00,Mumbai,Tier 1,UPI,RTO,42680.0,2,,,,2026-03
7415,862,2026-03-24,2026-03-24 08:08:00,Coimbatore,Tier 2,UPI,Delivered,75765.65,4,3.0,False,2026-03-27,2026-03
7416,536,2026-01-14,2026-01-14 15:51:00,Kanpur,Tier 2,UPI,Delivered,10378.5,4,4.0,False,2026-01-18,2026-01
7417,324,2025-10-27,2025-10-27 22:55:00,Bhopal,Tier 2,Credit Card,Delivered,32412.8,7,7.0,False,2025-11-03,2025-10
7418,1151,2026-04-15,2026-04-15 09:37:00,Lucknow,Tier 2,UPI,Delivered,4416.8,2,5.0,True,2026-04-20,2026-04
7419,1146,2024-07-22,2024-07-22 06:11:00,Ahmedabad,Tier 2,Cash on Delivery,Delivered,73125.2,5,4.0,False,2024-07-26,2024-07
7420,412,2026-02-12,2026-02-12 21:53:00,Jaipur,Tier 2,Credit Card,Returned,2027.0,3,,,,2026-02
7421,322,2026-06-01,2026-06-01 14:16:00,Indore,Tier 2,Debit Card,Delivered,7036.8,4,6.0,True,2026-06-07,2026-06
7422,476,2026-02-25,2026-02-25 03:04:00,Patna,Tier 3,UPI,Cancelled,1925.65,2,,,,2026-02
7423,1075,2025-10-24,2025-10-24 13:57:00,Kolkata,Tier 1,UPI,Returned,286.9,2,,,,2025-10
7424,613,2025-01-31,2025-01-31 18:51:00,Lucknow,Tier 2,UPI,Delivered,2257.6,7,8.0,True,2025-02-08,2025-01
7425,304,2024-12-28,2024-12-28 18:41:00,Chennai,Tier 1,Credit Card,Returned,13542.0,2,,,,2024-12
7426,338,2026-01-02,2026-01-02 00:12:00,Nagpur,Tier 2,Debit Card,RTO,1454.5,3,,,,2026-01
7427,318,2026-04-04,2026-04-04 12:21:00,Vadodara,Tier 2,Credit Card,Delivered,923.95,4,4.0,False,2026-04-08,2026-04
7428,391,2024-12-17,2024-12-17 18:59:00,Kanpur,Tier 2,Credit Card,Delivered,25591.15,5,4.0,False,2024-12-21,2024-12
7429,534,2025-05-14,2025-05-14 22:26:00,Indore,Tier 2,UPI,RTO,131326.1,7,,,,2025-05
7430,1038,2026-04-27,2026-04-27 02:25:00,Jaipur,Tier 2,Credit Card,Delivered,81120.2,4,7.0,True,2026-05-04,2026-04
7431,179,2025-04-03,2025-04-03 20:43:00,Bhopal,Tier 2,Debit Card,Delivered,8324.6,7,7.0,False,2025-04-10,2025-04
7432,122,2025-07-11,2025-07-11 19:09:00,Coimbatore,Tier 2,UPI,Delivered,5298.0,4,5.0,True,2025-07-16,2025-07
7433,241,2026-04-10,2026-04-10 05:05:00,Delhi,Tier 1,Net Banking,Delivered,3057.0,3,2.0,False,2026-04-12,2026-04
7434,657,2025-12-06,2025-12-06 08:56:00,Lucknow,Tier 2,Credit Card,Delivered,7369.4,4,3.0,False,2025-12-09,2025-12
7435,266,2025-11-12,2025-11-12 23:41:00,Chennai,Tier 1,Cash on Delivery,Delivered,2803.5,3,2.0,False,2025-11-14,2025-11
7436,54,2025-11-02,2025-11-02 12:26:00,Hyderabad,Tier 1,UPI,Delivered,39983.9,5,6.0,True,2025-11-08,2025-11
7437,781,2026-04-15,2026-04-15 15:16:00,Hyderabad,Tier 1,Credit Card,Delivered,9189.2,7,10.0,True,2026-04-25,2026-04
7438,1024,2026-04-12,2026-04-12 16:03:00,Patna,Tier 3,Credit Card,Delivered,633.25,3,2.0,False,2026-04-14,2026-04
7439,654,2025-06-25,2025-06-25 09:27:00,Ghaziabad,Tier 3,Cash on Delivery,Delivered,6532.0,2,1.0,False,2025-06-26,2025-06
7440,556,2026-05-18,2026-05-18 11:13:00,Pune,Tier 1,UPI,Delivered,4152.0,5,8.0,True,2026-05-26,2026-05
7441,253,2025-08-27,2025-08-27 02:45:00,Kanpur,Tier 2,Net Banking,Delivered,49755.45,7,9.0,True,2025-09-05,2025-08
7442,391,2024-12-08,2024-12-08 22:35:00,Kanpur,Tier 2,Credit Card,Delivered,453.0,7,10.0,True,2024-12-18,2024-12
7443,166,2024-09-22,2024-09-22 11:37:00,Kanpur,Tier 2,Net Banking,Delivered,7142.4,3,4.0,True,2024-09-26,2024-09
7444,1049,2025-12-24,2025-12-24 11:30:00,Hyderabad,Tier 1,Net Banking,Delivered,64825.6,5,6.0,True,2025-12-30,2025-12
7445,137,2025-04-27,2025-04-27 15:14:00,Delhi,Tier 1,Debit Card,Delivered,81176.0,2,2.0,False,2025-04-29,2025-04
7446,706,2026-05-19,2026-05-19 22:25:00,Hyderabad,Tier 1,Net Banking,Cancelled,3812.8,5,,,,2026-05
7447,848,2024-11-28,2024-11-28 10:26:00,Lucknow,Tier 2,Debit Card,Returned,5727.45,5,,,,2024-11
7448,486,2026-03-19,2026-03-19 14:29:00,Ghaziabad,Tier 3,Cash on Delivery,Returned,559.0,2,,,,2026-03
7449,572,2024-11-05,2024-11-05 14:13:00,Hyderabad,Tier 1,Net Banking,RTO,102.4,4,,,,2024-11
7450,185,2026-05-19,2026-05-19 04:20:00,Kanpur,Tier 2,Credit Card,Delivered,578.0,3,3.0,False,2026-05-22,2026-05
7451,1012,2026-04-25,2026-04-25 20:03:00,Delhi,Tier 1,Cash on Delivery,Delivered,44912.0,5,6.0,True,2026-05-01,2026-04
7452,331,2025-06-25,2025-06-25 13:39:00,Coimbatore,Tier 2,Credit Card,Delivered,31564.5,4,4.0,False,2025-06-29,2025-06
7453,870,2026-02-25,2026-02-25 01:55:00,Surat,Tier 2,UPI,Delivered,4960.5,3,5.0,True,2026-03-02,2026-02
7454,648,2026-03-05,2026-03-05 21:42:00,Kanpur,Tier 2,UPI,Delivered,2725.5,2,1.0,False,2026-03-06,2026-03
7455,102,2026-03-24,2026-03-24 12:25:00,Surat,Tier 2,Net Banking,Cancelled,34766.0,3,,,,2026-03
7456,25,2026-04-03,2026-04-03 18:08:00,Vadodara,Tier 2,Cash on Delivery,Delivered,4458.25,3,6.0,True,2026-04-09,2026-04
7457,848,2026-01-01,2026-01-01 13:57:00,Lucknow,Tier 2,UPI,Cancelled,1792.8,4,,,,2026-01
7458,306,2025-08-08,2025-08-08 05:37:00,Vadodara,Tier 2,Net Banking,Delivered,4210.5,2,4.0,True,2025-08-12,2025-08
7459,509,2024-08-18,2024-08-18 07:30:00,Delhi,Tier 1,UPI,Delivered,27175.25,3,4.0,True,2024-08-22,2024-08
7460,259,2026-01-15,2026-01-15 05:53:00,Kanpur,Tier 2,Credit Card,Delivered,2490.75,2,1.0,False,2026-01-16,2026-01
7461,662,2026-05-05,2026-05-05 21:44:00,Patna,Tier 3,Debit Card,Delivered,8106.0,7,8.0,True,2026-05-13,2026-05
7462,944,2025-06-04,2025-06-04 11:48:00,Guwahati,Tier 3,Credit Card,Delivered,37224.0,7,9.0,True,2025-06-13,2025-06
7463,1085,2026-05-31,2026-05-31 09:29:00,Indore,Tier 2,UPI,Delivered,41314.5,3,4.0,True,2026-06-04,2026-05
7464,738,2026-03-03,2026-03-03 20:04:00,Delhi,Tier 1,Credit Card,Returned,8691.0,2,,,,2026-03
7465,1023,2025-02-08,2025-02-08 15:34:00,Indore,Tier 2,UPI,Delivered,38537.6,7,9.0,True,2025-02-17,2025-02
7466,465,2025-11-26,2025-11-26 08:34:00,Hyderabad,Tier 1,Cash on Delivery,Delivered,1197.0,4,6.0,True,2025-12-02,2025-11
7467,89,2026-02-28,2026-02-28 17:28:00,Ahmedabad,Tier 2,Debit Card,Delivered,810.0,3,3.0,False,2026-03-03,2026-02
7468,741,2025-05-06,2025-05-06 15:40:00,Pune,Tier 1,Credit Card,Returned,2982.0,7,,,,2025-05
7469,71,2026-01-27,2026-01-27 11:38:00,Kolkata,Tier 1,UPI,Delivered,291.0,3,3.0,False,2026-01-30,2026-01
7470,696,2025-10-28,2025-10-28 22:07:00,Hyderabad,Tier 1,UPI,Returned,3605.4,7,,,,2025-10
7471,655,2026-03-05,2026-03-05 22:33:00,Bhopal,Tier 2,Cash on Delivery,Cancelled,2462.0,5,,,,2026-03
7472,177,2026-06-07,2026-06-07 03:50:00,Vadodara,Tier 2,Cash on Delivery,Delivered,784.35,7,7.0,False,2026-06-14,2026-06
7473,1105,2026-04-03,2026-04-03 07:03:00,Lucknow,Tier 2,Debit Card,RTO,4416.8,5,,,,2026-04
7474,790,2025-07-26,2025-07-26 04:15:00,Pune,Tier 1,Credit Card,Cancelled,4641.0,7,,,,2025-07
7475,1089,2026-05-23,2026-05-23 05:50:00,Kanpur,Tier 2,UPI,Delivered,1137.15,5,8.0,True,2026-05-31,2026-05
7476,1194,2025-05-31,2025-05-31 04:12:00,Vadodara,Tier 2,Debit Card,RTO,34723.5,3,,,,2025-05
7477,274,2025-01-05,2025-01-05 10:47:00,Pune,Tier 1,Cash on Delivery,Delivered,48213.0,4,7.0,True,2025-01-12,2025-01
7478,151,2026-01-05,2026-01-05 18:23:00,Surat,Tier 2,UPI,Delivered,6156.0,5,5.0,False,2026-01-10,2026-01
7479,962,2026-03-12,2026-03-12 16:29:00,Kolkata,Tier 1,UPI,Delivered,764.25,7,8.0,True,2026-03-20,2026-03
7480,1054,2026-06-17,2026-06-17 07:36:00,Kolkata,Tier 1,Net Banking,Cancelled,7487.2,3,,,,2026-06
7481,141,2025-08-05,2025-08-05 21:58:00,Vadodara,Tier 2,UPI,Delivered,22641.8,5,4.0,False,2025-08-09,2025-08
7482,794,2024-10-11,2024-10-11 04:17:00,Ahmedabad,Tier 2,Cash on Delivery,Delivered,41041.85,3,3.0,False,2024-10-14,2024-10
7483,726,2024-07-14,2024-07-14 05:37:00,Surat,Tier 2,Cash on Delivery,Delivered,115.2,4,4.0,False,2024-07-18,2024-07
7484,575,2025-11-30,2025-11-30 20:27:00,Indore,Tier 2,Debit Card,Returned,30794.5,5,,,,2025-11
7485,518,2026-04-06,2026-04-06 14:32:00,Coimbatore,Tier 2,Debit Card,Delivered,1593.6,5,8.0,True,2026-04-14,2026-04
7486,933,2024-10-10,2024-10-10 04:40:00,Pune,Tier 1,Debit Card,Delivered,491.4,3,3.0,False,2024-10-13,2024-10
7487,537,2025-10-02,2025-10-02 06:48:00,Patna,Tier 3,Credit Card,RTO,2257.0,5,,,,2025-10
7488,952,2025-09-07,2025-09-07 20:38:00,Nagpur,Tier 2,UPI,Delivered,3937.6,7,10.0,True,2025-09-17,2025-09
7489,588,2026-04-15,2026-04-15 03:01:00,Kolkata,Tier 1,Debit Card,Delivered,1728.8,7,7.0,False,2026-04-22,2026-04
7490,736,2026-04-20,2026-04-20 04:19:00,Delhi,Tier 1,Cash on Delivery,Returned,2774.85,4,,,,2026-04
7491,273,2025-09-30,2025-09-30 07:09:00,Bhopal,Tier 2,UPI,Returned,34438.6,7,,,,2025-09
7492,786,2025-11-28,2025-11-28 02:58:00,Surat,Tier 2,Debit Card,Delivered,1958.0,4,3.0,False,2025-12-01,2025-11
7493,944,2026-05-17,2026-05-17 21:51:00,Guwahati,Tier 3,Debit Card,Delivered,30863.35,3,3.0,False,2026-05-20,2026-05
7494,684,2025-12-08,2025-12-08 04:42:00,Coimbatore,Tier 2,Cash on Delivery,Delivered,873.0,7,9.0,True,2025-12-17,2025-12
7495,1186,2026-03-27,2026-03-27 20:50:00,Jaipur,Tier 2,Credit Card,Delivered,1093.5,4,5.0,True,2026-04-01,2026-03
7496,447,2025-09-02,2025-09-02 00:05:00,Kanpur,Tier 2,Net Banking,RTO,8128.55,3,,,,2025-09
7497,1147,2026-05-30,2026-05-30 23:56:00,Lucknow,Tier 2,Debit Card,Delivered,32426.65,5,5.0,False,2026-06-04,2026-05
7498,1184,2025-09-17,2025-09-17 08:07:00,Indore,Tier 2,Debit Card,Delivered,1019.0,2,2.0,False,2025-09-19,2025-09
7499,34,2024-04-04,2024-04-04 02:42:00,Pune,Tier 1,Credit Card,Delivered,1233.2,5,7.0,True,2024-04-11,2024-04
7500,1186,2026-05-13,2026-05-13 00:08:00,Jaipur,Tier 2,UPI,Delivered,5776.95,3,3.0,False,2026-05-16,2026-05
7501,941,2025-03-15,2025-03-15 05:45:00,Coimbatore,Tier 2,UPI,Delivered,461.0,3,3.0,False,2025-03-18,2025-03
7502,848,2025-03-02,2025-03-02 10:08:00,Lucknow,Tier 2,Debit Card,Delivered,3534.3,4,7.0,True,2025-03-09,2025-03
7503,840,2025-11-25,2025-11-25 13:30:00,Guwahati,Tier 3,UPI,Cancelled,38196.65,4,,,,2025-11
7504,481,2026-04-24,2026-04-24 16:58:00,Hyderabad,Tier 1,Debit Card,Delivered,2383.0,2,3.0,True,2026-04-27,2026-04
7505,314,2026-02-18,2026-02-18 16:12:00,Surat,Tier 2,Cash on Delivery,Delivered,2100.0,5,7.0,True,2026-02-25,2026-02
7506,555,2025-12-18,2025-12-18 05:44:00,Ahmedabad,Tier 2,Net Banking,RTO,3503.45,4,,,,2025-12
7507,951,2025-05-20,2025-05-20 18:08:00,Delhi,Tier 1,Credit Card,Cancelled,34351.1,4,,,,2025-05
7508,159,2025-06-10,2025-06-10 14:59:00,Coimbatore,Tier 2,UPI,Delivered,546.0,2,2.0,False,2025-06-12,2025-06
7509,90,2026-02-18,2026-02-18 13:40:00,Kanpur,Tier 2,Credit Card,RTO,7644.05,5,,,,2026-02
7510,183,2026-03-18,2026-03-18 02:37:00,Kanpur,Tier 2,Net Banking,Delivered,304.0,3,3.0,False,2026-03-21,2026-03
7511,512,2026-04-08,2026-04-08 21:15:00,Surat,Tier 2,UPI,Returned,1347.0,5,,,,2026-04
7512,68,2026-04-04,2026-04-04 21:08:00,Patna,Tier 3,Debit Card,Cancelled,73231.35,2,,,,2026-04
7513,1084,2025-11-20,2025-11-20 22:05:00,Kolkata,Tier 1,Net Banking,Delivered,3968.0,7,7.0,False,2025-11-27,2025-11
7514,171,2025-09-29,2025-09-29 22:53:00,Mumbai,Tier 1,UPI,Delivered,2411.1,4,7.0,True,2025-10-06,2025-09
7515,243,2026-04-12,2026-04-12 14:19:00,Kanpur,Tier 2,UPI,RTO,10734.5,3,,,,2026-04
7516,670,2026-06-11,2026-06-11 16:47:00,Bhopal,Tier 2,UPI,Delivered,42833.0,5,4.0,False,2026-06-15,2026-06
7517,928,2024-10-10,2024-10-10 08:40:00,Bengaluru,Tier 1,Net Banking,Returned,461.0,3,,,,2024-10
7518,465,2025-04-09,2025-04-09 09:26:00,Hyderabad,Tier 1,Debit Card,Delivered,1491.0,7,8.0,True,2025-04-17,2025-04
7519,162,2025-09-02,2025-09-02 01:04:00,Patna,Tier 3,Credit Card,Delivered,3595.2,3,3.0,False,2025-09-05,2025-09
7520,662,2026-06-18,2026-06-18 18:41:00,Patna,Tier 3,Cash on Delivery,Delivered,2331.2,3,3.0,False,2026-06-21,2026-06
7521,155,2025-11-13,2025-11-13 16:23:00,Indore,Tier 2,Credit Card,Delivered,4515.0,2,4.0,True,2025-11-17,2025-11
7522,781,2026-04-01,2026-04-01 09:59:00,Hyderabad,Tier 1,Cash on Delivery,Delivered,461.0,2,4.0,True,2026-04-05,2026-04
7523,1089,2026-04-06,2026-04-06 07:10:00,Kanpur,Tier 2,Credit Card,RTO,4462.8,4,,,,2026-04
7524,345,2026-03-14,2026-03-14 08:07:00,Coimbatore,Tier 2,UPI,Delivered,2257.6,7,7.0,False,2026-03-21,2026-03
7525,325,2025-09-26,2025-09-26 16:09:00,Chennai,Tier 1,UPI,Delivered,2603.95,5,6.0,True,2025-10-02,2025-09
7526,539,2026-06-08,2026-06-08 20:59:00,Ahmedabad,Tier 2,UPI,Delivered,44111.85,4,7.0,True,2026-06-15,2026-06
7527,1028,2026-03-16,2026-03-16 10:35:00,Kanpur,Tier 2,Debit Card,Delivered,1969.6,5,4.0,False,2026-03-20,2026-03
7528,737,2026-06-08,2026-06-08 12:41:00,Chennai,Tier 1,Debit Card,Delivered,32781.75,3,3.0,False,2026-06-11,2026-06
7529,134,2026-03-03,2026-03-03 17:35:00,Surat,Tier 2,UPI,Delivered,8339.6,4,5.0,True,2026-03-08,2026-03
7530,1158,2026-05-31,2026-05-31 21:26:00,Lucknow,Tier 2,UPI,Delivered,3657.5,7,6.0,False,2026-06-06,2026-05
7531,151,2026-01-25,2026-01-25 10:49:00,Surat,Tier 2,UPI,Delivered,54996.7,5,8.0,True,2026-02-02,2026-01
7532,1055,2025-10-04,2025-10-04 14:58:00,Indore,Tier 2,Debit Card,Delivered,42794.6,4,5.0,True,2025-10-09,2025-10
7533,499,2026-02-03,2026-02-03 04:47:00,Bengaluru,Tier 1,UPI,RTO,39140.25,7,,,,2026-02
7534,864,2025-11-05,2025-11-05 18:24:00,Lucknow,Tier 2,Net Banking,Delivered,4680.0,4,5.0,True,2025-11-10,2025-11
7535,204,2024-08-22,2024-08-22 13:06:00,Jaipur,Tier 2,Credit Card,Delivered,20343.4,7,7.0,False,2024-08-29,2024-08
7536,779,2026-05-26,2026-05-26 15:42:00,Delhi,Tier 1,Net Banking,Cancelled,648.75,7,,,,2026-05
7537,1055,2025-06-20,2025-06-20 00:40:00,Indore,Tier 2,Credit Card,RTO,44037.3,7,,,,2025-06
7538,510,2026-02-28,2026-02-28 23:56:00,Indore,Tier 2,UPI,Delivered,819.5,5,4.0,False,2026-03-04,2026-02
7539,491,2026-04-22,2026-04-22 11:42:00,Surat,Tier 2,Cash on Delivery,Delivered,5022.8,3,4.0,True,2026-04-26,2026-04
7540,519,2026-05-26,2026-05-26 13:26:00,Jaipur,Tier 2,UPI,Returned,3009.1,4,,,,2026-05
7541,413,2026-06-29,2026-06-29 14:16:00,Kanpur,Tier 2,UPI,Delivered,351.05,7,8.0,True,2026-07-07,2026-06
7542,250,2026-06-09,2026-06-09 11:22:00,Ahmedabad,Tier 2,UPI,Delivered,7054.5,2,2.0,False,2026-06-11,2026-06
7543,1091,2026-05-09,2026-05-09 20:24:00,Delhi,Tier 1,UPI,Delivered,30519.2,2,5.0,True,2026-05-14,2026-05
7544,124,2024-12-22,2024-12-22 04:38:00,Indore,Tier 2,Net Banking,Delivered,2689.0,7,8.0,True,2024-12-30,2024-12
7545,1025,2025-08-10,2025-08-10 10:43:00,Ahmedabad,Tier 2,Credit Card,Delivered,1779.1,4,4.0,False,2025-08-14,2025-08
7546,967,2026-05-21,2026-05-21 08:06:00,Hyderabad,Tier 1,Credit Card,RTO,42624.2,5,,,,2026-05
7547,190,2025-10-29,2025-10-29 08:24:00,Chennai,Tier 1,Cash on Delivery,Delivered,2599.2,5,5.0,False,2025-11-03,2025-10
7548,948,2026-06-11,2026-06-11 09:08:00,Indore,Tier 2,UPI,Returned,1108.0,4,,,,2026-06
7549,531,2025-08-07,2025-08-07 10:35:00,Delhi,Tier 1,Credit Card,Delivered,36594.35,7,7.0,False,2025-08-14,2025-08
7550,167,2026-03-03,2026-03-03 15:17:00,Kolkata,Tier 1,UPI,Returned,11782.9,4,,,,2026-03
7551,861,2026-04-08,2026-04-08 00:56:00,Lucknow,Tier 2,Net Banking,Delivered,3590.4,3,6.0,True,2026-04-14,2026-04
7552,1051,2025-07-04,2025-07-04 17:29:00,Vadodara,Tier 2,UPI,Delivered,424.0,3,3.0,False,2025-07-07,2025-07
7553,1080,2025-09-13,2025-09-13 18:59:00,Bhopal,Tier 2,UPI,Delivered,1068.75,5,5.0,False,2025-09-18,2025-09
7554,406,2026-05-18,2026-05-18 06:10:00,Kolkata,Tier 1,Cash on Delivery,Delivered,4528.75,4,3.0,False,2026-05-21,2026-05
7555,970,2026-06-12,2026-06-12 23:43:00,Pune,Tier 1,Debit Card,Delivered,113607.9,3,4.0,True,2026-06-16,2026-06
7556,786,2026-04-05,2026-04-05 17:52:00,Surat,Tier 2,Debit Card,Cancelled,8734.0,7,,,,2026-04
7557,954,2025-03-09,2025-03-09 12:44:00,Surat,Tier 2,Debit Card,Delivered,8429.0,4,5.0,True,2025-03-14,2025-03
7558,1023,2026-04-07,2026-04-07 08:22:00,Indore,Tier 2,Debit Card,Cancelled,84066.95,2,,,,2026-04
7559,999,2025-07-04,2025-07-04 14:11:00,Coimbatore,Tier 2,Cash on Delivery,RTO,2232.0,5,,,,2025-07
7560,54,2025-04-19,2025-04-19 17:08:00,Hyderabad,Tier 1,Cash on Delivery,Delivered,36567.75,4,3.0,False,2025-04-22,2025-04
7561,383,2026-01-15,2026-01-15 11:01:00,Surat,Tier 2,Cash on Delivery,RTO,1101.0,3,,,,2026-01
7562,1176,2026-04-23,2026-04-23 15:06:00,Bhopal,Tier 2,UPI,Delivered,32165.6,4,5.0,True,2026-04-28,2026-04
7563,1025,2025-03-02,2025-03-02 12:31:00,Ahmedabad,Tier 2,UPI,Delivered,22376.0,2,5.0,True,2025-03-07,2025-03
7564,519,2026-05-15,2026-05-15 12:58:00,Jaipur,Tier 2,Credit Card,RTO,1347.5,7,,,,2026-05
7565,743,2026-02-04,2026-02-04 23:12:00,Vadodara,Tier 2,UPI,Cancelled,26794.5,4,,,,2026-02
7566,733,2024-12-17,2024-12-17 06:02:00,Bhopal,Tier 2,UPI,RTO,954.0,4,,,,2024-12
7567,882,2026-06-15,2026-06-15 04:52:00,Ghaziabad,Tier 3,UPI,Delivered,2603.95,7,6.0,False,2026-06-21,2026-06
7568,1002,2026-02-26,2026-02-26 15:07:00,Kolkata,Tier 1,UPI,Returned,2209.0,5,,,,2026-02
7569,157,2024-09-08,2024-09-08 16:13:00,Bengaluru,Tier 1,Net Banking,Delivered,93868.2,4,7.0,True,2024-09-15,2024-09
7570,409,2026-02-27,2026-02-27 00:30:00,Coimbatore,Tier 2,Debit Card,Returned,5178.4,7,,,,2026-02
7571,208,2025-12-21,2025-12-21 10:07:00,Delhi,Tier 1,Credit Card,Delivered,4246.6,5,4.0,False,2025-12-25,2025-12
7572,145,2024-11-15,2024-11-15 15:43:00,Indore,Tier 2,Debit Card,Delivered,74025.6,3,3.0,False,2024-11-18,2024-11
7573,315,2026-06-16,2026-06-16 19:42:00,Bhopal,Tier 2,Credit Card,Delivered,3310.05,2,1.0,False,2026-06-17,2026-06
7574,536,2026-04-16,2026-04-16 09:50:00,Kanpur,Tier 2,Cash on Delivery,Delivered,1197.0,5,6.0,True,2026-04-22,2026-04
7575,997,2025-10-12,2025-10-12 18:13:00,Patna,Tier 3,Debit Card,Delivered,1154.05,7,7.0,False,2025-10-19,2025-10
7576,954,2026-02-13,2026-02-13 17:37:00,Surat,Tier 2,UPI,Delivered,87175.5,4,6.0,True,2026-02-19,2026-02
7577,476,2025-07-02,2025-07-02 11:48:00,Patna,Tier 3,Credit Card,RTO,1780.5,7,,,,2025-07
7578,445,2025-12-02,2025-12-02 13:13:00,Surat,Tier 2,Debit Card,Delivered,1410.0,3,4.0,True,2025-12-06,2025-12
7579,306,2026-06-18,2026-06-18 06:34:00,Vadodara,Tier 2,Debit Card,Delivered,37510.9,7,9.0,True,2026-06-27,2026-06
7580,138,2025-04-17,2025-04-17 01:13:00,Delhi,Tier 1,UPI,Delivered,3355.15,4,4.0,False,2025-04-21,2025-04
7581,987,2026-05-24,2026-05-24 08:45:00,Ahmedabad,Tier 2,UPI,Delivered,49991.6,5,7.0,True,2026-05-31,2026-05
7582,1025,2026-05-10,2026-05-10 13:15:00,Ahmedabad,Tier 2,Debit Card,RTO,3326.4,2,,,,2026-05
7583,391,2025-03-26,2025-03-26 04:13:00,Kanpur,Tier 2,Debit Card,Delivered,3410.2,4,5.0,True,2025-03-31,2025-03
7584,533,2025-12-01,2025-12-01 22:09:00,Chennai,Tier 1,UPI,Delivered,4025.3,4,5.0,True,2025-12-06,2025-12
7585,784,2026-05-18,2026-05-18 05:50:00,Delhi,Tier 1,Credit Card,Delivered,90627.7,5,5.0,False,2026-05-23,2026-05
7586,994,2025-04-11,2025-04-11 18:30:00,Coimbatore,Tier 2,Credit Card,Delivered,750.0,3,3.0,False,2025-04-14,2025-04
7587,1081,2025-12-14,2025-12-14 16:02:00,Guwahati,Tier 3,UPI,Delivered,1906.25,4,3.0,False,2025-12-17,2025-12
7588,140,2026-04-30,2026-04-30 20:56:00,Patna,Tier 3,Cash on Delivery,Delivered,35514.7,4,3.0,False,2026-05-03,2026-04
7589,657,2026-05-29,2026-05-29 15:37:00,Lucknow,Tier 2,UPI,Delivered,4671.0,2,2.0,False,2026-05-31,2026-05
7590,1183,2025-05-12,2025-05-12 14:41:00,Guwahati,Tier 3,UPI,Returned,980.8,3,,,,2025-05
7591,449,2026-04-26,2026-04-26 10:29:00,Bhopal,Tier 2,UPI,Delivered,11296.0,4,6.0,True,2026-05-02,2026-04
7592,399,2026-03-31,2026-03-31 10:09:00,Ghaziabad,Tier 3,Net Banking,Delivered,866.15,5,5.0,False,2026-04-05,2026-03
7593,523,2026-02-25,2026-02-25 03:59:00,Ahmedabad,Tier 2,Cash on Delivery,Returned,75302.0,3,,,,2026-02
7594,1181,2025-05-26,2025-05-26 15:31:00,Ghaziabad,Tier 3,Debit Card,Delivered,3612.0,2,2.0,False,2025-05-28,2025-05
7595,659,2026-05-08,2026-05-08 21:34:00,Guwahati,Tier 3,Cash on Delivery,Delivered,44752.0,5,5.0,False,2026-05-13,2026-05
7596,752,2025-09-18,2025-09-18 11:42:00,Kanpur,Tier 2,UPI,Delivered,3383.4,5,7.0,True,2025-09-25,2025-09
7597,63,2025-07-30,2025-07-30 07:13:00,Indore,Tier 2,UPI,Returned,56664.6,7,,,,2025-07
7598,20,2026-06-24,2026-06-24 12:41:00,Hyderabad,Tier 1,Net Banking,Delivered,2466.9,3,2.0,False,2026-06-26,2026-06
7599,684,2024-06-22,2024-06-22 14:53:00,Coimbatore,Tier 2,UPI,Delivered,4610.15,3,3.0,False,2024-06-25,2024-06
7600,1091,2026-04-29,2026-04-29 05:27:00,Delhi,Tier 1,UPI,Delivered,2845.25,2,2.0,False,2026-05-01,2026-04
7601,309,2026-06-06,2026-06-06 08:32:00,Guwahati,Tier 3,Cash on Delivery,Delivered,2285.65,4,5.0,True,2026-06-11,2026-06
7602,764,2026-05-09,2026-05-09 06:54:00,Delhi,Tier 1,UPI,Cancelled,4068.85,2,,,,2026-05
7603,490,2026-03-01,2026-03-01 04:15:00,Vadodara,Tier 2,Credit Card,Delivered,5356.5,2,2.0,False,2026-03-03,2026-03
7604,155,2025-01-12,2025-01-12 05:00:00,Indore,Tier 2,Credit Card,Delivered,230.4,7,8.0,True,2025-01-20,2025-01
7605,365,2025-11-05,2025-11-05 08:33:00,Mumbai,Tier 1,Net Banking,Delivered,38096.0,3,3.0,False,2025-11-08,2025-11
7606,1062,2026-03-03,2026-03-03 18:13:00,Hyderabad,Tier 1,UPI,Cancelled,4920.75,7,,,,2026-03
7607,273,2024-10-24,2024-10-24 19:05:00,Bhopal,Tier 2,UPI,Delivered,302.0,2,1.0,False,2024-10-25,2024-10
7608,331,2025-10-25,2025-10-25 12:29:00,Coimbatore,Tier 2,Cash on Delivery,RTO,1379.4,3,,,,2025-10
7609,536,2026-01-27,2026-01-27 13:47:00,Kanpur,Tier 2,UPI,Delivered,29005.25,3,4.0,True,2026-01-31,2026-01
7610,1060,2026-05-02,2026-05-02 10:03:00,Patna,Tier 3,Net Banking,Delivered,31289.4,4,5.0,True,2026-05-07,2026-05
7611,982,2025-09-26,2025-09-26 23:17:00,Delhi,Tier 1,UPI,Delivered,2279.25,2,2.0,False,2025-09-28,2025-09
7612,56,2026-04-06,2026-04-06 21:32:00,Indore,Tier 2,Credit Card,Delivered,4283.0,4,4.0,False,2026-04-10,2026-04
7613,549,2026-05-01,2026-05-01 13:23:00,Chennai,Tier 1,Credit Card,Delivered,796.0,4,3.0,False,2026-05-04,2026-05
7614,979,2026-05-29,2026-05-29 00:07:00,Patna,Tier 3,UPI,Returned,1109.8,3,,,,2026-05
7615,433,2026-03-09,2026-03-09 11:45:00,Ahmedabad,Tier 2,Credit Card,RTO,4766.0,4,,,,2026-03
7616,215,2024-03-24,2024-03-24 22:45:00,Lucknow,Tier 2,Cash on Delivery,Delivered,73727.35,3,3.0,False,2024-03-27,2024-03
7617,840,2026-06-04,2026-06-04 02:21:00,Guwahati,Tier 3,Cash on Delivery,Delivered,1101.0,2,3.0,True,2026-06-07,2026-06
7618,48,2024-12-02,2024-12-02 17:08:00,Vadodara,Tier 2,Credit Card,Delivered,4458.25,7,10.0,True,2024-12-12,2024-12
7619,342,2025-11-10,2025-11-10 13:29:00,Kanpur,Tier 2,Debit Card,Delivered,4133.2,4,3.0,False,2025-11-13,2025-11
7620,559,2025-07-22,2025-07-22 04:44:00,Indore,Tier 2,Cash on Delivery,Delivered,1758.0,5,5.0,False,2025-07-27,2025-07
7621,158,2026-01-07,2026-01-07 04:08:00,Nagpur,Tier 2,UPI,Delivered,1108.0,7,10.0,True,2026-01-17,2026-01
7622,186,2026-03-22,2026-03-22 09:47:00,Vadodara,Tier 2,Credit Card,Returned,304.0,5,,,,2026-03
7623,446,2025-05-04,2025-05-04 18:29:00,Mumbai,Tier 1,Credit Card,Cancelled,17350.0,2,,,,2025-05
7624,170,2026-04-02,2026-04-02 03:04:00,Ahmedabad,Tier 2,UPI,Delivered,7700.0,7,7.0,False,2026-04-09,2026-04
7625,1045,2026-03-02,2026-03-02 04:54:00,Nagpur,Tier 2,Net Banking,RTO,39686.25,4,,,,2026-03
7626,689,2026-05-29,2026-05-29 06:59:00,Kolkata,Tier 1,Credit Card,Delivered,36258.5,7,9.0,True,2026-06-07,2026-05
7627,524,2026-05-12,2026-05-12 07:27:00,Kolkata,Tier 1,Credit Card,Cancelled,3897.0,2,,,,2026-05
7628,514,2026-03-27,2026-03-27 23:17:00,Bengaluru,Tier 1,UPI,Delivered,38877.5,4,3.0,False,2026-03-30,2026-03
7629,612,2024-10-01,2024-10-01 16:09:00,Mumbai,Tier 1,UPI,Delivered,68991.2,7,7.0,False,2024-10-08,2024-10
7630,220,2026-05-06,2026-05-06 05:07:00,Vadodara,Tier 2,UPI,Returned,38490.2,7,,,,2026-05
7631,922,2024-05-24,2024-05-24 05:43:00,Pune,Tier 1,UPI,Returned,3275.25,7,,,,2024-05
7632,499,2025-12-14,2025-12-14 20:21:00,Bengaluru,Tier 1,UPI,Cancelled,3177.3,4,,,,2025-12
7633,870,2026-06-17,2026-06-17 11:20:00,Surat,Tier 2,UPI,RTO,541.0,7,,,,2026-06
7634,258,2025-07-04,2025-07-04 18:21:00,Ghaziabad,Tier 3,Cash on Delivery,Delivered,1039.5,2,2.0,False,2025-07-06,2025-07
7635,969,2026-03-12,2026-03-12 18:21:00,Bhopal,Tier 2,UPI,Delivered,34766.0,2,3.0,True,2026-03-15,2026-03
7636,997,2026-06-24,2026-06-24 10:11:00,Patna,Tier 3,Credit Card,Returned,37837.0,3,,,,2026-06
7637,117,2026-01-14,2026-01-14 04:58:00,Coimbatore,Tier 2,UPI,Delivered,337.5,3,4.0,True,2026-01-18,2026-01
7638,470,2024-11-23,2024-11-23 10:46:00,Bhopal,Tier 2,Net Banking,Delivered,3648.6,7,8.0,True,2024-12-01,2024-11
7639,305,2025-06-26,2025-06-26 19:43:00,Mumbai,Tier 1,Cash on Delivery,Delivered,424.0,4,4.0,False,2025-06-30,2025-06
7640,70,2025-09-20,2025-09-20 14:14:00,Pune,Tier 1,UPI,Delivered,42265.5,7,8.0,True,2025-09-28,2025-09
7641,869,2026-02-15,2026-02-15 20:45:00,Guwahati,Tier 3,UPI,Delivered,3932.2,3,4.0,True,2026-02-19,2026-02
7642,1018,2026-01-20,2026-01-20 15:54:00,Coimbatore,Tier 2,Credit Card,Cancelled,879.0,5,,,,2026-01
7643,234,2024-09-29,2024-09-29 04:36:00,Bengaluru,Tier 1,Credit Card,Delivered,4806.85,3,6.0,True,2024-10-05,2024-09
7644,227,2025-03-30,2025-03-30 08:49:00,Chennai,Tier 1,UPI,Delivered,937.6,7,8.0,True,2025-04-07,2025-03
7645,130,2025-10-06,2025-10-06 17:00:00,Mumbai,Tier 1,Cash on Delivery,Delivered,897.75,2,2.0,False,2025-10-08,2025-10
7646,972,2026-01-24,2026-01-24 16:20:00,Surat,Tier 2,Debit Card,Delivered,41682.05,4,6.0,True,2026-01-30,2026-01
7647,476,2025-05-09,2025-05-09 10:22:00,Patna,Tier 3,UPI,Cancelled,511.2,7,,,,2025-05
7648,815,2026-03-16,2026-03-16 14:59:00,Vadodara,Tier 2,Debit Card,Delivered,4645.95,2,2.0,False,2026-03-18,2026-03
7649,230,2026-04-29,2026-04-29 02:06:00,Mumbai,Tier 1,UPI,Delivered,19261.7,4,4.0,False,2026-05-03,2026-04
7650,117,2025-11-11,2025-11-11 13:12:00,Coimbatore,Tier 2,Credit Card,Delivered,3552.3,7,6.0,False,2025-11-17,2025-11
7651,326,2025-07-19,2025-07-19 02:28:00,Surat,Tier 2,UPI,Delivered,307.5,3,3.0,False,2025-07-22,2025-07
7652,1102,2025-05-26,2025-05-26 13:41:00,Lucknow,Tier 2,UPI,Delivered,3850.0,7,7.0,False,2025-06-02,2025-05
7653,3,2026-06-28,2026-06-28 23:52:00,Pune,Tier 1,UPI,Delivered,65501.5,2,3.0,True,2026-07-01,2026-06
7654,567,2026-03-22,2026-03-22 10:38:00,Surat,Tier 2,Debit Card,Delivered,476.25,3,5.0,True,2026-03-27,2026-03
7655,1066,2025-09-03,2025-09-03 19:54:00,Lucknow,Tier 2,Cash on Delivery,Delivered,51427.45,4,4.0,False,2025-09-07,2025-09
7656,597,2025-10-01,2025-10-01 16:18:00,Patna,Tier 3,Net Banking,RTO,2420.1,7,,,,2025-10
7657,89,2025-09-04,2025-09-04 19:28:00,Ahmedabad,Tier 2,Debit Card,RTO,803.0,2,,,,2025-09
7658,1055,2025-05-24,2025-05-24 22:59:00,Indore,Tier 2,Credit Card,Delivered,3130.0,2,3.0,True,2025-05-27,2025-05
7659,844,2026-05-24,2026-05-24 07:46:00,Patna,Tier 3,UPI,Delivered,2202.0,3,4.0,True,2026-05-28,2026-05
7660,1085,2026-06-14,2026-06-14 06:46:00,Indore,Tier 2,UPI,Delivered,41696.7,3,2.0,False,2026-06-16,2026-06
7661,1024,2026-04-22,2026-04-22 17:25:00,Patna,Tier 3,UPI,Delivered,8223.0,5,4.0,False,2026-04-26,2026-04
7662,1023,2025-11-30,2025-11-30 06:07:00,Indore,Tier 2,Cash on Delivery,Delivered,291.0,2,1.0,False,2025-12-01,2025-11
7663,686,2025-04-01,2025-04-01 21:00:00,Pune,Tier 1,Debit Card,Cancelled,6232.35,3,,,,2025-04
7664,918,2026-06-04,2026-06-04 10:32:00,Bhopal,Tier 2,UPI,RTO,945.25,7,,,,2026-06
7665,474,2026-02-17,2026-02-17 02:43:00,Patna,Tier 3,UPI,Delivered,70128.9,5,4.0,False,2026-02-21,2026-02
7666,844,2026-03-08,2026-03-08 02:43:00,Patna,Tier 3,Net Banking,Delivered,1846.8,7,7.0,False,2026-03-15,2026-03
7667,923,2026-01-11,2026-01-11 13:52:00,Guwahati,Tier 3,Cash on Delivery,RTO,5112.0,7,,,,2026-01
7668,365,2026-01-11,2026-01-11 21:08:00,Mumbai,Tier 1,Credit Card,Delivered,2839.0,4,4.0,False,2026-01-15,2026-01
7669,1144,2025-10-16,2025-10-16 22:18:00,Hyderabad,Tier 1,UPI,Cancelled,9921.0,4,,,,2025-10
7670,510,2026-04-02,2026-04-02 23:19:00,Indore,Tier 2,UPI,Delivered,2040.0,2,3.0,True,2026-04-05,2026-04
7671,1102,2024-06-16,2024-06-16 07:46:00,Lucknow,Tier 2,UPI,Delivered,758.1,4,4.0,False,2024-06-20,2024-06
7672,1007,2024-12-07,2024-12-07 11:53:00,Bhopal,Tier 2,Net Banking,Cancelled,1193.2,5,,,,2024-12
7673,610,2026-04-02,2026-04-02 11:35:00,Vadodara,Tier 2,Debit Card,Delivered,3306.95,7,7.0,False,2026-04-09,2026-04
7674,1085,2026-06-03,2026-06-03 22:09:00,Indore,Tier 2,Debit Card,RTO,4372.65,7,,,,2026-06
7675,1197,2026-06-02,2026-06-02 20:17:00,Coimbatore,Tier 2,Credit Card,Delivered,3364.2,2,3.0,True,2026-06-05,2026-06
7676,497,2026-01-02,2026-01-02 22:16:00,Nagpur,Tier 2,UPI,Delivered,39114.1,4,4.0,False,2026-01-06,2026-01
7677,779,2026-05-05,2026-05-05 17:07:00,Delhi,Tier 1,UPI,Delivered,34173.5,5,5.0,False,2026-05-10,2026-05
7678,1117,2025-11-06,2025-11-06 07:12:00,Jaipur,Tier 2,Cash on Delivery,Delivered,1406.4,3,2.0,False,2025-11-08,2025-11
7679,379,2026-03-07,2026-03-07 11:35:00,Surat,Tier 2,Cash on Delivery,Delivered,4629.2,5,5.0,False,2026-03-12,2026-03
7680,1087,2026-05-11,2026-05-11 20:14:00,Ahmedabad,Tier 2,Debit Card,Delivered,21649.85,5,6.0,True,2026-05-17,2026-05
7681,681,2025-07-15,2025-07-15 06:14:00,Chennai,Tier 1,Debit Card,Delivered,4246.6,5,4.0,False,2025-07-19,2025-07
7682,484,2026-05-09,2026-05-09 00:01:00,Coimbatore,Tier 2,Debit Card,Delivered,5233.2,2,2.0,False,2026-05-11,2026-05
7683,229,2026-06-07,2026-06-07 01:49:00,Nagpur,Tier 2,UPI,Delivered,19019.6,3,6.0,True,2026-06-13,2026-06
7684,519,2025-09-03,2025-09-03 22:49:00,Jaipur,Tier 2,UPI,Returned,83550.0,2,,,,2025-09
7685,930,2026-04-07,2026-04-07 15:46:00,Guwahati,Tier 3,Debit Card,RTO,36140.8,5,,,,2026-04
7686,748,2026-03-06,2026-03-06 15:05:00,Ghaziabad,Tier 3,Credit Card,Delivered,615.75,7,10.0,True,2026-03-16,2026-03
7687,1055,2025-06-10,2025-06-10 16:04:00,Indore,Tier 2,Credit Card,Delivered,843.75,5,4.0,False,2025-06-14,2025-06
7688,74,2026-06-21,2026-06-21 04:17:00,Ghaziabad,Tier 3,UPI,Cancelled,635.0,3,,,,2026-06
7689,68,2026-05-08,2026-05-08 19:42:00,Patna,Tier 3,Net Banking,Delivered,41775.0,2,5.0,True,2026-05-13,2026-05
7690,1153,2025-08-07,2025-08-07 17:37:00,Vadodara,Tier 2,Cash on Delivery,Delivered,72035.7,7,10.0,True,2025-08-17,2025-08
7691,633,2026-04-19,2026-04-19 07:58:00,Ahmedabad,Tier 2,UPI,Delivered,1039.5,2,3.0,True,2026-04-22,2026-04
7692,413,2026-06-13,2026-06-13 22:30:00,Kanpur,Tier 2,Cash on Delivery,Returned,16370.0,4,,,,2026-06
7693,521,2025-05-23,2025-05-23 11:11:00,Nagpur,Tier 2,Credit Card,Returned,2796.4,3,,,,2025-05
7694,427,2024-10-17,2024-10-17 15:03:00,Mumbai,Tier 1,UPI,Returned,4684.5,2,,,,2024-10
7695,578,2025-08-21,2025-08-21 12:17:00,Chennai,Tier 1,Credit Card,Delivered,375.0,4,4.0,False,2025-08-25,2025-08
7696,359,2025-01-16,2025-01-16 13:49:00,Delhi,Tier 1,Net Banking,Delivered,304.0,2,4.0,True,2025-01-20,2025-01
7697,402,2025-10-09,2025-10-09 22:24:00,Surat,Tier 2,UPI,Returned,33420.0,3,,,,2025-10
7698,1027,2026-02-15,2026-02-15 05:05:00,Indore,Tier 2,Net Banking,Delivered,1817.35,4,4.0,False,2026-02-19,2026-02
7699,782,2025-02-17,2025-02-17 00:25:00,Kolkata,Tier 1,Cash on Delivery,Delivered,22668.2,5,6.0,True,2025-02-23,2025-02
7700,1089,2026-03-12,2026-03-12 13:33:00,Kanpur,Tier 2,UPI,Returned,8688.0,5,,,,2026-03
7701,447,2026-03-26,2026-03-26 15:55:00,Kanpur,Tier 2,Cash on Delivery,Delivered,5776.75,5,4.0,False,2026-03-30,2026-03
7702,130,2025-07-27,2025-07-27 02:51:00,Mumbai,Tier 1,UPI,Delivered,4367.0,3,4.0,True,2025-07-31,2025-07
7703,500,2026-01-29,2026-01-29 14:47:00,Bengaluru,Tier 1,UPI,Delivered,1386.0,4,7.0,True,2026-02-05,2026-01
7704,709,2025-11-24,2025-11-24 09:11:00,Guwahati,Tier 3,Debit Card,Delivered,1969.6,2,2.0,False,2025-11-26,2025-11
7705,117,2026-03-01,2026-03-01 07:07:00,Coimbatore,Tier 2,Cash on Delivery,Delivered,1226.0,3,2.0,False,2026-03-03,2026-03
7706,8,2026-04-03,2026-04-03 16:04:00,Kolkata,Tier 1,UPI,Delivered,1561.7,5,5.0,False,2026-04-08,2026-04
7707,862,2025-12-11,2025-12-11 17:47:00,Coimbatore,Tier 2,Debit Card,Delivered,41782.0,3,4.0,True,2025-12-15,2025-12
7708,1198,2026-06-23,2026-06-23 07:09:00,Bengaluru,Tier 1,UPI,Delivered,1077.3,7,7.0,False,2026-06-30,2026-06
7709,861,2025-09-11,2025-09-11 07:50:00,Lucknow,Tier 2,UPI,Delivered,114691.5,3,4.0,True,2025-09-15,2025-09
7710,628,2026-03-17,2026-03-17 02:57:00,Ahmedabad,Tier 2,UPI,Delivered,112485.95,2,1.0,False,2026-03-18,2026-03
7711,505,2024-05-15,2024-05-15 00:56:00,Hyderabad,Tier 1,UPI,Delivered,41553.65,2,5.0,True,2024-05-20,2024-05
7712,128,2025-12-26,2025-12-26 02:16:00,Delhi,Tier 1,Credit Card,Delivered,65176.2,7,7.0,False,2026-01-02,2025-12
7713,536,2025-12-10,2025-12-10 16:30:00,Kanpur,Tier 2,UPI,Delivered,2810.95,7,10.0,True,2025-12-20,2025-12
7714,246,2026-06-30,2026-06-30 14:40:00,Guwahati,Tier 3,Debit Card,Returned,14572.25,5,,,,2026-06
7715,428,2026-06-07,2026-06-07 09:11:00,Bhopal,Tier 2,Cash on Delivery,Cancelled,1516.4,4,,,,2026-06
7716,938,2024-05-26,2024-05-26 23:28:00,Delhi,Tier 1,UPI,Delivered,15635.9,2,1.0,False,2024-05-27,2024-05
7717,374,2025-07-30,2025-07-30 15:14:00,Jaipur,Tier 2,UPI,RTO,4826.25,4,,,,2025-07
7718,1004,2026-03-13,2026-03-13 15:54:00,Vadodara,Tier 2,Net Banking,Returned,3436.45,4,,,,2026-03
7719,750,2025-05-20,2025-05-20 01:57:00,Ahmedabad,Tier 2,Debit Card,Delivered,43574.8,5,5.0,False,2025-05-25,2025-05
7720,804,2024-07-11,2024-07-11 17:17:00,Kolkata,Tier 1,Debit Card,Delivered,205.0,5,4.0,False,2024-07-15,2024-07
7721,121,2025-11-26,2025-11-26 15:50:00,Guwahati,Tier 3,UPI,Delivered,69342.4,2,4.0,True,2025-11-30,2025-11
7722,523,2026-06-11,2026-06-11 13:33:00,Ahmedabad,Tier 2,Net Banking,RTO,4691.0,3,,,,2026-06
7723,31,2026-05-06,2026-05-06 01:34:00,Hyderabad,Tier 1,UPI,Delivered,4746.6,3,3.0,False,2026-05-09,2026-05
7724,89,2025-11-08,2025-11-08 20:28:00,Ahmedabad,Tier 2,Cash on Delivery,Returned,424.0,3,,,,2025-11
7725,840,2024-10-14,2024-10-14 08:03:00,Guwahati,Tier 3,Net Banking,Returned,10019.2,4,,,,2024-10
7726,18,2026-02-18,2026-02-18 12:16:00,Vadodara,Tier 2,UPI,Delivered,908.8,5,5.0,False,2026-02-23,2026-02
7727,1144,2025-11-30,2025-11-30 00:00:00,Hyderabad,Tier 1,UPI,Delivered,3561.0,4,7.0,True,2025-12-07,2025-11
7728,128,2025-12-25,2025-12-25 01:29:00,Delhi,Tier 1,UPI,Delivered,3657.5,2,2.0,False,2025-12-27,2025-12
7729,412,2025-03-26,2025-03-26 04:37:00,Jaipur,Tier 2,Credit Card,Delivered,223099.95,3,4.0,True,2025-03-30,2025-03
7730,280,2025-11-12,2025-11-12 08:14:00,Nagpur,Tier 2,UPI,Delivered,568.0,5,5.0,False,2025-11-17,2025-11
7731,276,2025-11-14,2025-11-14 11:45:00,Nagpur,Tier 2,UPI,Delivered,13048.0,7,9.0,True,2025-11-23,2025-11
7732,1173,2026-04-11,2026-04-11 15:30:00,Surat,Tier 2,UPI,Returned,1217.25,3,,,,2026-04
7733,232,2025-04-06,2025-04-06 00:23:00,Bengaluru,Tier 1,Net Banking,Delivered,35362.8,4,4.0,False,2025-04-10,2025-04
7734,768,2026-06-29,2026-06-29 19:39:00,Delhi,Tier 1,UPI,Delivered,1555.2,3,3.0,False,2026-07-02,2026-06
7735,532,2026-03-12,2026-03-12 01:49:00,Jaipur,Tier 2,UPI,RTO,286.9,3,,,,2026-03
7736,842,2024-09-15,2024-09-15 12:24:00,Surat,Tier 2,Debit Card,Delivered,136508.95,7,8.0,True,2024-09-23,2024-09
7737,966,2026-06-04,2026-06-04 06:00:00,Bengaluru,Tier 1,Debit Card,Delivered,162396.0,3,4.0,True,2026-06-08,2026-06
7738,252,2025-07-09,2025-07-09 04:11:00,Bhopal,Tier 2,Credit Card,Delivered,1623.0,4,4.0,False,2025-07-13,2025-07
7739,533,2026-02-26,2026-02-26 20:10:00,Chennai,Tier 1,Cash on Delivery,Delivered,1365.1,7,10.0,True,2026-03-08,2026-02
7740,404,2025-09-07,2025-09-07 02:39:00,Chennai,Tier 1,Debit Card,Delivered,12855.25,7,9.0,True,2025-09-16,2025-09
7741,279,2025-08-30,2025-08-30 12:51:00,Nagpur,Tier 2,Debit Card,Delivered,11669.85,4,4.0,False,2025-09-03,2025-08
7742,859,2026-05-15,2026-05-15 15:43:00,Bengaluru,Tier 1,UPI,Delivered,39433.8,2,2.0,False,2026-05-17,2026-05
7743,1152,2025-07-22,2025-07-22 09:24:00,Coimbatore,Tier 2,Debit Card,Delivered,982.8,3,3.0,False,2025-07-25,2025-07
7744,1015,2026-04-15,2026-04-15 06:01:00,Jaipur,Tier 2,UPI,Cancelled,1379.5,7,,,,2026-04
7745,790,2025-06-21,2025-06-21 08:06:00,Pune,Tier 1,Debit Card,Delivered,8688.0,5,5.0,False,2025-06-26,2025-06
7746,386,2025-12-29,2025-12-29 03:17:00,Pune,Tier 1,Net Banking,Delivered,898.0,5,6.0,True,2026-01-04,2025-12
7747,82,2025-11-01,2025-11-01 02:55:00,Pune,Tier 1,Debit Card,Cancelled,5437.85,7,,,,2025-11
7748,616,2026-05-14,2026-05-14 13:55:00,Vadodara,Tier 2,UPI,Delivered,9937.8,4,4.0,False,2026-05-18,2026-05
7749,949,2026-05-01,2026-05-01 20:44:00,Jaipur,Tier 2,Debit Card,Delivered,2741.0,3,5.0,True,2026-05-06,2026-05
7750,542,2024-09-18,2024-09-18 22:24:00,Vadodara,Tier 2,UPI,Delivered,865.0,5,5.0,False,2024-09-23,2024-09
7751,401,2025-11-18,2025-11-18 20:49:00,Guwahati,Tier 3,UPI,Returned,102.4,3,,,,2025-11
7752,1099,2025-09-24,2025-09-24 10:36:00,Hyderabad,Tier 1,Cash on Delivery,Delivered,32098.6,3,6.0,True,2025-09-30,2025-09
7753,389,2026-05-19,2026-05-19 08:55:00,Kanpur,Tier 2,Cash on Delivery,Delivered,205.0,7,9.0,True,2026-05-28,2026-05
7754,752,2025-07-06,2025-07-06 09:22:00,Kanpur,Tier 2,Debit Card,RTO,8407.0,5,,,,2025-07
7755,1166,2026-04-02,2026-04-02 09:10:00,Nagpur,Tier 2,Net Banking,Delivered,4496.4,7,10.0,True,2026-04-12,2026-04
7756,105,2026-05-13,2026-05-13 02:00:00,Kolkata,Tier 1,Debit Card,Delivered,1491.0,5,4.0,False,2026-05-17,2026-05
7757,1147,2025-12-22,2025-12-22 19:02:00,Lucknow,Tier 2,Credit Card,Delivered,734.25,3,4.0,True,2025-12-26,2025-12
7758,1042,2025-09-02,2025-09-02 01:09:00,Coimbatore,Tier 2,Credit Card,Delivered,3798.4,4,6.0,True,2025-09-08,2025-09
7759,580,2026-06-05,2026-06-05 00:59:00,Nagpur,Tier 2,Cash on Delivery,RTO,4746.2,5,,,,2026-06
7760,610,2026-03-24,2026-03-24 11:31:00,Vadodara,Tier 2,UPI,Delivered,1413.95,7,7.0,False,2026-03-31,2026-03
7761,964,2026-04-11,2026-04-11 16:27:00,Bhopal,Tier 2,UPI,Cancelled,571.5,5,,,,2026-04
7762,1164,2025-03-02,2025-03-02 20:44:00,Hyderabad,Tier 1,Debit Card,Delivered,2247.0,5,4.0,False,2025-03-06,2025-03
7763,332,2025-02-21,2025-02-21 17:10:00,Ghaziabad,Tier 3,Credit Card,Returned,682.55,3,,,,2025-02
7764,1083,2026-06-12,2026-06-12 14:19:00,Kolkata,Tier 1,Debit Card,Delivered,738.9,4,4.0,False,2026-06-16,2026-06
7765,783,2025-02-26,2025-02-26 22:23:00,Mumbai,Tier 1,Cash on Delivery,Delivered,808.2,7,9.0,True,2025-03-07,2025-02
7766,1108,2025-03-14,2025-03-14 01:23:00,Chennai,Tier 1,UPI,Delivered,3039.0,4,5.0,True,2025-03-19,2025-03
7767,4,2025-09-03,2025-09-03 15:30:00,Bhopal,Tier 2,Credit Card,Delivered,3692.4,2,2.0,False,2025-09-05,2025-09
7768,796,2025-12-07,2025-12-07 02:18:00,Coimbatore,Tier 2,Debit Card,Cancelled,44664.65,3,,,,2025-12
7769,721,2025-11-28,2025-11-28 11:09:00,Surat,Tier 2,Cash on Delivery,Delivered,2080.2,3,2.0,False,2025-11-30,2025-11
7770,480,2026-06-04,2026-06-04 23:28:00,Delhi,Tier 1,Cash on Delivery,Delivered,564.0,3,2.0,False,2026-06-06,2026-06
7771,367,2026-04-05,2026-04-05 14:21:00,Pune,Tier 1,UPI,Delivered,3174.4,3,3.0,False,2026-04-08,2026-04
7772,170,2026-05-29,2026-05-29 23:13:00,Ahmedabad,Tier 2,UPI,Cancelled,2822.85,2,,,,2026-05
7773,436,2026-04-15,2026-04-15 04:40:00,Delhi,Tier 1,UPI,Delivered,40300.0,7,8.0,True,2026-04-23,2026-04
7774,293,2025-04-19,2025-04-19 13:18:00,Chennai,Tier 1,UPI,Delivered,2937.0,4,7.0,True,2025-04-26,2025-04
7775,991,2026-03-19,2026-03-19 19:48:00,Lucknow,Tier 2,Cash on Delivery,Cancelled,1830.0,2,,,,2026-03
7776,12,2026-02-22,2026-02-22 17:54:00,Delhi,Tier 1,Cash on Delivery,Delivered,1769.0,3,3.0,False,2026-02-25,2026-02
7777,248,2025-12-16,2025-12-16 03:10:00,Bhopal,Tier 2,Cash on Delivery,Delivered,636.0,7,10.0,True,2025-12-26,2025-12
7778,628,2024-07-26,2024-07-26 16:28:00,Ahmedabad,Tier 2,Net Banking,Delivered,3303.0,7,6.0,False,2024-08-01,2024-07
7779,74,2026-02-05,2026-02-05 03:17:00,Ghaziabad,Tier 3,UPI,Delivered,13434.2,7,7.0,False,2026-02-12,2026-02
7780,797,2026-05-24,2026-05-24 05:40:00,Lucknow,Tier 2,UPI,Delivered,63009.6,2,2.0,False,2026-05-26,2026-05
7781,613,2025-11-25,2025-11-25 02:26:00,Lucknow,Tier 2,UPI,Delivered,3714.0,2,3.0,True,2025-11-28,2025-11
7782,8,2026-03-20,2026-03-20 23:29:00,Kolkata,Tier 1,Credit Card,Delivered,2052.0,7,8.0,True,2026-03-28,2026-03
7783,612,2025-09-19,2025-09-19 12:30:00,Mumbai,Tier 1,UPI,RTO,66778.1,5,,,,2025-09
7784,198,2025-11-05,2025-11-05 18:35:00,Coimbatore,Tier 2,UPI,Delivered,834.0,4,7.0,True,2025-11-12,2025-11
7785,241,2026-05-07,2026-05-07 07:03:00,Delhi,Tier 1,Debit Card,Returned,64853.3,2,,,,2026-05
7786,368,2025-06-25,2025-06-25 02:16:00,Nagpur,Tier 2,Cash on Delivery,Delivered,352.8,2,2.0,False,2025-06-27,2025-06
7787,944,2026-01-04,2026-01-04 05:57:00,Guwahati,Tier 3,Debit Card,Returned,2599.2,2,,,,2026-01
7788,442,2026-02-08,2026-02-08 21:23:00,Bengaluru,Tier 1,UPI,Delivered,815.25,4,4.0,False,2026-02-12,2026-02
7789,35,2024-12-29,2024-12-29 03:31:00,Mumbai,Tier 1,Cash on Delivery,Delivered,205.0,4,5.0,True,2025-01-03,2024-12
7790,55,2026-06-16,2026-06-16 07:04:00,Chennai,Tier 1,UPI,Delivered,1950.05,5,6.0,True,2026-06-22,2026-06
7791,352,2026-04-04,2026-04-04 18:19:00,Mumbai,Tier 1,UPI,RTO,3996.8,3,,,,2026-04
7792,35,2024-06-29,2024-06-29 23:49:00,Mumbai,Tier 1,Cash on Delivery,RTO,1758.0,4,,,,2024-06
7793,687,2025-12-26,2025-12-26 23:45:00,Lucknow,Tier 2,Cash on Delivery,Delivered,551.7,7,7.0,False,2026-01-02,2025-12
7794,269,2025-05-04,2025-05-04 18:44:00,Patna,Tier 3,Net Banking,Returned,1118.0,4,,,,2025-05
7795,518,2026-05-10,2026-05-10 14:07:00,Coimbatore,Tier 2,Credit Card,Delivered,2325.6,5,5.0,False,2026-05-15,2026-05
7796,343,2026-05-25,2026-05-25 05:14:00,Patna,Tier 3,Debit Card,Cancelled,410.0,3,,,,2026-05
7797,982,2025-03-08,2025-03-08 21:02:00,Delhi,Tier 1,Credit Card,Delivered,3231.4,4,4.0,False,2025-03-12,2025-03
7798,543,2025-12-29,2025-12-29 10:47:00,Chennai,Tier 1,Net Banking,RTO,2583.15,2,,,,2025-12
7799,536,2026-04-21,2026-04-21 03:43:00,Kanpur,Tier 2,UPI,RTO,4443.75,7,,,,2026-04
7800,273,2025-10-04,2025-10-04 10:06:00,Bhopal,Tier 2,Credit Card,Delivered,60402.25,2,3.0,True,2025-10-07,2025-10
7801,1053,2025-10-24,2025-10-24 10:28:00,Bhopal,Tier 2,Debit Card,Delivered,3574.5,5,5.0,False,2025-10-29,2025-10
7802,780,2025-09-08,2025-09-08 14:48:00,Delhi,Tier 1,Debit Card,Delivered,2741.0,5,4.0,False,2025-09-12,2025-09
7803,609,2026-03-24,2026-03-24 18:45:00,Lucknow,Tier 2,Net Banking,Delivered,1512.8,3,4.0,True,2026-03-28,2026-03
7804,1008,2026-02-26,2026-02-26 22:56:00,Surat,Tier 2,UPI,Delivered,80998.75,4,5.0,True,2026-03-03,2026-02
7805,314,2026-03-09,2026-03-09 09:06:00,Surat,Tier 2,Credit Card,RTO,978.3,4,,,,2026-03
7806,504,2025-11-19,2025-11-19 16:13:00,Delhi,Tier 1,Debit Card,RTO,568.0,4,,,,2025-11
7807,570,2025-09-28,2025-09-28 08:44:00,Guwahati,Tier 3,UPI,RTO,6170.7,2,,,,2025-09
7808,747,2025-11-25,2025-11-25 03:52:00,Guwahati,Tier 3,UPI,RTO,784.7,7,,,,2025-11
7809,499,2025-04-25,2025-04-25 02:27:00,Bengaluru,Tier 1,Debit Card,Delivered,12900.3,2,4.0,True,2025-04-29,2025-04
7810,1000,2026-03-15,2026-03-15 12:58:00,Bhopal,Tier 2,UPI,Delivered,869.6,7,6.0,False,2026-03-21,2026-03
7811,844,2026-04-13,2026-04-13 13:04:00,Patna,Tier 3,Cash on Delivery,Delivered,11429.95,5,5.0,False,2026-04-18,2026-04
7812,306,2026-01-24,2026-01-24 19:09:00,Vadodara,Tier 2,UPI,Delivered,38365.25,5,8.0,True,2026-02-01,2026-01
7813,764,2025-10-25,2025-10-25 15:31:00,Delhi,Tier 1,Net Banking,RTO,4574.4,3,,,,2025-10
7814,578,2026-02-18,2026-02-18 08:35:00,Chennai,Tier 1,UPI,Delivered,4742.0,3,3.0,False,2026-02-21,2026-02
7815,155,2024-12-17,2024-12-17 09:36:00,Indore,Tier 2,UPI,Delivered,3969.75,4,5.0,True,2024-12-22,2024-12
7816,308,2026-03-21,2026-03-21 16:42:00,Mumbai,Tier 1,UPI,Delivered,3600.2,4,3.0,False,2026-03-24,2026-03
7817,680,2025-06-09,2025-06-09 22:26:00,Jaipur,Tier 2,UPI,Delivered,2338.9,7,7.0,False,2025-06-16,2025-06
7818,337,2026-03-30,2026-03-30 16:11:00,Bengaluru,Tier 1,UPI,Delivered,3493.6,5,5.0,False,2026-04-04,2026-03
7819,2,2026-03-08,2026-03-08 02:22:00,Vadodara,Tier 2,Debit Card,Delivered,3493.6,5,6.0,True,2026-03-14,2026-03
7820,1172,2025-04-16,2025-04-16 12:10:00,Patna,Tier 3,Net Banking,Returned,28580.8,5,,,,2025-04
7821,1143,2026-03-18,2026-03-18 18:16:00,Hyderabad,Tier 1,Cash on Delivery,Delivered,8475.75,2,3.0,True,2026-03-21,2026-03
7822,707,2026-03-30,2026-03-30 19:26:00,Kanpur,Tier 2,UPI,Delivered,2480.25,5,5.0,False,2026-04-04,2026-03
7823,68,2026-06-12,2026-06-12 12:41:00,Patna,Tier 3,UPI,Delivered,1491.0,7,7.0,False,2026-06-19,2026-06
7824,236,2026-03-25,2026-03-25 02:00:00,Bengaluru,Tier 1,Credit Card,Delivered,1256.0,2,3.0,True,2026-03-28,2026-03
7825,553,2025-12-25,2025-12-25 10:32:00,Kanpur,Tier 2,UPI,Delivered,447.2,3,4.0,True,2025-12-29,2025-12
7826,89,2025-12-27,2025-12-27 03:59:00,Ahmedabad,Tier 2,Debit Card,Delivered,31041.65,5,7.0,True,2026-01-03,2025-12
7827,143,2026-04-04,2026-04-04 12:00:00,Hyderabad,Tier 1,Cash on Delivery,Delivered,68106.6,2,5.0,True,2026-04-09,2026-04
7828,468,2024-04-19,2024-04-19 23:55:00,Ahmedabad,Tier 2,Credit Card,Delivered,432.8,4,3.0,False,2024-04-22,2024-04
7829,159,2025-11-11,2025-11-11 12:53:00,Coimbatore,Tier 2,UPI,Cancelled,30685.0,5,,,,2025-11
7830,814,2026-05-01,2026-05-01 08:44:00,Bhopal,Tier 2,UPI,Delivered,7947.0,7,8.0,True,2026-05-09,2026-05
7831,403,2025-05-11,2025-05-11 20:04:00,Guwahati,Tier 3,UPI,Delivered,2018.0,4,3.0,False,2025-05-14,2025-05
7832,849,2024-10-18,2024-10-18 18:21:00,Hyderabad,Tier 1,Net Banking,Delivered,6045.2,3,3.0,False,2024-10-21,2024-10
7833,89,2026-03-29,2026-03-29 05:51:00,Ahmedabad,Tier 2,Cash on Delivery,Delivered,3559.2,5,6.0,True,2026-04-04,2026-03
7834,265,2026-05-20,2026-05-20 06:54:00,Kolkata,Tier 1,Debit Card,Delivered,30476.8,3,3.0,False,2026-05-23,2026-05
7835,442,2026-04-01,2026-04-01 12:16:00,Bengaluru,Tier 1,UPI,Delivered,81130.65,3,3.0,False,2026-04-04,2026-04
7836,662,2026-04-20,2026-04-20 10:18:00,Patna,Tier 3,Credit Card,Delivered,692.0,4,5.0,True,2026-04-25,2026-04
7837,454,2025-12-27,2025-12-27 01:34:00,Ghaziabad,Tier 3,UPI,Delivered,881.1,3,3.0,False,2025-12-30,2025-12
7838,906,2025-12-20,2025-12-20 00:00:00,Lucknow,Tier 2,UPI,Returned,72202.5,5,,,,2025-12
7839,339,2026-03-07,2026-03-07 12:10:00,Vadodara,Tier 2,Credit Card,Delivered,12751.6,2,2.0,False,2026-03-09,2026-03
7840,227,2024-10-12,2024-10-12 18:46:00,Chennai,Tier 1,UPI,Delivered,815.2,2,3.0,True,2024-10-15,2024-10
7841,836,2025-03-15,2025-03-15 00:46:00,Patna,Tier 3,Cash on Delivery,RTO,5950.5,2,,,,2025-03
7842,448,2025-12-22,2025-12-22 03:57:00,Indore,Tier 2,UPI,Delivered,1555.2,3,2.0,False,2025-12-24,2025-12
7843,537,2025-01-15,2025-01-15 06:40:00,Patna,Tier 3,Credit Card,Delivered,5944.5,2,1.0,False,2025-01-16,2025-01
7844,541,2026-04-19,2026-04-19 22:35:00,Pune,Tier 1,Cash on Delivery,Delivered,30542.5,7,6.0,False,2026-04-25,2026-04
7845,895,2025-12-15,2025-12-15 17:43:00,Surat,Tier 2,UPI,Delivered,1328.1,7,10.0,True,2025-12-25,2025-12
7846,261,2024-10-18,2024-10-18 08:00:00,Coimbatore,Tier 2,Cash on Delivery,Delivered,13848.9,7,8.0,True,2024-10-26,2024-10
7847,399,2026-05-10,2026-05-10 06:18:00,Ghaziabad,Tier 3,UPI,Delivered,4494.0,4,3.0,False,2026-05-13,2026-05
7848,786,2026-04-08,2026-04-08 04:56:00,Surat,Tier 2,Credit Card,Cancelled,4766.0,7,,,,2026-04
7849,949,2024-04-08,2024-04-08 12:29:00,Jaipur,Tier 2,Debit Card,RTO,33420.0,5,,,,2024-04
7850,315,2026-04-15,2026-04-15 02:52:00,Bhopal,Tier 2,Cash on Delivery,Delivered,437.95,4,5.0,True,2026-04-20,2026-04
7851,399,2026-01-08,2026-01-08 01:42:00,Ghaziabad,Tier 3,Debit Card,Delivered,95425.1,4,4.0,False,2026-01-12,2026-01
7852,68,2026-05-25,2026-05-25 15:39:00,Patna,Tier 3,Debit Card,Cancelled,330.4,4,,,,2026-05
7853,174,2025-12-08,2025-12-08 17:18:00,Pune,Tier 1,UPI,Delivered,34681.3,7,6.0,False,2025-12-14,2025-12
7854,163,2026-01-10,2026-01-10 04:46:00,Kanpur,Tier 2,Cash on Delivery,Delivered,1693.2,2,1.0,False,2026-01-11,2026-01
7855,971,2025-09-03,2025-09-03 03:49:00,Patna,Tier 3,Debit Card,Delivered,13275.05,2,2.0,False,2025-09-05,2025-09
7856,465,2024-12-13,2024-12-13 01:56:00,Hyderabad,Tier 1,Credit Card,Cancelled,1305.6,3,,,,2024-12
7857,826,2024-12-29,2024-12-29 12:26:00,Ahmedabad,Tier 2,UPI,Delivered,815.25,2,3.0,True,2025-01-01,2024-12
7858,267,2026-06-22,2026-06-22 22:48:00,Delhi,Tier 1,Credit Card,Delivered,4982.75,7,10.0,True,2026-07-02,2026-06
7859,799,2024-11-28,2024-11-28 12:08:00,Ahmedabad,Tier 2,UPI,RTO,7315.0,2,,,,2024-11
7860,235,2026-04-29,2026-04-29 08:19:00,Surat,Tier 2,Cash on Delivery,Delivered,2112.65,3,4.0,True,2026-05-03,2026-04
7861,98,2026-06-03,2026-06-03 15:11:00,Mumbai,Tier 1,UPI,Delivered,42402.95,7,6.0,False,2026-06-09,2026-06
7862,281,2025-06-04,2025-06-04 18:47:00,Hyderabad,Tier 1,Credit Card,Delivered,67857.6,4,4.0,False,2025-06-08,2025-06
7863,735,2025-10-22,2025-10-22 09:59:00,Vadodara,Tier 2,Cash on Delivery,Delivered,2216.0,3,4.0,True,2025-10-26,2025-10
7864,379,2026-04-09,2026-04-09 18:30:00,Surat,Tier 2,Credit Card,Delivered,58099.2,4,5.0,True,2026-04-14,2026-04
7865,1051,2024-11-30,2024-11-30 11:44:00,Vadodara,Tier 2,Credit Card,Delivered,718.2,3,4.0,True,2024-12-04,2024-11
7866,634,2025-02-09,2025-02-09 08:26:00,Lucknow,Tier 2,Net Banking,Delivered,3930.3,7,6.0,False,2025-02-15,2025-02
7867,778,2025-12-20,2025-12-20 07:50:00,Chennai,Tier 1,UPI,RTO,34719.2,5,,,,2025-12
7868,919,2026-02-13,2026-02-13 05:53:00,Pune,Tier 1,Credit Card,Returned,675.0,4,,,,2026-02
7869,280,2026-02-27,2026-02-27 21:12:00,Nagpur,Tier 2,Net Banking,Delivered,2693.25,5,6.0,True,2026-03-05,2026-02
7870,363,2026-05-20,2026-05-20 12:31:00,Ahmedabad,Tier 2,UPI,Delivered,68572.8,4,3.0,False,2026-05-23,2026-05
7871,1075,2025-11-13,2025-11-13 03:57:00,Kolkata,Tier 1,UPI,RTO,612.0,7,,,,2025-11
7872,346,2025-01-27,2025-01-27 07:57:00,Pune,Tier 1,UPI,Delivered,10188.95,4,6.0,True,2025-02-02,2025-01
7873,646,2026-04-22,2026-04-22 23:48:00,Coimbatore,Tier 2,Credit Card,Delivered,15933.6,3,5.0,True,2026-04-27,2026-04
7874,685,2026-05-27,2026-05-27 11:21:00,Pune,Tier 1,UPI,Delivered,44440.0,2,2.0,False,2026-05-29,2026-05
7875,74,2026-03-22,2026-03-22 05:31:00,Ghaziabad,Tier 3,Debit Card,Delivered,6124.4,3,4.0,True,2026-03-26,2026-03
7876,944,2026-01-27,2026-01-27 12:11:00,Guwahati,Tier 3,UPI,RTO,2822.0,2,,,,2026-01
7877,113,2026-06-30,2026-06-30 05:06:00,Guwahati,Tier 3,Credit Card,Delivered,31198.75,5,5.0,False,2026-07-05,2026-06
7878,246,2026-05-13,2026-05-13 01:11:00,Guwahati,Tier 3,UPI,Delivered,5586.0,4,7.0,True,2026-05-20,2026-05
7879,674,2026-01-25,2026-01-25 17:17:00,Guwahati,Tier 3,Credit Card,Delivered,405.0,5,5.0,False,2026-01-30,2026-01
7880,488,2026-06-23,2026-06-23 23:01:00,Ghaziabad,Tier 3,Net Banking,Cancelled,3640.55,7,,,,2026-06
7881,143,2026-05-14,2026-05-14 23:41:00,Hyderabad,Tier 1,UPI,Delivered,44288.95,4,6.0,True,2026-05-20,2026-05
7882,1122,2026-05-04,2026-05-04 13:13:00,Bhopal,Tier 2,UPI,Delivered,1483.8,3,4.0,True,2026-05-08,2026-05
7883,738,2026-06-14,2026-06-14 11:24:00,Delhi,Tier 1,Credit Card,Delivered,29324.0,7,7.0,False,2026-06-21,2026-06
7884,1098,2026-05-27,2026-05-27 14:52:00,Kanpur,Tier 2,Cash on Delivery,Delivered,979.0,2,5.0,True,2026-06-01,2026-05
7885,28,2025-01-08,2025-01-08 06:51:00,Delhi,Tier 1,Debit Card,Delivered,898.0,7,6.0,False,2025-01-14,2025-01
7886,1076,2025-08-13,2025-08-13 07:54:00,Pune,Tier 1,Credit Card,Delivered,568.0,3,5.0,True,2025-08-18,2025-08
7887,204,2025-02-19,2025-02-19 02:14:00,Jaipur,Tier 2,UPI,RTO,23548.0,7,,,,2025-02
7888,513,2026-05-22,2026-05-22 15:49:00,Bhopal,Tier 2,UPI,Returned,63584.95,2,,,,2026-05
7889,713,2025-06-30,2025-06-30 17:55:00,Chennai,Tier 1,Cash on Delivery,Returned,6164.45,3,,,,2025-06
7890,391,2024-12-17,2024-12-17 22:06:00,Kanpur,Tier 2,Debit Card,Delivered,123372.0,2,1.0,False,2024-12-18,2024-12
7891,1062,2026-03-18,2026-03-18 04:56:00,Hyderabad,Tier 1,UPI,Delivered,32898.4,2,3.0,True,2026-03-21,2026-03
7892,87,2026-05-13,2026-05-13 07:47:00,Mumbai,Tier 1,UPI,Delivered,852.8,2,2.0,False,2026-05-15,2026-05
7893,676,2026-03-15,2026-03-15 13:00:00,Guwahati,Tier 3,UPI,Cancelled,36727.6,7,,,,2026-03
7894,119,2025-09-28,2025-09-28 12:56:00,Surat,Tier 2,UPI,Delivered,105791.35,2,2.0,False,2025-09-30,2025-09
7895,712,2025-11-03,2025-11-03 19:31:00,Chennai,Tier 1,Credit Card,Delivered,79117.0,3,4.0,True,2025-11-07,2025-11
7896,1003,2025-11-11,2025-11-11 19:53:00,Lucknow,Tier 2,Credit Card,Cancelled,33926.6,5,,,,2025-11
7897,220,2026-06-25,2026-06-25 22:30:00,Vadodara,Tier 2,UPI,Delivered,1630.4,2,3.0,True,2026-06-28,2026-06
7898,1062,2026-04-22,2026-04-22 15:35:00,Hyderabad,Tier 1,UPI,Cancelled,2038.0,3,,,,2026-04
7899,49,2026-04-06,2026-04-06 12:17:00,Jaipur,Tier 2,Cash on Delivery,Delivered,351.05,7,6.0,False,2026-04-12,2026-04
7900,1094,2025-11-13,2025-11-13 08:53:00,Surat,Tier 2,Cash on Delivery,RTO,3770.8,7,,,,2025-11
7901,314,2026-06-18,2026-06-18 20:11:00,Surat,Tier 2,Cash on Delivery,Delivered,1197.0,7,8.0,True,2026-06-26,2026-06
7902,2,2025-08-30,2025-08-30 12:57:00,Vadodara,Tier 2,UPI,Delivered,36659.7,5,5.0,False,2025-09-04,2025-08
7903,1034,2024-10-07,2024-10-07 05:23:00,Indore,Tier 2,UPI,Delivered,541.0,4,5.0,True,2024-10-12,2024-10
7904,630,2026-05-29,2026-05-29 01:49:00,Bengaluru,Tier 1,Credit Card,Delivered,6136.5,7,10.0,True,2026-06-08,2026-05
7905,1158,2026-03-29,2026-03-29 18:12:00,Lucknow,Tier 2,UPI,Returned,1944.0,4,,,,2026-03
7906,715,2024-11-29,2024-11-29 23:49:00,Nagpur,Tier 2,UPI,Cancelled,1758.0,5,,,,2024-11
7907,565,2024-02-17,2024-02-17 17:52:00,Mumbai,Tier 1,UPI,RTO,2374.0,3,,,,2024-02
7908,445,2026-03-30,2026-03-30 17:23:00,Surat,Tier 2,Net Banking,Delivered,3765.6,3,2.0,False,2026-04-01,2026-03
7909,21,2026-03-24,2026-03-24 22:42:00,Kanpur,Tier 2,UPI,Delivered,4946.3,2,3.0,True,2026-03-27,2026-03
7910,413,2026-06-17,2026-06-17 21:38:00,Kanpur,Tier 2,UPI,Delivered,26679.0,2,4.0,True,2026-06-21,2026-06
7911,848,2026-06-01,2026-06-01 06:39:00,Lucknow,Tier 2,Debit Card,RTO,1670.1,2,,,,2026-06
7912,1143,2026-06-30,2026-06-30 21:45:00,Hyderabad,Tier 1,Credit Card,Returned,2490.75,5,,,,2026-06
7913,60,2025-12-20,2025-12-20 22:03:00,Hyderabad,Tier 1,Net Banking,Delivered,8734.0,7,8.0,True,2025-12-28,2025-12
7914,256,2025-07-05,2025-07-05 18:03:00,Bengaluru,Tier 1,UPI,Delivered,4589.05,2,3.0,True,2025-07-08,2025-07
7915,299,2026-03-06,2026-03-06 03:33:00,Hyderabad,Tier 1,UPI,Delivered,965.6,4,4.0,False,2026-03-10,2026-03
7916,63,2025-01-04,2025-01-04 10:37:00,Indore,Tier 2,UPI,Delivered,90847.5,5,5.0,False,2025-01-09,2025-01
7917,116,2026-02-12,2026-02-12 16:56:00,Surat,Tier 2,UPI,Delivered,31336.5,3,4.0,True,2026-02-16,2026-02
7918,531,2025-02-07,2025-02-07 20:38:00,Delhi,Tier 1,UPI,Delivered,1596.0,5,6.0,True,2025-02-13,2025-02
7919,653,2025-02-13,2025-02-13 16:31:00,Ghaziabad,Tier 3,Credit Card,Delivered,3150.9,3,3.0,False,2025-02-16,2025-02
7920,454,2025-12-14,2025-12-14 03:26:00,Ghaziabad,Tier 3,Credit Card,Delivered,11456.4,2,5.0,True,2025-12-19,2025-12
7921,532,2026-01-09,2026-01-09 22:12:00,Jaipur,Tier 2,Credit Card,Delivered,31797.5,4,3.0,False,2026-01-12,2026-01
7922,280,2025-10-31,2025-10-31 07:46:00,Nagpur,Tier 2,UPI,Delivered,1061.6,3,3.0,False,2025-11-03,2025-10
7923,1158,2026-05-09,2026-05-09 19:15:00,Lucknow,Tier 2,Net Banking,Delivered,2255.3,2,2.0,False,2026-05-11,2026-05
7924,35,2026-02-20,2026-02-20 03:46:00,Mumbai,Tier 1,Cash on Delivery,RTO,2430.2,7,,,,2026-02
7925,550,2025-09-23,2025-09-23 21:46:00,Chennai,Tier 1,UPI,Delivered,2965.2,2,5.0,True,2025-09-28,2025-09
7926,258,2026-04-12,2026-04-12 05:46:00,Ghaziabad,Tier 3,Credit Card,Delivered,6816.7,7,9.0,True,2026-04-21,2026-04
7927,756,2025-10-09,2025-10-09 16:21:00,Kolkata,Tier 1,UPI,Delivered,1415.2,5,6.0,True,2025-10-15,2025-10
7928,576,2026-01-22,2026-01-22 06:20:00,Coimbatore,Tier 2,Cash on Delivery,Delivered,15621.75,4,5.0,True,2026-01-27,2026-01
7929,305,2026-03-23,2026-03-23 11:38:00,Mumbai,Tier 1,Debit Card,Delivered,15364.5,2,3.0,True,2026-03-26,2026-03
7930,970,2026-05-15,2026-05-15 05:51:00,Pune,Tier 1,UPI,Delivered,2027.0,3,3.0,False,2026-05-18,2026-05
7931,343,2026-06-23,2026-06-23 01:45:00,Patna,Tier 3,Cash on Delivery,Delivered,963.0,2,5.0,True,2026-06-28,2026-06
7932,436,2026-05-25,2026-05-25 17:30:00,Delhi,Tier 1,UPI,Delivered,4399.0,4,4.0,False,2026-05-29,2026-05
7933,205,2026-06-01,2026-06-01 18:25:00,Bhopal,Tier 2,Cash on Delivery,Delivered,1057.4,3,4.0,True,2026-06-05,2026-06
7934,864,2026-05-29,2026-05-29 05:27:00,Lucknow,Tier 2,UPI,Delivered,5263.95,5,6.0,True,2026-06-04,2026-05
7935,377,2026-01-16,2026-01-16 11:09:00,Lucknow,Tier 2,UPI,Delivered,1662.0,4,4.0,False,2026-01-20,2026-01
7936,156,2026-06-19,2026-06-19 15:26:00,Jaipur,Tier 2,UPI,Delivered,6765.0,3,4.0,True,2026-06-23,2026-06
7937,420,2026-05-20,2026-05-20 22:23:00,Lucknow,Tier 2,Cash on Delivery,Delivered,32426.65,7,10.0,True,2026-05-30,2026-05
7938,256,2025-05-29,2025-05-29 04:07:00,Bengaluru,Tier 1,Credit Card,Delivered,1247.4,7,9.0,True,2025-06-07,2025-05
7939,908,2026-02-06,2026-02-06 01:18:00,Patna,Tier 3,Debit Card,RTO,919.7,2,,,,2026-02
7940,762,2025-08-29,2025-08-29 04:44:00,Ahmedabad,Tier 2,UPI,Delivered,4822.55,5,8.0,True,2025-09-06,2025-08
7941,732,2026-06-17,2026-06-17 02:58:00,Jaipur,Tier 2,UPI,Delivered,13361.25,5,6.0,True,2026-06-23,2026-06
7942,46,2025-08-27,2025-08-27 08:23:00,Chennai,Tier 1,Debit Card,Delivered,4171.8,3,3.0,False,2025-08-30,2025-08
7943,1158,2026-03-05,2026-03-05 03:21:00,Lucknow,Tier 2,Net Banking,Delivered,1019.0,3,3.0,False,2026-03-08,2026-03
7944,779,2026-05-18,2026-05-18 08:35:00,Delhi,Tier 1,Cash on Delivery,Delivered,3386.25,4,4.0,False,2026-05-22,2026-05
7945,1028,2025-10-16,2025-10-16 04:19:00,Kanpur,Tier 2,UPI,RTO,1077.3,2,,,,2025-10
7946,179,2024-12-18,2024-12-18 00:19:00,Bhopal,Tier 2,Credit Card,Returned,1386.0,2,,,,2024-12
7947,412,2025-06-23,2025-06-23 14:27:00,Jaipur,Tier 2,Credit Card,Delivered,2237.0,4,3.0,False,2025-06-26,2025-06
7948,1055,2025-09-23,2025-09-23 04:17:00,Indore,Tier 2,Debit Card,RTO,1172.0,4,,,,2025-09
7949,25,2026-04-01,2026-04-01 00:49:00,Vadodara,Tier 2,UPI,Delivered,856.0,7,8.0,True,2026-04-09,2026-04
7950,55,2026-05-25,2026-05-25 10:36:00,Chennai,Tier 1,UPI,Delivered,737.6,2,3.0,True,2026-05-28,2026-05
7951,737,2026-03-26,2026-03-26 06:49:00,Chennai,Tier 1,UPI,Delivered,6950.4,2,1.0,False,2026-03-27,2026-03
7952,163,2026-02-11,2026-02-11 06:11:00,Kanpur,Tier 2,Credit Card,Delivered,17837.1,2,2.0,False,2026-02-13,2026-02
7953,113,2024-05-15,2024-05-15 00:26:00,Guwahati,Tier 3,Cash on Delivery,Cancelled,1685.25,5,,,,2024-05
7954,1037,2025-12-11,2025-12-11 18:55:00,Vadodara,Tier 2,Cash on Delivery,Delivered,12044.6,3,2.0,False,2025-12-13,2025-12
7955,794,2025-10-31,2025-10-31 03:06:00,Ahmedabad,Tier 2,Cash on Delivery,Delivered,2374.0,7,9.0,True,2025-11-09,2025-10
7956,999,2025-01-03,2025-01-03 14:42:00,Coimbatore,Tier 2,Credit Card,Delivered,27254.55,4,4.0,False,2025-01-07,2025-01
7957,579,2025-12-06,2025-12-06 23:49:00,Lucknow,Tier 2,UPI,Returned,37294.0,5,,,,2025-12
7958,12,2025-09-27,2025-09-27 23:59:00,Delhi,Tier 1,UPI,Delivered,745.0,4,3.0,False,2025-09-30,2025-09
7959,863,2024-06-26,2024-06-26 07:52:00,Nagpur,Tier 2,UPI,RTO,35362.8,7,,,,2024-06
7960,107,2026-01-10,2026-01-10 17:23:00,Ahmedabad,Tier 2,UPI,Delivered,603.25,3,4.0,True,2026-01-14,2026-01
7961,944,2025-10-17,2025-10-17 20:16:00,Guwahati,Tier 3,Debit Card,Cancelled,802.5,4,,,,2025-10
7962,331,2024-12-27,2024-12-27 03:38:00,Coimbatore,Tier 2,UPI,Delivered,12209.9,7,7.0,False,2025-01-03,2024-12
7963,1066,2025-12-25,2025-12-25 07:10:00,Lucknow,Tier 2,Credit Card,Delivered,5924.5,5,4.0,False,2025-12-29,2025-12
7964,479,2025-04-11,2025-04-11 23:32:00,Jaipur,Tier 2,UPI,Delivered,1159.0,7,8.0,True,2025-04-19,2025-04
7965,775,2025-12-24,2025-12-24 22:59:00,Nagpur,Tier 2,UPI,Delivered,2561.2,4,3.0,False,2025-12-27,2025-12
7966,121,2025-03-01,2025-03-01 20:38:00,Guwahati,Tier 3,Cash on Delivery,Delivered,150564.0,2,2.0,False,2025-03-03,2025-03
7967,93,2025-03-06,2025-03-06 17:06:00,Delhi,Tier 1,UPI,Cancelled,4246.6,7,,,,2025-03
7968,198,2026-01-09,2026-01-09 07:46:00,Coimbatore,Tier 2,Credit Card,Delivered,1108.0,2,5.0,True,2026-01-14,2026-01
7969,537,2025-07-24,2025-07-24 18:53:00,Patna,Tier 3,Cash on Delivery,Delivered,1679.75,5,5.0,False,2025-07-29,2025-07
7970,128,2025-10-25,2025-10-25 05:47:00,Delhi,Tier 1,UPI,Delivered,375.0,5,5.0,False,2025-10-30,2025-10
7971,1172,2024-09-20,2024-09-20 17:24:00,Patna,Tier 3,UPI,Returned,218.25,4,,,,2024-09
7972,228,2026-05-05,2026-05-05 22:51:00,Pune,Tier 1,Credit Card,Delivered,6853.5,2,2.0,False,2026-05-07,2026-05
7973,230,2026-06-14,2026-06-14 07:10:00,Mumbai,Tier 1,Debit Card,Delivered,2134.65,2,2.0,False,2026-06-16,2026-06
7974,647,2025-10-06,2025-10-06 19:56:00,Bengaluru,Tier 1,UPI,Delivered,638.4,4,4.0,False,2025-10-10,2025-10
7975,747,2025-05-18,2025-05-18 00:52:00,Guwahati,Tier 3,Net Banking,Delivered,2822.0,4,4.0,False,2025-05-22,2025-05
7976,232,2024-11-03,2024-11-03 22:16:00,Bengaluru,Tier 1,UPI,Delivered,582.35,5,8.0,True,2024-11-11,2024-11
7977,749,2025-11-07,2025-11-07 14:27:00,Indore,Tier 2,Debit Card,Delivered,30377.1,4,4.0,False,2025-11-11,2025-11
7978,482,2026-06-04,2026-06-04 20:19:00,Coimbatore,Tier 2,Credit Card,Delivered,4033.5,2,1.0,False,2026-06-05,2026-06
7979,404,2025-08-09,2025-08-09 04:28:00,Chennai,Tier 1,Debit Card,Delivered,3909.1,5,5.0,False,2025-08-14,2025-08
7980,932,2024-11-30,2024-11-30 13:17:00,Ahmedabad,Tier 2,UPI,Cancelled,7198.55,5,,,,2024-11
7981,257,2026-02-06,2026-02-06 06:03:00,Bengaluru,Tier 1,UPI,Delivered,1503.65,5,5.0,False,2026-02-11,2026-02
7982,242,2026-04-27,2026-04-27 17:55:00,Nagpur,Tier 2,Debit Card,Delivered,4303.5,3,5.0,True,2026-05-02,2026-04
7983,1080,2024-09-21,2024-09-21 14:36:00,Bhopal,Tier 2,Net Banking,Delivered,3210.0,3,3.0,False,2024-09-24,2024-09
7984,1060,2026-03-29,2026-03-29 10:17:00,Patna,Tier 3,UPI,Delivered,58012.0,7,7.0,False,2026-04-05,2026-03
7985,962,2026-05-18,2026-05-18 13:36:00,Kolkata,Tier 1,Debit Card,Delivered,1045.95,3,2.0,False,2026-05-20,2026-05
7986,997,2024-09-11,2024-09-11 09:05:00,Patna,Tier 3,Net Banking,Delivered,1021.2,7,8.0,True,2024-09-19,2024-09
7987,789,2026-06-17,2026-06-17 21:52:00,Nagpur,Tier 2,Credit Card,Delivered,6017.0,7,8.0,True,2026-06-25,2026-06
7988,1075,2026-05-11,2026-05-11 09:41:00,Kolkata,Tier 1,UPI,Delivered,15933.15,3,3.0,False,2026-05-14,2026-05
7989,81,2025-12-24,2025-12-24 20:24:00,Mumbai,Tier 1,UPI,Returned,9447.45,5,,,,2025-12
7990,997,2024-07-28,2024-07-28 20:43:00,Patna,Tier 3,Credit Card,Delivered,2329.85,7,9.0,True,2024-08-06,2024-07
7991,135,2025-07-28,2025-07-28 10:08:00,Bhopal,Tier 2,Credit Card,Delivered,37628.3,5,5.0,False,2025-08-02,2025-07
7992,1196,2025-07-09,2025-07-09 09:35:00,Delhi,Tier 1,UPI,Delivered,21570.7,2,3.0,True,2025-07-12,2025-07
7993,768,2026-05-24,2026-05-24 00:44:00,Delhi,Tier 1,Cash on Delivery,Delivered,391.85,5,5.0,False,2026-05-29,2026-05
7994,13,2025-08-15,2025-08-15 05:16:00,Kolkata,Tier 1,Debit Card,Returned,32230.65,7,,,,2025-08
7995,212,2026-01-04,2026-01-04 07:35:00,Ghaziabad,Tier 3,Debit Card,Delivered,1238.1,5,7.0,True,2026-01-11,2026-01
7996,475,2025-10-21,2025-10-21 09:33:00,Chennai,Tier 1,Credit Card,Delivered,23900.0,2,2.0,False,2025-10-23,2025-10
7997,306,2026-02-19,2026-02-19 13:17:00,Vadodara,Tier 2,Debit Card,Delivered,1159.75,4,4.0,False,2026-02-23,2026-02
7998,446,2025-03-13,2025-03-13 14:44:00,Mumbai,Tier 1,UPI,Returned,3039.0,7,,,,2025-03
7999,732,2026-06-12,2026-06-12 21:53:00,Jaipur,Tier 2,UPI,Delivered,2132.95,7,10.0,True,2026-06-22,2026-06
8000,18,2026-05-08,2026-05-08 08:09:00,Vadodara,Tier 2,Credit Card,Returned,2354.0,7,,,,2026-05
